page	text	source
1	"الشامل
‎٠‏

قاموس إنجليزي - عربى

Al Shame

An English - Arabic Dictionary

Abdiel VI آن"	al-shamil-dictionary
2	"s
;/ ”,
WWW.BOOKS4ALL.NET"	al-shamil-dictionary
3	"عبد المحسن إسفاغيل رفضا
‎gugold‏ إنجليزى - عربى
‎AL - SHAMEL‏
‎An English — Arabic Dictionary‏
‎BY‏
‎Abdel Mohsen Ismail Ramadan‏
مكتبة جزيرة الورد"	al-shamil-dictionary
4	"T TR
. فهرس الهيئة المصرية العامة للكتاب
رمان ¢ عبد المحسن إسماعيل‎
القاموس الشامل : إنجليزي / عربي / تأليف عبد المحسن
القاهرة : مكتبة جزيرة الورد . ١1ط‎  . ‏إسماعيل رمان
“+
باص ألاسم
. اللغة الإنجليزية  معجم  اللغة العربية ١
15١ ‏أ العنوان"	al-shamil-dictionary
5	"اح
مقدمة

يسمدنى ان أقدم هذا الممجم الإنجليز العري الشامل خصيصا التلبية
سحاجات طلاب اللفظة الإنجليزية فى مراحل التعليم المختلف والمدرسين والباحثين
عامة المثقفون حيث إنه يشتمل على المفردات الإصلاحات الحديثة المتجمدة
فى مختلف الحقول العلمية

ويسرنى أن الفت النظر إلى ما يمتاز به هذا القاموس الشامل عن سواه
من القواميس الإنجليزية العربية وهو أنى جملت نصب عينى ان اختار من الألفاظ
ما يهمه القارئ المبتدئ ويرضاه اللفوى المدقق كما أننى استعنت بالألفة المصرية
الدرجة إذا كانت أقرب إلى معنى الكلمة الإنجليزية من الكلمة العربية الفصحى؛
كما أوضح بجانب معنى الكلمة الإنجليزية من الكلمة العربية الفضصحى كما
أوضح بجانب كل كلمة نوعه الصرف فعل/ اسم/ صفة/ وكذلك اللفظة
التى اخذت منها اللفظة إذا كان لها أصل اجنبىء كما تم مراعاة سرد ألمانى تبعا
للترتيب أنواع الكلمة الصرفية الملونة أمام اللفظة وادخلت أيضا الاختصارات
الأكثر شيوع فى اللفظة الإنجليزية كما راعيات تدوين حروف الجر الأكثر
إستخدام أمام بعض الأفعال الإنجليزية حتى نيسر على القارئ مستخدم
القاموس عناء كثيرا .

وزيادة النفع الاستفادة من هذا المعجم فقد راعيات تدوين كثير من
العبارات والجمال الاصطلاحية الإنجليزية بين علمية أدبية فنية وطية دينية
ضمن القاموس بحسب ترتيبها الهجاثى

وللتيسير على السادة مستخدم قاموس الشامل فقد حرصت كل
الحرص على تدوين أول ثلاثة حروف من أول كلمة تبدأ بها الصفحة فى الركن
الأيسر من أعلى الصفحة وكذلك تدوين أول ثلاثة حروف من آخر كلمة تنتهى بها
الصفحة فى الركن الأيمن بأعلى الصفحة هذا من حيث مادة القاموس ومحتواه؛
أما من حيث شكله فقد اخترت له من الحروف الواضح الظاهر ما يجمل له رونق"	al-shamil-dictionary
6	"ااا
جمالا حتى يسهل ذلك من عناء البحث إجهاد العين كما أننى راعيات ألا يكون
حجمه كبيرا حتى لابثقل على الأيدى يسهل تتداوله
وبعد فهو ذا الشامل وقد اصبح بحمد الله وتوفيقه حقيقة واقمة أقدامه
لطلابنا الأعزاء السادة الأرسين والباحثين عامة المثقفون داعي الله ان يلقى
لديه حسن القبول والضراء
ولا أستطيع قبل أن إطرح القلم إلا أن توجه بالكر إلى كل من ساعدنى
فى جمع وطباع هذا المعجم حتى جاء على الشكل الذى يراه القارئ من التدقيق
وحسن الإخراج كما أزجى الشكر خالص إلى إدارة مكتبة جزيرة الورد التى
عملت جاهد فى إصدار هذا الممجم الشامل ولم تدخر أى وسع أو تضحية لهذا
الإصدار الجيد
عبدالمحسن إسماعيل رمان
فى ‎١‏ ينايرسنة 30039 ميلادية
المصورة ‎YA‏ شوال سنة ‎VLYY‏ هجري"	al-shamil-dictionary
7	"Abbreviations
المختبرات الا تجليزية الواردة فى هذا القاموس القواميس المشابهة
V. Verb ‏فمل‎
‎adj. adjective صفة
‎8: noun أسم
‎adv. adverb ظرف
‎conj. conjunction حرف عطف ١
pron pronoun ضمير
‎aux auxiliary ‏ؤ فمل مساعد
sing singular مفرد
‏م‎ plural جمع ٍ
vi. verb intransitive ‏فمل لازم
vt. verb transitive فعل متعد
art article آداة
‎F. French ‏فرنسى‎
‎G. German ألمانى
‎GK. Greek يونان
‎11 Italian ‏ايطالى‎
‎L. Latin ‏لاتينى‎
‎part. participle أسم الممول
‏ع‎ persian فارس ١
‏م5‎ spanish ‏ا اسبانى‎
سن turkish ‏تركى‎ |
e لـ"	al-shamil-dictionary
8	"لاح
‎Irregular Verbs‏ آه ‎Conjugation‏
‎L PRESENT PAST PAST PART.‏
‎agreed agreed‏ | يتفق ‏ يوافق ‎agree‏
‎arrived‏ 40 أ يصل ‎arrive‏
‎awoke awoke‏ | يستيقظ ‎awake‏
مط 00 | تلد ‎bear‏
‎beat beaten‏ | يضرب ‏ يهزم ‎beat‏
‎became become‏ | يسبع ‎become‏
‎begun‏ 8 | يبتدئ ‎begin‏
‏ا ‎bit bitten‏ | بمض ‎i bite‏
‎blew blown‏ | يهب ‎blow‏ |
ا ‎broke broken‏ | يكسر ‎break‏ |
ا ‎brought brought‏ | يحضر ‎bring‏ ا
‎built built‏ | يبنى ف
‎burnt burnt‏ | يحرق ‎burn‏
‎burst‏ 1 | ينفجر ع
‎bought bought‏ | يشترى ‎buy‏
‎carried carried‏ يحمل ف {
‎caught‏ | يمسك ‎catch‏ ‘
‎chose chosen‏ | يختار ‎choose‏
‎cleaned cleaned ]‏ ينظف ‎clean‏
‎climb gula | climbed climbed‏
‎came came‏ | يأتى ‎come‏
‎cost cost‏ ات ‎cost‏
‎l creep _,ﬁl crept crept ١‏
لست ب ححا ا"	al-shamil-dictionary
9	"= ‏ا‎
‎-""
‎PRESENT PAST PART [
1
يصرخ ون | cried cried
cut يقطع | cut cut
deal يتاجر  لمامي‎ | dealt dealt
defend @l | defended defended ‏ا‎
‎depend ‏يتمد على | depended | depended |
die يموت | died died
dig يحفر 8 dug
do ‏يفيل‎ | 0 done
draw ‏يجر - يرسم | drew drawn ١
dream ‏يحلم‎ | dreamt dreamt i
drink ‏بشرب‎ | drank drunk
]d.rive يسوق | drove driven
eat يأكل | ate eaten
enter يدخل | 060 entered
fail يفشل  بسري‎ | 0 failed
fall يسقط  عقي‎ | fell fallen
feel ‏يشمر‎ | felt felt
fight يحارب | fought fought |
find يجد found found
finish ‏ينتهى‎ finished finished
flee يهرب fled fled 1
flow يفيض  قفدتي‎ flowed flowed
fly يطير | flew flown [
forget ‏يسى‎ | forgot forgotten |"	al-shamil-dictionary
10	"ا # اح
‎PRESENT m PAST PART.‏
‎forgave forgiven‏ | يسمع ‎forgive‏
‎frozen‏ 06 | تجمد ‎freeze‏
‎got‏ 0 | يحصل على ‎get‏
‎gave given‏ | يعطى ‎give‏
‎gone‏ 1 | يذهب ‎g‏
‎grew grown‏ | ينمو - يزنع ‎grow‏
‎hung hung‏ | يعلق ‎hang‏
‎hanged hanged |‏ | يشنق ‎I hang‏
‎happened‏ 0 | يحدث ‎happen‏ |
‎o5 | hated hated‏ م
‎had had‏ | يملك ‎have‏
‎heard heard‏ | يسمع ‎hear‏
‎Gy | 0 hidden‏ - يخفى ‎hide‏
‎held held‏ | يقبض على ‎hold‏
‎hurt hurt‏ | يضر - يؤدى ‎hurt‏
‎invited invited‏ يدعو ‎invite‏ |
‎invented‏ | يخترع ‎invent‏
‎kept kept‏ | يحفظ ‏ يصون عا
‎killed kilied‏ | يقتل ‎kill‏ )
‎knew known‏ | يمرف ‎{knuw‏
‎laid |‏ 0 | يضع ‎I iy‏
‎led‏ | يقود ‎lead‏
‎leamt learnt‏ | يدرس - تعلم ‎leam‏
‎left‏ | يترك ‎leave‏"	al-shamil-dictionary
11	"PRESENT m PAST PART
lend ‏يقرض - يسلف‎ | 1 lent
lie لـ | يرقد lain
lie ‏يكنب‎ | 0 lied
live ‏بيش‎ lived lived
1056 يفقد | 1 105
5 يعمل - يصنع | made made
mean بقصد | meant meant ‏ا‎
‎| meet يقابل | met |
melt يذوب  رهصي‎ | melted melted |
open ‏يفتع‎ opened opened
pay ‏يدقع‎ | paid paid ,
play يلعب | played played
prove يبرهن  تبثب‎ | proved proved
punish يعاقب | punished
put يضع | put put
wreath يصل reached reached
read يقرأ read read
ride يركب | Trode ridden
ring ‏يدق يرن | 8 rung
rise ‏يشرق‎  دعصي‎ | TOSE risen
run ‏يجرى‎ | Tan run
say يقول | 0 said
sell يبيع | s0ld sold |
با"	al-shamil-dictionary
12	"الآح
‎PRESENT m PAST PART‏ |
ض ‎L send Jumps | sent sent‏
‎shook shaken‏ | يهز ‎shake‏

shine يضيء | shone shone

shoot يصيد | shot shot

shut يقفل | shut shut
| show يظهر - يبين‎ | showed shown
١ sink يفرق للجماد)‎ | Sank sunk

' sing ik | sang sung
i sit يجلس | 1 58

smell يشم | smelt smelt

sleep ينام | slept slept

speak يتكلم | spoke spoken
| sow يبذر ينثر | 0 sown

spend ‏يقضى‎  قفني‎ | 1 spent
| spoil يتلف | spoilt spoilt

stay يمكث - يبقى | Stayed stayed
| stand ‏أ يقف 0 stood
f steal يسرق | stole stolen

strike يخبط يضرب | struck struck

stop يتوقف | stopped stopped

study يدرس - يتذكر | Studied studied

sweep يكنس | swept swept
| swim ‏ينوم‎ | swam swum
: take يأخذ | took taken
|"	al-shamil-dictionary
13	"الا اح
‎PRESENT m PAST PART‏

teach يعلم | taught taught

tear ‏يمزق‎ | tore torn |

tell ‏أ يخبر 0 told

thank ‏بشكر‎ ١| 0 thanked

think يفكر | thought thought

| throw ‏يرمى‎ | threw thrown

| travel يسافر travelled travelled ‏ا‎

‎tried‏ 0 | يحاول ‏ يجرب را

‎| visit يزور | visited visited

‎wake يوقظ | woke woke

‎wear يلبس | Wore worm

‎weep oS | wept wept

‎win ‏يربع - يكسب | 8 won

‎| work يشتغل | worked worked

‎write يكتب | wrote written"	al-shamil-dictionary
14	"5
A LIST OF CORRECT PREPOSITIONS

accused of ‏متهوب‎ | ignorant of جاهد |
afraid ‏اخاثف من interested in المهتم بـ |
agree with يتفق مع شخص)‎ | jealous of غيور من

ٍ فادر إلى ‎leave for‏ يوافق على شىء ‎agree to‏ إ
| يستمع إلى ‎listen to‏ غاضب مع شخص ‎angry with‏
مسرور من شخص ‎pleased with‏ | غاضب من شىء ‎angry at‏
| مسرور من شىء ‎pleased at‏ يوافق على ‎approve of‏
يفضل عن ‎preferto‏ | خجلانمن ‎ashamed of‏
فخور ‎proud of‏ | بشكومن ‎complain of‏
مسئول عن ‎responsible for‏ يكون من ‎consist of‏
غلى ب ‎rich in‏ يشفى من ‎cure of‏
يبحث عن ‎search for‏ | يموتدمن ‎die of‏
مامرفى ‎skilful at‏ | خال من ‎empty of‏
متأسف على ‎somyfor‏ | مشورب ‎famous for‏
ينجع فى ‎succeedin‏ | مغرم ‎fond of‏

ٍ full of مملوء بـ suitable for (to) مناسب لـ

مندهش من ‎surprised‏ أجيد فى ‎good at‏ |

| ill with مريض بـ | wram of against ‏يحثر من

|"	al-shamil-dictionary
15	"# ا
لاحظ أن الكلمات الآتية لا تاخذ حرف جر ‎(preposition)‏
كما هو الحال في اللفظة المربية ‎I‏
‏يضحى ب ‎sacrifice‏ 1-70
‎He sacrificed his life for his country.‏ =
يتمتم ب ‎enjoy‏ 2-70
‎We enjoy the fresh air.‏ =
يشر ب ‎Tofeel‏ 3 |
‎feel great pain in my tamm !‏ 1= |
يؤثرفى ‎4-Toaffect‏
‎Hot weather affects my health.‏ =
يحتوى على ‎To contain‏ - 5
‎=My bag contains many books f‏
‎١‏ يهجم على ‎To attack‏ - 6
‎soldier attacked his enemy.‏ 16 = |
يحصل على ‎obtain‏ 7-70
يعجب ب ‎To admire‏ - 8
بدافع عن ‎defend‏ 9-70"	al-shamil-dictionary
16	"Conversion Tables
TEMPERATURES
In the United States temperature is measured on the Fahrenheit scale
For the exact conversion to Celsius use the following formulas
Fahrenheit = Centigrade x 1.8 + 32)
Centigrade = Fahrenheit - 32/ 1.8)
0 104
35, 95,
30. 86'
25_ 77.
20 68
1 5 0 Fahrenheit
Celsius . 3
بن 5 .
5‘ 4 l.
0 . 32‘
-5 s 23'
- 10ٍ 4
- 15 50ٍ
- 20. -4
- 25 = 13
-30 -22
Normal Body Temperature = 86 For 7 8"	al-shamil-dictionary
17	"v )

WEIGHTS

Metric U.S Standard

1 gram 0.0353 ounces

28.350 grams 1 ounce (0z.)

225 grams 1/2 pound (1b.)

453.592 grams 1 pound (16 0z.)

1 kilogram 2.2 pounds

1100 1.1023 tons

5 grams or 5 c.c. 1 teaspoon tsp

15 grams or 15¢c.c 1 tablespoon tsp
COOKING MEASUREMENTS

‎Tbsp=15ml‏ 1 5 م1

‎1 cup =240 ml 1 pint = 480 ml

‎1 quart = 946 له (0.946 L) 1gallon=3.84 L
OVEN TEMPERATURES

‎Celsius Fahrenheit

‎93, 200,

‎107, 25,

‎149, 300,

‎177, 350,

‎191, 375,

‎205 400"	al-shamil-dictionary
18	"Clothing Sizes
WOMEN’S CLOTHING
Dresses Coats suits and Skirts junior
USA 9 11 14 2 5 17
England 1١ د١3‎ 15 1١7
Metric 36 38 40 42 44
Young Ladies’ Misses
USA& England 10 12 14 16 18
Metric 36 38 40 42 44
Ladies’
USA& England 36 38 44 42 ‏هه‎
‎Metric 44 46 48 50 52
Women's Shoes
‏هونا‎ 5 6 7 8 9
Metric 35 36 38 39 40
MEN'S CLOTHING
Costs overcoats
USA& England 36 3: 44 42 4
Metic 46 48 ‏؛‎ 52 54"	al-shamil-dictionary
19	"المراجع ‎REFERENCES‏
أهم المراجع الا إنجليزية

1 - WEBSTER’S NEW WORLD DICTIONARY OF The- ENGLISH
LANGUAGE NEW 011505 EDITION 1993.

2 - WEBSTER'S SEVENTH NEW Collegiate DICTIONARY
SPRINGFIELD MASSACHUSETTS U.S.A 1965

3 - THE OXFORD PAPERBACK DICTIONARY THIRD EDITION
1988.

4 - COLLINS NEW ENGLISH DICTIONARY LONDON 1964.

5 - LONGAN ACTIVE STUDY DICTIONARY OF ENGLISH

6 - DICTIONARY of RELIGIOUS TERMS By ABDULLAH ABU-
MESHY AL MALIK AND ABDUL- LATIF SHEIKH- IB-
RAHIM 1995.

أهم المراجع العربية

AN القاموس المصرى اليأس أنطوان اليأس القاهرة ١

قاموس الموارد منير البعلبكى بيروت ‎١1480‏

© . قاموس المعرفة لتوليد الحور بيروت ‎VAV‏

£ . معجم المصطلحات الدينية الدكتور ع عبدالله ابوعشى المالك الدكتور
عبداللطيف الشيغ إبراهيم الطبعة الأولى الرياض ‎١1448‏

8 معجم مصطلحات علم المكتبات المعلومات الدكتور عبدالله الشريف الطبعة
الثانية طرابلس ‎AT‏

١1464 القاموس الطوبى الجامعى ممدوح دوما الطبعة الأولى . القاهرة . Y"	al-shamil-dictionary
20		al-shamil-dictionary
21	"LS
8.2 الحرف الأول من حروف الهجاء | alienation (n.) نقل الملكية . مبيعة بجع‎
الإنجليزية أداة تتكير للاسم المبدوء‎ | abandon (vn) يهجر . يترك . يقلع عن
يتخلى عن . يستسلم ل - إقلاع بحرف ساكن
عن تخلى . انغماس فى الملذات أول درجة . طيب جدا لـ
A.A. (author's alteration التغيرات ___himself to . ينغمس فى
gl 200 يغرق فى
AAA authors taction U1 | abandoned adj متروك . مهجور . متحرر
الموجودة فى المزاد | abandonment (n) هجر . ترك . خلاعة
aardvark (n.) تتال خنزير الأرض
aardwolf (n.) الأرض | prayer ترك الصلاة
Aaron (n.) ‏هاررن‎ | abase (v.) ‏يحقر يذل يحط ب حُزى‎
AB. بكالوريوس فى الآداب  ملاح | abased adf S ‏محقر.ذليل.‎
تحقير . إذلال دناءة 0 (.208560:602)8 | محنك
aback adv . يخجل . يخزى . (ن) فونه | إلى الصوداء . إلى الخلف
betaken __, ‏اغت يفاجا.‎ o يضعف
‏يزخذ على حين غرة ١ abashed خجول مرتبك زهه)‎
abacus () ‏الممود . معد U | ‏عاافتوية‎ yagi  لياق قابل للإلقاء.‎
للإنقاص لتعليم الاطفال العد . ناج
2080000 )8(  ميحجلا ينقص . يقلل . يخمد )1( 200:8 | الجحيم . ملاك
abaft(adv) ‏ينه فى مزخرفة عند أو تحر
مؤخرة الركب abatement (n)  ليلقت ‏تتقيص إلغاء
abalienate ينقل الملكية من اسم لآخرل.»)‎ | abanoir ‏(ج)‎ e مجزر سلخانة.‎"	al-shamil-dictionary
22	"فحص البطن  ‎abbey (n.) ©a, % | abdominoscopy (n)‏
بالمنظار رئيس دير للرهبان ‎abbot (n.)‏
ضخم البطن ‎(adj.)‏ 80001005 | يوجز . يختصر . يختزل ‎abbreviate ٠١(‏
مكرش مرجز . مختصر . ‎abbreviated (adj.)‏
يفصل . يبعد عن . يفرز ‎abduce (v.)‏ | مختزل

مفصول ‏ مبعد ‎abducent (adj.)‏ | مدخل مختصر ‎—_entry‏
يخطف بخاصة امرأة | ‎abduct (v)‏ | اختزال الكسر ‎offractions‏ --
يغتصب . يختلس اختصارا ‎abbreviations (n.)‏
خطف اغتصاب - ‎abduction(n)‏ | أمس ‏ أصول - ‎ABC (n.)‏
اختلاس مبادئ علم آأر موضع الألفيات

الخاطفة ‎abductor(n) sl‏ | ممكن التنازل ‎<o‏ ( زفة ‎abdicable‏
‏ناثم فى الفراش ‎(adv.)‏ 8080 | يتنازل عن عرش - ‎abdicate (v.)‏
طريح الفراش تنحى عن منصب رفيع -

آبيل ‎Abel(n)‏ | يترك ‏ يهجر

ضلال انحراف عن 1 )( ‎aberrance‏ | تنازل عن عرش أو ‎abdication (n.)‏
الحق شذوذ ‎abemancy (n.)‏ | منعب ريع

ضال . منحرف عن ‎(adjn)‏ 8085871 | بطن . جوف ‎abdomen (n.)‏
الحق . شخص شاذ اللك بطنى . جوفى ‎abdominal (adj.)‏
ضلال . انحراف عن ‎abemation (n.)‏ | التسمع البنى - تسمع ‎auscultation‏ ——
الحق خلل عقلى الطبيب إلى الأصوات الثى

يحرض - يستفز ‎abet(v.)‏ | داخل البطن

تحريض - تفيد ‎abetment (n.)‏ | تجري البطن ‎cavity‏ __—
محرض مشجع على 1 ‎abettor (n)‏ | ولادة قيصرية ‎___delivery‏
عمل الشر معاون ‎abetter (n)‏ | ألم بالباطن ‎—pain‏
مطيل . إيقاف . انتظار ‎abeyance (n.)‏ | بذل البطن ‎abdominocentesis (n.)‏"	al-shamil-dictionary
23	"abeyant adj معطل - معلق | able adj ماهر - قدير  رداق‎
abhor (v.)  ةدشب ‏يغض - يمقت  هركي‎ ١ abloom (ad)) مزدهر - مزهر
abhored adj بغيض  هرركم‎ | abluent adj A
abhorrence (n.) مقت - بغض | ablution (n.) ماء  لسغ‎  ءوضر‎
abhorrent adj - الإغتسال مضاد  كاره - ماقت  ءوضولا‎
معاكس | invalidate ablution vy 1 ينقض
‎abidance (n.) i  ءاقب‎  رارمتسا‎ | todofull ablution  ءوضولا ‏يبغ‎
‎abide (v.) يقيم  رظتني‎  ثكمي‎  ىقي‎ | sand ablution ‏التيمم‎
يكن | ablutomania (n.) هرس الإغتسال
abiding adj ثابت - باق - دائم | ably adv بحذق . ببراعة . بمهارة بمقدرة
__Jaith إيمان ثابت | abnegate (v) يجحد ينكر . يتخلى عن
abigail (n) أمة جارية . خادمة . رصيفية | abnegation (n.) ترك جحود  إقلاع
ability , for , in (n.) عن نكران قدرة  مقدرة
abiotic adj منعدم الحياة | abnormal adi  ىعيبط غير  ذاش‎
abject adj خسيس . حقير دنئ مدقع | abnormality (n.) شذوذ - شىء غير
—_ poverty عادى فقر مدقع
abjectness (n.) دناءة  ةسخ‎ | abnormally adv بشذوذ
‎abjuration (n.) إرتداد  دوحج‎  راكنا‎ | aboard adv على من سفينة أر قطار
abjure (v.) أو طائرة قرب - بجانب يرلّد - يجحد
abjurer (n.) مرتد عن دينه  ناكر | abode past pastpart of
ablactate (v.) يفطم عن الرضاعة | abide
ablactation (n.) فطام الطفل | abode of abide (v. n.) _ أقام سكن
ablation (n.) نزل . مسكن - مقر استفحال  أزالة
ablaze ‏زفه)‎ . adv  جهرتم‎  بهتلم‎ | the Abode of Bliss i
مشتعلا | the eternal abode الدار البقية"	al-shamil-dictionary
24	"علانية ‎aboveboard adv adi  -‏ | يمحر يلفى ‎abolish (v.)‏
جهارا صريح ممكن إبطاله ‎abolishable (adj.)‏
حى يرزق ‎aboveground adv .adj)‏ | محر إبطال ‏ إلغاء  ‎abolishment (n.)‏
- فرق سطح الارض } ‎abolition (n.)‏
ييرى ‏ بكشط ‏ يتآكل | ‎abrade(v)‏ | المنفحة ‎abomasum (n.)‏
برى ‏ كشط ‎sbrasion(n)‏ | كريه ‏ مكره ‎abominable adj  -‏
كاشط - حكاك رهه ‎abrasive‏ | شنيع ‏ منكر - بغيض
يشفى من عقدة نفسية ‎abominate (v.)  تقمب  ضغب  هركي | abreact(v.)‏
إزالة العقدة النفسية  ‎(n)‏ 200880000 | منكر ‏ شناعة ‏ رجس ‎abomination (n.)‏
متماشي مع - ‎Cor‏ لجنب ‎abresst(adv)‏ | دعارة
يقصر - يحرم من يختصر ‎abridge (v.)‏ | خبالثك ‏ رجس ‎abominations (n.)‏
مختصر - موجز ‎abridged (adj.)‏ | يجهض . تجهض . بسقط يخفق ).1( 8011
طبعة مختصرة ‎edition‏ __ | قاتل للجنسين مُجمض ‎aborticide (adj.)‏
اختصار ‏ موجز ‎abridgment (n.)‏ | إسقاط ‏ إجهاس للجنسين ‎abortion (n.)‏
‎abridgement (n.) }‏ | طبيب أمراض ‎abortionist (n.) s‏

مفرح - على قدم ‎abroach adv adj.‏ | أمشخصص فى إجهاض الحرمل
وساق دواء مجهض - عقيم - ‎abortive (adj.)‏
فى الخارج - باتساع ‎abroad adv adj.‏ | نادر الخليفة

مخطئ يسود - يكثر ‎abound (v.)‏
يضخ ‏ يطل يلغى  ‎abrogate(v)‏ | عن بشان - ‎about prep adv.)‏
‎s‏ - فقدان ‎absence (n.)‏ | على وشك حوالى ‏ حزل
سهو - شرود ‏ الفكر  ‎__ofmind‏ | فرق - أعلى ‎above adjadv  - GT‏
غائب ‏ بعيد هه 205801 | متقدم ‏ سابق
مطلق ‏ حر كلى ‎absolute (adj.n)‏ | فرق كل شىء اله
‎g‏ استبداد - المطلق - الأساسي"	al-shamil-dictionary
25	"— location مكان ثابت ١ abstract adj n.v.) مستخلص

absolutely adv - Gulls - G تجريد . لاصف  ىروصت‎

تجريدية . يفصل . يجرد . يقتل ‎٠‏ على نحو قاطع - كلية

absolution (n.) &3 - 3 ke  نارفغ يختصر

مجلة مستخلص ‎___journal‏ - استقراء ‏ تحليل

absolutism (n.) الإستبدادية | abstracted (ad).) شارد الذهن  دراش‎

absolutory ‏ززفه)‎ s | abstraction (n.) - سهو - حذف

اختلاس ‏ تجريد يبرئ - يغفر ل - ‎absolve (v.)‏

الفن التجريد . )( ‎abstractionism‏ | يتسامح يحل

_tobe absolved from Ihram ‏يتجلل‎ | abstractive adi تلخيص - تجريد

‎abstractly (adv.)‏ | من الإحترام

على نحو نظرى - تجريد يمتص - ينهمك فى - يتشرب ‎(v.)‏ 809010

‎absorbent adj n.) . sl . e | abstracts(n.) الخلاصات

مغلق - مبهم - غامض (041) ‎abstruse‏ | شىء منص ل

‏اا لاي ل رف لعنسسة |

سخيف ‏ عبث - باطل  ‎absurd (adj)‏ | انهماك فى

‎absorptive adj ‏ممص - ماص - شارب | absurdity (n.) بطلان  ةفاخس‎

على تحر سخيف  ‎absurdly (adv)‏ | يمك ننم عن ‎from (v)‏ , متفافظة

‎abstainer (n.) المنع  كسلا | absurdness (n.) بطلان  فخس‎

كثرة - وفرة ‎of (n.)‏ , 200002068 | إربخاصة عن المسكرات

‎abstemious adj - زاهد  لدعم ١ abundant in (n.) كثير - وافر

بوفرة - بغزارة ‎abundantly (adv.)‏ | متقشف - متصوف

إساءة استعمال . سباب . ‎abuse (v.n)‏ | امتناع - إساك ‎abstention (n.)‏

إنتهاك - يسىء الاستعمال . يبذ يطهر - ‎absterge (v.) i‏
يهتك - يسىء إلى سمعة زهد - تقشف ‎abstinence (n.)‏"	al-shamil-dictionary
26	"التشكيل نبرة الصوت ‎accent(mv.)‏ | مهين ‏ فاضح - بذىء  ‎abusive (adj.)‏
- حركة ‏ لهجة - يلفظ حرف - يجأر - يتلاصق ‎abut (v.)‏
أو مقطع - يؤكد مجاورة - متلاصقة ‎abutment (n.)‏
التشكيل ‏ التنين (.8) ‎accentuation‏ | مجاور ‏ ملاصق - محاذ ‎abutting (adj.)‏
يقبل ‏ يرضى ب - يسلم ب ‎accept(v.)‏ | هوة - هاوية - لجة - جهنم 0 ‎abyss(m)‏
إمكانية القبول  ‎acceptability (n.)‏ | بلاد الحبشة ‎Abyssinia (n.)‏
أو الرضى حبشى ‏ أثيربى ‎Abyssinian adj (n)‏
مقبول - مرضى - ‎acceptableto (adi)‏ | شجرة النط - طلح ‎acacia (n.)‏
استحسن معهد - ندوة علمية ‎academe (n.)‏
قبول - رضى ‎acceptance (n.)‏ | جاممى - اكادبى - ‎academic adj n.)‏
‎acceptation (n.)‏ | نظرى شخص ‎AT‏

اقتراب - إزدياد - نمو - وصول ‎(M)‏ 200655 | رسالة جامعية الدكتوراة 4361180008 _-_
إمكانية المثال ‎accessibility (n.)‏ | سنة دراسية ‎__year‏
أو الوصول عضر فى مجمع  ‎academician (n.)‏
سهل المنال ‎accessible (ad.)‏ | العلماء ‏ عضو فى مجمع علمى

بلوغ - وصول - تكاثر - ‎accession (n)‏ | أوأبى أرفتى

ترتيب إضافات الكتب أكاديمية ‏ معهد ‎academy (n.)‏
قم التسجيل ‎department‏ | لتدريس علم معينا

acanth (n.)  تابن شركة أإسمكة آر | accession number رقم القيد
accede (v.) يوافق - يقبل  يتفلد منصب | accessive adj Sl  ديزم‎
accelerate (v.) - يزيد السرعة  يعجل‎ | accessory adj إضافى - ثاترى‎
يستعجل | accidence (n.) علم الصرف

حادثة - مصادفة - ‎accident (n.)‏ | إسراع ‏ تعجيل ‎acceleration (n.)‏
حادث مفاجئ دواسة البنزين ‏ العضلة - ‎accelerator (n.)‏
عرضى . إتفاق . طارئ ز24 ‎accidental‏ | المتعجلة للبول ‏ أو لقذف ‎AV‏"	al-shamil-dictionary
27	"يلثم ينسجم - يوفق - ‎accord (wn)‏ | عرض اتقاتًا - ‎accidentally (adv.)‏
انسجام ‏ اتفاق صدفة - قضاء وقدر
قبول ‏ اتفاق دولى ‎accordable (adj)‏ | يصفق ‏ يهنف - تصفيق ‎acclaim (Vn.)‏
- يمكن تطبيقه - هتاف
انسجام ‏ مطابقة ‏ (.8) ‎accordance‏ | صياح ‏ تهليل - تصفيق ‎acclamation (n.)‏
رفقا ل طبال ‎__with‏ عن | تهليل ‎acclamatory (adj.)‏
مطابق ‏ ملائم ‎accordant(adi)  -‏ | تأقلم ‏ يتعود على المناخ 1 ‎acclimate (v.)‏
مجم نع ‎acclimatize (v.)‏
‎iy‏ ل بحسب ‎acclimatization (n.)  ملحقات  ةملقا | according 10 (prep.)‏
عليه ‏ وبناء عليه ‎accordingly (adv.)‏ يلائم - يسع ‎accommodate (v.) J‏
- رعلى ذلك - يجهز
أكورديون ‎accordion (n. adj.)‏ | لطيف - مجامل ‎accommodating (adj.)‏
4 موسيقية ملاءمة - ‎accommodation (1.) - &y‏ |
قابل ‎ol‏ تطبيق - إراحة - تجهيز |
يدئر من - يقترب ‎(v.)‏ :86605 | بدل سكن ‎___allowance‏ |
نفاس ‏ ولادة ‎accouchement (n.)‏ | تطار ركاب 7
طبيب مولد ‎accoucheur (n.)‏ | لوازم المعيشة  ‎accommodations (n.)‏
مولدة ‎accompaniment (n.) - &  ةقفر | accoucheuse (n.)‏ |
حاب محاسبة  ‎account (n.v.) . oly‏ | مصاحبة ‏ اتفاق |
يعتبر ‏ يحب يرافق ‏ يصاحب - يجارى ‎accompany (Vv.)‏ ّ
يحسبه الله _ ‎Allah will call himto‏ | ينجز ‏ يكمل ‏ يتم ‎accomplish (v.)‏ |
يعلل - يبين السبب + | لجز كايل - ‎accomplished (adj)‏ |
حاب جار ‎current‏ | تام |
‎accountable information 0)‏ | إنجاز ‏ تكميلي - ‎accopmlishment (n.)‏
المملوكات الحسابية إمام"	al-shamil-dictionary
28	"accountancy (n.) مهنة المحاسبة  علم | 20007260655 (n.) O - ضبط
الحاسبة | accurse (v.) سب  متشي‎

accountant (n.) s | accursed adj 1 - بغيض - ملعون
account book (n.) ‏دنار الحاسبة | accurst adj رجيم  نيعل‎
accounting (n.) علم الحسابات | 10 66 by Allah يلعن الله
ettt | accusant(n)  ىوكشلا شاك مقدم

شكوى ‏ تهمة إتهام ‏ رمى ‎accusation‏ | آلة المراجعة ‎___machine‏
‏- قذف يجهز ‏ يزود ‎accouter (v.) gl‏
يتهم ب يدع على ()02, 20008 | واللايسن

- يقذف - يرى ‎accouterment (n.)‏
منهم . المدعى عليه (.80[.8) 2000560 | تجهيز ‏ تزيد العتاد

المتهم يصدق ‏ يجيز ‎accredit(v.)  متعي o‏
المتهم ‎accuser (n.)‏ | مفوض - معهود إليه ‎accredited (adj.)‏
يتعود على - ‎accrediting agencies (n.) accustom , to (n.)‏
يتدرب على هيئات إصدار الترخيص

متعود - متمرن - ‎accustomed (adj)‏ | تراكم - تكاثر ‏ إضافة  ‎accretion (n.)‏
مألوف يزداد - يستجمع - ينتج ‎accrue (v.)‏
بطل - آس الواحد فى ‎ace(n.ad)‏ | يتراكم - يستجمع ‎accumulate (v.)‏
ورق(اللعب ار زهر النرد تراكم ‏ تجمع ‎accumulation (n.)‏
كمية قليلة تراكم - تجميمى ‎accumulative (adj.)‏
على فيد شعرة من - ‎withinan __of‏ | آلة الجمع - ممت ‎accumulator (n.)‏
على رشك الصدمات

accuracy (n.) إتقان - دقة  طبض‎ | acerb adj حامض المذاق
accurate adj مضبوط - متقن | acerbate (v.) يغضب Y
accurately adv بالضبط . بإتقان بأحكام | acerbity (n.) حدة فظافة)‎  ةضومح‎"	al-shamil-dictionary
29	"قمة ‏ رأس - زروة - رج ‎acme(n)‏ | عتقودى الشكل نبات ‎acervate (adj)‏
حب الشباب ‎acne(n)‏ | حمض الخليك  ‎acetic acid (n.)‏
ثمر أو جوز البلوط ‎(n)‏ 8600 | حمض الخل
أسمى - مختص 1 ‎acoustic (adj.)‏ | تخليل ‎acetification (n.)‏
بالسمع ‎acoustical (adj.)‏ | يحمض ‏ يخلل ‎acetify (v.)‏
مهندس الصوت ‎acoustician (n.)‏ | وجع ‏ ألم يرجع - يؤلم ‏ (8.7) عنام
علم ألمع السمعيات ‎oS5 | 8000965 (n.)‏ إجازة أن ‎achicvable (n.)  ales‏
- علم الصوت آر فعله

يعرف - يخبر بكذا ‎with (v.)‏ , 2000806 .| ينجز - ينهى ‎achieve (v.)‏
علم ‏ دراية - ‎acquaintance (n.)‏ | انجاز - تتميم ‏ فعل (.8) ‎achievement‏
معزف شخصية مزلم مرجع ‎aching (adj.)‏
عالم - ‎e | acquainted with (adj)‏ ألالوان 0 ‎achromalopsia (n.)‏
ملم ب ‎acid adj . n.)‏
يحرز - ينال يكتسب - ‎acquire (v.)‏ | حامض - حمضى مادة حمضية

بكتب © 4ه ‎acquired‏ | بيت المزاج أمرسيقى ‎acid - house (n.)‏
إحراز  ‎acquitement (n.) LSt‏ | شاعرية صاحبها مؤثرات صوتية

براعة حموضة ‎acidity (n.)‏
اكاب تحصيل - ‎acquisition (n)‏ | زيادة الحموضة ‎acidosis (n.)‏
تزيد قليل الحموضة ‎acidulous (adj.)‏
تزويد الكتب ‎__ofbook‏ | يعرف ب يقرب ‎acknowledge‏
محرز < اكتساب  ‎acquisitive (adj)‏ | مقبول - معترف به ‎acknowledged (adj.)‏
اشدة ‎e‏ (.8) 200015100788655 | إعتراف ‏ إقرار ‎acknowledgement (n.)‏
على الإكتآب - تشكر

acknowledgment (n.) الأعتراف بالفضل | acquit (v.) يسدد - s
الشكر الإمتنان للآخرين - | 3010 (n.) إعفاء  ةئربت‎"	al-shamil-dictionary
30	"عمل - فعل - قضية - ‎action (n.)‏ | ررقة مخالصة ‎acqittance (n.)‏
دعوى ‏ سلوك مقياس إنجليزى مسطح ‎acre(n) AN‏
مرجب لرفع دعوى (/24) ‎actionable‏ | الأصغر من الفندان إيان

يعد - يحفز - ينشط )( ‎activate‏ | فقدان حساسية 0 )1( ‎acroanesthesia‏
مجتهد - نشيط - مؤثر  ‎active (adi)‏ | ألاطراف

ناشط - رائج بهلوان ‎acrobat (n.)‏
الخدمة الفعلية ‎service‏ | زرقة ألاطراف ‎acrocyanosis (n.)‏
حيوية ‏ نشاط  ‎activeness (n.) el‏ | الم ألاطراف ‎acrodynia (n.)‏
كد - حيوية ‏ نشاط ‎activity (1) L‏ | كبر حجم ألاطراف ‏ )1( ‎aromegaly‏
فاعلية شلل ألاطراف ‎acroparalysis (n.)‏
معدل الإستعمال ‏ (.8) ‎activity ratio‏ | الخرف المرضى من 0 ‎acrophobia (n.)‏
قضاء رقدر 40 | الأماكن المرتفعة

العجز عن ربط ‎actophasia (m.)‏ | قلعة أثينا القديمة ‎acropolis (n.)‏
الكلمات وتكون جملة مفيدة عرض بالعرض - ‎across (adv.)‏
- فاعل ‎actor(n)‏ | من جانب لآخر

ممثلة ‎(n.)‏ 800855 | يصادف ‏ يقابل مصادفة 102002
حقيقى - فعلى - مطابق للواقع )( ‎actual‏ | يعبر - يقطع ‎togo___‏
آمر واقع - حقيقة ‎actuality (n.)‏ | عدم انتظام ‎acrotism (n.) ol‏
يجعله أمرا ‎2ctualize )«( -GSl‏ | يعمل - يفعل ‏ يصنع - يمثل - ‎Bct(vn)‏
‏يحفق الأمر عمل - فعل - صنيع - مشهد -

فعلا  ‎G‏ فى البراقع ‎actually (adv.)‏ | فصل

حقيقة ‎actualness (n.)‏ | يعثو ‎act corruptly 3l‏
الخير شئون التأمين ‎actuary (n)  -‏ | ممكن تمثيله أو نطبيقه ‎actable (ad).)‏
مستشار شركة التأمين فعال ‏ نائب - وكيل - ‎acting (adj.)‏
يستفز ‏ يحمس  ‎g‏ () 800086 | فن التمثيل المسرح"	al-shamil-dictionary
31	"رئيس أركان ‎acuity (n.) & | ADC.aside-de-camp‏
حرب شركى - شائك ‎aculeate (adj.)‏
يضم - يزيد - يجمع ‎add(v)‏ | براعة ‏ فطنة ‏ ذكاء ‎acumen (n.)‏
مدخل إضافى ‎2dded entry (n.)‏ | مدبب ‏ حاد )1 ‎acuminated (adj)‏
يجمع الاعداد ‏ يضم ‎addup(v)‏ | استدقاق الطرف  ‎acumination (n.)‏
إضافة )( ‎addendum‏ | الوشم ‏ الرخ ‎acupuncture (n) Y‏
‎-t‏ الجامع - المضيف ‎adder (n.)‏ | أخصائى علاج ‎acupuncturist (n.)‏
ممكن جمعه أر إضافتهه ‎addible (adj)‏ | الأمراض بالإبر الصينية

إمكانية الجمع الإضافة ‎S5 | addibility (n)‏ حاد ‏ قاس خطير ‎acute (adj.)‏
‎Lo ety‏ - يعكف على ‎addiet (vin)‏ | زاوية حادة ‎__angle‏
مدمن ‏ منهمك ‎addicted(ad) i‏ | بشدة ‏ بحدة ‎acutely (adv.)‏
إدمان ‏ إنهاك ‎addiction (n.)‏ | ذكاء ‏ حدة ‎acuteness (n.)‏
جمع ‏ ضم ‎adding(n.)‏ | بعد الميلاد | ‎AnnoDomini‏ صم
آله الجمع ‎machine‏ | آدم ابو ‎Adam A0‏
ضضم إضافة ‎addition (n.)‏ | مادة شديدة الصلابة ‎adj.)‏ .803003018
بالإضافة إلى ‎in_to‏ - الماس صلب - عنيد

adamite adj ‏آدمى‎  ىرشب‎ | additional adj زائد  ىفاضإ‎
adapt,to(v) iy ‏6ل200 . | يوفق - يطابق adj V). فاسد - مشوش - e
adaptability (n.) - يد - بشرش موافقة  مناسية‎
مطابقة | address (v.n) يوجه - يخاطب

خطاب - عنوان متكيف - قابل للتكيف ‎adaptable (adj.)‏
المرسل إليه ‏ المخاطب ‎Gy | 8008885888 (n.)‏ - تطبيق ‏ تكيف ‎Adaptation (n.)‏
أستئصال الغدة ‎adenectomy (n.)‏ | - تكيف

adapter (n.) it  ةلصو‎  ةييكرت‎ | adenitis(n) إلتهاب غدة"	al-shamil-dictionary
32	"قضاء ‏ حكم - 1 ‎adjudicate (v.)‏ | كفاءة ‏ مناسبة ‏ مطابقة ‎adequacy (n.)‏
مناقصة ‏ مزاد ‎adjudication (n.)‏ | كاف موافق - مناسب ‎adequate (adj.)‏
المساعد ‏ الملحق ‏ ([30 .0) 240862 | صلاحية ‏ سداد 0 ‎adequateness (n.)‏
مساعد ‏ ملحق يتمسك ب - بثبت ‎adhere , to (v.)‏
إلحاق ‏ إضافة - ضضم )1( ‎١ adjunction‏ على - يلارم ‏ يقيد ب

مناشدة ‏ قسم ‎adjuration (n.)‏ - | تماسك ‏ التوانى ‏ التحام ‎adherence (n.)‏
يناشد ‏ يستحلف ‎adherent adj . n.) - s  عبات adjure‏
يضبط - يتقن ‏ يصلح - بسوى (00) ا9نازفة | ملام ‏ حليف النصير - التابع

—_of sunnah آهل ألسنة | adjustable adj يمكن تعديله أو ضبطه
adhesion (n.) التصاق  كساغ‎ | __ shelves متحركة Gy
adhesive adj g - ملصق - لزج | adjustment (n) i  ناقتا‎ - ضبط
تسوية - توافق الإلتصاق -

adhesive binding تجليد عازل | adjutant ضابط مساعد للقائد  مرام
adhesiveness (n.) لزوجة  قاصتلا‎ | administer (v.) يقيم العدل - يدير
adjacency (n.) متاخمة  رواج | administration (n.) . حكومة  ةرادإ‎
adjacent , 10 adj ‏تلبير قريب من مجاور لـ -
adjectival adj ey ألا administrative adj - إدارى
‎adjective (adj.n)  - تنفيذى نعتى  رصفى‎  ىموكح‎
نعت - صفة | __dataprocessing LN تصميم

باهر ‎o‏ ممتاز ‎admirable (adj)‏ | يضم يجأر ‏ يتلاصق ‏ (ل) ‎adjoin‏
قائد أسطول ‏ أميال 0 )1( ‎adjoining adj admiral‏
إعجاب ‏ استحسان (.8) ‎admiration‏ | مجاور - ملاصق ‏ محاز

adjourn (v.) ‏يفض إجتماعا  يزجل‎ | admire (v.) يعجب بـ
adjournment (n.) فض تأجيل | admirer (n.) محب  قشاع‎
adjudge (0 ‏يمدر حكنا‎  مكحي‎ | admissible adj ملم بـ  لوبقم‎"	al-shamil-dictionary
33	"يد - مستحق العيادة ز4ه ‎adoptable‏ | هذا شاهد لا ‎this wimessisnof‏
عبادة ‏ سجود ‏ تكريم )1( 8008008 | قبول ‏ رضى - أدغال  ‎admission (n.)‏
دعشق بطاقة دخول 4 --
يحب لدرجة العبادة - ‎adore(v.)‏ | يقبل ب - يرضى ب يسلم ب ‎admit, of‏
يعشق - يوقر يقبل فى أو من ‎admit into or 10 (v.).‏
بزخرفة - يزين ‎adom(v.)‏ | يدخل إلى

خرفة - تزيين ‎adomment (n.)‏ | قبول ‏ أدغال ‏ تليم ‎admittance (n.)‏
أستئصال الغدة ‏ (.8) ‎adrenalectomy‏ | معترف به أو مسلم به ‎admitted (adj.)‏
الكظرية بمزج ‏ يخلط ‎(v.)‏ تتصفة
طاف ‏ عائم مع ‎adrift(adv. adj)‏ | مزيج - خليط ‎admixture (n.)‏
التيار ‏ بلا هدف مناق يلوم يعاتب يحذر ‏ («) ‎admonish‏
بارع - ماهر ‎adroit (adj.)‏ | بحث ‏ بعظ

بمهارة - بخفة ‎adroitly (adv.)‏ | محذر ‏ ناصح لاثم )1( ‎admonisher‏
‏يمتز- يندمج ‎adsorb (v.)‏ | تحذير ‏ تضح - لوم — ‎admonition (n.)‏
تدامج الغازات .. ‎adsorption(n)‏ | تذكرة ‏ عبرة - عظة

إلخ بسطح الجماد جلبة ‏ لغط - جمجعة ‎ado (n.)‏
يتزلف ‏ يتملق  ‎o) | adulate(v) by‏ - يصنع منه ‎adobe (n.)‏
‎gl‏ مداهنة ‎adulation (n.)‏ الطر ب اللين

adolescence (n) سن المراهقة . مراهقة | adult(adjin) بالغ راشد شاب بالغ
adolescent adj  قهارم مراهق . شاب | adulterate (v.) ‏بفد - يفش‎
adopt (v.)  ذختي‎ (W, وبخاصة i | belief ‏يفد الإيمان
adoption (n.)  رايتخا‎  باختناق  ىنبت‎ | adulterer (n.) الفاسق - الزائى‎
إتخاذ | adulteress (n.) الزاية  ةقسافلا‎

adoptive adj ‏متخب مبنى  ىفاضإ‎ | adultery (n.) فق زنا"	al-shamil-dictionary
34	"فى السراء ‎inprosperityand‏ | سن البلرعغٌ ‎adulthood (n.)‏
والضراء يدقع إلى الأمام - ‎advance (vnadi)‏
يعلن عن - ينشر ‎advertise (v.)‏ | يُحسن ‏ ينجح ‏ يزيد - يدنع ‎Gl‏
إعلانا ‏ يعلم تحسن - تقدم - سلفة مدفوع
إعلان ‏ نشرة ‎١ advertisement (n.)‏ مقدما
وكالة إعلانات | ‎advertising agency‏ | سلقا ‏ مقدما ‎in__‏
نصيحة ‎advice (n.)‏ | متقدم فى المقدمة سابق ‎advanced (adj.)‏
موافق ‏ متحسن  ‎advisable (adj)‏ | نسخة أولية ‎___copy‏
ينصح ‎advise (v.)‏ | تقدم ‏ نجاح - رقى  ‎advancement (n.)‏
المستشار ‏ المرشد 1 ‎adviser (n.)‏ مرتفع - مقدم ‎advancing (adj.)‏
‎advisor (n.)‏ | فائدة - ميزة - يفيد ‏ (.8.7) ‎advantage‏
إستشار - تقرب جوى ‎advisory (adin.)‏ | يستفيد من - يتتهز فرصة /ه __ 101:6 10
الخدمة الإستشارية ‎@l | service‏ - مفيد ‎adventageous (adj.)‏
محاماة - توسط - ‎advocacy (n.) iUl‏ | مجئ - ظهور ‎advent (n.)‏
المحام يدافع عن ‎advocate (n.v.)‏ | ظهور الأمام ‎the advent of Islam‏
- يؤيد يخاطر ‏ يجاذف ‎adventure (v.n.)‏
احتجاج ‏ مرافعة - ‎(n)‏ 801068008 | مخاطرة ‏ مجاذفة ‎١‏
محاماة المغامر ‏ المجاذيف ‎adventurer (n.)‏
قدوم - متطرفة ‎adze (nv.)‏ | مغامر - محفر  ‎adventurous (adj)‏
يقطع بالقدم ‎AL‏
بادة معناها هواء ‏ طبران ‏ 2820:2800 | ظرف زمان مكان حال ‎adverb‏
‏هوائى - شاهق - لطيف ‏ (/24) ‎acrial‏ | عدر - خصم - معاكس . ‎adversary (n.)‏
- رقيق ‏ خيال - غريم
خريطة جوية ‎map(n)‏ | عضاد - ‎adverse adj S‏
المسح الجوى ‎surveying‏ | شدة ‏ ضراء ‎adversity (n.)‏"	al-shamil-dictionary
35	"يضم إلى - يدنج ‎affilate )008(  -‏ | تهوية - تشيع بالهواء ‎acrification (n)‏
يبنى ‎Wy‏ يهرى - يشبع بالهواء ‎aerify (v.)‏
تبن لبوت السب | ‎affiliation (n)‏ | الخوف المرضى ‎acrophobia (n.) e‏
- انضمام التيارات الهوائية
مرتبط ب ‎affined (adj.)‏ | طيار ‎acroplane (n.)‏
مشابهة ‏ مصاهرة ‎2ffinity (n.)‏ | جهاز جمع البكتريا 0 ‎acroscope (n.)‏
يؤكد ‏ ينبت - يقرر - يجزم )( 80500 | الأتربة وفحصها ميكررسكوييًا
تكبد ‏ إثبات ‏ إقرار )( ‎affirmation‏ | فلسفة الفنون الجميلة  ‎aesthetics (n.)‏
إيجاب - الآتى  ‎affirmative (adj)‏ | شغل ‏ عمل سالة ‎affair (n.)‏
يختم ‏ يلصق طابع ‏ 80508 | يؤثر فى - بحرك العواطف  ‎affect (v)‏
إضافة ‏ ملحق ‎affectation (n.)‏
رحى - إلهام () 280 | تظاهر ‏ إدعاء - تكليف - تصنع
يحزن ‏ يغم - يتلى ‎afflict (v.)‏ | متائر ‏ مثلم ‎affected (adj.)‏
محزون - مغموم - مبتلى ‎Afflicted (adj)‏ | مؤثر - محرك للعواطف (.(04) ‎affecting‏
حزن غم - كرب - بلاء ‎Affliction (n.)‏ | وداد - محبة - شوق ‎for (n.)‏ , 20160000
- بلوى - فتنة ودود - محب ‏ رزؤرف زفه ‎affectionate‏
‎١ Afflictions (n.) &‏ أم حترن ‎mother‏ __
محزن - مؤلم ‎The Affectionate afflictive (adj.)‏
الوفرة - سعة - فيض ‎affluence (n.)‏ | الرؤوف آمن أسماء الله الحستى؛
- رخاه - بحبوحة العيش موثر - عاطف ‎affective (adj.)‏
موسر - وافر - ‎(adj n) - i‏ 8000801 | خطبة - خطوبة - ثقة  ‎affiance (n.v.)‏
فياض مجرى ماء ‎١ afflux (n.)‏ بخطب
جريان ‏ اندفاع ‏ إنجازه خاطب ‎affiancer (n.)‏
يقدر على - يعطى - ‎afford (v.)‏ | شاهد محلف ‎affiant (n.)‏
يمتح - يقدر على شراء ‎Gl‏ إعلان كبير ‎affiche (n.)‏"	al-shamil-dictionary
36	"afforest (v.) ‏يشجر‎ | afresh(adv)  ديدج من - GO Cat
afforestation (n.) زراعة الغابات | African adj  ىقيرفالا‎ - إفرييقى
‎affranchise (v.) aft adv adj نحو مؤخرة السفينة  خلفى‎
يخلص بضاعة  قتعي‎  ررحي‎  قلطي‎ | after (adV.ad) بعد - بحب . بموجب

فى المستقيل ‎ages‏ | مشاجرة عنيفة ‏ شغب ‎affray (n.)‏
رفضا عن ذلك ‎affright (nv.)  بعري  بعر  فوخ | __all‏
بعد الظهر ‏ العصر ‎(m.adj)‏ 20100000 | إساءة ‏ إهانة - يعير - يغيظ ‎affront (n.v.)‏
- الأصيل - أصيل - يقام .

كلمة ختام ‎afterward (n)‏ | برش يصب - يسكب ‎affuse (v.)‏
بعد ذلك ‎afterwards (adv.)‏ | رش - صب انكباب ‎affusion (n.)‏
- وفوق ذلك ‎again (adv.)‏ | شارف فى الحقل - ‎afield adj adv.)‏
ضد ‏ مقابل ‏ تجاه الي ‎against‏ | فى الخلاء

afire adj adv  دقتم‎  لعتشم‎ | agape adj مفتوح القم‎
مشتعلا | age(nv) عمر - دور عصر.‎

يهرم - يشيخ ملتهب مشتعل - ‎aflame adj adv.)‏
سن الجندية ‎Szt | draftage‏

afloat adj adv wilb  مئاع‎ | under age قاصر
‎Qe  إيفا | 0864 adj شيخ - مسن

المسنون ‎the aged‏ | مشيا على الاقدام ‎afoot (adv.)‏
دائم الشباب - أبدى - ‎ageless(adi)‏ | قدام ‎afore = before (prep.adv.)  -‏
خالد أمام ‏ قبلاً من قبل

توكيل - وكالة ‏ فعل ‎aforementioned adj agency (n.)‏
مكتب جارى مذكور ‎GL‏ 1 م ‎aforesaid,‏
برنامج - جدول أعمال - (8880088 | سالف الذكر

afraid , of adj بقومية - سجل زمنى - أجندة خائف من Y o"	al-shamil-dictionary
37	"مذهول - مذعور - متحير ‎aghast(ad))‏ | وكيل - نائب ‏ ممثل ‎agent (n.)‏
صريع أو خفيف الحركة  ‎agile(adi)‏ | جاسوس ‏ بوليس سرى 38066
- نشيط الشيخوخة التى لا ‎agersia (n.)‏
صريع الحركة ‏ نشيط ‎agility (n.)‏ | تظهر على صاحبها
صرافة - فرق سعر ‎agio(n)‏ | ككلة ‏ مككل - ‎agglomerate (n.adj.v.)‏
يهيج - يحرك ‏ يناظر 0 (0) عتقائهة | ‎UK‏
متهيج - مضطرب ز4ه ‎agglomeration (n.)  ميرك  ميمجت | agitated‏
هياج - حيرة ‎agitation (n.)‏ | لزج - غررى ‎agglutinant (adj.)‏
الهياج - المثير للفن ‎agitator (n.)‏ | يغرى - يلصق بالغراء (ل) ‎agglutinate‏
ذر ويض ‎agglutination ()  ةيرغث  قاصتلا | agleam (adj)‏
‎gl‏ متلالئ ‎aglitter (adj)‏ | يجل - بعظم ‎aggrandize (v.)‏
عجز النطق ‎aggrandizement (n.)  ميظعت  ليجت | aglossia (n.)‏
داحوس ورم يصيب الإصبع ‎agnail (n)‏ | يهول - يعظم - يثقل ‎aggravate (v.)‏
قريب من جهة الأب ‎agnate(n)‏ | تهويل ‏ تعظيم ‏ تفاقم ‎aggravation (n.)‏
كنية ‏ لقب ‎agnomen (n.)‏ | ككل يكم - ‎aggregate (vnadi)‏
ماض ‏ منذ فى الماضى ‎(adj adv.)‏ 880 | تجمع . حاصل - مجموع
متلهف ‏ بتلهف - ‎agogadi adv.)‏ | إجمال ‏ كلى
فى هرج رمرج - فى ااه | تجميع ‏ إجمال ‏ جملة ‎aggregation (n.)‏
حركة حماس تعدى على - يعتدى ‎aggress (v.)‏
نزاع - منازعة ‎agonism (n.)‏ | اعتداء ‏ عدوان ‎aggression (n.)‏
صراع نزاع (.24) ‎agonistic‏ | عدائى ‏ عدوات - ‎aggressive (ad).)‏
يتنازع ‏ يتألم ‏ يتعب 0 ‎agonize(v)‏ | تائم
كرب سكرة المرتك )( ‎agony‏ | الباغى - المنتدى ‎aggressor (n.)‏
الخوف المرضى من (.8) ‎١ agoraphobia‏ يظلم ‏ يحزن ‏ يكدر 0 ‎aggrieve (v.)‏
الأرض الفضاء مظلوم ‏ محزون 0 ‎aggrieved (adj.)‏"	al-shamil-dictionary
38	"علة ‏ اعتلال ‎ailment(n.)‏ | راعى - أرضى ‎agrarian (adj.n)  -‏
يصوب على يبعى ‏ (-2:)8, 070 | الداعى بالإصلاح الزراعي
- يعتزم ‎TR‏ حركة إلالأجز ‎agrarianism (n.)‏
قصد الزراعي قسمة الارض

0 - بدون قصد . ‎aimless (adj)‏ | على التساوي

بلا هدف ‎ity‏ يلثم يناسب  ‎agree, with (v.)‏
هواء ‏ نفخة - هيئة فراغ ‎ATV  -‏ | يسلم ب يقبل ب () ‎agree 1o‏
بهدى - يظهر - يذيع مقبول - موافق ‎agreeable (adj.)‏
فقاقيع هوائية ‎cells‏ __ | قبول ‏ اتفاق ‎agreement (n.)‏
حاملة طائرات ‎craficarries‏ __ | الإتفاقيات ‎agreements‏
مطار ‏ المهبط إفى المطارات  ‎fiedd‏ | ريفى ‏ فلاح ‎agrestic (adj.)‏
سلاح الطيران ‎agricultural adj ) | —force‏
بندقية هواء ‎١ ___gun‏ رراعة ‏ فلاحة ‎agricuiture (n.)‏
فتحة لمرور الهواء ‎hale‏ | مهندس راعى ‎agronomist (n.)‏
بريد جرى ‎mail‏ | علم الزراعة - ‎agronomy (n.)‏
محكم السد 7 | الهندسة الزراعية

غارة جوية ‎raid(n)‏ - | مرتطم بالارض - ‎aground adj adv.)‏
خيال - طلق الهواء - ‎airy (adj)‏ | جائح على الارض

,53 - خفيف ‎M‏ قشعريرة - نوبة الملاريا ‎ague (n.)‏
تمشى كنيسة - مر بين ‎aisle (n)‏ | بعد الهجرة لام
كرسى الكنية ‏ تمشى بين مقاعد أحاديث ‎ahadith (n.)‏
منفرج - مفتوح قليلا ( زف ‎ajar (adv.‏ | قدام ‏ إلى الأمام ‎ahead (adv.)‏
- موروب كالباب مساعدة ‏ عون ياعد ‏ يعارن ‎aid (V1)‏
معوج - لتر - ‎akimbo adv adi)‏ | خصلة ريش ريشة 0 ‎aigret, -te(n)‏
مقصر يمرض . يوجع ‎ail (v.)‏"	al-shamil-dictionary
39	"إلكترون - جزء من ‎dteatrone (n.)‏ نيبا قريب - مثيل  ‎akin, to (adj.)‏
الذرة الإلكترونية ‎o‏
‏الكيمارى ‎e | alchemist (n.)‏ نوع من ‎alabaster (n.) (bt )l‏
كيمياء تحول المعادن ‎alchemy (n.)‏ | المعرقل
إلى ذهب أخ ‏ أداه آه ‎alack!‏
كحول ‎alack-a-day } alcohol (n.)‏
كحول ‎alcoholic (adj)‏ | خفة ‏ نشاط ‏ رشاقة ‎alacrity (n.)‏
مشروبات كحولية 0 ‎__beverages‏ | على ‎alamode(adi) -y ST‏
إخمررا على الموضة
السكارى ‎anonymous (n)‏ | الإزعاج - عب إندثار  ‎alam(vn)‏
المجهولون بالخطر - كيسة - برعب - ينبة
الإدمان على شراب  ‎alcoholism (n)‏ | منبة ‎(n.)‏ 106 _-
الخمر ‏ التسمم الكولى مزعج - مضطرب  ‎alarmed , at(adf)‏
2 بالكحول ‎alcoholize (v.)‏ | القطرس ‏ طائر بحرى )1( ‎alabatross‏
الكربون مشروب ‎(R RS‏ 0000ل | ولو - ولو أن رزصد ‎albeit‏
بطعم المشروبات الغازية ميض - غارب ‎albescent (adj.)‏
القرآن الكريم 0 | إلى البياض
خلوة ‏ مضجع - فجوة  ‎alcove (m)‏ | الأمهق ‏ شخص أيض 0 )( ‎albino‏
فى جدار البشرة والشعير
شيخ البلد ‏ عمدة - ‎alas! Wiry | alderman‏
حاكم إقليم ‎album (n.)‏
نشيط - ستبقظ ة) 208 | البوم ‏ مجلد ‏ كاب لحفظ الصرير ار الطابع
إنذار بغارة حوية ‎٠‏ ينبة زلال البيض ‎albumen (n.)‏
مستيقظ  ‎onthealert Ol‏ | شيه زلالي ‎albuminoid (adj.)‏
المذيب ‏ المحلل العام 00 ‎alcthest(n)‏ |"	al-shamil-dictionary
40	"تغذية ‎alimentation (n.)‏ | العمى القرائن ‎alexia (n.)‏
نفقة الزوجة المطلقة ‎alimony (n.)‏ | عدم القدرة على القراءة

Algebra (n.) علم الجبر | aliquant(n) عدد وترى‎ 5y
Algerian (n.) أحد أبناء الجزائر  الجزائر | aliquot adj i عدد - i
algia(n.) آلم | alive adj على قيد الحياة  ىمح‎
algoid adj شبيه بالطحلب | Alive The € ) الحى دمن أسماء
algophilia (n.) ‏التلئذ بالألم أر الإيلام | the Alive , the Eternal  مويقلا الحى
‎algophobia (n.) الخرف المرضى من الألم | alkali(nadi) - فلز قلوى  قلوى
alibi (n.) وجود النهم فى غير | alkalify (v.) يجعله قويا
مكان الجريمة | alkaline adf ‏قلرى‎

يجعله قلريًا ‎prove his alibi alkalinize (v.)‏ م1
ريادة القلفونية ‎alkalosis (n.)‏ | يثبت عدم وجوده فى مكان الجريمة

كل جميع ‏ كافة ‎allfadj.adv.n)‏ | عند وقوعها

- جميعا ‏ كل ما يملكه الإنسان أجنبى - غريب . شخص ‎alien adj n.v.)‏
وحذه ‏ متقرفاً ‎alone‏ | أجنبى يحول - ينقل ‏ يعد

كل الوقت ‎along‏ | قابل للتحويل من ‎alienable (adj.)‏
دفعة واحة  ‎__atonce Vi‏ | شخص لآخر

فجأة ‎١ sofa sudden‏ ينقل - ينفى - يطرد ‎alienate (v.)‏
انتهى الأمر 067 __ | نقل الملكية من شخص ‎alienation (n.)‏
حاضر ‏ حنًا ‏ جيد ‎__right‏ | لآخر

على آية حالة ‏ أبن ااه | طبيب أمراض عقلية ‎alienist (n.)‏
الله ‎Allah(n)‏ | شبيه ‏ غائل على ‎alike adj adv.)‏
يخمد ‏ يهدئ ‏ يسكن ‏ يلطف ‎allay (v.)‏ | قدم المساواة

aliment (n.v.) ‏يقيت‎  ءاذغ‎ | 811688000 (n)  ةجح‎  ءاعدا زعم
‎alimental adj ‏غذائى - مغذ | allege (v.) ‏يحتج - يدعى"	al-shamil-dictionary
41	"يربط - يقر ‎alligate (v.)‏ | إخلاص - ولاء ‎allegiance (n.)‏
الزج أو التعديل فى ‎alligation (n.)‏ | بيعة __ ‎apledgeof‏
السحاب ‏ ربط مخلص ‏ صادق الولاء ‎allegiant (adj.)‏
تمساح أمريكا ‎alligator (n.)‏ | مجرى ‎allegoric, ___al(adj.)  -‏
يجانس إستهلالي ‎١ alliterate (v.)‏ استعار

الجناس الإستهلال  ‎alliteration (n.)‏ | يستعمل الاستعارة ‎allegorize (v.)‏
الثوم ‎allium (n.)‏ | استعارة ‏ مجار ‏ قصة رمزية (.0) ‎allegory‏
التعليم ‎All-Knowing, The‏ | الواسع ‎All-Embracing , The‏
«من أسماء الله الحسنى؟ لمن أسماء الله الحستى»

يرزع - يقسم ‏ يجدد ‎allocate (v.)‏ | شديد الحساسية ‏ استهداف ‎allergic (adj.)‏
- إضافة - ‎allocation (n.)‏ | أخصائى علاج أمراض الحساسية ‎allergist‏
حصة  ‎A‏ شديد الحساسية ‏ استهداف )1( ‎allergy‏
العلاوات ‏ المرتبات )( ‎allocations‏ | نفور - حساسية

alleviate (v.) - Sy بلطف | allocution (n.) خطبة - موعظة
عن g A= يخفف | allopathy (n.) الألوباثيا

العلاج بعقار يحدث آثار مغايرة تلطيف ‏ تسكين - ‎alleviation (n.)‏
لتلك التى أحدثها المرض المعالج تخفيف

يصرح - يمح . ‎GGy | allow (v)‏ - عطفة ‏ عشى بين الأشجار ‎alley (n.)‏
مسمر ب ‎allowable (adj.)‏ | أول آيري «نسيان؟ - ‎All-Fools' Day‏
سماح - ]03 راتب  ‎allowance (n.)‏ | كذية إبريل

علارات بدل ‎allowances (n.)‏ | التسميع ‎All-Hearing , The‏
مسمر به مباح ‎allowed (ad).)‏ | آمن أسماء الله الحسنى؟

معدن رخيص - يزين ‎alliance (1)  ةرهاصم  ةدهاعم  داحتا | alloy (n.v.)‏
عيد القديسين  ‎Day (n)‏ واهته5 لله | حلف بين الدول

allied adj  رهاصم‎  فيلح‎  داعم أول نوفمبر"	al-shamil-dictionary
42	"تصدق ‏ إحسان ‏ )1( ‎almsgiving‏ | يذور الكتان ‎allseed (n.)‏
بيت الإحسان ‏ ملجأ ‎almshouse(n)‏ | عيد الموتى انرفمبر (-8) ‎All Souls’ Day‏
شجر ار خشب الصندل ‎١ almug(n) L‏ فلفل خلر ‎allspice (n.)‏
صندل يلمح إلى - ينوه ‎allude (v.)‏
صبار ‎Aloes(n) it‏ | يغرى ‏ يفن ‎allure (v.)‏
مرتفعا ‏ عاليا - فرق ‎allurement (n.)  ةنت  ءارغإ  ءارغإ | aloft (adv.)‏
اجهار قياس حساسية  ‎alogmeter(n)‏ | - فاتن ‎alluring (adj.)‏
‎allusion (1)  ةراشإ  ةيروت  حيملت PO‏
وحدة ‏ بمفرده ‎lone(adv.adi)  -‏ | تلبيحى ‎allusive (adj.)‏
منفردا - فقط أسهل رسوب - ‎alluvion (n.)‏
وحدة ‏ تفرد ‎aloneness (n.)‏ | طمى - غرين } ‎alluvium (n.)‏
على طول - فى ‎along (prep.adv)‏ | الحكيم ‎All- Wise , The‏
موازاة ‏ إلى الأمام ‏ بجانب «من أسماء الله الحسنى؟
يسبب - مشبب عن ‎__of‏ | دولة حليفة ‏ تصير ‎ally (n.v.)‏
هيا بنا ‎come‏ | يصاهر ‏ يعهد
بمعزل عن - بعيد ‎aloof (adv.)‏ | مرضعة ‏ مربية ‎alma (n.)‏
تباعد ‏ ابتعاد - تفرد (8) 810000658 | تقويم ‏ نتيجة ‎almanac (n.)‏
صلم داء الثعلب ‎alopecia (n.)‏ | الله الله جل لإله - ‎Almighty , The‏
بصوت عال ‎aloud (adv.)‏ | الله عز رجل
جهارا ___ ‎toread‏ | لوز ‎almond (n.)‏
جبل عال ‏ جبال الألب (.8) ‎Alp. Alps‏ | اللوزتين ‏ لوزتا ‎almonds (n.) G4‏
نوع من ‎alpaca (n.) - r""""i‏ | وكيل للتوزيع الصدقات  ‎almoner (n.)‏
صرف الالباكا مأوى الفقراء - نكية ‎almonry (n.)‏
الألف إرهو أول ‎almost adv QU  اًيرقت | Alpha(n) Gy‏
الهجاء اليونانية إحسان ركأة ‏ صدقة ‏ حنة ‎alms (n.)‏"	al-shamil-dictionary
43	"alpha and omega altercate (v.) يتشاجر - يتصارع
البداية النهاية - الأول الآخر | altercation (n.) مشاجرة  ماصخ‎
alphabet (n.)  ىدجبأ‎  ءاجهلا‎ Gy~ | alternate (v.adjn.)
alphabetic , al adj ‏ينارب تعاقب  متقارب  متعاقب - البديل
مرتب حسب الأبجدية | alternating ‏متنارب . ز0ة)‎  بقاعتم‎
alphabetically adv alternating current تيار متردد
. بحب ترتيب حروف الهجاء | alternation (n.) تناوب  بقاعت‎
alphabetize (v.) يرتب أبجديا | alternative adj

اختيار بين أمرين ‏ خيار مرتفع عال ‏ شاهق ‏ جبلى -
بالتتابع ‏ التبديل ‎altematively (adv.)‏ | الالبينى ‎Alpine (adj.n.)‏
مع أن - برغم أن ‎although (conj)‏ | نبانات جبلية ‎Alpine plants‏
مقياس الارتفاع - الألتيمتر ‎Alpinism (n.) altimeter (n.)‏
قياسات الارتفاعات ‎altimetry (n.)‏ | تسل الألب او أى جبل شاهق

Alpinist (n.) altitude (n.) علو إرتفاع

لزفة ‎alto‏ | متلق الألب ار على جبل شاهق

already adv قبل الآن  آلان - Gl سأم اللثر فى الموسيقى والغناء  عفنرم‎  لاع
also adv كذلك - Cal | altogether adv G - Cu  اًعيمج‎
altar (1) مذبح الكنيسة  هيكل  بالرحم | altruism (n) الإيثار  ريغا o  وراثيا
alter (v.) يدل - | altruist(ad) - بحب للخير  ىريخ‎
alterable adj ‏متبدل_ متغير  قابل للتغير | aliristic adj مؤثر منصف بالآثار ا‎

مبدل - مغير - متردد ‎alterant (an.adj.)‏

alteration (n.) تبديل  رييغت‎ | alum (n) حجر الشب  شبه
تبديل  فالتخا‎ ١ aluminium () معدن الألومنيوم

the alteration of the night aluminous adj ألومنيوم شبى‎

اختلاف أليل والنهار ‎andthe day‏"	al-shamil-dictionary
44	"alumni (n.) تلاميذ  ةذمالت‎ | ambidextrous adj
alumnus خريج مدرسة أر كليةل.ة)‎  ذيملت‎ S أضبط - أدر على أستعمال
alveolate adj يديه بسهولة مسمارية - لبق - منافق اذو لقوب - مخرم
alvine adj ambient adj محيط ب . شامل  فتتكم‎
‏بطنى - معدى - مختص ألأمعاء | ambiguity )8.( 0 التباس  ضرمغ‎
always Adv Goths | ambiguous adj يهم  ضماغ‎
A.m ante meridiem قبل الظهر | rire عنان مبهم
am(v.) أكون | ambition (n.)
amass (v.) حب الشهوة المرفعة يجمع - يكوم - يكدس  حرمط‎
amassment (n.) جمع - تكوم | ambitious adj
amateur (n.adj.) محب للشهوة المرفعة - طموح
الهوى أضد المحترف هار | ambivalent adj
maldive لقم S - الشخص الذي تصارع فى داخله محب - مغرم
amativeness (n.) مشاعر الحب الكراهية تحر
شخص ما الميل للحب أو الشهوة الجنسية
amatory adj غرام - عشقى‎ amblyopia (n.)  رمبلا فقد أر إظلام
amaxophobia (n.) ‏العى الخلق
الخرف المرضى من العربات | ambulance (n.) إسعاف  ةلاقث‎
amaze (v.) ‏يدهش - يحبر‎ | ambulation (n) تنقل - دوران - سير
amazement (n.) حيرة  ةشهد‎ | ambulatory adj جوال - متنقل
amazing adj مدهش - محير ambuscade (v.n.)
amazon (1)  نوزامأ‎  ةلجرتسم ما أمرأة  نيمك‎  ئبتخي‎  نمكي‎
ambassador (n. رسول  ريفس‎ | 8000050 (n.) مخبأ  نيمك‎
ambassadress (1) زوجة سفير  ةريغس‎ | 8Mebiasis (n.) أميا
‎amber (adj.n.) كهرمان  ىنامرهك‎ | amenia adv حقا  نيمآ‎"	al-shamil-dictionary
45	"غير متظم الشكل ‎amorphous (adj)‏ | يزمن ار يصدق على 0 ‎tosay‏
يمكن استهلاكه  ‎(adj)‏ 80000128018 | يصلح - بقوم ‏ يعدل - ينقح ‎amend (v.)‏
استهلاك الدين أر 1 ‎amendment (n.) amortization (n.)‏
الأسهم ‏ استهلاك 7 )( ‎amortizement‏ | إصلاح - تعديل - تنفيح - تعديل
يستهلك - بعطل ‎amortize (v.)‏ | تعويض - مكافأة ‎amends (n.)‏
‎amount , to (v.n)‏ | يقدم تعويضا ‎to make __(v.)‏
يلغ - يارى  ‎American nad - SV - s - Dol‏
مجموع - قيمة أنس - لطف ‎amiability (n.)‏
غرام ‏ عشق ‎amour (n.)‏ | أنيس لطيف ‎amisble (adj.)‏
عزة النفس - شهامة ‎amour propre (n.)‏ | بلطف بظرف ‎amiably (adj.)‏
‎ampere (n)‏ | حى - ردى ‎amicable (adj.)‏
] التبارز بالكهربا بين - فى وسط ‎amid (prep.)‏
‎amidships adv ampersand (n.)‏
الواية تستعمل بدل حرف العطف (80) | وسط المركب بالنسبة طولها وعرضها؟
‎amiss adv adj amphibia (n.adj.)‏
الرماث - طارة برمائي - برمائى غير ‎Y‏ خطأ ‏ بغير ‏ بطريقة خاطئة
‎amphibian (n.adj.)‏ | محبة ‏ مودة ‎amity (n.)‏
حيران برمائى - برمائى غاز النشادر ‎ammonia (n.)‏
برماثى ‎amphibious (adj.)‏ | ذخيرة الجيش ‎ammunition (n.)‏
‎amplification (n.)‏ | فقدان الذاكرة ‏ نيان ‎amnesia (n.)‏
توسيع - تكبير - إسهاب عفو عام - يصفح ‎amnesty (n.v.)‏
المكبر ‏ مضخم الصوت ‎among-st prep amplifier (n.)‏
يكبر ‏ يضخم ‏ يهب («) ‎amplify‏ | فيما بين فى رسط - ضمن
اتساع - سعة - وفرة  ‎amplitude (n.)‏ | مغرم ‏ عاشق ‏ غرام ‎amorous (adj.)‏
بسخاء ‏ بعة - بوفرة  ‎amply (adv.)‏ | عشق ‏ تحاب ‎amorousness (n.)‏"	al-shamil-dictionary
46	"ampul (n.) إمبولس - أمبولة | anaerobia (n.)
ampulla (n.) كائنات حية تعيش بمعزل عن الهواء قارورة
amputate (v.) يقطع عضر يتر - يقلم‎ | anaesthesia () فقد الإحساس  ريدخت‎
amputation (n.) قطع - بتر - تقليم anaesthetic adj مخدر
‎amuck adv adj local __ مخدر موضع
هائج الجنون  عافدناب‎  روهتب‎  نونجب‎ | anaesthetize (v.) ‏يخدر الجسم
amulet (n.) ‏حرز - ميمة‎  باجح‎ | anagicctasia (n.) تمدد الأربعاء الدموى
amuse (v.) ‏يلى - يلهى‎ | anagram(n.) جناس لفظى‎
amusement (n.) لهو  ةيلست‎ | monal  جرشلا‎  تمإلاب مختص  ىتسإ‎
__park(n) حديقة الملهى | analgetic adj
amusing (n.) P يتضمن منتخبات أر مقتطفات أدبية
amygdalate adj ‏لوزى - _. باللرز‎ | analects(n,)
amylolysis تحول النشا إلى سكر Lol مجموعة منتخبات أر مقتطفات
an آداة تتكير تسبق الالفاظ المبدوءة‎ | analeptic )80(.0.( منعش - مقو - دواء مقو
بحرف متحرك | analgesia(n)  ملألاب عدم الإحساس
anabasis (n.) analgesic (adj.n) (5 سكن متقد
‏رحف عسكر  حملة عسكرية | analog computer (n.)
anabiosis (n.)  ةقافإ‎  ةايحلا الحاسبات الإلكترونية التحليل عودة إلى
anachronism (n.) analogous . to adj
- ممال - مضاه أخطاء فى تسلسل تواريخ الحوادث  هباشم‎
خطأ فى التطابق التأريخ | analogy )8.( مائلة - مضهاة  ةهباشم‎
anaconda (n.) حية كبيرة من فصيلة البواء | analyse(v.) . يعرب - يحلل يلخص‎
anaemia (n.) sl فقر دم | analysis (n.) تحليل - تلخيص  بارع
anaemic adj فقر الدم | analyst (n)
معرب - محلل - المحلل المنفى"	al-shamil-dictionary
47	"analytic  al adj ‏تتصيلى‎  ىليلحت‎ | androgen adj منشط للذكور‎
_ مدخل تحليل آه | androgynous adj
analytics (n.) له صفات الذكر الأنثى علم الإعراب  علم التحليل  ىثنخ‎
analyze (v.) يحلل يعرب | andromia (n.)
ananas , see pineapple (n.)  ساناتأ الشبق الجن نحو الذكور
anaphrodisia (n.) &kl أنعدام الرغبة | andropathy (n.) أى مرض يصيب الذكور
anaphrodisiac (adj.n.) androphobia (1)

الخوف المرضى لدى الهناء من الرجال منقص لر مقلل لرغبة الجنسية - دواء مقلل

هوس القتل ‎androphomania (n.)‏ | للرغية الجنسية

قريب من قرب عند ‎anear (prep)‏ | الفرضرى ‎anarchist (n.adj.)‏
حكاية ‏ قصة ‏ نادرة | ‎amecdote (n)‏ | فوضى ‎anarchy (n.)‏
أنيميا فقر الدم ‎anemia(n.)‏ | لعنة ‎anathema (n.)‏
علم الرياح ‎anemology (n.)‏ | يلعن ربحرم من الكنيسة ‎anathematize (v.)‏
‎anemometer (n.)‏ | علم التشريح ‎anatomy (n.)‏
مقياس سرعة الرياح اتجاهها جد ‎el‏ سلف ‎ancestor (n.)‏
‎anemone (n.)‏ | هلب يرسى السيئة 0 ‎anchor (v.n)‏
شقائق النعمان - زهرة الريح مرسى - ملاذ آمن ‎anchorage (n.)‏
أخصائى تخدير ‎anchoret (n.) anesthesiologist (n:)‏
من جديد ‏ مرة ثانية 0 ‎(adv.)‏ 208 | زاهد - مستعبد ‏ ناسك } ‎anchorite‏
‎S‏ امرأة كالملاك جمالا )( ‎angel‏ | أنشوجا ‏ سمك صغير ‏ (.8) ‎anchovy‏
‎S‏ - مأوى ‎angelic, al(adj)‏ | قديم ‎ancient (adj.)‏
جرس التبشير  ‎s‏ التبشير )1( ‎angelus‏ | قدم - ‎ancientness (n.) G‏
غيظ - غضب - يغضب  ‎anger (nv.)‏ | حالة الأنكلستوما ‎ancylostomiasis‏
‏كاظم الغيظ ‎restrainer‏ | د . وار العطف ‎and (conj.)‏
مرض الخانوق ‏ الخناق  ‎angina(nv)‏ | طب الرجال ‎andriatrics (n.)‏"	al-shamil-dictionary
48	"كرب عذاب () ‎anguish‏ | ررم ‎il‏ بالأوعية ‎angiofibroma (n.) i‏
ذو زوايا ‎angiograph (n.) angular (adj.)‏
فقدان وظائف الكبد ‏ (.8) 2080888 | جهاز فحص الاوعية الدموية
حيوان - شهوانى ‎angiography (n.) animal (n.adj.)‏
موقوذة 06000 8 | الكشف على الآرية الدموية بأشعة ‎X‏
نطحة __ ‎afossed‏ | علم الاوعية الدموية واللبمقاوية ‎angiology (n.)‏
حيوانية ‏ بهيمية ‎animalism (n.)‏ | ضيق الشعرات الدموية ).( ‎angiostenosis‏
‎animate (v.n.)‏ | زاوية ‏ صتارة ‏ يصطاد بالصنارة ‎angle (v.n.)‏
يحى ‏ ينعش ‏ بنشط - حى ‏ متحرك - فر حياة زاوية حادة ‎acute angle‏
أحياء ‏ إنعاش ‏ الرسوم المتحركة )1( ‎animation‏ | زاوية خارجية ‎exterior angle‏
يانسون ‎anise (n.)‏ | زاوية داخلية ‎interior angle‏
‎anisocytosis (n.) .‏ | زاوية متفرج ‎obtuse angle‏
اختلاف حجم كرات الدم الحمراء زاوية قائمة ‎right angle‏
‎ankle )(‏ | زاوية مشممة ‎supplement angle‏
الكاحل المفصل بين الساق والقدم رسغ القدم بادئة معناها ‎Anglo_ 16D‏
خلخال ‏ سوار القدم ‎A __ American Code anklet (n.)‏
‎ankylosis (n.)‏ | قواعد الفهرسة الانجلو ‏ أمريكية
تيس المفاصل . تصلب المفاصل يجعله إنجليزى ‎Anglicize (v.)‏
رادى - مؤرخ ‎annalist (n.)‏ | الصد بالصنارة ‎angling (n.)‏
عبد سنوى - سنوى ‎anniversary (0.2dj.)‏ | الحب الجارف نحو الإنجليز ‎Anglomania (n.)‏
‎Anno Domini (A.D.) (n.)‏ | محاكاة سلركهم
السنة الميلاد - بعد الميلاد ‎Anglophobia (n.)‏
بشرح - يفسر ‎annotate (v.)‏ | كراهية أو رهبة إنجلترا وتقاليده
شرح - تفسير - ما يذكر فى 800018008 | بغيظ - بعض ‎angrily (adv.)‏
حاشية الكتاب ‏ حاشية غضبان من ‎at with (adj.)‏ ,8088"	al-shamil-dictionary
49	"منظار الشر ‎anoscope (n.)‏ | تعليقات - حاشية ‎annotation‏
فقد حاسة الشم ‎anosmia (n.)‏ | يخبر - يعلن - يذيع ‎announce (v.)‏
‎announcement (n.) &M  رابخإ | another (adj.pron.)‏
آخر ‏ غيره خلفه ‏ ان يضايق ‎annoy (v.)‏
نقص الأكسجين بالسم  ‎AOKi (M)‏ | مضايقة - غم ‎annoyance (n.)‏
جواب - رد - يجيب ‎answer(nv)‏ | مضايق عمل ‎annoying (adj.)‏
قابل للاستجابة ‎answerable (adj.)‏ | سنوى - حوالى ‎annual (adj.)‏
ثملة ‎ant(n)‏ | تقرير ‎Sy‏ 1 -
‎antacid (adjin.)‏ | عرض ‎Sy‏ 1# _-_
مضاد للحموضة ‏ مزيل للحمرة سنوي ‎annvally (adj.)‏
خصومة ‏ عداء ‎antagonism (n.)‏ | صاحب ‎S‏ أو مرتب سنوى ‎annuitant (n.)‏
خصم ‏ عدر ‎antagonist (n.)‏ | معاش - راتب سنوى ‎annuity (n.)‏
يخاصم - يعاد ‎antagonize (v.)‏ | يلفى ‏ يطل - ينقض ‎annual (v.)‏
متعلق بالقطب الجنوب ‎annular adj antarctic (adj.)‏
القارة القطبية الجنوبية (.8) ‎Antarctica‏ | حلقى ‏ مستدبر على شكل حلفة - كمكى
‎ante, anti‏ | إلغاء - إيطالي - نتقض  ‎annuiment (n.)‏
د مضاد ‏ مقابل قبل - سابق ل - يشر يذيع الشرى ‎annunciate (v.)‏
قبل ألاكل ‎o5, | amtecibum (adj.)‏ أعلام ‏ آيلا ‎annunciation (n.v.)‏
يسلف  ‎antecede(v.)  مدقي - Gy‏ | عبد الشارة «عيد التصارىة  ‎—Day‏
‏سالفية ‏ سلفة - أسبقية ‎antecedence (n.)‏ | ملطف - منوم ‎anodyne (adj.)‏
0.زهة ‎antecedent‏ | سح بالزيت - يدهن بالزيت ‎anoint (v.)‏
سالف ‏ متقدم ‏ سابق ‏ المتقدم مدهون - ‎gyt‏ بالزيت ‎anointed (adj.)‏
قبل الجماع ‎antecoitus (n.)‏ | مجهول ‎anonymous adj  al3l!‏
يؤرخ بتاريخ سابق للتحقيق ‎(v.)‏ 80160816 | فقد الشهية ‎anorexia (n.)‏
بتاريخ سابق ‎antedated (adj.)‏ | فقدان الشهية العصب ‎__nervosa‏"	al-shamil-dictionary
50	"|
ملين ‎aperient (adj.)‏ | قبل الظهر 1 ‎antemeridian (a.m.)‏
فتحة ‏ نافذة  ‎Gl‏ - كوة )1( ‎ante-meridiem (a.m.) aperture‏
ذروة ‏ قمة - رأس ‎apex(n.)‏ | قبل الولادة ‎antenatal‏
‎aphasy (n.)‏ | سابق ‏ متقدم ‎anterior (adj.)‏
تعذر الكلام - فقدان قوة النطق أسبقية - أقدمية ‎anteriority (n.)‏
فقدان المصرات ‎aphony (n.)‏ فر ,& انتظار ‎anteroom (n.)‏
مثل ‏ حكمة ‎١ aphorism (n.)‏ ضد الديدان ‎anthelmintic (adj.n.)‏
‎aphrodisia (n.)‏ | نشيد فومى ‏ نشيد ‏ سلام ‏ نسيحة ‎anthem (n.)‏
الشبق الجنس شراهة الجماع مجموعة أشعار أو زهور )1( ‎anthology‏
خلية نحل ‎anthrophobia (n.) apiary (n.)‏
لكل واحد ‎apiece (adv.)‏ | الخرف المرضى من المجتمعات
‎anthropology (n.) apologize , to a person for (v.)‏
يعتذر - يمح الأنثروبولوجيا «علم الأنسان
اعتذار ‎apology (n.)‏ | قد ‎anti Jalas‏
‎apostasy ).(‏ | عد الحساسية  ‎antiallergic (adjn)‏
مروق ‏ ارتداد «عن الدين أو المبدأ ردة فد الأنيميا ‎antianemic (adj.n.)‏
ارتداد عن الدين 000026118600 _ | مضاد حيرى زقة ‎antibiotic‏
يرتد ‏ يكفر - يجحد . ‎apostatize (v.)‏ | التمسيخ الدجال ‎antichrist (n.)‏
‎apostrophe (n.)‏ | ينوقم ‏ ينتظر ‎anticipate (v.)‏
علامة حذف أو اختصار ‏ الفاصلة العلوية توقع ‏ انتظار ‎anticipation (n.)‏
مثل - قول مأثور - حكمة ‎apothegm‏ | مانم للحمل  ‎anticonceptive (adjn.)‏
‎antidiabetic (adj.n.) Adams apophthegm }‏
رسول - زائد ‎apostle (n.)‏ | عد الأميال  ‎antidiarrhoeal (adj.n.)‏
تأليه ‏ الرقع الدرجة الآلهة )1( ‎apotheosis‏ | مضاد ‎antidotal adj U‏
‎i -‏ إلي رت الآلهية )1( ‎apotheosize‏ | قرد ‏ نسناس ‏ يقلد - يحاكى ‎ape (V)‏"	al-shamil-dictionary
51	"ذيل ‏ ملحق - زائدة دودية ‎appendix (n)‏ | يفزع - برعب ‏ يذهل ‎appall (v.)‏
التهاب الزائدة الدردورية ‎verminous appendix‏ | مفزع - مرعب ‎appalling (adj.)‏
الشهية ‎appetite, for (n.)‏ | آلة - جهار ‎apparatus (n.)‏
الفاتح للشهية 7 | يكسو يجهز _ كساء لباس ‎apparel (v.n.)‏
يصفق - تصفيق - مدح ‎applaud (Vn)‏ | ظاهر - واضح ‏ بين ‎10(adj)‏ , 20037601
تفاحة ‎apparently adv  حروب  روهظي | apPle(n)‏
قرة عينى - مقلة ‎appleofmyeye s‏ | شبح - خيال - مظهر ‏ ).1( ‎apparition‏
تفاحة آدم ‏ عقدة الحنجرة ‎appeal (v.n.) Adam’s Apple‏
عدة - استعمال ‏ أداة  ‎Gy, | appliance (n)‏ يستشهد ب - بعجب - ناشد -
مناسب موافق . ملام (04) ‎applicable‏ | التجاهل ‏ استشهاد - إستناف ‏ استغاثة
طالب مقدم الطلب  ‎applicant (n)‏ | يظهر - يبدو ‎appear (v.)‏
‎application (n.)‏ | ظهور - هيئة ‎appearance (n.)‏
طلب ‏ التماس - استعمال - تطبيق يكن يخمد ‏ يطفئ  ‎appease (v.)‏
ملف الطلبات ‎_file‏ | تكين ‏ إخماد (.7) ‎appeasement‏
البرامج التطبيقي ‎packages‏ _ | ستاف القفزية ‏ طالب )= ‎appellant (n.)‏
‎appellate ads apply 1o (v.)‏
براظب على يقدم طلب - ينطب على يستعمل إستناف ‏ مختص محاكم ‎Y‏
يمين - يوظف ‎appoint,to(v.)‏ | تمية ‏ لقب كنية  ‎appellation (n.)‏
معين موظف ‎appointed (adj.)‏ | المستأنف ضده ‎appeilee (n.)‏
‎appellor (n.) appointment (n.)‏
تعيين . منصب . راتب . ماهية طالب الإستنكاف ‏ مستائف الدعوى
يقسم - يوزع ‎apportion (v.)‏ | يضيف - يلحق - يذيل ‎append (v.)‏
تقسيم - تخصيص ‎appendectomy (1.) apportionment‏
يسعر - يثمن ‏ بمدح 0 52ة800 | أستئصال الزائدة الدودية
تسعير - تقدير الثمن (.8) ‎appraisement‏ | التهاب الزائدة الدودية ‏ )1( ‎appendicitis‏"	al-shamil-dictionary
52	"نسخة رهن الموافقة ‎٠‏ «د» ‏ | ممكن تقديرية إدراكه ‎apprecible (adj.)‏
يستحي - يوافق ‎approve, of (v.}‏ | يقدر قيمة الشىء يستحسن ‎appreciate (v.)‏
مستحسن ‏ مصادق عليه ‎appreciation (.) approved (adj.)‏
‎approximate adj A‏ | معرفة قيمة الشىء ‏ تقدير ‏ إعجاب
‎approximately adv [‏ | شاكر ‏ قدر الشىء حنى قدره ‎appreciative (adj.)‏
تقريب - اقتراب  ‎apprehend (v.) approximation (n.)‏
شيش ‎(n.)‏ 20001 | يعتقل - يقبض على - يعى ‏ يدرك
شهر إبريل - نيسان ‎April (n)‏ | مكن نهمه ‎apprehensible (adj.)‏
ضحية كذبة إبريل ‎o | __Fool‏ إدراك ‏ اعتقال ‎apprehension (n.)‏
مريلة ‎apprentice (n.v.) apron (n.}‏
عرضة ل كفو مناسب )20 | تلميذ فى صناعة نحت التمرين - يمهن
الخوف المرضى من الما (.8) 80020050513 | مدة التمرين ‏ تلميذة ).( ‎apprenticeship‏
حوض لتربية الأسماك عرضها (8) ‎aquarium‏ | يقترب . اقتراب . مدخل (.7.8) ‎approach‏
برج الدلو فلك ‎approachable adj Aquarius (n.)‏
‎U‏ ألعاب رياضية مائية ‎(adjn)‏ ©0088 | سهل الاقتراب ‏ إليه ‏ يمكن بلوغه
إعراب - بدوى . العرب  ‎approbation (n.)  ءاضر  ناسحتسا | Arab (adin)‏
‎appropriate (adj.v.) arabesque (n.adj.)‏
فن الزخرفة العرب . أراسكى ملائم . مناسب يتملك . يستولى على
بلاد العرب جزيرة العرب (.0) 838018 | بوضع اليد
عربى . العرب ‎Arabian (adjin.)‏ | يقتطع ‎___aright G‏
عربى . اللغة العربية  ‎Arabic(adin)‏ | بنوع مناسب لياقة ‎appropriately (adv.)‏
احكم . وسيط . قاضى ‎appropriation (n.) arbiter )0.( j g‏
جائر عرفى . استبداد ‎arbitrary (adj)‏ | التملك بوضع اليد - تخصيص
حاكم عرفي ‎arbitrate (v.) by‏ | واضع اليد على العقار ‎appropriator (n.)‏
كثير الأشجار ‎arboreous (adj.)‏ | استحسان ‏ موافقة ‎approval (n.)‏"	al-shamil-dictionary
53	"مساحة للألعاب الرياضية  ‎arena(n)‏ | التشجيرية ‎arborization (n.)‏
الهالة للحبطة حلمة التدى.هالة (.8) 886018 | مظلة تعريشة تكعيية ‎arbour (n.)‏
فضة . فضى ‎argent (nadj)‏ | بأية براك ‎arcade (n.)‏
غاز الأرجون ‎argon‏ | قوس . قنطرة ‎arch (n.)‏
‎LG‏ للجدل المناقشة ‎arguable (adj)‏ | جريل ‎Archange) Gabriel W&‏
يناظر . يجادل حاور ‎argue(v)‏ | رئيس ‎archbishop (n.) WL‏
مناظرة مجادلة . جدل جدال ‎argument (n.)‏ | علم الآثار القديمة ‎archeology (n.)‏
يجادل ‎_with gl‏ 08 10/0006 | طنبور ‎archimedian screw‏
محاجة جدل مناظرة (.8) ‎argumentation‏ | مهندس تعمارى ‎architect (n.)‏
حجج البراهين ‎architecture (n.) arguments (n.)‏
جاف مجدب 1 ‎arid (adj)‏ | فن المعماري هندسة العمارة
جفاف جدب قيظ ‎aridity (n.)‏ | الهندسة المعماري

‎aridness (n.) )‏ | المبنى والتجهيزات ‎__and equipment‏
برج الحمل إفى الفلك  ‎Aries(n.)‏ | سجلات دار الوثائق 0 ‎archives (n)‏
باعتدال . باستقامة . بالضبط ‎aright (adv.)‏ | أمين محفوظات ‎archivist (n.)‏
يقوم يصلح ‎arctic adj ser__‏
يستيفظ . ينهض . ينفع . يظهر . ينشأ )( 512 | ذو علفة بالقطب الشمال شمال
طبقة العيان أر الأشراف ‎aristocracy (n.)‏ | المنطقة المتجمدة الشمالية ‎Circle (n.)‏ —
من اليابان . أرستقراطي ‎aristocratic (adf.)‏ | غيور . تحمس ‎ardent (adj.)‏
علم السحاب ‎arithmetic (n.)‏ | بغيرة بحماسة ‎ardently (adv.)‏
المتوالية الحسابية أو العددية ‎progression‏ | غيرة حماسة حمية ‎ardour (n.)‏
مقياس حساب ‎scale‏ _ | معب ساق . عسر الصعود ‎arduous (ad).)‏
حساب ‎arithmetical (adj.)‏ | يكونون ‎are (v.)‏

‎| area (n.) (gl ساحة | arithmetician (n.)

معلم حساب الخير فى السحاب ساحى ‎areal (adj.)‏"	al-shamil-dictionary
54	"متكبر ‎s‏ . متغطرس (/24) 20008801 | فلك سفينة عظيمة تابوت ‎ark(n)‏
يكبر . يتطاول على ‎amogate(v.)‏ | ذراع سلاح تسلح يجهز ‏ (0.7) 200
متطاول اعتداء ‎armrogation (n.)‏ | كرسى مساند فرقى ‎armchair (n.)‏
مهم ‎amow(n)‏ | سلح ‎armed (adj.)‏
‎e‏ در شرج ‎arse(n)‏ | القوات المسلحة ‎_forees (n.)‏
زرنيخ ‎arsenic(n)‏ | هدلة حربية ‎armistice (n.)‏
حريق جنائى ‎(n.)‏ 50 | أعزا ل. بدون سلاح ‎armless (adj.)‏
صناعة . فن . مهارة (.0) ‎At‏ | درع سلاح . دريع يدرع يلح ‎armour (n.v.)‏
الفنون الجميلة ‎fine arts‏ | ترسانة . مستودع أسلحة إبط ‎(n.)‏ 2010017
شريان ‎arterial (adj.)‏ | إبط ‎armpit (n.)‏
جهار نحص الشرايين ‎arteriograph (adj.)‏ | قتال حرب ‎arms (n.)‏
شريان ‎anery(n)‏ | جيش ‎army (n.)‏
نصلب الشرايين  ‎anteriosclerosis (n.)‏ | رائحة عطري ‎aroma (n.)‏
مريض بتصلب الشرايين ‎patient‏ | بعطر.يطيب ‎aromatize (v.)‏
تقلص الشرايين ‎areriospasm (n.)‏ | عطرى معطر ‎aromatic (adj.)‏
التهاب الشرايين ‎By | neuritis (n.)‏ . يصحى . بحرك يهيج ).1( ‎arouse‏
إرتوازي ‎antesian (adj)‏ | يرتب.ينظم ‎arrange (v.)‏
بثر ارتوازىق ‎_well(n)‏ | تريب . تنظيم ‎amangement (n.) &y‏
ألم عصبى المفصل ‎_arthralgia (n)‏ | يضبط . يقبض على ‎arrest (v.)‏
أستئصال المفصل ‎_arthrectomy(n)‏ | مضبوط مقبوض عليه ‎(adj)‏ 2765160
مكار . خيث ‎antful (adj.)‏ | رصول مقدم ‎amrival (n.)‏
داء النقرس . التهاب المفاصل )( ‎arthritis‏ | يصل بلغ ‎in (n.)‏ د , ‎artive‏
أى مرض بصيب المفاصل ‎arthropathy (n)‏ | وصول إنتهازي ‎arriviste (adj.)‏
خرشوف ‎arrogance (n.) artichoke (n.)‏

arrogancy (n.) b  ةرجع ‏كربا‎"	al-shamil-dictionary
55	"الإصابة ديدان الإسكار )1( ‎article (n.v.) ascariasis‏
يصعد يرقى ‎(v.)‏ 88800 | صنف . نوع . مادة مقالة بند شرط
يعرج إلى السماء 08 | يقيد بشرط
صعود.رقى ‎ascendance (n.)‏ | أداة التعريف - ‎definite‏
‎ascendant (n.adj.)‏ | التوتير - ‎indefinite‏
سلف . جد . عال صاعد . سائد متصل ‎articular (adj.)‏
معود ‎articulate (v.adj.) ascension (n.)‏
الميراج ‎Ascension 10 the seven heaven‏ | يوضح بين يلفظ . يلفظ ذر مفاصل
صعود طلوع معراج ‎(n.)‏ 2501 | عقدة مفصل . نطق . لفظ ‎articulation (n.)‏
يؤكد . يثبت . يتأكسد ‎ascertain (v.)‏ | يلفظ بالبنية ‎articulate the intention‏
تأكيد . إثبات ‎(n.)‏ 2806013000601 | عقدة مفصل . نطق . لفظ ‎articulation (n.)‏
اسك . مستعبد . متقشف . زاهد ‎(n.)‏ 2568118 | حيلة تدليس . تلفيق . إستنباط ‎artifice (n.)‏
تنسك تعبد تقشف . الزهد ‎asceticism (n.)‏ | صانع ماهر مستنبط ‎artificer (n.)‏
ينسب إلى . يعزو . يرجم ‎ascribe, 0 (v)‏ | صناع اصطاعى 0 ‎arificial (adj)‏
عدم الشرك ,& ‎apparatus 700 001016710 Allah‏ 1650113101
رماد خشب شجر الدردار (.) 280 | جهاز التنفس الصناعي
يشعر بالخزى من )( ‎ashamed, of‏ | عسكر المدفع . مدقمى  ‎adillerist (n)‏
رماد منى خشب الدردار ‎ashen (adi)‏ | مدفعية ‎artillery (n.)‏
رماد رفات ‎ashes (n.)‏ | صاحب صنعة . حرنى . مبكانيكى ‎artisan (n.)‏
على ‎ashore (adv.ad).) Ll‏ | مصور . متين . معلم صناعة فنان ‎artist (n.)‏
رماد شاحب ‎ashy (adj)‏ | ساذج . بسيط غير بارغ ‎artless (adj.)‏
آسيا الصغرى ‎Asia Minor (n.)‏ | سذاجة بساطة عدم تصنع ‎artlessness (n.)‏
‎as (pep.conj.adv.pron.) aside (adj.)‏
على جنب على حدة على انفراد مثل . شبه بيما مثلما إلى درجة مقرية
يلد . مثل الحمار ‎asinine (adj)‏ | الأسبستوس . مادة لا تحرق  ‎asbestos (n.)‏"	al-shamil-dictionary
56	"ask(v.) ‏يأل‎ | assign(v.)
ask about يتخلى عن منصب بخصص يستفسر عن
— after ‏يغين . يحدد يستخبر عن صحة
__for يطلب | assignment (n.) تفويض . توكيل . تنارل‎
asleep (adj.adv.) ‏ثالم . راقد.ثائمًا‎ | assistin(v.)  dedeOglar.deley
aslope (adj.adv.) مائل ميل | assistance (n.) المساعدة المعونة
asp (n.) ‏أفعى.ثعبان سأم | assistant (n.adj.)
aspect (n.) هيئة e المساعد المعايرون معاون معين
asperity (n.) خشونة صعوية‎ | - lecture مدرس ساعد
asphalt e(n.v.) أسفلت بزفت‎ | associable adj محب للاشارة أليف
asphyxia (n.) ‏اختثاق‎ | associate with vadjn
aspiration (n.) يشارك . يصادق . بشرك . يقرن طموح . تطلع
aspire (v.) مرافق . شريك يبتغى . يمنى . يطمح
aspirin (n.) الأسبرين | association (n.)
ass (n.) إتحاد . شركة . جمعية . هيئة . رابطة . حمار جحش
25535510216 (V.) اقتران صلة يفتل بشوه سمعة شخص
assassination (.) إغتيال قثل‎ | associative adj  ىكراشت‎ . ترابط
‎assembly () jijs إجتماع جمعية تشريعية | __memories الذاكرة التشجيعية
assent(v.) يوافق على يصدق على | assort(v.) ‏يصنف ينسق يفرز
assentation (n.) موافقة | assorted adj مشكل . متنوع . مرتب
assert (v.) يؤكد بثبت يزعم | assortment (n.) أشكال منوعة
assertion (n.) il تأكيد إثبات | assume يدعى . يتظاهر . يأخذ على عاتق
assess (v.) يقدر ضريية يلمن‎ | assuming adj كاذب . زائف
assessor (n.) مقدر الضريبة مثمن ١ assumption (n) إدعاء . إفتراض . فرص
assurance (n.) ١ تأكيد . ضمان . تأمين"	al-shamil-dictionary
57	"بفراسة . ذكاء ‎astuteness (n.)‏ | يؤكد . يضمن . يحقق ‎assure (v.)‏
عند . نحو . فى بالقرب من ‎at(prep)‏ | بكل تأكيد حقا ‎assuredly (adv.)‏
‎ataractic adj [z‏ | نجمة من علامات الطباعة (*) ‎asterisk (n.)‏
‎ate pasto eat (v.) Jst‏ | إلى الخلف إلى مؤخرة السيئة ‎astern (adv.)‏
الحاد كفر . رندقة ‎atheism (n)‏ | رهن ‎asthenia (n.)‏
ملحد كافر . زنديق ‎atheist(n.)‏ | داء الربو ‎asthma (n.)‏
50 المطالعة مجمع علمى (.8) 010086077 | الإستجماتيزم لابؤرية ‎astigmatism (n.)‏
درم شريان ‎astir adj atheroma (n.)‏
(8) 8061 | فى حركة.على قدم ورساق فى

‎Sy‏ قوى الجسم ‎B‏ مصاغ هرج دمزج
‎athletic (adj)‏ | يحير . يدهش ‎astonish (v.)‏
رباضى مختص بالمصارعة . قرى مندهش . مذهول ‎astonished , at (adj.)‏
الالعاب الرياضية ‎athletics (n.)‏ | حيرة دهشة . ذهول ‏ (.8) ‎astonishment‏
المحيط الأطلس أطلنطى ‎Addantic (n.)‏ | ضال تاثة مخطئ ‎astray (adj.)‏
‎atlas (n.)‏ | يقبض . يضم يعصر ‎astringe (v.)‏
الأطلس . مصور جغرافى ‎A‏ قبض . تقبض ‎astringency (n.)‏
العناقية الأرلى دراء فابض . قابض . صارم ‎astringent (n.adj.)‏
الهواء المجرى الغلاف الجوى (.8) ‎atmosphere‏ منجم دجال ‎astrologer (n.)‏
جرى ‎atmospheric (adj.)‏ | التنجيم ‎astrology (n.)‏
ذرة ‎atom(n.)‏ | رائد فضاء ‎astronaut (n.)‏
مختص بالذات ‎atomic (adj.)‏ | مشتل بعلم الفلك فلكي (.8) ‎astronomer‏
يكفر عن . يستغفر ‎astronomical adj oSG | atone for (v.)‏
كفارة ‎tonement (n.)‏ | علم الفلك ‎astronomy (adj.)‏
من فرق . على ‎LI‏ (0580) 2008 | الحو المرفى من الرعد )( ‎astrophobia‏
فظيع . شرير ‎atrocious (adj)‏ بكار.ذكى ‎asute (ad)‏"	al-shamil-dictionary
58	"atrocity (n.) ‏أئم فظيع . شناعة | attribute (n.v.)

يعزر أر ينسب إلى . خاصية . ضمور ‎atrophy (n.)‏
سجية خصلة } ‎atrophia (n.)‏
‎to somebody that which‏ | يلحق . يرصل . يرفق ‎attach (v.)‏
يتقرل على شخص ما ‎hehasnotsaid‏ | ارتباط . تعلق ‎attachment (n.)‏
اتهام . تخصيص . نسب )1( 1008نن107لاة | هجوم حملة يهجم على (8.7) ‎attack,on‏
يضبط الإنقسام ‎attune (v.)‏ | يدرك ينال ‎atain (v.)‏
مزاد علنى . ييبع ‎auction )0.7( DYl‏ | يلطخ . يفسد لطخة عيب (8.7) ‎AN‏
سمسار ماد ‎auctioneer (n.)‏ | يحاول محاولة ‎attempt (n.v.)‏
جرئ قليل الحياء ‏ (./04) ‎audacious‏ | يصغى إلى . يحضر . يخدم ‎(v.)‏ 10 , 811600
سموع ‎audible (adj.)‏ | حضور . خدمة . مراظية ‎attendance (n.)‏
بصوت أسمع ‎audibly (adv.)‏ | تابع . خادم ملام ‎attendant (adj.)‏
‎١ audience (n.)‏ رعاية . إصغاء . التفات ‎attention (n.)‏

المستمعون أو الحاضرون مجلس منتبة ملفت ‎attentive (adj.)‏
سماع . مقابلة بإنتباه بيقظة ‎attentively (adv.)‏
قاعة المقابلات الرسمية  ‎_room(n)‏ | يقرر . يثبت . يشهد ب. إقرار . شهادة (.2.7) ‎attest‏
سامع مص ‎audient (adj.)‏ | شهادة إثبات ‎attestation (n.)‏
‎audiometer (n.)‏ | الطبقة العليا من المنزل صاف نقى ‎attic (n.adj.)‏

مياس السمع . جهاز الكشف عن السمع يكسو . يلبس . كسوة ثياب ‏ (.8.7) ‎attire‏
سماعة المريض ‎audiophone (n.)‏ | وضع حالة هيئة ‎atitude (n.)‏
سمع . بصرى ‎audio-visual (adj.)‏ | يجذب ‎attract (v.)‏
محاسبة . يفحص الحسابات ‎audit (nv.)‏ | ممكن اجتذاب ‎attractable (adj.)‏
السماع الإستماع ‎auditon (n.)‏ | جذب استمالة ‎attraction (n.)‏
فاحص الحسابات المستمع ‎auditor (n)‏ | مشرق جذاب ‎attractive (adj.)‏
مهيب . جليل ‎١ august (udj.)‏ عكن نب إلى . يمزى إلى ‎auributable (adj.)‏"	al-shamil-dictionary
59	"التأليف ‎authorship (n.)‏ | شهراغقطس ‎August‏
‏صيرة ذاتية ‎autobiography (n.)‏ | عمة خالة ‎aunt (n.)‏
سيارة ‎autocar (n.)‏ | خالة _ ‎matemal‏
‎autoclave (n.v.)‏ | عمة _ ‎paternal‏
‏رعاء تعقيم الآلات الطبية نحت هواء . شذا - كبير ‎aura (n.)‏
الضغط . بخار حار . يعقم فى المقام أذلى . سمعى . هوائى . غارى ‎aural (adj.)‏
حكومة مطلقة السلطة ‎autoeracy (n.)‏ | طبيب الاذن أخصائى ‎aurist (n.)‏
حاكم مطلق أو مستبد  ‎autocrat(n.)‏ | علاج أمراض ‎DY‏
إمتداد ‎autocratic (adj.)‏ | شفى نور الفجر ‎aurora (n.)‏
الاستمناء الذاتى ‎autoerotism (n.)‏ | صارم قاس ‎austere (adj.)‏
إخصاب ذاتى داخل  ‎Ul | autogamy(n)‏ شدة التقشف  ‎austerity (n.)‏
تكاثر ذاتى ‎autogenesis (n.)‏ | إسترسال ‎Australian (n.adj.)‏
تتيم مغناطيس ‏ (.8) ‎autohypnosis‏ | تمارى ‎Austrian (n.adj.)‏
‎(nv.)‏ 200108800 | موثوق به . صحيح . موث ‎authentic (adj.)‏
مخططة أصلية . نقيع المرء يوقع حديث صحيح ‎An _ Hadith‏
نسخة موثقة من المؤلف ‎autographed copy‏ | المتزلف ‎author (n.)‏
‎automatic (adj.n.)‏ | فهرسالمؤلفين ‎catalog‏ —
إلى أو ذانى الحركة . آلة أوتوماتيكية المؤالفة ‎authoress (n.)‏
‎digital computer‏ — | الهيئة الحاكمة . الحكومة ‎authorities (n.)‏
الحاسب الألكترون الرمى سلطة حكم ‎authority,over (n.)‏
بذاته ‎automatically (adv.)‏ | إسناد - ‎chain of‏ ©
‎automation (n.)‏ | إذن تصريح ‎authorization (n.)‏
إدارة الاجهزة ميكانيكيا آلة تدور ‎g‏ يرخص ‎authorize (v.)‏
بقوة بحركة داخلية . الآلية مرخص له ‎authotized (adj.)‏
يجعله ‎automize (v.) O‏ | ترى ‎religious opinion‏ —"	al-shamil-dictionary
60	"‎avenger (n.) =‏ | يحدث لا إرادبًا زهم ‎autonomic‏
‎avenue (n.)‏ | حكومة ‎oS> - L%‏ ذاتى )( ‎antonomy‏
سبيل وسيلة إلى . طرين مشجر النروجية حب الذات ‎autophilia (n.)‏
يؤدى إلى بيت ريفى علية تجمل من الجسم ‎autoplaSty (n) Gl‏
طريق الصول ‎autopsy (n.) __ofapproach‏
يؤكد . يجزم . يثبت ‎(v,)‏ :206 | تشريح الجثة لفحصها معرفة سب الوفاة
‎(n.v.adj.)‏ 88 | تسمم ذاتى بالدم ‎autotoxemia (n.)‏
المعدل يرجد المعدل متوسط يسمم ‎autotoxic adj G5‏
تأكيد . جزم . إثبات ‎(n.)‏ 2600601 | تسمم 5 سم ذاتى  ‎autotoxine (n.)‏
جهنم . الجحيم ‎avernus (n.)‏ | فصل الخريف ‎autumn (n.)‏
كاره ل. بغض ل ‎averse (adj)‏ | ريفى ‎autumnal (adj.)‏
كراهية . نفرر ‎auxiliary (adj.n.) aversion (n.)‏
بمنع . يحجب . بحول . يغض النظر ‎avert (v.)‏ | إضافى . إحتياط . ساعد . سعف
‎١ — one’s eyes from‏ الحجرات الإضافية ‎__rooms‏
‎iy‏ البصر عن . يحول النظر عن يفيد ‎iy‏ يجدى . فائدة نفع (0.7) ‎avail‏
الطيور ‎aves(n)‏ | متاح . متوفر متوفر  ‎available (adj.)‏
فن الطيران ‎aviation (n.)‏ | طمع.بخل ‎avarice (n.)‏
شفف ولم جشم ‎avidity (n)‏ | لا ‎avascular adj Sy‏
نقص الفيتامينات بالسم ‎avitaminosis (n.)‏ | كف كلى ‎avast (interj.)‏
هواية . مهنة ‎avocation (n.)‏ | اذهب . ابتعد ‎avaunt (v.)‏
يعرض عن . تجنب ‎avoid (v.)‏ | تحية.سلام ‎ave‏
ممكن إبطاله مكن اجتنابه ‎avoidable (adj.)‏ | صلاة للمذرات الهلام ¢ ‎Ave Maria (n.)‏
اجتتاب إلغاء ‎avoidance (n.)‏ | لك يا مريم } ‎Ave Mary (n.)‏
‎avenge (v.) 2.3 | aidless (adj.)‏
مفررض . لابد منه . لا مناص منه أخذ بالثأر ‎himself on‏ __"	al-shamil-dictionary
61	"ملتو . منحرف . بانحراف ‎awry (adj.adv.)‏ | جاهر يظهر يبين ‎avow (v.)‏
بلطة ‎axe(n)‏ | يجاهر المعصية ‎__asin‏
محور ز4ه ‎aial or axal‏ | صريح . مجاهر به بين ‎avowed (adj)‏
باط إبط اانه | ‎an avowed enemy v e‏
بديهية . قاعدة أولية ‎axiom(n)‏ | ترقب يوقع ‏ ينتظر ‎await (v.)‏
قطب محور ‎by | axis(n)‏ سنيقظ ستيف ماح ‎awake (v.8d))‏
محور العجل أو الدولاب ‎axle (n.)‏ متنبة صاح __ ‎wide‏
الحطب ‎(n)‏ 080 | بصحو يوتظ () ‎awaken‏
نعم حقا ‎award (n.v.) ay or aye (adv.)‏

‎Azar (a;ﬁr,.(,_].\ll,),j‏ يكافئ يمنح . يحكم . مكافأة حكم
‎azoospermia (n.)‏ | عالم ‎aware, of adj 4 s‏
انعدام الحيوانات المنوية ‎AL‏ الخبير آمن أسماء الله الحستى ‎The Aware‏
آروت ‎azote(n)‏ | بعيد . ‎away (adv.ad}.)‏
تترج الدم ‎azotemia(n,)‏ | رهبة من الله . خشية . رعب . خوف (.8) ‎awe‏
‏عزرائيل ‎iy | Azacl(n)‏ الله ‎tobeinawcof Allsh‏
السماء الصافية لون مأوى ‎(adi)‏ 22088 | شنيع . مروع ‎awful (adj.)‏
الفطير حبز غير مختمر 0 ‎azyme(n)‏ | على نحو مرعب ‎awfully (adv.)‏
غير مختمر ‎azymous (adj.)‏ | لحظة . فترة وجيز ‎awhile (adv.)‏
محير . مربك . غليظ  ‎awkward (adj.)‏
‎awkwardness (n.)‏

حيرة . إرتباك . غلاظة . سماجة

‎awl(n)  بشغا مثقاب للجلا أو
awless adj غير هياب بلا رهبة
awoke past of awake (adj.v.)"	al-shamil-dictionary
62	"مغتاب نمام ‎backbiter (n.)‏ | الحرف الشأن من حروف الهجاء ‎Bb‏
بالغيبة . النميمة ‎backbiting (n.)‏ الإنجليزية . شىء يعتبر ذا مقام

‎backboard (n.)‏ ثان
لوح خشبى يوضع ‎Arts Uyl‏ كه ‎B.A.Bachelor‏
العمود القرى ‎backbone (n.)‏ | بكالوريوس فى الفنون أو الأدب
الصلب ‎and ribs Ay‏ | يثغو|الحروف ثقاء ‎baa (n.v.)‏
قارى . ثابت ‎backboned (adj.)‏ | يثرثر يفشى السر ‎babble (v.)‏
غلاف خلفى للكتاب ‎back cover (n.)‏ | ثرثرة إنشاء السر 0 ‎babblement (n.)‏
باب خلفى-سرى ‎backdoor (nad))‏ | لرثار فشار ‎babbler (n.)‏
ستارة المسرح الخلفية ‎١ backdrop (n.)‏ طفل رضيع ‎babe , baby (n.)‏
مؤيد . ذو ظهر ‎backed (adj)‏ | مدينة بابل . بلبلة جلبة ‎Babel (n.)‏
ماعد معين ‎baby (n.adj.v.) backer (n.)‏
لعبة الطاولة ‎backgammon (n.)‏ | طفل أر ‎Uik‏ رضيع . طفولى يدلل
الخلية خلفية علمية وثقانية ‎background (n.)‏ | الطفولة سن الطفولة  ‎babyhood (n.)‏
بظهر اليد غير مخلص ‎backhanded (adj)‏ | صيائى طفولى ‎babyish (adj)‏
مظاهرة ورف مقرى ‎baby-sit (v.) backing (n.)‏
رحدات التخزين المساعدة 510/886 | بحضن.يعتتى بالتطفل خلال غياب الوالدين
‎S >‏ ارتجاعي عنيفة مفاجئة ‎١ backlash (n.)‏ الحاضن جلية الطقل ‎baby-sitter (n.)‏
عديم الظهر ‎backless (adj.)‏ | أعزب . حائز على البكالوريوس ‎bachelor (n.)‏
آكة تين الكعب «لكتاب؛ ‎back (n.adv.ad).v.) backliner (n.)‏
منشار ظهر (.) ‎backsaw‏ | خلف مؤخر فى الوراء متأخر
مقعد ‎backseat (n.) A‏ يسند . يدعم
خلف ستارة . ‎backstage (adv.ad) (e‏ | ألم فى الظهر ‎backache (n.)‏

‎backbite (v.) يغتاب ينافق !"	al-shamil-dictionary
63	"أمتعة حقائب سفر  ‎baggage(n)‏ | كعب الكتاب ‎back strip (n.)‏
خيش لعمل الكتائب  ‎(n)‏ 0888008 | رد رقح من صغير الكبير ‎back talk (n.)‏
تاجر . متنقل ‎bagman (n)‏ | للوراء إلى مم ‎backward‏
حمام سباحة بيت دعارة ‎bagnio(n)‏ | الوراء.عكساً . ‎backwards‏
مزمار القربة لآلة موسبقية» )1( ‎bagpipe‏ | متردد . رجعى
العارف بمزمار القربة  ‎bagpiper(n)‏ | لحكم خنزير ملح ‎backon (n.)‏
خلوة نوار ‎baignoire (n.)‏ | يرند ‎backslide (v.)‏
ضامن كفيل يضمن . يكفل )1( انون ‎١‏ بكثريا الدم ‎bacteremia (n.)‏
ممكن إطلاق سراح بكفالة ‎١ bailable (ad).)‏ بكتيري جرائم ‎bacteria (n.)‏
سور القصر.الفناه المطوق يسور (ي) ‎pitey‏ | مبيد للبكتيريا 0 ‎bactericide (adj)‏
‎e‏ وكيل المزرعة ‎bailiff (n.)‏ كبح نمو البكتريا  ‎(n)‏ سيت
إطلاق سراح ‎ey, sy S,‏ | علم ‎pactriclogy (1) e e A‏
عيد الفطر الأضحي . ‎m)‏ ووو وزو | فحص ميكررسكرى ‎bacterioscopy LAQ‏
عبد ألاس ‎ey‏ ناثر البكتريا ‎bacterization (n.)‏
‎bad (adv.ad).) = g‏
عبد الفطر ‎O‏ | زد رد بطريقة سيئة على ‎s‏
يضايق يعلف-علف ‎bait (n.v.)‏ الفحش مل _
يخبز . خبز . فرن ‎bake(ny)‏ | ند ‎togo_‏
الأخبار ‎badge (.v.) baker (n.)‏
‎Dakery (m) o‏ | شارة علامة ميزة شعار بميز بعلامة
خميرة للخيز  ‎Dakingpowder(n)‏ | على نحو ردئ ‎badly (adv.)‏
بقشيش . يعطى بقشيش ‎badness (n.) baksheesh (n.v.)‏
ميزان يزن ‎(nv.)‏ ©2286 | رداءة عيب . فساد السوء الخباثة
‎balanced (ad) Gyl‏ | يحير . يربك-تحير . إزياك  ‎baffle (n.v.)‏
الميزانية ‎bag (n.v.) balance sheet (n.)‏
ذو شرفة 1) شرفات ‎balconied (adj.)‏ كيس . حقية . حافظة نقود-ينتفخ
شرفة ‎balcony (n.) LS‏ يضع فى كيس
أصلم . غير مزخرف . صريح ‎bald (adj)‏"	al-shamil-dictionary
64	"baldly adj بركاكة بصراحة بسخاقة‎ | balm(n.)
baldness (n.) رائحة عطرة كل شاف أر صلم سخافة e
bale (n.v.) سكن للألم
‏بالة.ررسة شر ضرر-يرزم على | balmy شاف سكن زهه)‎
شكل بلة | balsam(n) البلسم
‎balefire (n.)  راذنإلا ثأر eV نار ١ balsamic adj شاف ikl سكن
‎baleful adj ‏مزذ مهلك | Baltic adj Gl متعلق يبحر
baling (n)  الآب حزم البضاعة فى | baluster (n.) عمود درابزين
balk (n.v.) bamboo (n.adj.)  ىنارزيخ الخيزران
قطعة أرض مستطيلة 8,5 درن‎ | bamboozle (v) يربك . يحبر بغش‎
عائق الم مد -. ban يلعن يحرم لع تحريم لم
* | banal(adj.) ‏تافة بسيط . مألوف
ball(nv)  ةركء ‏يكور حفلة راقصة | ) i
‏م1‎ give ‏د‎ ball يقيم حفلة راقصة band (nv.) شريط حزا.يزين بطوق
ballad (n.) ‏شري . حزام يزين بطوى . بجع أغنية راقصة عاطفية
ballade (n) لحن موسيقى شعرى bandage (n.v.) ‏ضمادة-يضمد‎
‎ballast (n.v.) bandit (n.) لص . قاطع طريق
by اللصوصية )( 988807 | حصى لرصف الارض-يفرش‎
ballet (1) ‏عيبل بدون كلام-رقص البابلية | 580058800 (1) T منصة الفرقة
balloon (n.v.) bandy (m.v.) يتقاذف الكرة-الباتدى لعبة
مقرس الساقين (168868)64-(9800 | منطاد بالون الأطفال ينفخ . يضعد‎
__ catheter bane (n.) سم . موت . هلاك
سأم ميت . مهلك (241) 580680 | قطرة بالونة إستخدم لموسيع‎
الشريان التاج أزالة الجلطة bang (n.d.v.)
ballot (n.v.) يقترع AW يضرب بعنف . يفل بقوة-ضرية ورقة
ball room (n.) عنيفة بعنف قاعة الرقص
ball valve (n.) الصمام الكررى‎ | 08086 )8.( e خلخال . سوار دمن
bangue (n.) ‏هتدى‎ o"	al-shamil-dictionary
65	"banish (v.) ‏ينفى يطرد | barbarous adi  ىربرب ‏مترحش.‎
‎banishment (n.) طرد إبعاد . تغريب . & | barbary بلاد المأربة
banister (n.) درابزين آلم | barbed adj ‏شالك.مسان‎
‎bank (nv.) كومة متحدر.بنك-يودع فى بنك ١ Wire سلك شائك
banker (1) مدير البنك صاحب البنك | baser (n) حلاق
‎bankrupt (vn.adj) يفلس . الفلس.إفلاس مفلس | bar chart (n.) رسم المستطيلات
1080 ‏تفط يفلس graphs (n.) الأعمدة البيانية
bankruptly (n.) WYL | bard (n) منشد شاعر
banner (n.adj.) etym ki, | bare(nv.) عريان يكشف يعرى‎
under the banner of ‏نحتاراية‎ | barebone adj ‏تحيف.هزيل‎
‎banquet (n.v.) مأدبة يقيم مأدبة | barcface(adi)  ءايحلا ‏رفح . قليل
banter (n.v.} مارح مزاح | barefacedly adv بوقاحة
‎banterer (n.) مارح bare footed adj ‏حافى القدمين حفاة‎
banteringly adv ‏بزاح‎ | —headed(adi) )Gk
banyan (n.) تفان | barely adv فقط . بالكاد.على المكشوفة
baptism (n.) bargain (n.v.)

صفقة بيع . مقايضة-يقايض . يساوم تصير . التعميد . العماد «عند التصارى؟
يبع . يعقد صفقة ‎enterinto__‏ | معمد معمذائى ‎baptist (n.)‏
مركب للنقل-ينقل ‎barge (n.v.)‏ | مكان العماد أو التعميد (.8) ‎baptistery‏
مراكب . ملاح ‎bargeman (n.)‏ | يعمد . ينصر ‎baptize (v.)‏
‎bar (n.v.prep.) bark (n.v.)‏

ينبح للكلب يكس باللحاء نباح . اللحاء بار.حانة قضيب مزلاج عائق يد
شعير ‎barley (n)‏ | يحلق . يزين . يحصد ‎barb (v.)‏
سكر نبات () ‎barley sugar‏ | بربر همجى . مترح ‎barbarian (adj.)‏
شونة . مخزن المحولات ‏ (8) 580 | بريرى . غيظ . فظ  ‎barbaric (adj)‏
الباررميتر . مقياس الضغط الجوى ‎barometer (m)‏ | بربرية همجية ‎barbarism (n.)‏
البارون «لقب شرف» ‎baron )8( i‏ | توحش . قساوة ‎barbarity (n.)‏"	al-shamil-dictionary
66	"سفالة ‎baseness (n.)‏ | البارونة إررجة البارونات ‎baroness (m.)‏
كثير الحياء ‎bashful (adj)‏ | مسدود منوع مربوط  ‎(adj.)‏ 8160
بخجل بحياء ‎barrel (n.v.) bashfully (adv.)‏
شىء أساس . ‎LUl‏ (.[0.80) 0856 | برميل . ماسورة البندقية-يعبئ فى برميل
الفهرس الرئيسى ‎catalog‏ | قاحل مجدب عقيم عاقر ‎barren‏
مدخل رئيس ‎_entry‏ | امرأة عاقر ‎a__women‏
بصفة أساسية . جوهريا (201) ‎basically‏ | جدب.عقم ‎barvenness‏
‏ا 9860 | يد . يحجز-حاجز  ‎bamricade (n.v.)‏
قم ‎basis (n.) iiv‏ حر - اس
) ري ور كن كل بي
سلة ‎b () Al | n)‏
كرة السلة ‎kerbal (n)‏ ثقل ألهم )1( ‎becycoceghali‏
صناعة السلال ‎basketry (n.)‏ قل ‎o‏ بم ‎baryllia‏
لحاء ليف النبات ) غسر التكلم (م) ‎baryphonia‏
أبن رثا كاذب 0 ‎barythmia (n.) W vt adi)‏
عنوان مختصر ‎١ e‏ تعدى ازقه ‎basal‏
‎bagtardize (v.)‏ | البرليت ‎basalt (n.)‏
يحط من شأنه.يئيت أنه غير شرعى جسر قلاب أو متحركة ‎basculebridge (n.)‏
‎base (n.v.adj.) baste (v,)‏
يرج فى الخياطة يطرى اللحم أساس قاعدةسييتى على أساس
‎basting (n.)‏ | لعبة اللب بالمضرب ‎base-ball (n.) i Sy‏
ضبط التسرب . تطرفية اللحم -ضرب غير شرعى . ابن زنا  ‎baseborn (adj.)‏
خفاش مضرب للكرة ‎١ bat(n)‏ لا إماس له ‎baseless (adj.)‏
. بطاطا ‎batata(n)‏ | بكفالة ‎basely (adv.)‏
دفعة . كمية ‎basement (n.) batch (n.)‏
حمام يستحم ‎bath (mv,)‏ | بدروم-الطبقه السفلى من البيت"	al-shamil-dictionary
67	"المشربية ‎ay window (n.)‏ | كرسى المرفى ‎bath chair (n.)‏
سوق شرقية ‎bazzar(n)‏ | يفتل سباحة ‎bathe (n.v.)‏
الباروكة سلاح )( ‎bath house (n.) s e | bazooka‏
ق.م قبل آيلا (180© ‎B.C. (before‏ | مغطس ‎bathinette (n.) JibS‏
يكون . يوجد ‎be(v)‏ | قلنسوة السباحة ‎bath cap (n.) (b))‏
‎beach (n.v.)‏ | ثرب السباحة  ‎bathing dress or suit‏
البلاج.شساطئ رملى يدفع الخوف ‎4t‏ من الأعماق (.8) ‎bathophobia‏
المركب للشاطئ ‎el‏ إلا . ماعدا ‎bating (prep.)‏
مكو بالرمل الحصى ‎beachy (adi)‏ | الباتيستة قماش ‎batiste (n.)‏
منارة مرشد لاسلكى . برشد (.8.0) 588000 | المسأل عسكر مراسلة  ‎batman (n.)‏
خرزة . عقد - ينظم -خرزات (.8.0) 5880 | هرارة الشرى . عصا ‎Sl‏
الشاشة ‎_screen Lol‏ | هرارة عضا ‎baton, baton i‏
كلب صيد ‎beagle(n)‏ | طابور كنية ‎battalion (n.)‏
شماس الكنيسة ‎beadle(n)‏ | فرقة مدفعية ‎battery (n.)‏
مثار . أنف ‎beak (n)‏ | معركة . كفاح-يقاتل . يكائح ‎battle (n.v.)‏
ذو منقار ‎beaked (adj.)‏ | ساحة القتال ‎battle field (n.)‏
كأس كبير ‎beaker (n.)‏ | حصن ‎battlement (n.)‏
شعاع ابتامة-برسل ‎beam(ny) il‏ | سفينة حربية ‎battleship‏
‏مشع.ضخم ‎s | beamy (adj.)‏ زقه ‎batty‏
لوبيا . فاصوليا . حية ‎١ bean‏ دمية أطفال ‎bauble (n.)‏
يعطى . تلد . يتحمل . يحتمل أب (.8.1) 5685 | ديوث بومسن ‎bawd (n.)‏
‎something patiently or Allah's sake‏ ~10 | فق ‎bawdry (n.)‏
يحتمل ‎Tl‏ احتسابًا لوجه الله فاسق ‎bawdy (adj.)‏
محتمل ‎bearable (adj.)‏ | بيت دعارة ‎bawdy house (n.)‏
‎beard )8(‏ | يزعق . صيحة عالية ‎bawl (n.v.)‏
لحية شوكة-يجعل له لحية يتحدى ‎bay (adj.n.v.)‏
ملتح ذو لحية زلده ‎bearded‏ | كستنائي اللود-مجد- خليج-ينبح"	al-shamil-dictionary
68	"يرش . يبلل ‎beardless adj bedabbled (v.)‏
ييهر النظر ‎(v)‏ 6802216 | لا لحية له.أمرد «شاب لم تبت

بقة الفراش . حشرة الفراش ‎ted bedbug (n.)‏

bearer (n.) الحمال المغتال | bedchamber (n.) غرفة النوم
bearish adj ‏كالدب.فظ‎ | bedeck (v.) تزين . تبرج
beast (n.) بهيمة حيران-شخص حقير | bedew (v.) ‏يندى . يرطب
dump __s ‏العجماوات‎ | bedim (v.) ‏يقتم . يسود
beastly (adj.adv.) ‏بهيمى . قذر-بافراط‎ | bedlam(n.) مستشفى المجانين
beat )0.7.20(.( يقرب . يهزم غربة . طفيلى‎ | bedlamite (n.) الجنون
‎beaten adj ‏مهزرم.مخفرق‎ | bedouin (n.adj.) ‏البدوى-بدوى‎
‎beater adj مضرب البيض | bedouinism (n.) النداوة
‎beautification (n.) تجميل | bedpost(n) عمود السرير
beautiful جميل وسيم زفه)‎ | bedquilt (n.) إلحاف السرير
beautify (v.) يجمل | bedroom (n.) غرفة النوم
beauty (n.) جمال | bedsore (n.) قرحة الفراش
beauty spot (1.) ‏الوحمة‎ | bedtick (n.) قماش لتغطية المراتب
becalm (v.) ‏أسكت.يهدئ‎ ١ bee(n) النحل Al
became past of become الب د‎ beech (n.) خشب الزان أر شجره‎
because conj oY | beechen adj من خشب الزان
—of بسبب ١ beef(nv) لحم البقر لحم بقرى-بشكو‎
beck (mv.) متقارن . إيماء . إشارة-يشير إلى | beefsteak (n.) فتك
‎beckon,to (n.v.) بشير إلى . يومئ إلى- إشارة | beefy )»4.( بدين . سمين
becloud (v.) ‏يغيم يظلم | beekeeper (n.) الترحال
‎become (v.) يصبح يلائم | beeline . الخط المستقيم . أقرب المسالك
becoming adj Sl ملائم | Beelzebub (n.) رئيس الشياطين
becomingly adv براقة | been pastpart of be كأن صار
bed (n.v.) ‏سربر قاع النهر ينام | beer(n) i"	al-shamil-dictionary
69	"يتصرف يبلك ):1( ‎beeswax (n.v.) behave‏
تأدب . كن لطيفا ‎١-1‏ شمع العسل.يفرك بشمع العسل
سلوك . تصرف ‎behavior or behaviour (n.)‏ | سلق ‎beet‏
‎behind (adv.prep.n)‏ | بنجر ‎root‏ __
فى المؤخرة يتفاخر فى . مؤخرة خنفساء . بارز . يدق . يبرز ‎beetle (adj.n.v.)‏
يشاهد يلاحظ ‎behold (v.)‏ | كث الحاجبين  ‎beetle-browed (adj.)‏
مدين بالفضل . شاكر ‎beholden (adj)‏ | بقر ثيران ‎beeves pl. of beef‏
وجود الكائن . خليقة مخلوق )1( 08508 | بصبب يحدث يلم ب يحل ب ‎bofall (v.)‏
يرصع بالجواهر ‎bejewel (v.)‏ | إن أعصابك شىء ‎if something _s you‏
يضرب . يهاجم . يتعهد 2 ‎belabour (v.)o‏ | 3@ يناسب ‎befit (v.)‏
‎belated adj Al‏ | ملائم . مناسبا ‎befitting (adj.)‏
ينجشا- تجشز-دقم بقوة  ‎belch(nv)‏ | من قبل مام ‎before (adv.)‏
عجوز شمطاء ‎beldam‏ | مقدما ‎beforehand adv Gl‏
يحاصر بجيش ‎beleaguer (v.)‏ | يصاحب.يصادف ‎befriend (v.)‏
قبة جرس الكنبة مظلة  ‎belfty (n)‏ | يستجدى يلتمس ‎beg (v.)‏
البلجيكي . بلجيكى ‎Belgian(nadj)‏ | بدا ‎began past of begin‏
إيمان . اعتقاد . عقيدة ‎belief (n)‏ | ينجب.يبب ‎beget (v.)‏ |
ممكن تصديقه ‎dyz | believable (adj.)‏ يفقر ‎beggar (n.v.)‏
‎belish beacon (n.)‏ | معدوم . > . ‎beggarly (adj)‏
عامودي مخطط بالأبيض الأسود فقر مدقع عدم تسول  ‎beggary (n.)‏
يعلو مصباح أصغر منع حوادث المردر ‎begin (v.) el‏
يؤمن ب يصدق ب ‎believe,in(v)‏ | المبتدئ ‎beginner (n.)‏
يوقن ‎١ __ firmiy‏ بقاء يدا ب ‎began past part of begin‏
مزمن ‎١ believer (n.)‏ يخدع ‎beguile (v.) Pl‏
أمير المؤمنين ‎Leader of the Believers‏ | مصلحة دفاع ‎behalf (n.)‏
‎Believing men and women (n.}‏ | لأجل لمصلحة ‎in__of‏
المؤمنين والمؤمنات بالباب عن . بدلا من ‎on_of‏"	al-shamil-dictionary
70	"belittle (v.) يحفر يحتقر | beneath (adv.prep.) P
bell (n.v.) benefaction (n.) ‏تبرغ‎
المتبرع للحن )( :560668610 | جرس ناقوس وار . يصرخ
يعلق جرس . يخور . يزهر benefactress (n.)  ةنسحملا‎ e 2l
bellboy (n.) خادم فندق benefic adj ‏بحن‎
‎belle (n.) الحسناء . الفتانة beneficence (n.) ‏إحان‎
‎beil jan (n.) ناقوس رجاجى‎ | beneficent adj محسن خير
bellow )+8.(  راوخ‎ - يخور يخار‎ | Denefical adj ‏تائم‎ 1
bellows (n.) ‏تفاخ‎ | Benefit(ni) 0 ‏فائدة-يفيد- يعد
bellows fish (n.) فرس البحر سمك)‎ Beneficent The
belly (n.v.) الرحم «من أسماء الله الحسنى؟ بطن . رحم ينتفخ
bellyache (n.v.) i, ‏مفص , بشكو‎ | benevolence (n)
belly-bound adj  كامإب صدقة . هبة الإحسان عمل الخير مصاب
belly-button (n.) i, | benevolent adj
belong محسن . حبر . خبرى محب لعمل الخير ينتمى . يخص
belongings (n.)  عاتم‎ . ممتلكات . أمتعة | Bengalese adj  ىلاغتبلا ‏يتقالى.‎
‎beloved (@djn) 2 عزيز محبوب | 180188, The البر دمن أسماء الله الحسنى»‎
below (adv.prep.) ‏نحت.اسفل‎ | bent adin ‏متحنى . ميل
belt (n.v.) حزام سير يحزم | DEMUMD ‏يشل-يخدر ل)‎
belted adj يطوق بحزام benzene (n.) البنزين
‎belting (n.) © سيور | beauest(n) إرث بوصية . وصية
bemack (v.) o e | make ‏يومى‎
‎bench (n.v.) berate (v.) ‏يريخ‎
يجلس على b ‏محكمة.مقعد‎ | Berber nadir ‏البربرى بربرىق‎
مقعد القاضى beret قلنسوة
‎bend ‏يلرى- لى الى م‎ | beriberi (n) البرى برى مرض)‎
berry (nv.)  يلعلا ثمرة العلي يحمل ثمرة"	al-shamil-dictionary
71	"غدر خيانة ‎betiayal (n)‏ | بريم ‎berseem‏
‎berserk (adj.adv.) better (adj.adv.n.v.)‏
أعظم على نحر أفضل . المراهن مسعور . شديد الاهتياج - بسعر
يتحن ارسى-يرسو ريم ‎berta‏ |
تحن إصلاح (.) 600600801 | أليل «حجر كريم أخضر عاد ‎beryl‏
رهان ‎betting(n)‏ | بلي ب ‎beseem (v.)‏
بين . فى الوسط ‎Detween (prep.adv)‏ | قرب.عند بجانب ‎beside (prep.)‏
‎besides (prep.adv.) bevel (adj.n.v.)‏
مائل-مشطوف- ميل . بشطف بالإضافة إلى . علاوة على
مشطوف الحافة ‎Develled (adj.)‏ | يحجز يخاطب ‎bespeak (v.)‏
يرثى . يندب ‎bewail (v)‏ | موصى على عليه ‎bespoke (adj)‏
احذر ‎il‏ إياك ‎1Sy‏ !00 | تحول ‎Bessemer converter oy‏
يحترس . يحذر ‎best (adjadv.n.v.) beware of (v.)‏
‎supplicaton oppressed‏ 0/16 00008 | أافنضل.على أحسن وجه.لياب
‎it‏ دعوة المعلوم المرء الفضلى يهزم-يفوز على
يحير . يربك ‎bewilder (v.)‏ | كنتب رائجة -_-
مرتبك . متحير 0 ‎bestial adj ottty | Bewildered (adi)‏
ارتباك ‎bestiality (n.) bewilderment (n.)‏
يسحر يفن ‎(v)‏ 116« | الحشية البهيمية العلاقة الجنسية
ساحر فاتن ‎bewitching (adj.)‏ الشحاذة بين الإنسان والحيوان
‎bewitchment (n.) e‏ | كتاب أساطير ‎bestiary (n.)‏
‎(perp.adv.n)‏ 6000 | يعطى يهب يمتح ينعم 0 ‎bestow (v)‏
خلف . وراء . فوق . أعلى ‎e‏ رهان . يراهن ‎bet (n.v.)‏
الآخرة العالم الآخر الحرف الثائى فى الأبجدية ‎beta (n.) LU‏
بادة معناها ثنائى . مزدوج (-) أ | يفكر.يتامل ‎bethink (v.)‏
ذو وزاويتين ‎biangular (adf.)‏ | عاجلاً-قبل فوات الأوان ‎betimes (adv.)‏
‎i‏ سنوى ‎biannual (ads)‏ | يضلل يخون يغدر ب ‎betray (v.)‏"	al-shamil-dictionary
72	"207.زة ‎big‏ | مرتين فى السنة  ‎biannually (adv.)‏
عظيم . ضخم . تبجح . بتفاخر لنائى المحور ‎biaxial (n.)‏
‎big brother (n.)‏ | الكتاب المقدس ‎Bible, The‏
الأخ الكبير «شخص أو نظام ييطر إنجيل . توراتى ‎biblical (adj.)‏
على عقول الناس إنتاج الكتب ‎bibliogony (n.)‏
خليج . عقدة ‎e‏ بثبت ‎bibiography (n.) bight (m.v.)‏
‎bigess (n.) S‏ | معرفة الكتب وتاريخها البليجرانبا |
المتعصب لدين أو لحزب  ‎DigOt(n)‏ | سرقة الكتب ‎bibliokleptomania (n.)‏ |
متعصب ‎bigoted (adi)‏ | دراسة الوثائق ).1( ‎bibliotics‏
تعصب ‎bigotry (n.) ot‏ | عضلة ذات رأسين ‎biceps (n.)‏
جوهرة صغير وثيق ‏ (8.64) 000 | يخاصم.ينازع ‎bicker (n.)‏
‎bike (nv.)‏ | مافة ‎bickering (v.)‏
عش الدبابيس أو النمل . حشد من مقعر الوجهين ‎biconcave (adj.)‏
الناس . يركب دراجة ذر قرنين ‎bicom (adj.)‏
البيكبنى ‎L‏ لباس البحر ‎bikini(n)‏ | دراجة ‎bicycle (n.)‏
علا الشفتين ‎bid (v.n.) bilabial (adj.)‏
‎by | bilateral )24(‏ يدعو إلى حفلة
ذو جانبين . ثنانئى . على الجانبين دعوة أمر
البلهارزيا ‎bilharzia (n.)‏ | العطارات ‎bids (n.)‏
ثنائى اللغة-الثنائى اللغة ‎bilingual (adn.)‏ | سهل الانقياد مطيع  ‎biddable (adi.)‏
تكوين الكيانات الحية ‎biogenesis (n.)‏ | المزايد.الآمر ‎bidder (n.)‏
‎S‏ سيرة مزلف ترجم ‎biographer (n)‏ | يواجه يحتمل )( ‎bide‏
‎bicnnial (ad).n.) biographic lexicon (n.)‏
قامر ترجم . معجم ترجم كل سنتين يحدث كل سنتين-دائم
‎biographical (adj.)‏ حولي
سبرى . متعلق بسيرة شخص أو حينه نعش . تابوث ‎bier (n.)‏"	al-shamil-dictionary
73	"يعضد ‏ يترص - عضة ألم ‎biography (n.) bite (v.n.)‏
41:07ة ‎bitter‏ | سيرة بيلوجرافية ترجمة . سيرة
لاقع مر أليم لدود مرارة التخصص فى علم الأحياء ‎biologist (n.)‏
يجعله مرا علم الأحياء ‎biology (n.)‏
ملح إنجليزى ‎salt‏ | تحلل الكيانات الحية ‎biolysis (n.)‏
غارب إلى المرارة مر قليلا ‎bitterish (adi)‏ | الطبيعة الحيوية ‎biophysics (n.)‏
بعنف . بمرارة ‎biopsy (n.) bitterly (adv.)‏
مرارة.غم ).( ‎bitterness‏ أستئصال نسيج حى للفحص التشخيمى
قار - بيترسين ‎bitumen (n.)‏ | طائر يصيد الطيور ‎bird (n.v.)‏
‎biweekly (adjn.)‏ | رلادة يولد ‎birth (n.v.)‏
نصف أسبوعى . مرة كل أسبوعين يوم الميلاد ‎birthday (n.)‏
اشاذ غريب ملتو ‎Dbizame (adj)‏ | وحمة ‎binhmark (n.)‏
يشرثر . الشرارة - ثرثرة ‎blab(v.n)‏ | نسب المواليد . معدل المواليد ‎birthrate (n.)‏
يشرثر . الثرثار . لرثرة ‎blabber (vn)‏ | مرتين أعد ‎bis (adv.)‏
‎Dlack (adjin.v.)‏ | بسكويت . الكم أشكال (.8) ‎biscuit‏
‏أسود-مظلم -سواد-يسود يظلم يشطر تشعب ينصف 0 (0) ‎bisect‏
‏افن النحر السحر 000 ‎blackan(n)‏ | شطر.تتصيف ‎bisection (n.)‏
عليق قوت برى 0 ‎bisector (n.) iad | blackbemy (n)‏
سبورة لوح أسود  ‎blackboard (n)‏ | ختى . لنائى ‎bisexual (n.adj.) ki‏
ضارب إلى السمرة  ‎blackish (adj)‏ | أسقف . مطران ‎bishop (n.)‏
الابتزاز ‎bishopric (.) blackmail (n.)‏
سواء فحشاء ‎blackness (n.)‏ | أسقفية منصب الأسقف أر مقره
| مثانة ‎Dladder(n)‏ | الور الأميركى ‎bison (n.)‏
98860 | رن كية.كيى ‎bissextile (nadj)‏
نصل . ‎A‏ الصريض من حانة صغيرة مطعم صغير ‏ )1( 558880
ورقة نات . ريشة المروحة عضة قطعة صغيرة ‎s‏ (80) 1ف
‎bladed adj a5 S g‏"	al-shamil-dictionary
74	"التهاب جفن العين  ‎blepharitis (n.)‏ | كذب.هجصس ‎biague (n.)‏
‎8y‏ يمجد )( ‎bless‏ | مستحق اللوم ‎blamable (adj.)‏
مبارك مقدس ‎blessed (adj)‏ | لوم.يلوم ‎blamefor (n.v.)‏
سعادة ‎blessedness (n.)‏ | ملوم.مستحق ‎blameful adj ¢l‏
‎N‏ . نعمة ‎blessing (n.)‏ | برئ-يلا لوم ‎blameless (adj.)‏
نفخ هب ‎blew past of blow‏ | بيض يجمل أبيض ‎blanch (v.)‏
تلف . آفة راعية . ‎blight (mv) il‏ | تبيض.صقل ‎blanching (n.)‏
مصاب بآفة ‎blighted (adj)‏ | أبيض فارخ فراخ بحر ‎blank (adj.n.v.)‏
58 . كفيف . غير ‎(adj.adv.n.v.)‏ 1188 | صك أر شيك على بياض  ‎_check‏
نافذ . درفة الشباك-يعتم ررقة بيضاء فى كتاب ‎__leaf‏
‏المكفوفون الإكتفاء ‎blanket (n.v.ady) the blind‏
فقد البصر . جهل ‎١ blindness (n.)‏ حرام . بطانية-يغطى . يشوش-شامل
ينفخ . يقدد بالدخان ‎bloat(v.)‏ | بصراحة ‎blankly (adv.)‏
متفخ . رارم ‎١ bloated (ad).)‏ يكذب.يسب ‎blaspheme (v.)‏
كليشية . حاجز . ‎WS‏ خشبية . مبنى كافر (.0) ‎blasphemer‏
‏ضخم-يحجز ‎R e‏ كقرى ‎blasphemous (adj.)‏
طباعة بالكلية ‎printing‏ - | كنر ‎blasphemy (n.)‏
لقطاعات إعلامية 921000030000 | ‎G‏ اتفجار-ييصف يف )( فقأ
حصار يحاصر ‎DKL)‏ | زملة لهب غرة-يشعل  ‎blaze (nv)‏
‎blockhead (n.)‏
جهنم للى ‎blazing fire,the‏
الأحمق ‏ شخص صلب الرأس فقاعة . نقطة . بثرة ‎bleb (n.)‏
‎Gy~‏ منفصلة 0 ‎B block letter (n.)‏
بلوكنوت . مفكرة ) | ‎Sy‏ نا الفائض . فائض ‎bleed (vnadj)‏
قصير بدين ‎blockly (adj.)‏ تزيف . نزف ‎bleeding (n.)‏
أشقر الأشقر 1 ‎(adjin)‏ فووزو | = رم متهما
‎blemishless adj <% | blonde (adjn)‏
أعل دم قتل ‎oA e‏ يري ‎pood‏ | يخلط ممزج-خليط . توليفة ‎blend (vn)‏"	al-shamil-dictionary
75	"يمخط ينف ‎١ blow the nose‏ بنك الدم ‎__bank‏
ينسف ينفجر ‎blowup‏ | مجزرة رهيية . حمام الدم _-_
منتفخ . مرهق ‎blown (adi)‏ | عد كرات الدم 0 _-_
أزرق . شىء أزرق . يزرق 2.7.زفة ‎blue‏ | المتبرع بالدم 0067
‎blue print (n.)‏ | فصيلة الدم 0 _-_
تصميم هندى مطبوع طباعة درجة حرارة الإنسان الطبيعية ‏ 0684 _-
الرسوم الخرائط ‎—mobile‏
يخدع . خدام . شديد التحدر (.[8.0.+) 1015 | سارة الدم السيارة لجمع الدم من التبرعينا
عديم الحس يثلم . يجعله غير ‎blunt adj b‏ 04 _
بخشونة ‎blunthy (adv.)‏ | كلب سلوى شخص محب الداء
البلد ‎bluntness (n.)‏ | دية دية القيل ‎__money‏
‎blushiat (v.nadj.)‏ | بلازما الدم ‎__plasma‏
يحمر وجهه خجلا إحمرار الوجه . متورد مجدد للدم ‎__regenerator‏
خجول وردى ‎blushfull (adj.)‏ | صلة الدم ‎relation‏ _
‎blusher (v.n.)‏ | ذر دم ‎blooded (adj.)‏
تعصف(الريح تهدد تهديد عاصفة سفك الدم إراقة الدماء )( ‎bloodshed‏
‎board(nv.)‏ | دمرى ‎bloody (adj.)‏
لرح لوح . مجلس لجنة يغطى بالإصلاح زهرة . تنور يزهر ‎bloom (n..)‏
مجلس الإدارة  ‎board of directors‏ | شباب مزهر شخص بالغ ‎bloomer (n.)‏
‎boarded (adj)‏ | مزهر أضر ‎blooming (adj.)‏
ملوح . مخشب . أكل نايم بالأجرة بقعة . لوثة . عار -يلوث ‎blot (n.v.)‏
نزيل بالآجرة ‎boarder (n.)‏ | يشطب بمحر . يقتل ‎blot out (v.)‏
مدرسة داخلية ‎boarding school (n)‏ | نشافة الحبر ‎bloter (n.)‏
يتباهى يتفاخر ب ‎boast,of(v.)‏ | ررق نشاف ‎blotting paper (n.)‏
منبه متفاخر ‎boastful (adj)‏ | بلوزة ‎blouse (n.)‏
مباهاة تفاخر ‎boasting (n.)‏ | خبطة . ضرية-يتمخ-يعصف (.م) ‎blow‏
بتفاخر ‎boastfully (adv.)‏ | يطفى بالنفخ ‎blow out‏"	al-shamil-dictionary
76	"عبد رقيق ‎bondman (n.)‏ | تارب ‎boat (n.)‏
الكافل . الضامن عبد ‎bondsman(n)‏ | نزهة فى زورق ‎boating (n.)‏
‎bob (v.n.) “and I testify that Mohammed‏
‎gl | isHis-andMessenger”‏ هزة رأس.نمايل أرجوحة
إشهد أن محمد عبده ورسوله جسم يجد ‎body (n.v.)‏
أمة جارية ‎bondwoman (n.)‏ | حرس.حاشية ‎bodyguard‏
عظم عاج . زهر الطاولة-يدرس غليان يقلى ‎boil (n.v.)‏
عظم . ينزع العظم ‎(nv.)‏ 5006 | دست . قزان غلاية ‎boiler (n.)‏
رنين الجرس . يرن . يقرع ‎bong(nu)‏ | غليان ‎boiling (n.)‏
فلنسوة يزود بغطاء واق ‎bonnet (n.v.)‏ جرىء شجاع ‎bold (adj.)‏
وسيم جميل 1 ‎bonny (adj.)‏ | قليل الحياء ‎bold faced (adj.)‏
‎bonnie (adji)‏ | بوقاحة-باحترام ‎boldly (adj.)‏ _
شىء إضافى . علارة للموظفين ربع )1( 00005 | وقاحة . جسارة ‎boldness (n.)‏
معظم . كثير العظم . عظمى ‎bony(adj)‏ | لوزة القطن ‎boli (n.)‏
بليد . أحمق ‎booby (adj.)‏ | دودة اللوز القطن ‎bollwarm (n.)‏
الكتاب القرآن ‎BookThe oy SO‏ | بلشفى شخص معب السين
كتاب . بحجز مقدما ‎book (v.n)‏ | المعاملة متطرف ‎bolshy (adj.n.)‏
الصحف الأولى ‎the Earliest Books‏ | مخدة وسادة-يسند ‎bolster (n.v.)‏
صحف موسي ‎bolt (n.v.adj.) the Books of Moses‏
تجليد الكتب ‎bookbinding (n.)‏ | صاعقة مار قلاووظ صمولة
تصنيف الكتب ‎bookclassification (n.)‏ ترأس . ينطلق . يثبت
عرض الكتب ‎book display (n.)‏ | منخل . غربال ‎bolter (n.)‏
معرض الكتب ‎book fair (n.)‏ | قبلة يقذف بالقنابل ‎bomb (n.v.)‏
محب للكتب رمطالعتها (.[24) ‎bookish‏ | عبد . قيد ‏ وثاقة ‏ يتماسك ‎bond (nv.)‏
كاتب حسابات ‎bookkeeper (n.)‏ | عبودية استرقاق ) )00086
مك الدائر ‎bookkeeping (n.)‏ | العبودية لله ‎Allah‏ 0 _-_
‎S‏ صغير . كتيب ‎booklet (n.)‏ | أمة جارية ) ‎bondmaid (n‏"	al-shamil-dictionary
77	"يضايق . يربك - قلق ‎bookmobile (n.) bother (v.n.)‏
زجاجة . يعبئ فى رجاجات .2) ‎١ bottle‏ المكتبة السيارة المكتبة المنقلة
معبى فى زجاجات  ‎bottled(adi)‏ | نعمة ‎boon (n.)‏
‎bottleneck (n.adj.v.)‏ | بوت حذاه حذاء عالى الساق ‎boot (n.v.)‏
الختنق-نقطة ازدحام فى طريق رفسة - يرفس . يطرد ينتعل
ضيق -يعرق مساح الأحذية ‎bootblack (n.)‏
‎(nadj.v.)‏ 00000 | عشة مظلة (م) ‎booth‏
قاع أسفل-الادنى.أساسى-يسبر له رباط جزمة ‎boot-lace (n.)‏
غور ‏ بجمل له مقعد ييل قرار الشىه غيمة ‎booty (n.)‏
لا أساس له ‎bottomless (adj.)‏ | سكر- يسكر بشدة يثمل ‎(n.v.)‏ 50028
‎١ bottomry (n.)‏ سكران ‎boozy (adj.)‏
مستند يقرض بحرى على رهن السيئة حد . تخم - يتاخم . حاذى ‎border (nv.)‏
‎١ botulism (n.)‏ أحد مكان الحدر ‎borderer (n.)‏
تسمم نانج عن تناول لحم أر سمك فاسلين ‎bore past of bear‏
‎boudoir (n.)‏ | يثقب . يضجر لقب . شخص ثقيل
البدوار مخدع السيدة أر حجرة ‎(G‏ يثقب - ثقب ‎bore (v.n.)‏
غصن . فرع شجرة ‎bough(n)‏ | شمال ‎boreal (adj.)‏
اشترى . مشترى ‎bom adj 54y | boughtpastpastpartofbuy‏
شمعة ‎of bear bougie (n.)‏ م.م ‎born‏
مرقة حساء ‎borrow (v.) iy | bouillon (n.)‏
‎oulder (n)‏ | رئيس.شخص بارز ‎boss (n.)‏
الجمود صخرة سائب أو مستدير نزاع إلى السيطرة ‎bossy adj 3k‏
يفعل الما نبات . مختص بعلم ‎botanic adj oAl‏
‎boulevard (n.)‏ | علم الهبات ‎botany (n.)‏
شارع شع على مجانية ‎Sl‏ قرحة . ورم-رقعة . برقع 0 ‎(nv.)‏ 0160ط
انقلاب . أصطراب تشريش  ‎both (adj.pron.adv.conj.) bouleversement (n.)‏
يبت فجأة ‏ ضربة قوية مفاجى+ كلاهما كلا-كلنا- على حد سواء معا"	al-shamil-dictionary
78	"bounce )7.8.307.( حيوية حماس . نجاة | boUSE (m.v.)
bouncer (n.) شراب مسكر مرح-بشرب الخمر الكذاب الفشار
bouncily adv بمرح . بحماس بحيوية ١ bout(n) مرة دورة نوبة
bouncing adj ‏عتليء الم نشيط | boutique (n.)
bound past ‏م.م‎ of bind السلع الخاصة o دكان بخاصة
By ‏متجة نحو . مكبل مصاب (@l بالنساء
‎bound (adj.n.v.) bovid adj بقرى
‏مجلد.وثبة.قفزة-‎ | bovine (adj.n.) بقرى . بليد-ثور‎
يقيد . يثب . يقفز . تاخم bow (v.n.)
boundary (n.) ‏حداتخم‎ Gt يركم . يذعن ينحنى‎
Allah’s Boundaries ركوع . انحناءة مقدمة السفينة أر حدود الله
bounden adj الطائرة . فيونكة . قوس الكمان ملازم . إلزام . ضرورى
boundless adj لإ حد ل غير محدود | bOWer (1) راكم
‎bounteous adj . bowing (n.) الركوع . ركعة
‏ا‎ 27T | نا
‎bountifully (adv.)}r,g_. أخراج الأمعاء أو الاحشاء يبقر البطن بجود بسخاء
bountifulness (n.) ‏أمماء أحشاء )1( 00815 | جود سخاء ففل كر يا
bounty (n.) مساعدة مالية . جائزة | bower(nv.)
كوخ ريفى . منزل صيفى . تعريشة منحة حكومية
bouquet (n.)  ىذش‎ . فى بستان يعرش باقة أزهار . عبير
"" bourgeois udj bowery (adj.v.)
ذر تعايش . ظليل . مزرعة شارع المتشردين من الطبقة المتوسطة من الناس
البوفن : سمك نهرى أمريكى )1( 50058 بخاصة : التاجر
00/1 800( ‏هدف.غدير‎  مخت‎ 1 bowl (n.v.) سلطانية مدرج الالعاب لزيافية‎
bourse (n.) بورصة . سوق مالية (ol ينطق فى عرية  بشده مفاجأة
bouse (v.) برقع بكرة جبال | boWine(n)  عارشلا حبل القلوع أو
| bowman (n.) 0 ‏رامى البال أر السهام"	al-shamil-dictionary
79	"كابول . دعامة للحائط ‎brackets (nv.)‏ | قاب فوسي ‎bowshot (adj.)‏
علامة ‎kit‏ القرآن ‎brackets O‏ | وتر القوس ‎bowstring (n.)‏
اجاج . مالح ‎box (n.v.) brackish adj S5‏
ملوحة ‎brackishness (n.)‏ | صندوق علبة . ورطة . لوج لكمة
القناة ورقة فى قاعدة زهرة ‎bract (n.)‏ لكم ‎e‏ أر يضع فى
‎brad (n.v.)‏ صندوق.يلاكم
ممار بدون رأس-بثبت بمسمار فى حيرة واحدة _ ‎in the same‏
بدون راس ‎boxer (n.) Sh‏
تأخر الولادة ‎bradytocia (n.)‏ | ملاكمة ‎boxing (n.)‏
يتفاخر ب-تفاخر-رائع ‎brag (vnadj)‏ | خشب البقس ‎boxwood (n.)‏
المتفاخر . المعجب بنفسه ‎braggadoci (n.)‏ | صى.غلام ‎boy (n.)‏
المبالغ . فشار ‎braggart (n.adj)‏ | فى كشاف ‎scout‏ __
البجع ‎boycott (v.n.) bragger (n.)‏
الباهاما معبود الهندوس الأول (8) ‎Brahma‏ | يقاطع شخصا او شركة)-مقاطعة
‎boyfriend (n.) braid (v.n.)‏
يجدل يضفر . بمزج-جديلة . ضفيرة خليل صديق . رفينى لفتاة أو امرأة
طريقة بريل للكتابة للمكفوفين ‎brailte (n.)‏ | قترة الصبا ‎boyhood (n.)‏
مخ . عقل يضرب على الرأس  ‎e ١ 08800 (nv)‏ ز4ه ‎boyish‏
أحمق . أبلة ‎boy scout (n.) brainless (adj.)‏
جمجمة ‎١ brainpan (n.)‏ الكشاف عضو فى منظمة ‎LS‏
ضعيف الذاكرة ‎١ brainsick (adj.)‏ يتشاحن مشاحنة ‎brabble (v.n.)‏
ذكر سريع الفهم ‎brace (n.v.) brainy (adj.)‏
يس ‎braise (v)‏ | زوج دعامة الخاصرة العلامة فى
فرملة . فرمل ‎brake (n.v.)‏ الكتابة اللفاف . رباط . طوق
عليق-يجمع اللبق ‏ )1( ‎bramble‏ | سوار قيد لليدين ‎bracelet (n.)‏
كثبر العليق . شائك  ‎brambly (adj)‏ | حمالة لرفع البنطلون ‎braces (n.)‏
‎(n) U‏ 0 | منشط . مقوى . منعش  ‎barcing (adj)‏"	al-shamil-dictionary
80	"بشجاعة بآلة  ‎bravely (advin)‏ | غصن شعية ع بتع . يشب )1( ‎branch‏
شجاعة بالة شعب الأمان ‎_of Iman‏
‎bravo(ny.)‏ | مكنبة فرعية ‎__library‏
هتاف إستحسان قاتل «مؤجرة- متفرع ذر ريع ‎branched (adi)‏
يتحن خيشوم السمك ‎branchia (n.)‏
مشاجرة-يتشاجر ‎branchial adj st | brawl (nv.)‏
مشاغب-مخاصم ‎brawler (n.)‏ | غصن صغير ‎branchlet (adj.)‏
‎s | brawn(n)‏ الأمان ‎branchy (adj.)‏
عضلات قوية.قوة عضلية لحم ماركة . علامة تجارية .
الخنزير ‎Byl‏ محفوظات ‎brand (n.v.)‏
‎o‏ قرى قاس )( 0007 | ‎e‏ وصمة المارسيطيع على
يتهق يسخن الهان تهيق 89090000 | تح لاييحى
يقسي يكسو أو يلم بالجناس (00 9836 | ‎gy‏ بهد طريع 8 ‎brandish‏
‏. وقح-يراجه بتحدى ‎brazen (adj-v.)‏ .
قليل ألياه وقح اسح ملسي
بصفاقة . بوقاحة ‎brazenly (adv.)‏ كياك م ‎brandy‏
موقد كانون ‎brazier (n.)‏ فم ‎brash‏
‎(VU R‏ سرض عاصفة أو وابل من
خرق لقانون كر . صدع- يحدث المطر هس متهور
صدعا ينقض نحاس أصفر . وقاحة-تحاسى ‎brass (n.adj.)‏
خيز طعام )( ‎brassily adv | bread‏
طحين يز ‎n)‏ قوعم ‎brassiness (n.) 65 ١‏
‎b o i o‏ آنية تحاسية ‎brassware‏
‎brassy adj o~ breadthways (adv.)‏
بالعرض ‎dhwise adv Jor‏ | مريلة-طفل مزعج-منذر 0 ‎bratn)‏
‏| تبجع تظاهر بالشجاعة ‏ (م) ‎bravado‏
يقطع ‎K.‏ سنقص . يخالف شجاع أنيز . يتحدى-يتجرا ‎brave(adjv)‏
‎S‏ . نافذة . ‎i‏ فترة راحة"	al-shamil-dictionary
81	"break away بهرب تملص ١ breast(van)
__bulk يواجه . يقاوم -صدر تدى . مقدم الشى+ يفرع شحنة
__down ‏يتلم إلى يهدم | 1o make clean breast of
—Jaith يعترف بكل شىء ينقض العهد
_forth ‏يزغ يندنع يظهر | breastbone (n.) عظم النقص
_in يخضع . يقاطع | breastpin(n.) - دبوس صدر بروش
__loose iy | breastplate (n.) طوق الصدر . درع الصدر
__the news يلم الخبر تدريجيا | breastwork () متراس
‎__of day dawn طلوع النهار | breath (n) تنفس نفس . نسمة . همس . روح
‏ينهى يفصل لـ | abreathof air السمة
‎— wind أخرج ريح | outof breath لاهث . il مقطع
‎breakable adj قابل للكر‎ | breathe (1) يتنافس . يحي . يسترد أنقاسه‎
breakage (n ) كر | breathe one’s last الأخير i يلفظ
‎breakaway (n.adj) إنفصال عن . متفصل | 50200163 adf مقطع النفس نيت لاهث
breakdown (n.) bred past p.p of breed مهذب

كفل . ردف . مؤخرة البندقية ‎breech (n.)‏ اتبيار عصبى أو جدى-تعطل

ينطلون نصير الركب الحيل ‎breeches (n.)‏ لال عن العمل

) 0 رما قم ‎breakfast (n.v,)‏
�لنبات نسل . ذرية خطر إلى أبعد >4 ‎breakneck (adj)‏
تربية تهذيب )( .د عالت ع ‎breakout (n)‏
‎breakthrough (n.) breeze (n.v.)‏

يسر . سهولة , إشاعة . مشاجرة يهب اختراق الحصون العدو-تقدم

النسيم . ينطلق بسرعة مفاجئ فى المعركة

بإبتهاج بمرح ‎breczily (adv.)‏ | رصيف لجل ‎=S‏ البراقع ‎breakwater (n.)‏
مرح ‎pg‏ كثير النسمات ‎breery (adi)‏ | أبرافيس سمك تهرى 0 ‎bream (n.)‏"	al-shamil-dictionary
82	"brethren )8( 0 ‏اخوة-أشقاء خوان | bridal adin زواجي . زيجى . زفاف . S0
the Muslim __ الأوان المسلمين __money مهر
‎breve (n.) bride (n.) عروس . عروس
G5 ترضع M القيصرة علاسة‎ | bridecake (n) o ‏كمكة‎
حرف علة دلالة على أنه غير ممدود bridegroom (n.) عريس
‎5:6061 (1) البراءة الفخرية-برقع فريا | Dridwell(n) إصلاحية
‎breviary ‏مرجز كاب صلوات  ة)‎ | 0886 (M)
breviped (n.adj.) قنطرة . جسر . كويرى . يقيم كبرى
آجر طائر قصير الرجلين قصير الرجلين
brevipennate ‏ززفة)‎ bkt سير | 0 (M) ‏لجام-يلجم يكبح
brevity (n.) إيجار تمر | 0900018
0:20 (1) o ‏يخم ر-شراب‎ S طريق لراكبى الخيل المشاة يحدث
brewage (1) i 2. i سل
‎brewer () 21 ‏امكايد أو i 1) موجز . مذكرة . خلاصة-أمر القضائي صانم‎
brewery (n.) 1 رسالة بابوية-بوجز . بلخص‎ .
rehouse (n.) معمل البيرا | briefcase (n.)
bbe(vR) 0 محفظة جلدية النقل الأوراق الوثائق يوشو يرشى-رشوة‎
bribee (n.) المنشىء آخذ الرشوة | Brier(n) عليق . ورد برى
briber (1) 0 سفينة شراعية بصاريين جمر- سجن 998081 | الرأى مقدم الرشوة
bribery () ‏مف | رمن‎
bric-abrac (n) il ‏فرفة جنود لواء-بشكل لواه ينظم نحف قديمة
brick (n.adj.v.) b’fga‘fi"" (n.) }u قائد لوا‎
‏طوب.ترنيد‎ s | 0800 gl n)
قاطع الطريق أ السبيل لص (08 28388 | تربيدىدينى بالطوب
brickbat (n.) brigandage (n.) ‏غزو-نهب . قطع الطرق
جزء من طوبة دقشومة نقد لاقع‎ | DIBENOINE () 2
brick-kiln (n.) ‏قمينة طوب brigand (n.) قطع الطريق أو السبيل
brickle adj مركب شراع بصاريين )1( 0508300008 | سريع الأنكسار"	al-shamil-dictionary
83	"يظهر . يكشف . يخرج ‎bright (adj.adv.) _out‏
يستميل . يجتذب 0# | ساطع مشرقدزاة ميته صاف
يشفى . ينعش . ينب ‎round‏ — على نحو نير
يرى ‎up‏ | . يسطع يشرق ‎brighten (n.)‏
ملوحة ‎brininess (n.)‏ | بهاء بلمعان إضاءة  ‎brightly (adv.)‏
حافة حرف . )( ‎brink‏ | لمان . بهاء ذكاء ‎brightness (n.)‏
مالح . البحر ‎briny (adj.n.)‏ | مرض البول الزلزال ‎Bright's discase (n.)‏
اندفاع حيوية ‎brio (n)‏ | الزيل سمك أوددبى ‎brill (n.)‏
سس قم ‎O‏ | تاو عي 1 ‎(n)‏ ممستاه
نشيط . خفيف . سريع الحركة قوى )( ‎brilliancy‏

النهكة-ينشط . يبعش ‎brilliant (adj.n.)‏
الحم صدر الحيوان صدر الحيوان )1( ‎brisket‏ | متألق . باسم-متألق - متقد الذكاء

brilliantine (n.) .y ‏قاش قل 6 آر | bristle (n.v.)

أهلب شعر خحشن كشمر الخنزير مستحضر لتلميع الشعر

ينتصب بخشونة . يزرد بالهلب حرف . حانة يزع يطقع ‏ رم ‎brim‏
‎o‏ الشعر ‎(adj.)‏ بيبا ‎g i‏ سا رهم ااقستط
ررق مقرى صقيل ‎brimming adj bristol (n.)‏
إنجلترا بريطانيا ‎Britain‏ | معدن الكبريت ).( ‎brimstone‏
اللغة البريطانية  ‎b, | BritishEnglish(n)‏ مخطط } ‎brinded (adj.)‏
هش . سريع الانكسار زائل ‎brindled adj brittle (ad)‏
هشاشة سرعة الانكسار ‎brittleness (n.)‏ | محلول ملحى ميا الدموع . ‎brine (n.v.)‏
‎ol 3‏ . إيزيم . قية كنيسة . ‎broach (n.v.)‏ ينقع أو يشيع بماء شديد الملوحة

بروش دبرس للزينة-يثقب يدا يجلب . يحضر . يجبر . يحمل ‎bring (v.)‏

-- 100102 back ‏م1‎ live يفتح i
‏عله الله من بعد الموت | broad adi  ضيرع فسيح . واسع
__forth يحدث شر.يبب‎ | classification تصنيف واسع
__forward يقدم ديليلا g | sheer تصنيف واسع"	al-shamil-dictionary
84	"_term LU ورقة منفصلة | bronzed adj
broadest (vm.adj) ‏منحس . محمر بحرارة الشمس ينشر . يذبع إذاعة
‏الصرت برنامج إناعى . راسع الإنتشار brood (n.v.)  راغص‎ . نوع . فصيلة . تسل‎
broadcloth (n.) الطيور يتأمل . يفكر . يفقس اللي قماش جرخ‎
broaden (v.) ‏بوسع يعرض | brooder Al فرخة صناعية
broad-minded adj واسع أفق التفكير | brook (n.v.)
brocade (n.v.} غدير . جدول ماء يتحمل . يطيق قماش مقصب أر مطرز
‏استبرق- يقصب.يطرز‎ ١ brooklet )
إنو (vn) جدول ماء صغير ساقي صغيرة يسخن بشوى.يتشاجر- شاهد شجار
000018 () ‏مشواة.الشراء نهار نائظ.الشاغب‎ | s
broke past of break P I s
brokenppofbreak ‏سريت‎ o
o قاس بل الصحة ملي | e ) ‏اطن‎ e
_hearted  رطاخلا اع . صديق حميم . مران + مكتب مكسور
broker (n.) راهب . رفاق السلاح إسمرار وسيط
brokerage (n.) 1 . s أخوة إخاء.رهية | (8) مسي
brokage (n.) ‏عمولة.سمسرة‎ | establishaboundof . sT
bronchial adj مخض بالشعب , ez | 101061012
__asthma ‏أرمة تربوية شعبية <Y آخر الزرج أر الزرجة زرج‎
bronchitis (n.) brotherly adjadv  آيوا . ‏أخوى‎
النهاب الشعب الهوائية gy | 000800 0880 01 0808 أحضر . جلب
broncholith (n.) —Jorward تابع ما قبله
حاجب العين جبين ملاح 9009081 | وجود حصوة بالشعب الشهوانية
bronchorrhagia (n.) 10 knitoné's brows o ‏يقطب‎
‎g أحمر داكن بنى )@( 0090 | نزيف بالشعب
bronze (n.) s  ةرشبلا أسمر
برنز مزيج من النحاس القصدير brownie (n.) ‏اجن . خبال رهمى‎"	al-shamil-dictionary
85	"بهيمة وحش . شرس . وحشى ‎(madi)‏ 89018 | ضارب إلى السمرة-مسمر ‎brownish (adj.)‏
بهيمى . وحشى . ‎iyl‏ (.24) 0011550 | مرعى . أعشاب يرعى يكلا ‎browse (n.v.)‏
علم ‎bryology (n.) eJ\f-U‘‏ | قراءة امتطلاعية ‎browsing reading (n.)‏
‎BSc.""bachelor of Science” ’‏ | لل ‎bruin (n.)‏
بكالوريوس علوم ‎bruise (adj.)‏
صني ولد صغيرأو لا فلا | ‎iy‏ خدش الإحساس أو الشعور
خمر من نوع البيرة ‎b‏ بخدث
بقلولة . فقاعة ماء . خدعة . ‎o tﬂ.fﬂ#v‘# bubbel (n.v.)‏
غرور يغعلى ييفبى يفغر يخدع رن ‎(adi)‏ لم
‎ading‏ جم زوين | سحة حجر أ مدقة للسحن )5001580
مكار مخادع . ‎G‏ فوار ‎bruit (n.v.)‏
فقاعى فوار شامبانيا ‎by (adin)‏ ضوضاء لفط إشاعة ينشر إشاعة
لم وجني متعلق بالونة ‎buceal (adi)‏ رجل أسمر أسمر ‎brunet (n.adj.)‏
‎i | buccaneer (n)‏ سمراء ‎brunette (adj.)‏
قرصان-مغامرة فى السياسة أو التجارة صدمة خبطة , لطمة ‎brunt (n.)‏
‎(i35 | buck (mv.) b‏ شعر ‎oo‏ (000) 5090
شاب طائش يشب الفرس يقام منارة يستخدم فرشاة يس
‎brushing (n.) bucket (n.v.)‏
جردل دلو-برقع أو يحمل بذلو يدقع ‎S‏ تنفيض . تنظيف بالفرشاة
) نمع تلن | أغصان مقطعة (م) ‎brushwood‏
مقعد لشخص واحد يطرى كثير الشعر خشن زفه ‎brushy‏
آلام يستعمل فى الفراك عي سرع ‎brusque adj B‏
متعاجب بنفه مدقع ‎brusk adj buckish (adi)‏
ابزيم يشد الإبزيم  ‎ke | buckle (nv)‏ رحشى . غير عاقل (.641) ‎brutal‏
درقة ترس . يحمى . يداقع عن ‎١ buckler (. V)‏ بهيمية وحشية ‎brutality (n.)‏
‎brualize (v.)‏
يعامل بوحشية بتوحش , يصبع كالرحش"	al-shamil-dictionary
86	"ملوم . ملكوم مصدر ‎buckram (n.) buffeted (adj.)‏
المهرج . الضحك ‎buffoon (n.)‏ | مشمع.قماش خشن للشبطين
هزال . مزاج . تهريج ‏ )1( ‎١ buffoonery‏ ونيد الكتب
بقة بق . حشرة-يقل . يزعج . ‎bug (ny.)‏ | منشار يدرى ‎bucksaw (n.)‏
شخص مخبول بقشيش . مجان  ‎buckshee (n.adj.)‏
‎bugaboo (n.) 1‏ | سن ثاكة من ‎bl‏ القم ثم ‎bucktooth‏
‎bugbear (n.)‏ | ديفى . رعرى- فلاح راعى ‎bucolic (adj.n.)‏
عفريت . شىء مخيف . غول . بعبع ‎bud (n.v.)‏
شخص تافة اللوطى 0 ‎bugger(n)‏ | برعم شىء أر شخص غير ناج برعم
لواط ‎١ buggery (n.)‏ البوذية ‎Buddhism (n.)‏
‎budding (adj.n.) buggy (n.adj.)‏
عربة صغيرة رحيدة المقعد يجرها بارر . ناتئ-تفريخ . تبرعم
جواد . ملآن ‎G‏ الحشرات تحرك . تزجزح يحرك 0 ‎budge (vn)‏
مخبول . مستشفى المجاذيب ‎budget (n.v.) mughouse (adjin.)‏
فير . بوق . ينفخ فى بورق ‎bugle(nv)‏ | ميزانية . جملة . كيس -يضع ميزانية
بواق . ارب التنفير ‎bugler (n.)‏ | دفر الميزانية ‎—_book‏
حشيشة لسان الثور (.) ‎bugloss‏ | متعلق بالميزانية ات نا
يشيد , يينى بنية . أسوب  ‎build (nv.)‏ واضع ‎budgeteer (n.) 1 ki‏
بناء مشيد ‎budgeter (n.) builder (n.)‏
مبنى . عمارة ‎١ building (n.)‏ لون أصفر جلد ‎buff AN‏
‎built past,p.p of build‏ سترة عسكرية من جلد الجاموس
بصلة ‎١ pulb(n)  خفتتملا.ءون ol‏ لعية الإستمرارية ‎blindman's_‏
الجزء الأمامى من الصباح جامرس . يربك . يرهب  ‎buffalo (n.v.)‏
الكهربائي مصباح كهربائي الصاقل . المصيد ‎buffer (n.)‏
متوهج الخضيراء مخفف الصدمة فى سيارة أو قطار
يصلى الشكل ذر بملا ‎bulbous (adj)‏ | بوفية ‎i‏ مقصف.صفعة
‎bulbul(n) S‏ المضا� سس لا"	al-shamil-dictionary
87	"لا يخترقه الرصاص ‎Bulgar (n.adj.) 1 bulletproof (adj.)‏
مصارعة الثيران ‎Bulgarian (n.adj.) bullfight (n.)‏
عصفور بصدر احمر (8) 00115000 ‎١‏ البلغارى أحد أبناء بلغاريا-بلغاريا
‎gl‏ مرتفع انتفاخ . ورم , بطن البرميل ‎bulge (mv.)‏
ذكر الضقدع ‎bullfrog (n.)‏ ينتفخ . تورم
سمك له رأس كبر (8) 0008800 | متفخ . متررم 1 ‎bulgy (adj.)‏
الأحمق العنيد ‎bulged (adj.)‏
) | ضخامة حجمجيلة 0 زتيم ‎Bulk‏
سبيكة ذهب ‎()t‏ وتان ‎١‏ سالباء غير محزم ل""
‎g o -‏ ضخامة . حجم كبير 0 ‎bulkiness (n.)‏
‎bullsh adi _,..u_;‏ ضخم حجم كير ‎bulky (adi)‏
- ثور . بالمضارة بالبورصة ‎bull (n.adjv.)‏
غليظ الرقبة قصيرا ‎bulineck (adj.)‏ مشتر بالبورصة بيان بابوى-
ثور ‎bullock (n.) e‏ شبيه بالثور ضخم-يتبجع
معتقل مؤقت . زريبة ثيران )1( ‎bulldog (n.adj.) bullpen‏
حلبة مصارعة ‎ol‏ (.0011008)8 | كلب ) كير ‎Ak iy‏
عين الثرر . نقطة الهدف . ‎bull’s - eye (n.)‏ وأرجل قصيرة فرى جرئ
علامة البشمان ضخم الرأس قصير الشعر
المشاغب حامى العاهرات ‎bully (nv.)‏ مسدس قصير الماسورة
يستثمر يخوف يرهب ‎bulldoze (v.)‏
جدا إلى حد بعيد ‎bully (adv.ad))‏ | تراكتور ‎G4‏ الطرق 0 ‎bulldozer (n.)‏
حسن برافو . عصبجى رصاصة . كرة حديدية . صغيرة ‎bullet (n.)‏
الحم بقر معلب ‎bully beef (n)‏ | ذو رأس مدور الأحمق )1( ‎bullethead‏
نبات الحلفاء . بردى (م) ‎bulrush‏ | بلاغ تقرير رمي )1( ‎bulletin‏
سمك بلطى سمك تيلئ ‏ )1( ‎bulti‏ نشرة دورية-يعلن بلاغ !
منراس . حصن يحصن  ‎bulletin board (n.) BUIWATK (1.1.) e‏
لوحة البيانات أو البلاغات لوحة الإعلانات"	al-shamil-dictionary
88	"Bul 86 Bug
bum (nv.adi)  فدر عجز . الإليتان.‎ | bungalow (m) | بيت هندى سكن أرضى
‏يتسكم -ردئئ‎ e بيت من طابق واحد بخاصة فى مرح . طنين-يطن‎
bumble-bee (n.) الريف ار على شاطئ البحر نحلة كبيرة ديوز كير
bumboat (n.) bunghole فتحة البربيجل
L | رم عاو‎ i غير
وبيعها على SN قارب قل | 082 0800( e عمل
السفن الرأسية فى الميناء ung 6 0 حرق . ملفق عامل غير بارع
bummer adi كسول غير مثقن حيبت شاب عاطل أو كسول
bunion (n.
bump (v.n.) يضرب . يصدم . يخبط
الكيس الزلزال لمفاصل أيها القدم ا‎ A
13 gt صلعة (i G )
قر يم - bunk (V.0) -l ‏يزرد بسرير ميت أر ينام
bumper (n.adj.v.) ‏ا كاس مملوء أما
e معلف أمد s سرير بيت فى قطار آر
‏د يارة-فزير جداء يع يملأ bunker (vn) et ‏يوق فى
LS ١
bumpkin (n.) ‏ا 7 ا‎
جرى عقبة
‏2ح لد شخص شديد الحياء لدرجة الإرتباك
o ١ غرفة محصنة تحت الأرض
حب adj مغرور معجب بنفسه bunko (v.) 1
bumptiousness (n.) 37 ١ bunco ()
bumpy ads ‏يفش فى أوراق اليانصيب أو ورق اللعب وعر غير مستو
508 () ‏أونب - متجاوب | نوع من الكم أو
50860 (nw) يضرب الكرة برفق . ينطع - روريم يوون | سنام  نتوه.عنقود حزمة
bunchy adj ‏.شبك‎ sl مرض يصيب القمح متفخ كثبر‎
bunco (v.) ‏يخاع سلب | buning(n) 0 طائر قماش الرايات
buncombe (n.) تبجح . هراء | buoy (nv) عوامة لإنقاذ السفن يعرم‎
bundle (1) ثبت حزمة . ربطة-بحزم  يريط‎ toty Gl يجعله
‎bung (n.v.) سدادة لثقب البرميل-يسد.‎ buoyance (n.) Ui قابلية الطفر فى
مرح ابتهاج بصرب بقوة"	al-shamil-dictionary
89	"يغطس . يقتل ‎buoyant adj burke (1) i Gt‏
خيش لحزم الآلات ‎١ burlap n)‏ قابل للطفو عائم . مرح مبنهع بيج
‎burlesque (nadiv.)‏ | بروز نتوء.عقدة ).1( ‎bursburr‏
سخرية . مجون-هزلى- يهزأ من يلرلر -ثبقبق - لرثرة-بقبقة  ‎burble (van)‏
تيل مضحك ‎burlenta(a.)‏ | سمك نهرى ‎burbot (n.)‏
مشوش.صياح ‎burly (adi)‏ | حمل عب-يثقل . يرهق ‎burden (nv)‏
كى حرق . نبع يشعل ‏ بحر (8.0) 0000 | مرهق ثقيل ‎burdensome (adj.)‏
قابل للاشتعال ‎burnable (adj.)‏ | محل الشغل . منضدة للكتابة ‎bureau (n.)‏
فتيلة المصباح ‎burner (n.)‏ دائرة رسمية
احتراق اشنفال-ملتهب . مفد ‎buming (n.adj.)‏ | حكومة استبدادية ‎bureaucracy (n.)‏
لمعة بريق-يصقل . يلمع )( ‎bumish‏ | أنبوبة مدرجة ‎burette (n.)‏
اداة للصفل . جلاء 0 ‎bumisher(n)‏ | يزهر يبرعم-برعم 080 ‎burgeon‏
‏كبوت . برنس 1 ‎burnoose (n.)‏ | بلدة متمتعة بحكم ذاتى ‎buzgh (n.)‏
‎burnous (n.)‏ | نانب عن مقاطعة فى ‎burgher (n.) (i3‏
حرق محترق ‎bumtp.pof bum‏ | > . لص ‎burglar (n.)‏
حمار صغير ‎burro(n,)‏ | سطرى ‎burglarious (adj.)‏
بحر ‎b‏ جحر يتب ‎bumow (mv)‏ | بطر ‎burglarize (v.)‏
أمين صندق ‎burglary (n.) Jai | bursar(n.)‏
يتألم . ينفجر يفجر . ‎burst(vn)‏ | يطو للرقبة ‎burgle (v.)‏
يظهر إنفجار . تجارة مسألة عمدة بلا شيخ يلد (00) ‎burgomaster‏ |
‎Sy‏ يذرف الدمع 700016075 - | خوذة خفيفة ‎burgonet (n.)‏
يدفن . يخفى ‎UY(V)‏ | عصيدة.هريسة ‎burgoo‏
يد ‎burgundy () 16 __ somebody alive‏
ل اله ‎B‏ | مغرب وت ‎el‏ 1(
جينة مقبرة 1 }. ‎¥ing ground‏ دفن . قبر ‎burial (n.)‏
‎s burying place (n.)‏ سس
‎(n) o | B S it‏ فط"	al-shamil-dictionary
90	"أين 88 م
جزار . تاجر اللحوم  ‎butcher(ny.)‏ | عليق يبجيرة.دغل- ‎bush (n.v.)‏
الفاح- يذبح.ينك الدم ظلما يكسر شجيرات
وحشى دمرى ‎butcherly (ad).)‏ | مكيال إنجليزى للحبوب ‎bushel (n.v.)‏
سلخانة سلخ . ‎butchery (n.)‏ يصلح هندم
ذبع الماشى القتل الجماع . سفك الدماء رجل الغابة ‎Bushman (n.)‏
كبير الخدم . خادم لموائد الساقى (.8) ‎butler‏ | سكان جنوب أفريقيا الأصوليون
دعامة مسند (.) ‎butment‏ | 6 طريق لص رجل أدفأ ‎bushranger (n.)‏
أضحوكة . برميل ‎(nv) s‏ 0008 | كثير الأشجار ‎bushy (adj.)‏
هدف مرمى غرض . كعب بهمة بنشاط ‎busily (adv.)‏

البندقية-ينطح . يننا عمل . شغل . حرفة ‎business (n.)‏
زبدة سمن . مسلى . سلاء ‎butter (mv)‏ | الحاسبات التجارية 0 ‎—computers‏
الزبدة تملق-يدهن بالزبدة يتملق يعد . يهيئ-مشد لوسط المرأة ‎busk (v.n.)‏
الشفق الاصفر ‎١ butter cup (n.)‏ حذاء قصير خف ‎buskin (n.)‏
نات رجل الغراب عشب ذو زهر أصفر قبلة-يقبل ‎buss (n.v.)‏
فراشة أبو دقيق () ‎١ butterfly‏ الصدر والاس . لكمة عنيفة ‎bust(n.v.)‏
عروس البحر  ‎butterfly 650 (n)‏ | إفلاس-يصيب بالإفلاس ‎bustle (vn)‏
الزبدة الصناعية ‎butterine (n.)‏ يررض يلكم انهماك . ضرضاء-

‎buttermilk (n.)‏ يضج ينهمك

التلخيص . مخيص اللبن لبن الخص مشاغب كثير الحركة الضوضاء )( ‎bustler‏
‎<Y S 0‏ والخمور - ‎buttery (nadj.)‏ | مشغول . مجتهد نشيط - ‎busy (n.adj.v.)‏
اللتان أرداف . عجز  ‎buttocks (mj‏ | ينشغل ب ‎busy , with (v.)‏
زر . دمل . بثرة . يزرر ‎busy body (adj.j button (n.v.)‏
زر كهربائي ‎electeric‏ | فضول . متدخل فى شئون غيره
حذاء بأزرار ‎button boot (n.)‏ | فضول انشغال ‎busyness (n.)‏
عررة زهرة فى عررة السترة ‎bution-hole (mv.)‏ | لمكن . سوى-  ‎but (conj.prep.adv.n.)‏
‎g‏ به من عررة ثوبه . يكره فقط . فحسب-استثناء . شرط

على الإنصات طرف . نهاية . آخر ‏ )( انان 566 با-بالاط"	al-shamil-dictionary
91	"بالدور ‎buttonhook (.) — turn‏
يساعد يعاون ‎tostand‏ | المقررة كلابة لتزرير القفازات
جانى . ‎bye adj syl‏ والأحذية ‎Al‏
لوائح تنفيذي ‎bylaws‏ | مزين بأزرار ‎buttony (adj.)‏
‎bye-bye Gisy‏ | دعامة حائط أو ‎buttress (n.v.) - o‏
غاية خفية . قصد سرى  ‎by-end(n)‏ | يدعم بدعامة
غابر . سالف-الماضى ‎by gone (adjin.)‏ | شبيه بالزبدة -زبدى ‎butyraceous (adj.)‏
لقب كنية ‎butyric - byname (n.)‏
‎bypass ).(‏ | المادة الدهنية فى اللين 0 ‎buyrin (n.)‏
طريق جانى-يتجنب العقبات يهمل جذاب , ‎e‏ الجسم زقة ‎buxom‏
‎i‏ أر محصول ثانوى ‎by product (n.)‏ | بنشاط . بحبوية ‎buxomly (adv.)‏
زريبة «للأبقار؟ ‎byre(n)‏ | يشترى . يفتدى برشو ‎buy (v.)‏
مشاهد متفرج ‎bystander (n.)‏ | برشى يرشر ‎fo___over‏
شارع فرعى () ‎bystreet‏ | يشترى الحصول.يشترى | © 0
على فكرة قبل أن أنسى 4 ‎e‏ لإنا-08-ز | صفقة راحة يحتكر
‎by the way ٍٍ‏ | المشتري وكيل المشتريات 0 ‎buyer(n)‏
ملك وعر عطفة ‎buzz___ing (n.) byway (n.)‏
8 مقطوعة طنين زن . درى إشاعة
قول مأثور . مثل ‎byword (n)‏ | يطن . يدرى ينشر يهمس 0 ‎buzz(v.)‏
عمل جانبى عمل إضافى (.8) 006 نون | الصقر الخراح او الحرام ‎(n.adj.)‏ 5022850
البنزنطى . بيزنطى ‎Byzantine (madi)‏ ابلة أحمق
‎church‏ | بقرب عند  ‎by (prepadv.)‏
الكنية اليونانية أو الشرقية بواسطة بموجب مضروبا فى-
‎Empire‏ __ على مقربة من . جانًا
المملكة الرومانية الشرقية كلا . أبدا مطلقا ‎__no means‏
بعد قليل . قريبا ‎_and_‏
‏غيًا على ظهر قلب ‎heart‏ __"	al-shamil-dictionary
92	"70

حبل غير ‎okl‏ (600:)8 | الحرف الثالك من حروف الهجاء ,©
عربى . حوذى ‎cabman (n.)‏ الإنجليزية شىء ذا مقام ثالث

ا ‎cabby (n.)‏ | الكعب البيت الحرام ‎s‏ المكرمة ‎Caaba (n)‏
تزاحم . ازدحام . زحمة ‎caboodle (n.)‏ | سيارة أجرة.عربة ركوب ‎cab (n.)‏
مطبخ ‎i‏ . ممكن نقله (.8) ‎caboose‏ | يتآمر . يؤلف عصابة سرية ‎cabal (vn.)‏
الكبريلة:عربة ركوب ‎cabriolet (n)‏ | مكيدة مؤامرة.عصبة أر جمعية سرية
الشخص واحد السائق متآمر مؤامر ‎caballer (n.)‏
موقف مركبات ‎(n.)‏ 8-1800 | الملهى . حانة . فتدق صفير  ‎cabaret (n.)‏
شجرة الكاكاو الكاكاو  ‎cacao(n)‏ | يختلس عند تفصيل ‎cabbage (v.n.) -l‏
زبدة الكاكاو ‎butter‏ | كرنب ملقفرف
مخبأ للمؤن الذخيرة  ‎cache(n)‏ | قمرة حجرة فى سفينة . كرخ ‎cabin (n)‏
طابع أو صفة ‎cachet(n.) (o3¢‏ حجرة . خزانة . مجلس ‎cabinet (n.adj.)‏
ضعف ‎cachexy (n.) 1 L‏ | الوزارة رسمى . وارى

__file برد خثب‎ | cachexia(n.)
cabinetmaker (n.) cachinnation  yang b ضحكة
الموبيليا . نجار الآثاث الفاخر | cachou )8.( حبوب التعطير الفم وترطيه‎
cabinetminister (n.) ‏دلة بلا رزارة)‎ 5y | cackle () ¥ صوت الدجاج آر
cabinetwork (n.)  رخاف ‏فرق- يثرئر الموبيليا . أثاث
cable (n.v.) . حبل . مرسة قلس | cacoethes () قرحة خبيثة . عادة رديثة‎
- تلغراف بحرى برية تلغراف | cacogastric adj مصاب بسوء الهضم
يبرق يرسل تلغراف cacography (n.) رداءة التهجئة أر الملقط
_—_railway سكة الحديد المعلقة | cacolet  ليلا نقالة الجرحى على
cablegram (n.) تلغراف | acology (1)  ظفللا سوء أستعمال"	al-shamil-dictionary
93	"مادة الكشافين فى البن ‎caffeine‏ | بذور نيات ‎cacoon (n.) Glse‏
ففطان ‎caftan (n.)‏ | عدم توافق النغمات (.8) ‎cacophony‏

قفص-يضع فى قفص ‎cage(n)‏ | تنافر الخاصرات
طبر محبوس فى قفص (.8) ‎cageling‏ | سوء النغمية ‎cacotrophia (n.)‏
مذكرة دفتر تقرير ‎١ cahier (n.)‏ جنس التصبير التين الشرى ‎cactus (n.)‏
قابيل الولد الاول لام حواء ‎Cain(n)‏ | إنسان ساقل . النادل ‎cad (n.)‏
كوم حجارة على قبر ‎(n)‏ لقع | متعلق باحة الأملاك ‎cadastral (adj.)‏
القاهرة ‎Cairo(n)‏ | جيفة جثة.رمة ‎cadaver (n.)‏
آلة لرفع السفن . عربة الوزيرة (.8) ‎caisson‏ | جيفى شاحب الوذ كالسيت ‎cadaverous (adj.)‏
رذيل . دنىء ‎Jile | caitiff (adjn.)‏ حقير ‎caddish (adj.)‏
يتملق . يداهن ‎cajole(v.)‏ | علبة صغيرة للشاى غيره ‎caddy (n.)‏
كعكة قرص-يحشو يكسو (.8.7) 628 | برميل مهر أو حمل أليف 0 (6806)8
يفرر بقصب ‎G‏ يتفوق ‎rorake‏ | هدية ‎cadeau (n.)‏
قرعة . يقطيئة ‎calabash (n.)‏ | تلحين إيقاع النغم ذا ‎cadence (n.)‏
‎cadency (n.) calaboose (n.) e‏
حجر التوتي كربونات الزنك (.8) ‎calamine‏ | تلميذ عسكر الابن الأصغر ‎cadet (n.)‏
نحس . مشؤوم  ‎calamitous (adj)‏ | تطفل . يسول ‎cadge (v.)‏
مصية . ,25 كارثة . أجمة ‎calamity (n.)‏ | متطفل سول ‎cadger (v.)‏
يصاب بمصيية ___ ‎10beaflicted with‏ | قاضى شرعى ‎cadi,Kadi (n.)‏
قبعة نسائية تطوى على ‎ocalash L‏ | ملاك نظام كادر بروز 0 ‎cadre (n)‏
عربة ‎s‏ مخفضة نات غطاء يطرى شعار مهنة الطب ‎caduceus‏
عظم العقب . كعب  ‎calcaneum (n)‏ | شيخوخة . سرعة الزوال ‏ (.8) ‎caducity‏
‏جيرى كلى ‎calcareous (adj.)‏ | سريع الزوال . متساقط ‎caducous (adj.)‏
فى شكل الحذاء . تعلى ‎calceiform (adj.)‏ | المصران الأعور )( ‎caecum, sing caeca‏
طباشير أو ‎calciform adj IS‏ | الفيصر ‎Caesar (n.)‏
يكلس . يحول إلى كلس ‎cafe” (n.) B | dulcify (v)‏
مطعم بلا خدم ‎(n.)‏ غ461"	al-shamil-dictionary
94	"الخليفة خليفة ‎calcimine (v.n.) caliph (n.)‏
الخلاء الرادون ‎١ the rightly‏ ببيض . طلاء الحوائط ‎ity‏
الألعاب الجمبازية  ‎calisthenics (n.)‏ | يحمص ينشف ار يجنف («) ‎calcine‏
قلافة . حشو ما بين الواح ‎١ calk(ny)‏ بالحرارة . يكلس
السفينة بالكتان والقار-يلقف يد معدن الكالسيوم ‎calcium (n.)‏
الشقوق فى السيئة يحب . يعد . يحصى ‎calculate (v.)‏
ثداء . طلب . دعوة . مخابرة  ‎call(vn)‏ | حساب عد إحصاء ‏ (.8) ‎calculation‏
تليفونية زيارة-ينادى يستدعى يطلب حاصب آلة حاسبة ).( ‎calculator‏
‎the call of Allah‏ 10 | مصاب الحصوة البولية حصرى ز4ة ‎calculous‏
الدعوة إلى سبيل الله حصاة ‎iy‏ حاب ‎calculus (n.)‏
الآذان ‎the _ 10 prayer‏ | حاب التفاضل  ‎differential‏
يزور . يعرج إلى ‎__araplace‏ | حاب التكامل ___ ‎integral‏
يلفت نظره يلفت إلى 10 ‎_attention‏ | قزان دست . قدر ‎caldron (n.)‏
يتذكر . ينقض . يسترجع ‎calefacient adj ol | _back‏
يستتجد يصرخ ‎omupen‏ | تسخين ‎calefaction (n.)‏
يطلب . يستدعى للخدمة ‎١ __out‏ موقد صغير ‎calefastor (n.)‏
يقرأ بصوت عال ‎—over‏ | يسخن ‎calefy (v.)‏
‎1o __the prayer O3y‏ نتيجة . تقديم لائحة ‎calendar (n.)‏
حرفة . مهنة . صفة . دعوة  ‎calling(n)‏ | مصقلة مكبس لطى القماش ‎calender (nv.)‏
رياضة ‎١ callisthenics (n.) G‏ أر صقله-يصقل القماش
ورم ‎ocallosity (n) i sdls‏ | مانة الرجل.عجل ‎calf (n.)‏
صلب . خشن عديم  ‎callous (adj)‏ | كوارع . أرجل العجل ‎calf's - foot(n)‏
الإحساس أو الستائر قاسى القلب اتساع ماسورة المدنع(.6 ‎caliber, calibre‏
تصلب الجند غلظة القلب )( ‎callouness‏ | أو البندقية قطر الفرهة
قسرة القلب بفنة . خام ‎calico (n.)‏
مترف أملط . عديم الذخيرة ‎Callow (adj.)‏ | علم الخط ‎caligraphy, calligraphy (n.)‏
هادىء هدوه يهدئ يسكن (-88[.0-7) 8001© | أداة لقياس سمك الشىء  ‎calipers (n.)‏"	al-shamil-dictionary
95	"رياء ‎cameleon(n.)‏ | هدوء.سكون ‎calmness (n.)‏
زرافة . حيوان ‎camelopard (n.) (S‏ | زثبى حلو . الكالوميل ١مسهل؛‏ (.8) ‎calomel‏
جوهرة أو صرفة عليها نقوش )( ‎cameo‏ | -حرارى ‎caloric (n.adj.)‏
آلة التصوير الشمس . غرفة ‎camera (n)‏ | وحدة حرارية كالورى + ‎calorie (n.)‏
أفحران بابونج ‎camomile (n.)‏ | سعر وحدة حرارية } ‎calory (n.)‏
الإستفتاء . تعمية ‎camouflage (n.v.)‏ | مسخن مولد للحرارة ز24 ‎calorifacient‏
يخدع . يمره ‎calorify (v.) et‏
معسكر مخيم . يعسكر  ‎camp(nn)‏ | ساق الحمام نيات الربا 1.0( ‎calumba‏
يقيم خيمة ‎iy‏ غليون طويلة ‎calumet (n.)‏
صرير يمكن طيه ‎capmbed‏ | يفتر على بشو ‎calumniate (v.)‏

كرسى يمكن طيه ‎camp chair‏ | سمعته بالانتراء بهت
حملة . غزوة . غارة 0 ‎campaign (n)‏ | غام واش مفتر ‎caluminator (n.)‏
برج أجراس ‎campanile (n.)‏ | الفراء وشاية ثميمة إنك بهتان ‎calumny (n.)‏
علم دق الأجراس ‎campanology (n.)‏ | 2 بالعملة ‎about with calumnies‏ 0ع 10
‎o‏ كبير ‎campanone (n.)‏ | صورة الصلرب.جبل الجماجم ‎calvary (n.)‏
مختص الحقول  ‎campestral (adi)‏ | تلد . تلد البقرة عجلا ‎calve (v.)‏
زراعتها . حقلى مذهب نصرانى ‎Calvinism‏
كافور ‎camphor (n)‏ | صلم ‎calvities (n.)‏
علبة صفيح . فدح . إناء ‏ (80)80© | جبر.كلس.ما تخلف من ‎calx(n)‏
ترعة . قناة-يشى قناة ‎canal(nv)‏ | بروم كأس الزهرة قتب  ‎calyx(n)‏
قناة إلويس ‎Suez Canal‏ 108 | صراف سمسار سندات مالية ‎cambist(n.)‏
قصة ار خبر مبالغ ف بقصد التأثير ‎canard (n)‏ | بانيستة قماش رفيع . كبريت  ‎cambric(n)‏
الهكتار عصفور كتارى ‎canary (n)‏ | حضر أتى  ‎came pasto come (v.)‏
الواش . اللون الأصفر الفاتح بعير . جمل ‎camel (n.)‏
رفصة فرنسية ‎cancan (n)‏ | الإبل ‎camels‏
يطل . يلغى . ينسخ . يحذف )1( ‎cancel‏ | جمال ‎cameleer (n.)‏"	al-shamil-dictionary
96	"كرسى الخيرزان ‎cancellate adj  كبشم.ىجتفسا | _ chiar‏
قصب ‎sugar _ St‏ | إيطالي إلغاء فسخ . حذف ‎cancellation (n.)‏
‎١ camellia (n.) Gy‏ سرطان بحرى.سرطان ‎Cancer (n.)‏
معصرة القصب ‎cume-mile (n)‏ | لمرض ‎gt‏ الفلك
مصاصة ‎canetrash(n) sl‏ | يتحول إلى سرطان 0 ‎cancerate (v.)‏
أشيب شائب ‎canescent (adj.)‏ | سرطان ‎cancerous (adj.)‏
كوكب الشعر ألمانية فلك ‎canicula(n.)‏ | نجفة ثريا . شمعدان كبير )1( ‎candelabrum‏
يختص ب أر ‎candent , candescent adj canicular (n.) i‏
طلوع نجم الشعر اليماني شديد الحرارة أو الثور بتوهج
‎canine adj S‏ | مخمن صادق صريح ‎candid (adj)‏
ناب ‎—tooth‏ | تشيع باب ‎candidacy (n.)‏
الثياب ‎candidature (n.) canines (n.)‏
علبة حقة ‎canister (n.)‏ طالب . متقدم . مرشح )1( ‎for‏ , 020010316
شيب الشعر )1( 65ثائة؟ | باستقامة بإخلاص . بصراحة ‎candidly (adv.)‏
آفة زراعية تآكل . تسوس . (8.0) 98062 | استقامة إخلاص . صدق )1( ‎candidness‏
قرحة ‎Ul‏ ) الفم بخاصة)- مربى . حلوي-سكر  ‎candied (nadj)‏
‎i‏ لسان حلو مصول ‎__tongue‏
متآكل )0( 00005 | زيمة يتحص أليف 15( )( ‎candle‏
نبات القنب )( ‎S0‏ | ال ا
معلب فى علب صفيح ‎canned (adj)‏ | - "" .
الاطعمة ‎goods = L‏ __ شمعدان ).( ‎candlestick‏
‎g‏ لحوم البشر ) | صراحة.صدق 1 ‎candor (n.)‏
مدفع . حكمة . قصية 0 ‎candous (n.) 00000 (nv,)‏
قائسة الفرس يطلق النار من حلوى سكر يحلى 0 ‎candy (nv)‏
‎e‏ يسجل إصابة ) البليارد غزل البنات حلوى __ ‎cotton‏
لإ يؤثر فيه المدفع ‎proof‏ | سكر ‎sugar __ S‏
‎cannonade (n v.)‏ | عصا عصارية قصبة ‎cane (n.v.)‏
إطلاق المدفع-بطلق المدفع برزانة قصب الكر-يضرب بمما"	al-shamil-dictionary
97	"Can 95 Cap
عسكر المدفع مدفمجى الست‎ ١ canto (n) قصيدة أو قطعة منها
cannoneer (1) canton (nv.)  -ةعطاقم‎ . ولاية . إقليم
8000018 (n.)  لئاوسلا يقسم . يجزئ انبوب لسحب‎
canny adj شاطر ماهر مكار | cantonment (m.) محطة جنود . مضرب
canoe (n.) خيام الجنود أثناء السفر 8005 صغير
canon (m.) قانون . شريعة . سنة . قاعدة cantor (n.) مرتل القداس

خيش . شرا صورة.تجليد حش ‎(n)‏ 6287 | محك معيار
‎ok‏ تخص نجس يفحص (810) 6801355 قواعد شرعية ‎_sofIslam‏
‎M‏ أحكام الشرع الإسلام
نائب . وكيل . مستودع 0 ‎canvasser(nm)‏ | 1
كاوتشوك ‎s‏ مطاط 0 (م) ‎١ ouchouc‏ قانوذ كني كو ‎—law‏
غطاء للرأس , طاقية قمة- ) | تانونى شرعى ‎canonical adj sl‏
‎L‏ يقدس الأميرات يطرب ‎canonize (v.)‏
يتوج . يتم . يكمل ‎o‏
إمكان مقدرة ‎capability (n.)‏ و ‎e‏ .
‎b i‏ ماهر زوو ‎BT bl‏ سادق لم ‎canopy‏
ينصب سرادق
واسع . فيح ‎N capacious (adj.)‏
سعة.اضاع ‎B S| viciousness (n)‏ ريا ميل ماهم
يصير قادر على ‎capacitate (v.)‏ ميل يتحد 7""
9 البطيخ الأصفر
سعة مقدرة ‎capacity (1) QS‏ بم البطيخ الأصفر ‎cantaloupe (n.).‏
الكانتلوب
من الرأس للقدم  ‎cap-d-pie (adv)‏ تتلو
1 أي لاز شرس ‎cantankerous (adj.)‏
حملة . رأس أرضض داخلة فى البحر ‎(n.)‏ 6308
قنطر ‎cantar (n.)‏
رأس الرجاء الصالح ا |
يكب بنط ‎s‏ ققزة )( ‎cantata (n.) A B e‏
‎N‏ ل 0 مغنبة . عاملة ‎cantatrice (n.)‏
أمر قضائى بالقضاء القبض  ‎capias (n.)‏ كان مقا ل ومشريات
ذو شمر ‎capillaceous (adj.)‏ دكان منقل لأكل ومشرربات الجنود ‎canteen (n.)‏
حب جر مععل للخب()-بخب ‎canter (nv.)‏
نيج شعرى ألياف ‎capillament (n.)‏
‎N P‏ الذباب الهندى ‎cantharides (n.)‏
خاصية الجاذبية الشعرية )1( ‎capillarity‏
رق كل 8 4100م ‎canticle (n.) T capilary‏"	al-shamil-dictionary
98	"قبعة نسوية معطف ‎capote (n.)‏ | الجاذبية الشعرية ‎__attraction‏
له غطاء ‎oA‏ رئيس . أصلى . نفيس . 0.ز0ة ‎capital‏
الطعم لمن يستخدم ‎capper (m\‏ | عظيم-رأس المال قصبة كرسى المملكة
لإيقاع شخص آخر فى شرك؟ جريمة تستحت الإعدام 0 ‎—offence‏
مداد متسل . ذو حالق ‎capreolate(adi)‏ | جريمة كبرى
حمض الكبري ‎capric acid (n.)‏ | الحكم بالإعدام ‎__punishment‏
هوى . ميل . رسراس ‎caprice (n.)‏ | رأس مال لشركة مساهمة ‎__stock‏
متقلب الأطوار هوائى ‎capricious (adi.)‏ | رأسمالية ‎capitalism (n.)}‏
برج الجدوى فلك  ‎Capricom (n)‏ | رأسمال صاحب الغزل ‎capitalist (adj.n)‏
فلفل أحمر ‎capsicum (n)‏ | تتريل تجميع ‎capitalization (n.)‏
""| يقلب يقلب ‎capsize (v.)‏ | _بمول يحول إلى رأس مال ‎capitalize (v.)‏
ملوى . الرحوية . ملرينة 0 (.8) 0805188 | يكتب بحرف كبير
مجرف نارغ . محفوظ ‎capsular (adi)‏ | خير حنًا جين ‎copitally (adv)‏
فى كبسولة ينتهى برأس ذو رأس  ‎capitate (adj.)‏
غلاف محفظة غشاء.كسولة (.8) ‎capsule‏ | جزية ضريية خراج  ‎capitation (n)‏
قبطان . فالد رئيس المركب-يقود (8.6) ‎caplain‏ | ضرية الأعناق 0# _-
عنوان المقال تعليق . إلقاء ‎caption (n.)‏ | دار مجلس النواب هيكل ‎Capitol (n.)‏
القبض بحكم رسمى الكابيتول فى روما مبنى البرلمان
خصم . عند . مضاد ‎captious (ad).)‏ | يعقد شروط التسليم ‎capitulate (v.) gyt‏
يسبى . يأسر . بقتن .| ز4ه ‎captivate‏ المتحاربون يذعن
سالب العقل فاتن  ‎(n.)‏ 80079008 | تسليم بشروط . شروط ‎capitulation (n.)‏
مقيد أسير . معنفل المفتن (.80[.0) ‎captive‏ | أو معاهدة التسليم
يأسر يسبى . ينتزع غنيمة ‎١ capture (v.n.)‏ الإمتيازات الأجنبية ‎capitulations (n.)‏
سلب «فى الشرق
راهب كبوشى . برنس  ‎capuchin(m)‏ | ديك مخصى مسمن ‎capon (1) JSW‏
وى يخصى دبك إلخ ‎caponize (v.)‏
سيارة . مركبة . صندوق مخرم  ‎car(n)‏ | نوع من النبغ ‎caporal (n.)‏"	al-shamil-dictionary
99	"علم السرطان 1 ‎carcinology‏ | سلاح نارى ‎carabine (n.)‏
‎cancerology‏ | حلويات كربلا ‎caramel (n.)‏
سرطان أو ورم ‎carcinoma(n) b‏ | درقة أو غطاء السلحفاة  ‎carapace (n.)‏
تحلل الطرطان ‎carcinolysis (n.)‏ | قيراط عيار الذهب ‎carat (n.)‏
يحلل الطرطان ‎carcinolytic (v.)‏ | عربة للسفر تسحب ‎caravan (n.)‏
سرطانات 1 ‎carcinomas (n.)‏ بسيارة قافلة ركب الحج
‎carcinomata )(‏ | نزل ميت القوافل  ‎caravansary (n.)‏
سرطان امعد ‎adenocarcinoma‏ | مركب شراعية كبيرة ‎caravel (n.)‏
سرطان عنتى الرحم ‎cervical carcinoma‏ | كروية . كمون أرمنى ‎caraway (n.)‏
سرطان المعدة ‎gastric carcinoma‏ | فحم الإضاءة ‎carbide (n.)‏
سرطان ‎mammary carcinoma gl‏ | بندقية قصيرة ‎carbine (n.)‏
يمشط . يرح الصوف ‏ (62:0)778 | حامض كاربوليكي  ‎carbolic-acid (n.)‏
يزود ببطاقة . يدون على بطافة- فحم كربون ‎carbon (n.)‏
نشطة الصوف ررقة لعب بلطافة الماس الأسود ‎carbonado (n.)‏
وشيك الوقوع . محتمل . منتظر ‎s‏ 704/6 | كربونات . يحول إلى ‎carbonate (n.v)‏
كف عن الجهاد _ ‎his‏ نا 1/0701 10 كربونات يشبع بثانى أكيد الكربون
سلم ‎o‏ يحول إلى فحم . يكرين ‎carbonize (v.)‏
نقذ غرضه . أصاب مرماه ‎)l | Playhis s‏ أكسيد ‎carbon monoxide (n) Gy S‏
الجرجير الحلو ‎cardamine (n.)‏ | متفحمة . كربون ‎carbonous (adj.)‏
هال . حب الهال ‎Cardamon (n.)‏ | عقيتى أحمر . ياقوت . جمرى )1( ‎carbuncle‏
وصلة 5 ‎cardan joint (n.)‏ | كاربورتير بالسيارة 4 ‎carburetor (n.)‏
عمود كاردان عمود (.8) 8088 ‎il | cardan‏ ا ‎carburettor (n.)‏ ‘
الإدارة الخلفية يفحم مزج بالفم ‎carburize (v.)‏
كرتون ورفى مقرى (.[40.20 020000230 | جيفة جئة هيكل . بناء متهدم )1( ‎carcass‏
كرتون أستئصال السرطان )1( ‎carcinectomy‏
فهرس البطاقات ‏ )1( ‎s | Card calalogue‏ للسرطان 4 )1( ‎carcinogenic‏
بأسماء الكتب فى مكتبة عامة } ‎carcerogenic (n.)‏"	al-shamil-dictionary
100	"مهمل . عديم الانتباه  ‎careless (adj.)‏ | بادئة معناها القلب ‏ -68:010 ‎cardi-or‏
بإهمال ‎carelessly (adv.)‏ | متعلى بالقلب تلى 80.ز64 ‎cardiac‏
إهمال ‎carelessness (n.)‏ علاج القلب
يدلل . يلاطف-تدليل ‎ocaress(vn) L‏ | سكنة قلية ‎_arrest‏
ملاطفة رحدة رعاية القلب ‎care unit‏ -
علامة تصحيح مطبعى ‎caret(n)‏ | الم بالقلب.حرقة 1 ‎cardialgia (n.)‏
تدل على كلام مضاف فى القلب ‎cardialgy (n.)‏
أمين . حارس . وكيل  ‎caretaker (n.)‏ | عدم انتظام ضربات القلب ‎cardiataxia (n.)‏
معب بالهموم ‎(adi) iy‏ 8806-8000© | طائرة أمريكى مفرد معطف (.[0.20) ‎cardial‏
حمولة شحلة ‎١ cargo (n.)‏ نسائى تصير كرديثال-رئيسى أصلى
الرئة وعل شمال أمريكا (.8) 800800 | يزيد ريات ‎cardioaccelerator (n.)‏
صورة مضحكة - ‎caricature (n.v.)‏ القلب
يصور بشكل مضحك سويتر مفنوح من ‎cardigan (n.)‏
تسوس أو نخر العظام 0 ‎caries (n.)‏ الامام بدون ياقة سترة
توس ‎١ carious (ad).)‏ تليف القلب ‎cardio cirrhosis (n.)‏
رافع السيارة ‎car-jack (n.)‏ | مبحث القلب ‎cardiology (n.)‏
محير . غام . مكدر ‎carking (adj.)‏ دراصة القلب ووظائفه وأمراضه
راهب من دير الكرم )1( ‎Carmelite‏ علم القلب الآرية الدموية
بفلين التهاب القلب ‎carditis (n.)‏
طارد لريح البطن ‎carminative (ad)‏ | عناية حرص يهتم ب . يعتتى ب ‎care (nv.)‏
المادة الحمراء فى الدودة (.8) ‎carmine‏ | ميل . يتمايل . مميل الركب  ‎careen(v.)‏
القرمز اللون القرمز السيرة . مهنة . تقدم-ينطلق  ‎career (n.v.)‏
سفك الدماء . مذبحة . أشلاه ‎camage (n.)‏ أو يعدو بسرعة
اشهوانى . جدى ‎camal (n)‏ | حريص حذر ‎careful (adj.)‏
ا شخص شهوانى ‎١ cabalist (n.)‏ بحرص . بحذر . بعناية ‎carefully (adv.)‏
شهوانية . جسدية ‎canality (n.)‏ | حرص . حذر عناية  ‎carefulness (n.)‏
بشهرانية ‎camally (adv))‏ | مهمرم ‎care-laden (adj.)‏"	al-shamil-dictionary
