page	text	source
1	"الشامل
‎٠‏

قاموس إنجليزي - عربى

Al Shamel

An English - Arabic Dictionary

Abdel VI ‏أن‎"	al-shamil-dictionary
2	"s
;/ ”,
WWW.BOOKS4ALL.NET"	al-shamil-dictionary
3	"عبد المحسن إسفاغيل رفضان
‎gugold‏ إنجليزى - عربى
‎AL - SHAMEL‏
‎An English — Arabic Dictionary‏
‎BY‏
‎Abdel Mohsen Ismail Ramadan‏
مكتبة جزيرة الورد"	al-shamil-dictionary
4	"T TR
. ‏فهرسة الهيئة المصرية العامة للكتاب‎
‏رمضان ¢ عبد المحسن إسماعيل‎
‏القاموس الشامل : إنجليزي / عربي / تأليف عبد المحسن‎
‏القاهرة : مكتبة جزيرة الورد‎ . ١1ط‎  . ‏إسماعيل رمضان‎
“+
‏باص الاسم‎
. ‏اللغة الإنجليزية  معاجم  اللغة العربية‎ ١
15١ ‏أ العنوان‎"	al-shamil-dictionary
5	"اح
مقدمة

يسمدنى ان اقدم هذا الممجم الإنجليزى العريى «الشامل» خصيصاً لتلبية
حاجات طلاب اللفة الإنجليزية فى مراحل التعليم المختلفة. والدارسين والباحثين
وعامة المثقفين. حيث إنه يشتمل على المفردات والاصطلاحات الحديثة المستجدة
فى مختلف الحقول العلمية.

ويسرنى أن ألفت النظر إلى ما يمتاز به هذا القاموس «الشامل» عن سواه
من القواميس الإنجليزية العربية وهو أنى جملت نصب عينى ان اختار من الألفاظ
ما يفهمه القارئ المبتدئ ويرضاه اللفوى المدقق. كما أننى استعنت باللفة المصرية
الدارجة إذا كانت أقرب إلى معنى الكلمة الإنجليزية من الكلمة العربية الفصحى؛
كما أوضحت بجانب معنى الكلمة الإنجليزية من الكلمة العربية الفضصحى, كما
أوضحت بجانب كل كلمة نوعها الصرفى (فعل/ اسم/ صفة/...) وكذلك اللفة
التى اخذت منها اللفظة إذا كان لها أصل اجنبىء كما تم مراعاة سرد الممانى تبعا
لترتيب أنواع الكلمة الصرفية المدونة أمام اللفظة, وادخلت أيضا الاختصارات
الأكثر شيوعا فى اللفة الإنجليزية, كما راعيت تدوين حروف الجر الأكثر
استخداما أمام بعض الأفعال الإنجليزية حتى نيسر على القارئ ومستخدم
القاموس عناءً كثيراً .

ولزيادة النفع والاستفادة من هذا المعجم فقد راعيت تدوين كثير من
العبارات والجمل الاصطلاحية الإنجليزية بين علمية وادبية وفنية وطبية ودينية
ضمن القاموس بحسب ترتيبها الهجاثى.

وللتيسير على السادة مستخدمى قاموس «الشامل» فقد حرصت كل
الحرص على تدوين أول ثلاثة حروف من أول كلمة تبدا بها الصفحة فى الركن
الأيسر من أعلى الصفحة. وكذلك تدوين أول ثلاثة حروف من آخر كلمة تنتهى بها
الصفحة فى الركن الأيمن بأعلى الصفحة. هذا من حيث مادة القاموس ومحتواه؛
أما من حيث شكله فقد اخترت له من الحروف الواضح الظاهر ما يجمل له رونقاً"	al-shamil-dictionary
6	"ااا
وجمالاً حتى يسهل ذلك من عناء البحث وإجهاد العين. كما أننى راعيت ألا يكون
حجمه كبيرا حتى لابثقل على الأيدى. ويسهل تداوله.
وبعد فهو ذا «الشاملء وقد اصبح بحمد الله وتوفيقه حقيقة واقمة, أقدمه
لطلابنا الأعزاء والسادة الدارسين والباحثين وعامة المثقفين. داعيا الله ان يلقى
لديهم حسن القبول والرضاء
ولا أستطيع قبل أن أطرح القلم إلا أن اتوجه بالشكر إلى كل من ساعدنى
فى جمع وطباعة هذا المعجم حتى جاء على الشكل الذى يراه القارئ من التدقيق
وحسن الإخراج, كما أُزجى الشكر خالصا إلى إدارة مكتبة «جزيرة الورده التى
عملت جاهدة فى إصدار هذا الممجم «الشامل» ولم تدخر أى وسع أو تضحية لهذا
الإصدار الجيد.
عبدالمحسن إسماعيل رمضان
فى ‎١‏ ينايرسنة 30039 ميلادية
المنصورة ‎YA‏ شوال سنة ‎VLYY‏ هجرية"	al-shamil-dictionary
7	"Abbreviations
‏المختصرات الا تجليزية الواردة فى هذا القاموس والقواميس المشابهة‎
V. Verb ‏فمل‎
‎adj. adjective ‏صفة‎
‎8: noun ‏اسم‎
‎adv. adverb ‏ظرف‎
‎conj. conjunction ‏حرف عطف‎ ١
pron. pronoun ‏ضمير‎
‎aux auxiliary ‏ؤ فمل مساعد‎
sing. singular ‏مفرد‎
‏م‎ plural ‏جمع‎ ٍ
vi. verb intransitive ‏فمل لازم‎
vt. verb transitive ‏فعل متعد‎
art. article ‏آداة‎
‎F. French ‏فرنسى‎
‎G. German ‏المانى‎
‎GK. Greek ‏يونانى‎
‎11 Italian ‏ايطالى‎
‎L. Latin ‏لاتينى‎
‎part. participle ‏اسم المفمول‎
‏ع‎ persian ‏فارسى‎ ١
‏م5‎ spanish ‏ا اسبانى‎
‏سن‎ turkish ‏تركى‎ |
e ‏ل‎"	al-shamil-dictionary
8	"لاح
‎Irregular Verbs‏ آه ‎Conjugation‏
‎L PRESENT PAST PAST PART.‏
‎agreed agreed‏ | يتفق ‏ يوافق ‎agree‏
‎arrived‏ 40 أ يصل ‎arrive‏
‎awoke awoke‏ | يستيقظ ‎awake‏
‏مط 00 | تلد ‎bear‏
‎beat beaten‏ | يضرب ‏ يهزم ‎beat‏
‎became become‏ | يسبع ‎become‏
‎begun‏ 8 | يبتدئ ‎begin‏
‏ا ‎bit bitten‏ | بمض ‎i bite‏
‎blew blown‏ | يهب ‎blow‏ |
ا ‎broke broken‏ | يكسر ‎break‏ |
ا ‎brought brought‏ | يحضر ‎bring‏ ا
‎built built‏ | يبنى ف
‎burnt burnt‏ | يحرق ‎burn‏
‎burst‏ 1 | ينفجر ع
‎bought bought‏ | يشترى ‎buy‏
‎carried carried‏ يبحمل ف {
‎caught‏ | يمسك ‎catch‏ ‘
‎chose chosen‏ | يختار ‎choose‏
‎cleaned cleaned ]‏ ينظف ‎clean‏
‎climb gla | climbed climbed‏
‎came came‏ | ياتى ‎come‏
‎cost cost‏ ات ‎cost‏
‎l creep _,ﬁl crept crept ١‏
لست ب ححا ا"	al-shamil-dictionary
9	"= ‏ا‎
‎-""
‎PRESENT PAST PART. [
1
‏يصرخ ون‎ | cried cried
cut ‏يقطع‎ | cut cut
deal ‏يتاجر‎  لمامي‎ | dealt dealt
defend @l | defended defended ‏ا‎
‎depend ‏يتمد على‎ | depended | depended |
die ‏يموت‎ | died died
dig ‏أيحفر‎ 8 dug
do ‏يفيل‎ | 0 done
draw ‏يجر - يرسم‎ | drew drawn ١
dream ‏يحلم‎ | dreamt dreamt i
drink ‏بشرب‎ | drank drunk
]d.rive ‏يسوق‎ | drove driven
eat ‏ياكل‎ | ate eaten
enter ‏يدخل‎ | 060 entered
fail ‏يفشل‎  بسري‎ | 0 failed
fall ‏يسقط‎  عقي‎ | fell fallen
feel ‏يشمر‎ | felt felt
fight ‏يحارب‎ | fought fought |
find ‏يجد‎ found found
finish ‏ينتهى‎ finished finished
flee ‏يهرب‎ fled fled 1
flow ‏يفيض‎  قفدتي‎ flowed flowed
fly ‏يطير‎ | flew flown [
forget ‏يسى‎ | forgot forgotten |"	al-shamil-dictionary
10	"ا # اح
‎PRESENT m PAST PART.‏
‎forgave forgiven‏ | يسامع ‎forgive‏
‎frozen‏ 06 | يتجمد ‎freeze‏
‎got‏ 0 | يحصل على ‎get‏
‎gave given‏ | يعطلى ‎give‏
‎gone‏ 1 | يذهب ‎g‏
‎grew grown‏ | ينمو - يزنع ‎grow‏
‎hung hung‏ | يعلق ‎hang‏
‎hanged hanged |‏ | يشنق ‎I hang‏
‎happened‏ 0 | يحدث ‎happen‏ |
‎o5 | hated hated‏ م
‎had had‏ | يملك ‎have‏
‎heard heard‏ | يسمع ‎hear‏
‎Gy | 0 hidden‏ - يخفى ‎hide‏
‎held held‏ | يقبيض على ‎hold‏
‎hurt hurt‏ | يضر - يؤدى ‎hurt‏
‎invited invited‏ يدعو ‎invite‏ |
‎invented‏ | يخترع ‎invent‏
‎kept kept‏ | يحفظ ‏ يصون عا
‎killed kilied‏ | يقتل ‎kill‏ )
‎knew known‏ | يمرف ‎{knuw‏
‎laid |‏ 0 | يضع ‎I iy‏
‎led‏ | يقود ‎lead‏
‎leamt learnt‏ | يدرس - بتعلم ‎leam‏
‎left‏ | يترك ‎leave‏"	al-shamil-dictionary
11	"PRESENT m PAST PART.
lend ‏يقرض - يسلف‎ | 1 lent
lie ‏ل | يرقد‎ lain
lie ‏يكنب‎ | 0 lied
live ‏بيش‎ lived lived
1056 ‏يفقد‎ | 1 105
5 ‏يعمل - يصنع‎ | made made
mean ‏بقصد‎ | meant meant ‏ا‎
‎| meet ‏يقابل‎ | met |
melt ‏يذوب‎  رهصي‎ | melted melted |
open ‏يفتع‎ opened opened
pay ‏يدقع‎ | paid paid ,
play ‏يلعب‎ | played played
prove ‏يبرهن‎  تبثب‎ | proved proved
punish ‏بيعاقب‎ | punished
put ‏يضع‎ | put put
reath ‏يصل‎ reached reached
read ‏يقرا‎ read read
ride ‏يركب‎ | Tode ridden
ring ‏يدق يرن‎ | 8 rung
rise ‏يشرق‎  دعصي‎ | TOSE risen
run ‏يجرى‎ | Tan run
say ‏يقول‎ | 0 said
sell ‏يبيع‎ | s0ld sold |
‏با‎"	al-shamil-dictionary
12	"الاح
‎PRESENT m PAST PART‏ |
ض ‎L send Jups | sent sent‏
‎shook shaken‏ | يهز ‎shake‏

shine ‏يضيء‎ | shone shone

shoot ‏يصيد‎ | shot shot

shut ‏يقفل‎ | shut shut
| show ‏يظهر - يبين‎ | showed shown
١ sink ‏يفرق (للجماد)‎ | Sank sunk

' sing ik | sang sung
i sit ‏يجلس‎ | 1 58

smell ‏يشم‎ | smelt smelt

sleep ‏ينام‎ | slept slept

speak ‏يتكلم‎ | spoke spoken
| sow ‏يبذر. ينثر‎ | 0 sown

spend ‏يقضى‎  قفني‎ | 1 spent
| spoil ‏يتلف‎ | spoilt spoilt

stay ‏يمكث - يبقى‎ | Stayed stayed
| stand ‏أ يقف‎ 0 stood
f steal ‏يسرق‎ | stole stolen

strike ‏يخبط يضرب‎ | struck struck

stop ‏يتوقف‎ | stopped stopped

study ‏يدرس - يستذكر‎ | Studied studied

sweep ‏يكنس‎ | swept swept
| swim ‏ينوم‎ | swam swum
: take ‏ياخذ‎ | took taken
|"	al-shamil-dictionary
13	"الا اح
‎PRESENT m PAST PART‏

teach ‏يعلم‎ | taught taught

tear ‏يمزق‎ | tore torn |

tell ‏أ يخبر‎ 0 told

thank ‏بشكر‎ ١| 0 thanked

think ‏يفكر‎ | thought thought

| throw ‏يرمى‎ | threw thrown

| travel ‏يسافر‎ travelled travelled ‏ا‎

‎tried‏ 0 | يحاول ‏ يجرب را

‎| visit ‏يزور‎ | visited visited

‎wake ‏يوقظ‎ | woke woke

‎wear ‏يلبس‎ | Wore wom

‎weep oS | wept wept

‎win ‏يربع - يكسب‎ | 8 won

‎| work ‏يشتغل‎ | worked worked

‎write ‏يكتب‎ | wrote written"	al-shamil-dictionary
14	"5
A LIST OF CORRECT PREPOSITIONS

accused of ‏متهوب‎ | ignorant of ‏جاهدب‎ |
afraid ‏اخاثف من‎ interested in ‏امهتم ب‎ |
agree with ‏يتفق مع (شخص)‎ | jealous of ‏غيور من‎

ٍ يفادر إلى ‎leave for‏ يوافق على (شىء) ‎agree to‏ إ
| يستمع إلى ‎listen to‏ غاضب مع (شخص) ‎angry with‏
مسرور من (شخص) ‎pleased with‏ | غاضب من (شىء) ‎angry at‏
| مسرور من (شىء) ‎pleased at‏ يوافق على ‎approve of‏
يفضل عن ‎preferto‏ | خجلانمن ‎ashamed of‏
فخورب ‎proud of‏ | بشكومن ‎complain of‏
مسئول عن ‎responsible for‏ يتكون من ‎consist of‏
غلى ب ‎rich in‏ يشفى من ‎cure of‏
يبحث عن ‎search for‏ | يموتدمن ‎die of‏
مامرفى ‎skilful at‏ | خال من ‎empty of‏
متاسف على ‎somyfor‏ | مشهورب ‎famous for‏
ينجع فى ‎succeedin‏ | مغرمب ‎fond of‏

ٍ full of ‏مملوء ب‎ suitable for (to) ‏مناسب ل‎

مندهش من ‎surprised‏ أجيد فى ‎good at‏ |

| ill with ‏مريض ب‎ | wam of (against) ‏يحثر من‎

|"	al-shamil-dictionary
15	"# ا
لاحظ أن الكلمات الآتية لا تاخذ حرف جر ‎(preposition)‏
‏كما هو الحال في اللفة المربية. ‎I‏
‏يضحى ب ‎sacrifice‏ 1-70
‎He sacrificed his life for his country.‏ =
يتمتم ب ‎enjoy‏ 2-70
‎We enjoy the fresh air.‏ =
يشر ب ‎Tofeel‏ 3 |
‎feel great pain in my amm. !‏ 1= |
يؤثرفى ‎4-Toaffect‏
‎Hot weather affects my health.‏ =
يحتوى على ‎To contain‏ - 5
‎=My bag contains many books. f‏
‎١‏ يهجم على ‎To attack‏ - 6
‎soldier attacked his enemy.‏ 16 = |
يحصل على ‎obtain‏ 7-70
يعجب ب ‎To admire‏ - 8
بدافع عن ‎defend‏ 9-70"	al-shamil-dictionary
16	"Conversion Tables
TEMPERATURES
In the United States, temperature is measued on the Fahrenheit scale.
For the exact conversion to Celsius, use the following formulas:
Fahrenheit = (Centigrade x 1.8 + 32)
Centigrade = (Fahrenheit - 32/ 1.8)
0 104
35, 95,
30. 86'
25_ 77.
20 68
1 5 0 Fahrenheit
Celcius . 3
‏بن‎ 5 .
5‘ 4 l.
0 . 32‘
-5 s 23'
- 10ٍ 4
- 15 50ٍ
- 20. -4
- 25 = 13
-30 -22
Normal Body Temperature = 86 For 7 8"	al-shamil-dictionary
17	"v )

WEIGHTS

Metric U.S Standard

1 gram 0.0353 ounces

28.350 grams 1 ounce (0z.)

225 grams 1/2 pound (1b.)

453.592 grams 1 pound (16 0z.)

1 kilogram 2.2 pounds

1100 1.1023 tons

5 grams or 5 c.c. 1 teaspoon (tsp.)

15 grams or 15¢c.c 1 tablespoon (tbsp.)
COOKING MEASUREMENTS

‎Tbsp=15ml‏ 1 5 م1

‎1 cup =240 ml 1 pint = 480 ml

‎1 quart = 946 ‏له‎ (0.946 L) 1gallon=3.84 L
OVEN TEMPERATURES

‎Celsius Fahrenheit

‎93, 200,

‎107, 25,

‎149, 300,

‎177, 350,

‎191, 375,

‎205 400"	al-shamil-dictionary
18	"Clothing Sizes
WOMEN’S CLOTHING
Dresses, Coats, suits and Skirts (junior)
USA 9 11 14 2 5 17
England 1١ د١3‎ 15 1١7
Metric 36 38 40 42 44
Young Ladies’ (Misses)
USA& England 10 12 14 16 18
Metric 36 38 40 42 44
Ladies’
USA& England 36 38 44 42 ‏هه‎
‎Metric 44 46 48 50 52
Women's Shoes
‏هونا‎ 5 6 7 8 9
Metric 35 36 38 39 40
MEN'S CLOTHING
Costs, overcoats
USA& England 36 3: 44 42 4
Mertic 46 48 ‏؛‎ 52 54"	al-shamil-dictionary
19	"المراجسع ‎REFERENCES‏
‏أهم المراجع الا نجليزية:

1 - WEBSTER’S NEW WORLD DICTIONARY OF The- ENGLISH
LANGUAGE NEW 011505 EDITION 1993.

2 - WEBSTER'S SEVENTH NEW GoLLEGIATE DICTIONARY,
SPRINGFIELD, MASSACHUSETTS, U.S.A 1965

3 - THE OXFORD PAPERBACK DICTIONARY THIRD EDITION
1988.

4 - COLLINS NEW ENGLISH DICTIONARY, LONDON 1964.

5 - LONGMAN ACTIVE STUDY DICTIONARY OF ENGLISH.

6 - DICTIONARY of RELIGIOUS TERMS By ABDULLAH ABU-
ESHY AL MALIKL AND ABDUL- LATIF SHEIKH- IB-
RAHIM, 1995.

أهم المراجع العربية:

AN ‏القاموس المصرى لالياس انطون الياس. القاهرة‎ ١

قاموس المورد لمنير البعلبكى. بيروت ‎١1480‏

© . قاموس المعرفة لوليد الحورى. بيروت ‎VAV‏

£ . ممعجم المصطلحات الدينية للدكتور ع بدالله ابوعشى المالكى والدكتور
عبداللطيف الشيغ إبراهيم. الطبعة الأولى. الرياض ‎١1448‏

8 ..معجم مصطلحات علم المكتبات والمعلومات للدكتور عبدالله الشريف الطبعة
الثانية. طرابلس ‎AT‏

١1464 ‏القاموس الطبى الجامعى لممدوح دوما. الطبعة الأولى . القاهرة‎ . Y"	al-shamil-dictionary
20		al-shamil-dictionary
21	"LS
8.2 ‏الحرف الأول من حروف الهجاء‎ | abalienation (n.) ‏نقل الملكية . مبايعة بجع‎
‏الإنجليزية .أداة تتكير للاسم المبدوء‎ | abandon (vn) ‏يهجر . يترك . يقلع عن‎
‏يتخلى عن . يستسلم ل - إقلاع بحرف ساكن‎
‏عن. تخلى . انغماس فى الملذات أول درجة . طيب جدًا ""ل‎
A.A. (author's alteration) ‏تغيرات‎ ___himself to . ‏ينغمس فى‎
gl 200 ‏يغرق فى‎
AAA. (authors atauction) U1 | abandoned (adj.) ‏متروك . مهجور . متحرر‎
‏المرجودة فى المزاد‎ | abandonment (n) ‏هجر . ترك . خلاعة.‎
aardvark (n.) ‏تتارل خنزير الأرض‎
aardwolf (n.) ‏الارض‎ | ofprayer ‏ترك الصلاة‎
Aaron (n.) ‏هاررن‎ | abase (v.) ‏يحقر. يذل يحط. ب حُزى‎
AB. ‏بكالوريوس فى الآداب  ملاح‎ | abased (adf) S ‏محقر.ذليل.‎
‏تحقير . إذلال. دناءة 0 (.208560:602)8 | محنك‎
aback (adv) . ‏يخجل . يخزى . (ن) فونه | إلى الوداء . إلى الخلف‎
obetaken __, ‏اغت. يفاجا.‎ o ‏يضعف‎
‏يزخذ على حين غرة‎ ١ abashed ‏خجول. مرتبك (زهه)‎
abacus () ‏الممود . معد‎ U | ‏عاافتوية‎ (agi)  لياق ‏قابل للإلقاء.‎
‏للإنقاص لتعليم الاطفال العد . ناج‎
2080000 )8(  ميحجلا ‏ينقص . يقلل . يخمد. )1( 200:8 | الجحيم . ملاك‎
abaft(adv) ‏ينه فى مزخرة. عند أو تحر‎
‏مؤخرة الركبا‎ abatement (n)  ليلقت ‏تتقيص. إلغاء.‎
abalienate ‏ينقل الملكية من اسم لآخرل.»)‎ | abanoir ‏(ج)‎ e ‏مجزر. سلخانة.‎"	al-shamil-dictionary
22	"فحص البطن  ‎abbey (n.) ©a, % | sbdominoscopy (n)‏
بالمنظار رئيس دير اللرهبان؟ ‎abbot (n.)‏
ضخم البطن ‎(adj.)‏ 80001005 | يوجز . يختصر . يختزل ‎abbreviate )٠١(‏
مكرش مرجز . مختصر . ‎abbreviated (adj.)‏
يفصل . يبعد عن . يفرز ‎abduce (v.)‏ | مختزل

مفصول ‏ مبعد ‎abducent (adj.)‏ | مدخل مختصر ‎—_entry‏
‏يخطف (ربخاصة امرأة) | ‎abduct (v)‏ | اختزال الكسرر ‎offractions‏ --
يغتصب . يختلس اختصارات ‎abbreviations (n.)‏
خطف. اغتصاب. - ‎abduction(n)‏ | أمس ‏ أصول - ‎ABC (n.)‏
اختلاس مبادئ علم آأر موضرع. الالفياء

الخاطف. ‎abductor(n) sl‏ | ممكن التنازل ‎<o‏ ( زفة) ‎abdicable‏
‏ناثم فى الفراش ‎(adv.)‏ 8080 | يتنازرل عن عرش - ‎abdicate (v.)‏
طريح الفراش يتنحى عن منصب رفيع -

هابيل ‎Abel(n)‏ | يترك ‏ يهجر

ضلال. انحراف عن 1 )( ‎aberrance‏ | تنازرل عن عرش أو ‎abdication (n.)‏
الحق. شذوذ ‎abemancy (n.)‏ | منعب ريع

ضال . منحرف عن ‎(adjn)‏ 8085871 | بطن . جوف ‎abdomen (n.)‏
الحق . شخص شاذ اللرك بطنى . جوفى ‎abdominal (adj.)‏
ضلال . انحراف عن ‎abemation (n.)‏ | التسمع البطنى - تسمع ‎auscultation‏ ——
الحق. خلل عقلى الطبيب إلى الأصوات الثى

يحرض - يستفز ‎abet(v.)‏ | بداخل البطن

تحريض - تعفيد ‎abetment (n.)‏ | تجريف البطن ‎cavity‏ __—
محرض. مشجع على 1 ‎abettor (n)‏ | ولادة قيصرية ‎___delivery‏
‏عمل الشر. معاون ‎abetter (n)‏ | ألم بالبطن ‎—pain‏
‏تمطيل . إيقاف . انتظار ‎abeyance (n.)‏ | بذل البطن ‎abdominocentesis (n.)‏"	al-shamil-dictionary
23	"abeyant (adj.) ‏معطل - معلق‎ | able (adj) ‏ماهر - قدير‎  رداق‎
abhor (v.)  ةدشب ‏يغض - يمقت‎  هركي‎ ١ abloom (ad)) ‏مزدهر - مزهر‎
abhored (adj.) ‏بغيض‎  هرركم‎ | abluent (adj.) A
abhorrence (n.) ‏مقت - بغض‎ | ablution (n.) ‏ماء‎  لسغ‎  ءوضر‎
abhorrent (adj.) - ‏الاغتسال مضاد  كاره - ماقت‎  ءوضولا‎
‏معاكس‎ | invalidate ablution, vy 1 ‏ينقض‎
‎abidance (n.) i  ءاقب‎  رارمتسا‎ | todofull ablution  ءوضولا ‏يبغ‎
‎abide (v.) ‏يقيم‎  رظتني‎  ثكمي‎  ىقي‎ | sand ablution ‏التيمم‎
‏يكن‎ | ablutomania (n.) ‏هرس الاغتسال‎
abiding (adj.) ‏ثابت - باق - دائم‎ | ably (adv.) ‏بحذق . ببراعة . بمهارة. بمقدرة‎
__Jaith ‏إيمان ثابت‎ | abnegate (v) ‏يجحد. ينكر . يتخلى عن‎
abigail (n) ‏أمة .جارية . خادمة . رصيفة‎ | abnegation (n.) ‏ترك جحود  إقلاع‎
ability , for , in (n.) ‏عن نكران قدرة  مقدرة‎
abiotic (adj.) ‏منعدم الحياة‎ | abnormal (adi)  ىعيبط ‏غير‎  ذاش‎
abject (adj.) ‏خسيس . حقير .دنئ. مدقع‎ | abnormality (n.) ‏شذوذ - شىء غير‎
—_ poverty ‏عادى فقر مدقع‎
abjectness (n.) ‏دناءة‎  ةسخ‎ | abnormally (adv.) ‏بشذوذ‎
‎abjuration (n.) ‏ارتداد‎  دوحج‎  راكنا‎ | aboard (adv.) ‏على من سفينة أر قطار‎
abjure (v.) ‏أو طائرة. قرب - بجانب يرلّد - يجحد‎
abjurer (n.) ‏مرتد عن دينه  ناكر‎ | abode, past, pastpart. of
ablactate (v.) ‏يفطم عن الرضاعة‎ | abide
ablactation (n.) ‏فطام الطفل‎ | abode, of abide (v. n.) _ ‏أقام سكن‎
ablation (n.) ‏نزل . مسكن - مقر استفصال  إزالة‎
ablaze ‏زفه)‎ . adv.)  .جهرتم‎  بهتلم‎ | the Abode of Bliss i
‏مشتعلاً‎ | the etenal abode ‏الدار الباقية‎"	al-shamil-dictionary
24	"علانية ‎aboveboard (adv. adi)  -‏ | يمحر يلفى ‎abolish (v.)‏
جهاراً. صريح ممكن إبطاله ‎abolishable (adj.)‏
حى يرزق ‎aboveground (adv .adj)‏ | محر إبطال ‏ إلغاء  ‎abolishment (n.)‏
- فرق سطح الارض } ‎abolition (n.)‏
ييرى ‏ بكشط ‏ يتآكل | ‎abrade(v)‏ | المنفحة ‎abomasum (n.)‏
برى ‏ كشط ‎sbrasion(n)‏ | كريه ‏ مكرره ‎abominable (adj.)  -‏
كاشط - حكاك (رهه) ‎abrasive‏ | شنيع ‏ منكر - بغيض
يشفى من عقدة نفسية ‎abominate (v.)  تقمب  ضغب  هركي | abreact(v.)‏
إزالة العقدة النفسية  ‎(n)‏ 200880000 | منكر ‏ شناعة ‏ رجس ‎abomination (n.)‏
متمشيً مع - ‎Cor‏ لجنب ‎abresst(adv)‏ | دعارة
يقصر - يحرم من يختصر ‎abridge (v.)‏ | خبالثك ‏ رجس ‎abominations (n.)‏
مختصر - موجز ‎abridged (adj.)‏ | يجهض . تجهض . بسقط .يخفق ).1( 8011
طبعة مختصرة ‎edition‏ __ | قاتل للجنين [مُجمض) ‎aborticide (adj.)‏
اختصار ‏ موجز ‎abridgment (n.)‏ | إسقاط ‏ إجهاس للجنين ‎abortion (n.)‏
‎abridgement (n.) }‏ | طبيب أمراض ‎abortionist (n.) s‏

مفترح - على قدم( ‎abroach (adv. adj.‏ | أمشخصص فى إجهاض الحرامل)
وساق دواء مجهض - عقيم - ‎abortive (adj.)‏
فى الخارج - باتساع( ‎abroad (adv. adj.‏ | نادر الخلفة

مخطئ يسود - يكثر ‎abound (v.)‏
يضخ ‏ يطل يلغى  ‎abrogate(v)‏ | عن بشان - ‎about (prep. adv.)‏
‎s‏ - فقدان ‎absence (n.)‏ | على وشك. حوالى ‏ حزل
سهو - شرود ‏ الفكر  ‎__ofmind‏ | فرق - أعلى ‎above (adjadv.)  - GT‏
غائب ‏ بعيد (.هه) 205801 | متقدم ‏ سابق
مطلق ‏ حر كلى ‎absolute (adj.n)‏ | فرق كل شىء اله
‎g‏ استبدادى - المطلق - الاساسي"	al-shamil-dictionary
25	"— location ‏مكان ثابت‎ ١ abstract (adj. n.v.) ‏مستخلص‎

absolutely (adv.) - Glls - G ‏تجريدى . خلاصف‎  ىروصت‎

تجريدية . يفصل . يجرد . يقتلم ‎٠‏ على نحو قاطع - كلية

absolution (n.) &3 - 3 ke  نارفغ ‏يختصر‎

مجلة مستخلصة ‎___journal‏ - استبراء ‏ تحليل

absolutism (n.) ‏الاستبدادية‎ | abstracted (ad).) ‏شارد الذهن‎  دراش‎

absolutory ‏ززفه)‎ s | abstraction (n.) - ‏سهو - حذف‎

اختلاس ‏ تجريد يبرئ - يغفر ل - ‎absolve (v.)‏

الفن التجريدى . )( ‎abstractionism‏ | يسامح يحل

_tobe absolved from Ihram ‏يتجلل‎ | abstractive (adi) ‏تلخيصى - تجريدى‎

‎abstractly (adv.)‏ | من الإحرام

‏على نحو نظرى - تجريدى يمتص - ينهمك فى - يتشرب ‎(v.)‏ 809010

‎absorbent (adj. n.) . sl . e | abstracts(n.) ‏الخلاصاث‎

‏مغلق - مبهم - غامض (041) ‎abstruse‏ | شىء منص ل

‏اا لاي ل رف لعنسسة |

‏سخيف ‏ عبث - باطل  ‎absurd (adj)‏ | انهماك فى

‎absorptive (adj.) ‏ممص - ماص - شارب‎ | absurdity (n.) ‏بطلان‎  ةفاخس‎

‏على تحر سخيف  ‎absurdly (adv)‏ | يمك ننم عن ‎from (v)‏ , متفافظة

‎abstainer (n.) ‏المننع‎  كسملا‎ | absurdness (n.) ‏بُطلان‎  فخس‎

‏كثرة - وفرة ‎of (n.)‏ , 200002068 | إربخاصة عن المسكرات]

‎abstemious (adj.) - ‏زاهد‎  لدتعم‎ ١ abundant, in (n.) ‏كثير - وافر‎

‏بوفرة - بغزارة ‎abundantly (adv.)‏ | متقشف - متصوف

‏إساءة استعمال . سباب . ‎abuse (v.n)‏ | امتناع - إساك ‎abstention (n.)‏

‏انتهاكد - يسىء الاستعمال . يبذ يطهر - ‎absterge (v.) i‏
يهتك - يسىء إلى سمعة زهد - تقشف ‎abstinence (n.)‏"	al-shamil-dictionary
26	"التشكيل نبرة الصوت ‎accent(mv.)‏ | مهين ‏ فاضح - بذىء  ‎abusive (adj.)‏
- حركة ‏ لهجة - يلفظ حرف - يجارر - يلاصق ‎abut (v.)‏
أو مقطع - يؤكد مجاورة - ملاصقة ‎abutment (n.)‏
التشكيل ‏ التنوين (.8) ‎accentuation‏ | مجاور ‏ ملاصق - محاذ ‎abutting (adj.)‏
يقبل ‏ يرضى ب - يسلم ب ‎accept(v.)‏ | هوة - هاوية - لجة - جهنم 0 ‎abyss(m)‏
‏إمكانية القبول  ‎acceptability (n.)‏ | بلاد الحبشة ‎Abyssinia (n.)‏
أو الرضى حبشى ‏ أثيربى ‎Abyssinian (adj.) (n)‏
مقبول - مرضى - ‎acceptableto (adi)‏ | شجرة السنط - طلح ‎acacia (n.)‏
استحن معهد - ندوة علمية ‎academe (n.)‏
قبول - رضى ‎acceptance (n.)‏ | جاممى - اكادبى - ‎academic (adj. n.)‏
‎acceptation (n.)‏ | نظرى. شخص ‎AT‏

اقتراب - ازردياد - نمو - وصول ‎(M)‏ 200655 | رسالة جامعية أدكتوراة| 4361180008 _-_
إمكانية المثال ‎accessibility (n.)‏ | سنة دراسية ‎__year‏
‏أو الوصول عضر فى مجمع  ‎academician (n.)‏
سهل المنال ‎accessible (ad.)‏ | العلماء ‏ عضو فى مجمع علمى

بلوغ - وصول - تكاثر - ‎accession (n)‏ | أوأبى أرفتى

ترتيب إضافات الكتب أكاديمية ‏ معهد ‎academy (n.)‏
قم السجيل ‎department‏ | لتدريس علم معينأ

acantho (n.)  !تابن ‏شركة أإسمكة أر‎ | accession number ‏رقم القيد‎
accede (v.) ‏يوافق - يقبل  يتفلد منصب‎ | accessive (adj.) Sl  ديزم‎
accelerate (v.) - ‏يزيد السرعة  يعجل‎ | accessory (adj.) ‏إضافى - ثاترى‎
‏يستعجل‎ | accidence (n.) ‏علم الصرف‎

حادثة - مصادفة - ‎accident (n.)‏ | إسراع ‏ تعجيل ‎acceleration (n.)‏
حادث مفاجئ دواسة البنزين ‏ العضلة - ‎accelerator (n.)‏
عرضى . اتفاقى . طارئ (.ز24) ‎accidental‏ | «المعجلة للبول ‏ أو لقذف ‎AV‏"	al-shamil-dictionary
27	"يلاثم ينسجم - يوفق - ‎accord (wn)‏ | عرض اتقاتًا - ‎accidentally (adv.)‏
انسجام ‏ اتفاق صدفة - قضاء وقدر
قبول ‏ اتفاق دولى ‎accordable (adj)‏ | يصفق ‏ يهنف - تصفيق ‎acclaim (Vn.)‏
- يمكن تطبيقه - هتاف
انسجام ‏ مطابقة ‏ (.8) ‎accordance‏ | صياح ‏ تهليل - تصفيق ‎acclamation (n.)‏
رفقا ل طبقال ‎__with‏ عن | تهليلى ‎acclamatory (adj.)‏
مطابق ‏ ملائم ‎accordant(adi)  -‏ | بتأقلم ‏ يتعود على المناخ 1 ‎acclimate (v.)‏
مجم نع ‎acclimatize (v.)‏
‎iy‏ ل بحسب ‎acclimatization (n.)  ملقات  ةملقا | according 10 (prep.)‏
رعليه ‏ وبناء عليه ‎accordingly (adv.)‏ يلائم - يسع ‎accommodate (v.) J‏
- رعلى ذلك - يجهز
أكورديون ‎accordion (n. adj.)‏ | لطيف - مجامل ‎accommodating (adj.)‏
4 مرسيقية) ملاءمة - ‎accommodation (1.) - &y‏ |
قابل ‎ol‏ تطبيق - إراحة - تجهيز |
يدئر من - يقترب ‎(v.)‏ :86605 | بدل سكن ‎___allowance‏ |
نفاس ‏ ولادة ‎accouchement (n.)‏ | تطار ركاب 7
طبيب مولد ‎accoucheur (n.)‏ | لوازم المعيشة  ‎accommodations (n.)‏
مولدة ‎accompaniment (n.) - &  ةقفر | accoucheuse (n.)‏ |
حاب محاسبة  ‎account (n.v.) . oly‏ | مصاحبة ‏ اتفاق |
يعتبر ‏ يحب يرافق ‏ يصاحب - يجارى ‎accompany (Vv.)‏ ّ
يحاسبه الله _ ‎Allah will call himto‏ | ينجز ‏ يكمل ‏ يتم ‎accomplish (v.)‏ |
يعلل - يبين السبب + | لجز كايل - ‎accomplished (adj)‏ |
حاب جار ‎current‏ | تام |
‎accountable information 0)‏ | إنجاز ‏ تكميل - ‎accopmlishment (n.)‏
المملومات الحسابية إمام"	al-shamil-dictionary
28	"accountancy (n.) ‏مهنة المحاسبة  علم‎ | 20007260655 (n.) O - ‏ضبط‎
‏الحاسبة‎ | accurse (v.) ‏سب‎  متشي‎

accountant (n.) s | accursed (adj.) 1 - ‏بغيض - ملعون‎
account book (n.) ‏دنار الحاسبة‎ | accurst (adj.) ‏رجيم‎  نيعل‎
accounting (n.) ‏علم الحسابات‎ | 10 66 by Allah ‏يلعنه الله‎
ettt} | accusant(n)  ىوكشلا ‏شاك مقدم‎

شكوى ‏ تهمة. إتهام ‏ رمى ‎accusation‏ | آلة المراجعة ‎___machine‏
‏- قذف يجهز ‏ يزود ‎accouter (v.) gl‏
يتهم ب يدع على ()02, 20008 | واللايسن

- يقذف - يرى ‎accouterment (n.)‏
منهم . المدعى عليه (.80[.8) 2000560 | تجهيز ‏ تزريد بالعتاد

المتهم يصدق ‏ يجيز ‎accredit(v.)  دمتعي o‏
المتهم ‎accuser (n.)‏ | مفوض - معهود إليه ‎accredited (adj.)‏
يتعود على - ‎accrediting agencies (n.) accustom , to (n.)‏
يتدرب على هيئات إصدار الترخيص

متعود - متمرن - ‎accustomed (adj)‏ | تراكم - تكاثر ‏ إضافة  ‎accretion (n.)‏
مالوف يزداد - يتجمع - ينتج ‎accrue (v.)‏
بطل - آس |الواحد فى ‎ace(n.ad)‏ | يتراكم - يتجمع ‎accumulate (v.)‏
ورق(اللعب] ار زهر النرد. تراكم ‏ تجمع ‎accumulation (n.)‏
كمية قليلة تراكمى - تجميمى ‎accumulative (adj.)‏
على فيد شعرة من - ‎withinan __of‏ | آلة الجمع - ممت ‎accumulator (n.)‏
على رشك الصدمات

accuracy (n.) ‏اتقان - دقة‎  طبض‎ | acerb (adj.) ‏حامض المذاق‎
accurate (adj.) ‏مضبوط - متقن‎ | acerbate (v.) ‏يغضب‎ Y
accurately (adv.) ‏بالضبط . بإتقان. بإحكام‎ | acrebity (n.) ‏حدة. (فظافة)‎  ةضومح‎"	al-shamil-dictionary
29	"قمة ‏ رأس - زروة - رج ‎acme(n)‏ | عتقودى الشكل (نبات) ‎acervate (adj)‏
حب الشباب ‎acne(n)‏ | حمض الخليك  ‎acetic acid (n.)‏
ثمر أو جوز البلوط ‎(n)‏ 8600 | حمض الخل
اسمعى - مختص 1 ‎acoustic (adj.)‏ | تخليل ‎acetification (n.)‏
بالسمع ‎acoustical (adj.)‏ | يحمض ‏ يخلل ‎acetify (v.)‏
مهندس الصوت ‎acoustician (n.)‏ | وجع ‏ ألم. يرجع - يؤلم ‏ (8.7) عنام
علم المع السمعيات ‎oS5 | 8000965 (n.)‏ اثجازة أن ‎achicvable (n.)  ales‏
- علم الصوت آر فعله

يعرف - يُخبر بكذا ‎with (v.)‏ , 2000806 .| ينجز - ينهى ‎achieve (v.)‏
علم ‏ دراية - ‎acquaintance (n.)‏ | انجاز - تتميم ‏ فعل (.8) ‎achievement‏
‏معزفة شخصية مزلم مرجع ‎aching (adj.)‏
عالم - ‎e | acquainted, with (adj)‏ الألران 0 ‎achromalopsia (n.)‏
ملم ب ‎acid (adj . n.)‏
يحرز - ينال يكتسب - ‎acquire (v.)‏ | حامض - حمضى. مادة حامضية

بكتب © (.4ه) ‎acquired‏ | بيت المزاج أمرسيقى ‎acid - house (n.)‏
إحراز  ‎acquitement (n.) LSt‏ | شاعرية تصاحبها مؤثرات صوتية]

براعة حموضة ‎acidity (n.)‏
اكاب تحصيل - ‎acquisition (n)‏ | زيادة الحموضة ‎acidosis (n.)‏
تزريد قليل الحموضة ‎acidulous (adj.)‏
تزويد الكتب ‎__ofbook‏ | يعرف ب يقرب( ‎acknowledge‏
‏مُحرز < اكتسابى  ‎acquisitive (adj)‏ | مقبول - معترف به ‎acknowledged (adj.)‏
اشدة ‎e‏ (.8) 200015100788655 | إعتراف ‏ إقرار ‎acknowledgement (n.)‏
على الاكتاب - تشكر

acknowledgment (n.) ‏الاعتراف بالفضل‎ | acquit (v.) ‏يسدد‎ - s
‏الشكر والامتنان للآخرين‎ - | 3010 (n.) ‏إعفاء‎  ةئربت‎"	al-shamil-dictionary
30	"عمل - فعل - قضية - ‎action (n.)‏ | ررقة مخالصة ‎acqittance (n.)‏
""دعوى ‏ سلوك مقياس إنجليزى لمسطح ‎acre(n) AN‏
مرجب لرفع دعوى (/24) ‎actionable‏ | لأصغر من الفدان) أطيان

يعد - يحفز - ينشط )( ‎activate‏ | فقدان حساسية 0 )1( ‎acroanesthesia‏
‏مجتهد - نشيط - مؤثر  ‎active (adi)‏ | الاطراف

ناشط - رائج بهلوان ‎acrobat (n.)‏
الخدمة الفعلية ‎service‏ | زرقة الاطراف ‎acrocyanosis (n.)‏
حيوية ‏ نشاط  ‎activeness (n.) el‏ | الم بالاطراف ‎acrodynia (n.)‏
كد - حيوية ‏ نشاط ‎activity (1) L‏ | كبر حجم الاطراف ‏ )1( ‎aromegaly‏
‏فاعلية شلل الاطراف ‎acroparalysis (n.)‏
معدل الااستعمال ‏ (.8) ‎activity ratio‏ | الخرف المرضى من 0 ‎acrophobia (n.)‏
قضاء رقدر 40 | الاماكن المرتفعة

العجز عن ربط ‎actophasia (m.)‏ | قلعة أثينا القديمة ‎acropolis (n.)‏
الكلمات وتكوين جملة مفيدة عرض بالعرض - ‎across (adv.)‏
- فاعل ‎actor(n)‏ | من جانب لآخر

ممثلة ‎(n.)‏ 800855 | يصادف ‏ يقابل مصادفة 102002
حقيقى - فعلى - مطابق للواقع )( ‎actual‏ | يعبر - يقطع ‎togo___‏
‏أمر واقع - حقيقة ‎actuality (n.)‏ | عدم انتظام ‎acrotism (n.) ol‏
يجعله أمرا ‎2ctualize )«( -GSl‏ | يعمل - يفعل ‏ يصنع - يمثل - ‎Bct(vn)‏
‏يحفق الأمر عمل - فعل - صنيع - مشهد -

فعلا  ‎G‏ فى الراقع ‎actually (adv.)‏ | فصل

حقيقة ‎actualness (n.)‏ | يعثو ‎act corruptly 3l‏
الخير بشئون التأمين ‎actuary (n)  -‏ | ممكن تمثيله أو نطبيقه ‎actable (ad).)‏
مستشار شركة التأمين فعال ‏ نائب - وكيل - ‎acting (adj.)‏
يستفز ‏ يحمس  ‎g‏ () 800086 | فن التمثيل المسرحى"	al-shamil-dictionary
31	"رئيس أركان ‎acuity (n.) & | ADC.aside-de-camp‏
حرب شركى - شائك ‎aculeate (adj.)‏
يضم - يزيد - يجمع ‎add(v)‏ | براعة ‏ فطنة ‏ ذكاء ‎acumen (n.)‏
مدخل إضافى ‎2dded entry (n.)‏ | مدبب ‏ حاد )1 ‎acuminated (adj)‏
يجمع الاعداد ‏ يضم ‎addup(v)‏ | استدقاق الطرف  ‎acumination (n.)‏
إضافة )( ‎addendum‏ | الوشم ‏ الرخز ‎acupuncture (n) Y‏
‎-t‏ الجامع - المضيف ‎adder (n.)‏ | أخصائى علاج ‎acupuncturist (n.)‏
ممكن جمعه أر إضافته ‎addible (adj)‏ | الأمراض بالإبر الصينية

إمكانيتة الجمع والإضافة ‎S5 | addibility (n)‏ حاد ‏ قاس خطير ‎acute (adj.)‏
‎Lo ety‏ - يعكف على ‎addiet (vin)‏ | زاوية حادة ‎__angle‏
‏مُدمن ‏ منهمك ‎addicted(ad) i‏ | بشدة ‏ بحدة ‎acutely (adv.)‏
إدمان ‏ إنهاك ‎addiction (n.)‏ | ذكاء ‏ حدة ‎acuteness (n.)‏
جمع ‏ ضم ‎adding(n.)‏ | بعد اليلاد | ‎AnnoDomini‏ .صم
آله الجمع ‎machine‏ | آدم ابو ‎Adam A0‏
ضضم إضافة ‎addition (n.)‏ | مادة شديدة الصلابة ‎adj.)‏ .803003018
بالإضافة إلى ‎in_to‏ - الماس. صلب - عنيد

adamite (adj.) ‏آدمى‎  ىرشب‎ | additional (adj.) ‏زائد‎  ىفاضإ‎
adapt,to(v) iy ‏6ل200 . | يوفق - يطابق‎ (adj. V). ‏فاسد - مشوش‎ - e
adaptability (n.) - ‏يد - بشرش موافقة  مناسية‎
‏مطابقة‎ | address (v.n) ‏يوجه - يخاطب.‎

خطاب - عنوان متكيف - قابل للتكيف ‎adaptable (adj.)‏
المرسل إليه ‏ المخاطب ‎Gy | 8008885888 (n.)‏ - تطبيق ‏ تكيف ‎Adaptation (n.)‏
استصال الغدة ‎adenectomy (n.)‏ | - تكيف

adapter (n.) it  ةلصو‎  ةييكرت‎ | adenitis(n) ‏التهاب غدة‎"	al-shamil-dictionary
32	"قضاء ‏ حكم - 1 ‎adjudicate (v.)‏ | كفاءة ‏ مناسبة ‏ مطابقة ‎adequacy (n.)‏
مناقصة ‏ مزاد ‎adjudication (n.)‏ | كاف موافق - مناسب ‎adequate (adj.)‏
المساعد ‏ الملحتق. ‏ ([30 .0) 240862 | صلاحية ‏ سداد 0 ‎adequateness (n.)‏
مساعد ‏ ملحق يتمسك ب - بثبت ‎adhere , to (v.)‏
إلحاق ‏ إضافة - ضضم )1( ‎١ adjunction‏ على - يلارم ‏ يتقيد ب

مناشدة ‏ قسم ‎adjuration (n.)‏ - | تماسك ‏ التصانى ‏ التحام ‎adherence (n.)‏
يناشد ‏ يتحلف ‎adherent (adj . n.) - s  عبات adjure‏
يضبط - يتقن ‏ يصلح - بسوى (00) ا9نازفة | ملارم ‏ حليف. النصير - التابع

—_of sunnah ‏أهل السنة‎ | adjustable (adj) ‏يمكن تعديله أو ضبطه‎
adhesion (n.) ‏التصاق‎  كساغ‎ | __ shelves ‏متحركة‎ Gy
adhesive (adj) g - ‏مُلصق - لزج‎ | adjustment (n) i  ناقتا‎ - ‏ضبط‎
‏تسوية - توافق الالتصاق‎ -

adhesive binding ‏تجليد عازل‎ | adjutant ‏ضابط مساعد للقائد‎  مرالم‎
adhesiveness (n.) ‏لزوجة‎  قاصتلا‎ | administer (v.) ‏يقيم العدل - يدير‎
adjacency (n.) ‏متاخمة‎  رواجت‎ | administration (n.) . ‏حكومة‎  ةرادإ‎
adjacent , 10 (adj.) ‏تلبير قريب من مجاور ل‎ -
adjectival (adj.) ey ‏الا‎ administrative (adj.) - ‏إدارى‎
‎adjective (adj.n)  - ‏تنفيذى نعتى  رصفى‎  ىموكح‎
‏نعت - صفة‎ | __dataprocessing LN ‏تصميم‎

باهر ‎o‏ ممتاز ‎admirable (adj)‏ | يضم يجارر ‏ يلاصق ‏ (ل) ‎adjoin‏
‏قائد أسطول ‏ أميزال 0 )1( ‎adjoining (adj.) admiral‏
إعجاب ‏ استحسان (.8) ‎admiration‏ | مجاور - ملاصق ‏ محاز

adjourn (v.) ‏يفض (اجتماعًا)  يزجل‎ | admire (v.) ‏يعجب ب‎
adjournment (n.) ‏فض تاجيل‎ | admirer (n.) ‏محب‎  قشاع‎
adjudge (0 ‏يمدر حكنا‎  مكحي‎ | admissible (adj) ‏ملم ب‎  لوبقم‎"	al-shamil-dictionary
33	"يُد - مستحق العيادة (ز4ه) ‎adoptable‏ | هذا شاهد لا ‎this wimessisnof‏
عبادة ‏ سجود ‏ تكريم )1( 8008008 | قبول ‏ رضى - إدغال  ‎admission (n.)‏
دعشق بطاقة دخول 4 --
يحب لدرجة العبادة - ‎adore(v.)‏ | يقبلى ب - يرضى ب يسلم ب ‎admit, of‏
يعشق - يوقر يقبل فى أو من ‎admit into or 10 (v.).‏
بزخرف - يزين ‎adom(v.)‏ | يدخل إلى

(خرفة - تزيين ‎adomment (n.)‏ | قبول ‏ إدغال ‏ تليم ‎admittance (n.)‏
استتصال الغدة ‏ (.8) ‎adrenalectomy‏ | معترف به أو مسلم به ‎admitted (adj.)‏
الكظرية بمزج ‏ يخلط ‎(v.)‏ تتصفة
طاف ‏ عائم مع ‎adrift(adv. adj)‏ | مزيج - خليط ‎admixture (n.)‏
التيار ‏ بلا هدف. مناق يلوم يعاتب يحذر ‏ («) ‎admonish‏
‏بارع - ماهر ‎adroit (adj.)‏ | بحث ‏ بعظ

بمهارة - بخفة ‎adroitly (adv.)‏ | محذر ‏ ناصح لاثم )1( ‎admonisher‏
‏يمتز- يندمج ‎adsorb (v.)‏ | تحذير ‏ تضح - لوم — ‎admonition (n.)‏
تدامج (الغازات .. ‎adsorption(n)‏ | تذكرة ‏ عبرة - عظة

إلخ) بسطح الجماد جلبة ‏ لغط - جمجعة ‎ado (n.)‏
يتزلف ‏ يتملق  ‎o) | adulate(v) by‏ - يصنع منه ‎adobe (n.)‏
‎gl‏ مداهنة ‎adulation (n.)‏ الطر ب اللين

adolescence (n) ‏سن المراهقة . مراهقة‎ | adult(adjin) ‏بالغ راشد .شاب بالغ‎
adoscent (adjn)  قهارم ‏مراهق . شاب‎ | adulterate (v.) ‏بفد - يفش‎
adopt (v.)  ذختي‎ (W, ‏(وبخاصة‎ i | belief ‏يفد الإيمان‎
adoption (n.)  رايتخا‎  باختنا‎  ىنبت‎ | adulterer (n.) ‏الفاسق - الزائى‎
‏اتخاذ‎ | adulteress (n.) ‏الزانية‎  ةقسافلا‎

adoptive (adj.) ‏متخب مبنى‎  ىفاضإ‎ | adultery (n.) ‏فق زنا‎"	al-shamil-dictionary
34	"فى السراء ‎inprosperityand‏ | سن البلرعغٌ ‎adulthood (n.)‏
والضراء يدقع إلى الأمام - ‎advance (vnadi)‏
يعلن عن - ينشر ‎advertise (v.)‏ | يُحسن ‏ ينجح ‏ يزيد - يدنع ‎Gl‏
‏إعلانًا ‏ يعلم تحسن - تقدم - سلفة. مدفوع
إعلان ‏ نشرة ‎١ advertisement (n.)‏ مقدما
وكالة إعلانات | ‎advertising agency‏ | سلقًا ‏ مقدمًا ‎in__‏
‏نصيحة ‎advice (n.)‏ | متقدم. فى المقدمة. سابق ‎advanced (adj.)‏
موافق ‏ مُتحسن  ‎advisable (adj)‏ | ننسخة أولية ‎___copy‏
‏ينصح ‎advise (v.)‏ | تقدم ‏ نجاح - رقى  ‎advancement (n.)‏
المستشار ‏ المرشد 1 ‎adviser (n.)‏ مرتفع - منقدم ‎advancing (adj.)‏
‎advisor (n.)‏ | فائدة - ميزة - يفيد ‏ (.8.7) ‎advantage‏
‏استشارى - تقربر جوى ‎advisory (adin.)‏ | يستفيد من - يتتهز فرصة /ه __ 101:6 10
الخدمة الاستشارية ‎@l | service‏ - مفيد ‎adventageous (adj.)‏
محاماة - توسط - ‎advocacy (n.) iUl‏ | مجئ - ظهور ‎advent (n.)‏
المحامى .يدافع عن ‎advocate (n.v.)‏ | ظهور الإملام ‎the advent of Islam‏
- يؤيد يخاطر ‏ يجاذف ‎adventure (v.n.)‏
احتجاج ‏ مرافعة - ‎(n)‏ 801068008 | مخاطرة ‏ مجاذفة ‎١‏
‏محاماة المغامر ‏ المجاذف ‎adventurer (n.)‏
قدوم - مطرفة ‎adze (nv.)‏ | مغامر - محفرف  ‎adventurous (adj)‏
يقطع بالقدوم ‎AL‏
‏بادثة معناها هواء ‏ طبران ‏ 2820:2800 | ظرف (زمان. مكان) حال ‎adverb‏
‏هوائى - شاهق - لطيف ‏ (/24) ‎acrial‏ | عدر - خصم - معاكس . ‎adversary (n.)‏
- رقيق ‏ خيالى - غريم
خريطة جوية ‎map(n)‏ | عضاد - ‎adverse (adj.) S‏
المسح الجوى ‎surveying‏ | شدة ‏ ضراء ‎adversity (n.)‏"	al-shamil-dictionary
35	"يضم إلى - يدنج ‎affilate )008(  -‏ | تهوية - تشيع بالهواء ‎acrification (n)‏
يتبنى ‎Wy‏ يهرى - يشبع بالهواء ‎aerify (v.)‏
تبن لبوت السب | ‎affiliation (n)‏ | الخوف المرضى ‎acrophobia (n.) e‏
- انضمام التيارات الهوائية
مرتبط ب ‎affined (adj.)‏ | طيارة ‎acroplane (n.)‏
مشابهة ‏ مصاهرة ‎2ffinity (n.)‏ | جهاز جمع البكتريا 0 ‎acroscope (n.)‏
يؤكد ‏ ينبت - يقرر - يجزم )( 80500 | والأتربة وفحصها ميكررسكوييًا
تأكبد ‏ إثبات ‏ إقرار )( ‎affirmation‏ | فلسفة الفنون الجميلة  ‎aesthetics (n.)‏
إيجابى - إلباتى  ‎affirmative (adj)‏ | شغل ‏ عمل سالة ‎affair (n.)‏
يختم ‏ يلصق (طابع). ‏ 80508 | يؤثر فى - بحرك العواطف  ‎affect (v)‏
إضافة ‏ ملحق ‎affectation (n.)‏
رحى - إلهام () 280 | تظاهر ‏ إدعاء - تكليف - تصنع
يحزن ‏ يغم - يتلى ‎afflict (v.)‏ | متائر ‏ مثالم ‎affected (adj.)‏
محزون - مغموم - مبتلى ‎Afflicted (adj)‏ | مؤثر - محرك للعراطف (.(04) ‎affecting‏
‏حزن غم - كرب - بلاء ‎Affliction (n.)‏ | وداد - محبة - شوق ‎for (n.)‏ , 20160000
- بلوى - فتنة ودود - محب ‏ رزؤرف (.زفه) ‎affectionate‏
‎١ Afflictions (n.) &‏ أم حترن ‎mother‏ __
محزن - مؤلم ‎The Affectionate afflictive (adj.)‏
اوفرة - سعة - فيض ‎affluence (n.)‏ | الرؤوف امن أسماء الله الحستى؛
- رخاه - بحبوحة العيش موثر - عاطفى ‎affective (adj.)‏
موسر - وافر - ‎(adj n) - i‏ 8000801 | خطبة - خطوبة - ثقة.  ‎affiance (n.v.)‏
فياض. مجرى ماء ‎١ afflux (n.)‏ بخطب
جريان ‏ اندفاع ‏ انجاه خاطب ‎affiancer (n.)‏
يقدر على - يعطى - ‎afford (v.)‏ | شاهد. محلف ‎affiant (n.)‏
يمتح - يقدر على شراء ‎Gl‏ إعلانى كبير ‎affiche (n.)‏"	al-shamil-dictionary
36	"afforest (v.) ‏يشجر‎ | afresh(adv)  ديدج ‏من‎ - GO Cat
afforestation (n.) ‏زراعة الغابات‎ | African (adjn)  ىقيرفالا‎ - ‏أفريقى‎
‎affranchise (v.) aft (adv. adj.) ‏نحو مؤخرة السفينة  خلفى‎
‏يخلص بضاعة‎  قتعي‎  ررحي‎  قلطي‎ | after (adV.ad) ‏بعد - بحب . بموجب‎

فى المستقيل ‎ages‏ | مشاجرة عنيفة ‏ شغب ‎affray (n.)‏
رفضلاً عن ذلك ‎affright (nv.)  بعري  بعر  فوخ | __all‏
بعد الظهر ‏ العصر ‎(m.adj)‏ 20100000 | إساءة ‏ إهانة - يعير - يغيظ ‎affront (n.v.)‏
- الأصيل - أصيلى - يقارم .

كلمة ختام ‎afterward (n)‏ | برش يصب - يسكب ‎affuse (v.)‏
بعد ذلك ‎afterwards (adv.)‏ | رش - صب انكاب ‎affusion (n.)‏
- وفوق ذلك ‎again (adv.)‏ | شارف فى الحقل - ‎afield (adj. adv.)‏
ضد ‏ مقابل ‏ تجاه الي ‎against‏ | فى الخلاء

afire (adj. adv.)  دقتم‎  لعتشم‎ | agape (adj) ‏مفتوح القم‎
‏مشعلاً‎ | age(nv) ‏عمر - دور عصر.‎

يهرم - يشيخ ملتهب. مشتعل - ‎aflame (adj. adv.)‏
سن الجندية ‎Szt | draftage‏

afloat (adj. adv.) wilb  مئاع‎ | under age ‏قاصر‎
‎Qe  اًيفاط‎ | 0864 (adj.) ‏شيخ - مسن‎

المسنون ‎the aged‏ | مشيًا على الاقدام ‎afoot (adv.)‏
دائم الشباب - أبدى - ‎ageless(adi)‏ | قدام ‎afore = before (prep.adv.)  -‏
خالد أمام ‏ قبلاً. من قبل

توكيل - وكالة ‏ فعل ‎aforementioned (adj.) agency (n.)‏
مكتب تجارى مذكور ‎GL‏ 1 م ‎aforesaid,‏
‏برنامج - جدول أعمال - (8880088 | سالف الذكر

afraid , of (adj.) ‏بومية - سجل زمنى - أجندة خائف من‎ Y o"	al-shamil-dictionary
37	"مذهول - مذعور - متحير ‎aghast(ad))‏ | وكيل - نائب ‏ ممثل ‎agent (n.)‏
صريع أو خفيف الحركة  ‎agile(adi)‏ | جاسوس ‏ بوليس سرى 38066
- نشيط الشيخوخة التى لا ‎agersia (n.)‏
صريع الحركة ‏ نشيط ‎agility (n.)‏ | تظهر على صاحبها
صرافة - فرق سعر ‎agio(n)‏ | ككلة ‏ مككل - ‎agglomerate (n.adj.v.)‏
يهيج - يحرك ‏ يناظر 0 (0) عتقائهة | ‎UK‏
‏متهيج - مضطرب (ز4ه) ‎agglomeration (n.)  ميركت  ميمجت | agitated‏
هياج - حيرة ‎agitation (n.)‏ | لزج - غررى ‎agglutinant (adj.)‏
الهيج - الثير للفن ‎agitator (n.)‏ | يغرى - يلصق بالغراء (ل) ‎agglutinate‏
‏ذر ويض ‎agglutination ()  ةيرغث  قاصتلا | agleam (adj)‏
‎gl‏ متلالئ ‎aglitter (adj)‏ | يجل - بعظم ‎aggrandize (v.)‏
عجز النطق ‎aggrandizement (n.)  ميظعت  ليجبت | aglossia (n.)‏
داحوس (ورم يصيب الإصبع) ‎agnail (n)‏ | يهول - يعظم - يثقل ‎aggravate (v.)‏
قريب من جهة الأب ‎agnate(n)‏ | تهويل ‏ تعظيم ‏ تفاقم ‎aggravation (n.)‏
كنية ‏ لقب ‎agnomen (n.)‏ | ككل يكم - ‎aggregate (vnadi)‏
ماض ‏ منذ. فى الماضى ‎(adj adv.)‏ 880 | بتجمع . حاصل - مجموع.
متلهف ‏ بتلهف - ‎agogadi adv.)‏ | إجمالى ‏ كلى
فى هرج رمرج - فى ااه | تجميع ‏ إجمالى ‏ جملة ‎aggregation (n.)‏
حركة وحماس يتعدى على - يعتدى ‎aggress (v.)‏
نزاع - منازعة ‎agonism (n.)‏ | اعتداء ‏ عدوان ‎aggression (n.)‏
صراعى نزاعى (.24) ‎agonistic‏ | عدائى ‏ عدواتى - ‎aggressive (ad).)‏
ينازع ‏ يتألم ‏ يتعذب 0 ‎agonize(v)‏ | تائم
كرب سكرة المرت )( ‎agony‏ | الباغى - المعتدى ‎aggressor (n.)‏
الخوف المرضى من (.8) ‎١ agoraphobia‏ يظلم ‏ يحزن ‏ يكدر 0 ‎aggrieve (v.)‏
الأرض الفضاء مظلوم ‏ محزون 0 ‎aggrieved (adj.)‏"	al-shamil-dictionary
38	"علة ‏ اعتلال ‎ailment(n.)‏ | زراعى - أرضى ‎agrarian (adj.n)  -‏
يصوب على يبعى ‏ (-2:)8, 070 | الداعى بالإصلاح الزراعى
- يعتزم ‎TR‏ حركة الإصلاج ‎agrarianism (n.)‏
قصد الزراعى |قسمة الارض

0 - بدون قصد . ‎aimless (adj)‏ | على التساوى]

بلا هدف ‎ity‏ يلاثم يناسب  ‎agree, with (v.)‏
هواء ‏ نفخة - هيئة فراغ ‎ATV  -‏ | يسلم ب يقبل ب () ‎agree 1o‏
بهدى - يظهر - يذيع مقبول - موافق ‎agreeable (adj.)‏
فقاقيع هوائية ‎cells‏ __ | قبول ‏ اتفاق ‎agreement (n.)‏
حاملة طائرات ‎craficarries‏ __ | لاتفاقيات ‎agreements‏
‏مطار ‏ المهبط إفى المطارا  ‎fiedd‏ | ريفى ‏ فلاحى ‎agrestic (adj.)‏
سلاح الطيران” ‎agricultural (adj.) ) | —force‏
بندقية هواء ‎١ ___gun‏ رراعة ‏ فلاحة ‎agricuiture (n.)‏
فتحة لمرور الهواء ‎hale‏ | مهندس زراعى ‎agronomist (n.)‏
بريد جرى ‎mail‏ | علم الزراعة - ‎agronomy (n.)‏
محكم السد 7 | الهندسة الزراعية

غارة جوية ‎raid(n)‏ - | مرتطم بالارض - ‎aground (adj. adv.)‏
خيالى - طلق الهواء - ‎airy (adj)‏ | جائح. على الارض

,53 - خفيف ‎M‏ قشعريرة - نوبة الملاريا ‎ague (n.)‏
تمشى كنيسة - مر بين ‎aisle (n)‏ | بعد الهجرة لام
كراسى الكنية ‏ تمشى بين مقاعد أحاديث ‎ahadith (n.)‏
منفرج - مفتوح قليلاً ( زف ‎ajar (adv.‏ | قدام ‏ إلى الأمام ‎ahead (adv.)‏
- موروب (كالباب) ماعدة ‏ عون. ياعد ‏ يعارن ‎aid (V1)‏
معوج - لتر - ‎akimbo (adv adi)‏ | خصلة ريش ريشة 0 ‎aigret, -te(n)‏
مقصرع يمرض . يوجع ‎ail (v.)‏"	al-shamil-dictionary
39	"إلكترون - جزء من ‎dteatrone (n.)‏ نيبا قريب - مثيل  ‎akin, to (adj.)‏
الذرة الإلكتررنية ‎o‏
‏الكيمارى ‎e | alchemist (n.)‏ نوع من ‎alabaster (n.) (bt )l‏
كيمياء تحول المعادن ‎alchemy (n.)‏ | المعرق
إلى ذهب أخ ‏ اداه آه ‎alack!‏
‏كحول ‎alack-a-day } alcohol (n.)‏
كحولى ‎alcoholic (adj)‏ | خفة ‏ نشاط ‏ رشاقة ‎alacrity (n.)‏
مشروبات كحولية 0 ‎__beverages‏ | على ‎alamode(adi) -y ST‏
إخمررا على الموضة
السكارى ‎anonymous (n)‏ | الزعاج - عب إنثار  ‎alam(vn)‏
‏الجهولون بالخطر - كيسة - برعب - ينبة
الإدمان على شراب  ‎alcoholism (n)‏ | منبة ‎(n.)‏ 106 _-
الخمر ‏ التسمم الكحولى مزعج - مضطرب  ‎alarmed , at(adf)‏
2 بالكحول ‎alcoholize (v.)‏ | القطرس ‏ طائر بحرى )1( ‎alabatross‏
‏الكربوب «مشروب ‎(R RS‏ 0000ل | ولو - ولو أن رزصد) ‎albeit‏
‏بطعم المشروبات الغازية ميض - غارب ‎albescent (adj.)‏
القرآن الكريم 0 | إلى البياض
خلوة ‏ مضجع - فجوة  ‎alcove (m)‏ | الامهق ‏ شخص أيض 0 )( ‎albino‏
‏فى جدار البشرة والشعر
شيخ البلد ‏ عمدة - ‎alas! Wiy | alderman‏
حاكم إقليم ‎album (n.)‏
نشيط - ستبقظ ة) 208 | البوم ‏ مجلد ‏ كاب لحفظ الصرر ار الطرابع
إنذار بغارة حوية ‎٠‏ ينبة زلال البيض ‎albumen (n.)‏
مستيقظ  ‎onthealert Ol‏ | شيه زلالي ‎albuminoid (adj.)‏
الذيب ‏ لمحلل العام 00 ‎alcthest(n)‏ |"	al-shamil-dictionary
40	"تغذية ‎alimentation (n.)‏ | العمى القرائى ‎alexia (n.)‏
نفقة الزوجة المطلقة ‎alimony (n.)‏ | (عدم القدرة على القراءة|

Algebra (n.) ‏علم الجبر‎ | aliquant(n) ‏عدد وترى‎ 5y
Algerian (n.) ‏أحد أبناء الجزائر  الجزائرى‎ | aliquot (adj.) i ‏عدد‎ - i
algia(n.) ‏الم‎ | alive (adj.) ‏على قيد الحياة‎  ىمح‎
algoid (adj.) ‏شبيه بالطحلب‎ | Alive, The € ) ‏الحى دمن أسماء‎
algophilia (n.) ‏التلئذ بالألم أر الإيلام‎ | the Alive , the Eternal  مويقلا ‏الحى‎
‎algophobia (n.) ‏الخرف المرضى من الالم‎ | alkali(nadi) - ‏فلز قلوى  قلوى‎
alibi (n.) ‏وجود المنهم فى غير‎ | alkalify (v.) ‏يجعله قلويًا‎
‏مكان الجريمة‎ | alkaline (adf.) ‏قلرى‎

يجعله قلريًا ‎prove his alibi alkalinize (v.)‏ م1
ريادة القلوية ‎alkalosis (n.)‏ | يثبت عدم وجوده فى مكان الجريمة

كل جميع ‏ كافة ‎allfadj.adv.n)‏ | عند وقوعها

- جميعًا ‏ كل ما يتملكه الإنسان أجنبى - غريب . شخص ‎alien (adj. n.v.)‏
وحذه ‏ متقرفاً ‎alone‏ | أجنبى. يحول - ينقل ‏ يعد

كل الوقت ‎along‏ | قابل للتحويل من ‎alienable (adj.)‏
دفعة واحذة  ‎__atonce Vi‏ | شخص لآخر

فجاة ‎١ ofa sudden‏ ينقل - ينفى - يطرد ‎alienate (v.)‏
انتهى الأمر 067 __ | نقل الملكية من شخص ‎alienation (n.)‏
حاضر ‏ حنًا ‏ جيد ‎__right‏ | لآخر

على آية حالة ‏ أبن ااه | طبيب أمراض عقلية ‎alienist (n.)‏
الله ‎Allah(n)‏ | شبيه ‏ غائل .على ‎alike (adj. adv.)‏
يخمد ‏ يهدئ ‏ يسكن ‏ يلطف ‎allay (v.)‏ | قدم المساواة

aliment (n.v.) ‏يقيت‎  ءاذغ‎ | 811688000 (n)  ةجح‎  ءاعدا ‏زعم‎
‎alimental (adj.) ‏غذائى - مغذ‎ | allege (v.) ‏يحتج - يدعى‎"	al-shamil-dictionary
41	"يربط - يقر ‎alligate (v.)‏ | إخلاص - ولاء ‎allegiance (n.)‏
الزج أو التعديل فى ‎alligation (n.)‏ | بيعة __ ‎apledgeof‏
‏الحاب ‏ ربط مخلص ‏ صادق الولاء ‎allegiant (adj.)‏
تمساح أمريكا ‎alligator (n.)‏ | مجارى ‎allegoric, ___al(adj.)  -‏
يجانس استهلاليًا ‎١ alliterate (v.)‏ استعارى

الجناس الإستهلالى  ‎alliteration (n.)‏ | يستعمل الاستعارة ‎allegorize (v.)‏
الثوم ‎allium (n.)‏ | استعارة ‏ مجار ‏ قصة رمزية (.0) ‎allegory‏
‏العليم ‎All-Knowing, The‏ | الواسع ‎All-Embracing , The‏
«من أسماء الله الحسنى؟ لمن أسماء الله الحستى»

يرزع - يقسم ‏ يجدد ‎allocate (v.)‏ | شديد الحاسية ‏ استهدافى ‎allergic (adj.)‏
- إضافة - ‎allocation (n.)‏ | أخصائى علاج أمراض الحساسية ‎allergist‏
‏حصة  ‎A‏ شديد الحساسية ‏ استهداف )1( ‎allergy‏
‏علاوات ‏ مرتبات )( ‎allocations‏ | نفور - حساسية

alleviate (v.) - Sy ‏بلطف‎ | allocution (n.) ‏خطبة - موعظة‎
‏عن‎ g A= ‏يخفف‎ | allopathy (n.) ‏الالوبائيا‎

|العلاج بعقار يحدث آثار مغايرة تلطيف ‏ تسكين - ‎alleviation (n.)‏
لتلك التى أحدثها المرض المعالج) تخفيف

يصرح - يمح . ‎GGy | allow (v)‏ - عطفة ‏ عشى بين الاشجار ‎alley (n.)‏
مسمرح ب ‎allowable (adj.)‏ | أول إيريل «نسيان؟ - ‎All-Fools' Day‏
سماح - ]03 راتب  ‎allowance (n.)‏ | كذية إبريل

علارات بدل ‎allowances (n.)‏ | السميع ‎All-Hearing , The‏
مسمرح به مباح ‎allowed (ad).)‏ | امن أسماء الله الحسنى؟

معدن رخيص - يزين ‎alliance (1)  ةرهاصم  ةدهاعم  داحتا | alloy (n.v.)‏
عيد القديين  ‎Day (n)‏ 'واهته5 لله | حلف بين الدول

allied (adj)  رهاصم‎  فيلح‎  دهاعم ‏أول نوفمبر‎"	al-shamil-dictionary
42	"تصدق ‏ إحسان ‏ )1( ‎almsgiving‏ | يذور الكتان ‎allseed (n.)‏
بيت الإحسان ‏ ملجا ‎almshouse(n)‏ | عيد الموتى انرفمبر (-8) ‎All Souls’ Day‏
شجر ار خشب الصندل ‎١ almug(n) L‏ فلفل خلر ‎allspice (n.)‏
صندل يلمح إلى - ينوه ‎allude (v.)‏
صبار ‎Aloes(n) it‏ | يغرى ‏ يفن ‎allure (v.)‏
مرتفعًا ‏ عاليًا - فرق ‎allurement (n.)  ةنت  ءارغإ  ءارغإ | aloft (adv.)‏
اجهار قياس حساسية  ‎alogmeter(n)‏ | - فاتن ‎alluring (adj.)‏
‎allusion (1)  ةراشإ  ةيروت  حيملت PO‏
وحدة ‏ بمفرد ‎lone(adv.adi)  -‏ | تلبيحى ‎allusive (adj.)‏
منفردًا - فقط اسشهل رسوبى - ‎alluvion (n.)‏
وحدة ‏ تفرد ‎aloneness (n.)‏ | طمى - غرين } ‎alluvium (n.)‏
على طول - فى ‎along (prep.adv)‏ | الحكيم ‎All- Wise , The‏
موازاة ‏ إلى الأمام ‏ بجانب «من أسماء الله الحسنى؟
يسبب - مشبب عن ‎__of‏ | دولة حليفة ‏ تصير. ‎ally (n.v.)‏
هيا بنا ‎come‏ | يصاهر ‏ يعاهد
بمعزل عن - بعيد ‎aloof (adv.)‏ | مرضعة ‏ مربية ‎alma (n.)‏
تباعد ‏ ابتعاد - تفرد (8) 810000658 | تقويم ‏ نتيجة ‎almanac (n.)‏
صلم داء الثعلب ‎alopecia (n.)‏ | الله الله جل جلاله - ‎Almighty , The‏
بصوت عال ‎aloud (adv.)‏ | الله عز رجل
جهاراً ___ ‎toread‏ | لوز ‎almond (n.)‏
جبل عال ‏ جبال الالب (.8) ‎Alp. Alps‏ | اللوزتان ‏ لوزتا ‎almonds (n.) G4‏
نوع من ‎alpaca (n.) - r""""i‏ | وكيل لتوزيع الصدقات  ‎almoner (n.)‏
صرف الالباكا ماوى الفقراء - نكية ‎almonry (n.)‏
الالف إرهو أول ‎almost (adv.) QU  اًيرقت | Alpha(n) Gy‏
الهجاء اليونانية إحسان ركأة ‏ صدقة ‏ حنة ‎alms (n.)‏"	al-shamil-dictionary
43	"alpha and omega altercate (v.) ‏يتشاجر - يتارع‎
‏البداية والنهاية - الأول والآخر‎ | altercation (n.) ‏مشاجرة‎  ماصخ‎
alphabet (n.)  ىدجبأ‎  ءاجهلا‎ Gy~ | alternate (v.adjn.)
alphabetic , al (adj.) ‏ينارب بتعاقب  متارب  متعاقب - البديل‎
‏مرتب حسب الابجدية‎ | alternating ‏متنارب . (.ز0ة)‎  بقاعتم‎
alphabetically (adv.) alternating current ‏تيار متردد‎
. ‏بحب ترتيب حروف الهجاء‎ | alternation (n.) ‏تناوب‎  بقاعت‎
alphabetize (v.) ‏يرتب أبجديًا‎ | altemnative (adj.)

اختيار بين أمرين ‏ خيارى مرتفع عال ‏ شاهق ‏ جبلى -
بالتتارب ‏ بالتبديل ‎altematively (adv.)‏ | الالبينى ‎Alpine (adj.n.)‏
مع أن - برغم أن ‎although (conj)‏ | نبانات جبلية ‎Alpine plants‏
مقياس الارتفاع - الالتيمر ‎Alpinism (n.) altimeter (n.)‏
قياسات الارتفاعات ‎altimetry (n.)‏ | تسل الالب (او اى جبل شاهق)

Alpinist (n.) altitude (n.) ‏علو ارتفاع‎

(لزفة) ‎alto‏ | متلق الالب (ار على جبل شاهق)

already (adv.) ‏قبل الآن  الآن‎ - Gl ‏سام اللثر (فى الوسيقى والغاء)‎  عفنرم‎  لاع‎
also (adv.) ‏كذلك‎ - Cal | altogether (adv.) G - Cu  اًعيمج‎
altar (1) ‏مذبح الكنيسة  هيكل‎  بارحم‎ | altruism (n) ‏الإيثار‎  ريغلا‎ o  راثيإ‎
alter (v.) ‏يدل‎ - | altruist(ad) - ‏بحب للخير‎  ىريخ‎
alterable (adj.) ‏متبدل_ متغير  قابل للتغير‎ | aliristic (adj.) ‏مؤثر أمنصف بالإيثارا ا‎

مبدل - مغير - متردد ‎alterant (an.adj.)‏

alteration (n.) ‏تبديل‎  رييغت‎ | alum (n) ‏حجر الشب  شبه‎
‏تبديل‎  فالتخا‎ ١ aluminium () ‏معدن الألومنيوم‎

the alteration of the night aluminous (adj.) ‏الومنيرم. شبى‎

اختلاف اليل والتهار ‎andthe day‏"	al-shamil-dictionary
44	"alumni (n.) ‏تلايذ‎  ةذمالت‎ | ambidextrous (adj.)
alumnus ‏خريج مدرسة أر كليةل.ة)‎  ذيملت‎ S ‏أضبط - ادر على استعمسال‎
dlveolate (adj.) ‏يديه بسهولة متسارية - لبق - منافق اذو لقوب - مخرم‎
alvine (adj.) ambient (adj.) ‏محيط ب . شامل‎  فتتكم‎
‏بطنى - معدى - مختص بالامعاء‎ | ambiguity )8.( 0 ‏التباس‎  ضرمغ‎
always (Aadv.) Gots | ambiguous (adj.) ‏يهم‎  ضماغ‎
A.m (ante meridiem) ‏قبل الظهر‎ | rirde ‏عنران مبهم‎
am(v.) ‏اكون‎ | ambition (n.)
amass (v.) ‏حب الشهوة والرفعة يجمع - يكوم - يكدس‎  حرمط‎
amassment (n.) ‏جمع - تكويم‎ | ambitious (adj.)
amateur (n.adj.) ‏محب للشهوة والرفعة - طموح‎
‏الهاوى أضد المحترف] هار‎ | ambivalent (adj.)
amalive ‏لقم‎ S - ‏الشخص الذي بتصارع فى داخله محب - مغرم‎
amativeness (n.) ‏مشاعر الحب والكراهية تحر‎
‏شخص ما الميل للحب أو الشهوة الجنسية‎
amatory (adj.) ‏غرامى - عشقى‎ amblyopia (n.)  رمبلا ‏فقد أر إظلام‎
amaxophobia (n.) ‏العى الخلقى‎
‏الخرف المرضى من العربات‎ | ambulance (n.) ‏إسعاف‎  ةلاقث‎
amaze (v.) ‏يدهش - يحبر‎ | ambulation (n) ‏تنقل - دوران - سير‎
amazement (n.) ‏حيرة‎  ةشهد‎ | ambulatory (adj) ‏جوال - متنقل‎
amazing (adj.) ‏مدهش - محير‎ ambuscade (v.n.)
amazon (1)  نوزامأ‎  ةلجرتسم ‏ما امرأة‎  نيمك‎  ئبتخي‎  نمكي‎
ambassador (n. ‏رسول‎  ريفس‎ | 8000050 (n.) ‏مخبا‎  نيمك‎
ambassadress (1) ‏زوجة سفير‎  ةريغس‎ | 8Mebiasis (n.) ‏أميا‎
‎amber (adj.n.) ‏كهرمان‎  ىنامرهك‎ | ameni (adv.) ‏حقًا‎  نيمآ‎"	al-shamil-dictionary
45	"غير متظم الشكل ‎amorphous (adj)‏ | يزمن ار يصدق على 0 ‎tosay‏
‏يمكن استهلاكه  ‎(adj)‏ 80000128018 | يصلح - بقوم ‏ يعدل - ينقح ‎amend (v.)‏
استهلاك الدين أر 1 ‎amendment (n.) amortization (n.)‏
الاسهم ‏ استهلاك 7 )( ‎amortizement‏ | إصلاح - تعديل - تنفيح - تعديل
يستهلك - بعطل ‎amortize (v.)‏ | تعويض - مكافاة ‎amends (n.)‏
‎amount , to (v.n)‏ | يقدم تعويضًا ‎to make __(v.)‏
يلغ - يارى  ‎American (nadj) - SV - s - Dol‏
مجموع - قيمة انس - لطف ‎amiability (n.)‏
غرام ‏ عشق ‎amour (n.)‏ | انيس لطيف ‎amisble (adj.)‏
عزة النفس - شهامة ‎amour propre (n.)‏ | بلطف بظرف ‎amiably (adj.)‏
‎ampere (n)‏ | حى - ردى ‎amicable (adj.)‏
] التبار الكهربىأ بين - فى وسط ‎amid (prep.)‏
‎amidships (adv.) ampersand (n.)‏
الواوية تستعمل بدل حرف العطف (80) | وسط المركب «بالنسبة لطولها وعرضها؟
‎amiss (adv. adj.) amphibia (n.adj.)‏
البرماثى - طاثرة برمائية - برمائى غير ‎Y‏ خطأ ‏ بغير ‏ بطريقة خاطئة
‎amphibian (n.adj.)‏ | محبة ‏ مودة ‎amity (n.)‏
حيران برمائى - برمائى غاز النوشادر ‎ammonia (n.)‏
برماثى ‎amphibious (adj.)‏ | ذخيرة الجيش ‎ammunition (n.)‏
‎amplification (n.)‏ | فقدان الذاكرة ‏ نيان ‎amnesia (n.)‏
توسيع - تكبير - إسهاب عفو عام - يصفح ‎amnesty (n.v.)‏
المكبر ‏ مضخم الصوت ‎among-st (prep.) amplifier (n.)‏
يكبر ‏ يضخم ‏ يهب («) ‎amplify‏ | فيما بين فى رسط - ضمن
اتساع - سعة - وفرة  ‎amplitude (n.)‏ | مغرم ‏ عاشق ‏ غرامى ‎amorous (adj.)‏
بسخاء ‏ بعة - بوفرة  ‎amply (adv.)‏ | عشق ‏ تحاب ‎amorousness (n.)‏"	al-shamil-dictionary
46	"ampul (n.) ‏أمبول - أمبولة‎ | anacrobia (n.)
ampulla (n.) ‏كائنات حية تعيش بمعزل عن الهواء قارورة‎
amputate (v.) ‏يقطع عضر يتر - يقلم‎ | anaesthesia () ‏فقد الإحساس‎  ريدخت‎
amputation (n.) ‏قطع - بتر - تقليم‎ anaesthetic (adj.) ‏مخدر‎
‎amuck (adv. adj.) local __ ‏مخدر موضعى‎
‏هائج كالجنون‎  عافدناب‎  روهتب‎  نونجب‎ | anaesthetize (v.) ‏يخدر الجسم‎
amulet (n.) ‏حرز - ميمة‎  باجح‎ | anagicctasia (n.) ‏تمدد الرعاء الدموى‎
amuse (v.) ‏يلى - يلهى‎ | anagram(n.) ‏جناس لفظى‎
amusement (n.) ‏لهو‎  ةيلست‎ | mnal  جرشلا‎  تمإلاب ‏مختص‎  ىتسإ‎
__park(n) ‏حديقة الملاهى‎ | analectic (adj.)
amusing (n.) P ‏يتضمن منتخبات أر مقتطفات أدبية‎
amygdalate (adj.) ‏لوزى - _. باللرز‎ | analects(n,)
amylolysis ‏تحول النشا إلى سكر‎ Lol ‏مجموعة متخبات أر مقتطفات‎
an ‏أداة تتكير تسبق الالفاظ المبدوءة‎ | analeptic )80(.0.( ‏منعش - مقو - دواء مقو‎
‏بحرف متحرك‎ | analgesia(n)  ملألاب ‏عدم الإحساس‎
anabasis (n.) analgesic (adj.n) (5 ‏سكن متقد‎
‏رحف عسكرى  حملة عسكرية‎ | analog computer (n.)
anabiosis (n.)  ةقافإ‎  ةايحلا ‏الحاسبات الإلكترونية التحليلة عودة إلى‎
anachronism (n.) analogous . to (adj.)
- ‏ممائل - مضاه أخطاء فى تسلسل تواريخ الحوادث‎  هباشم‎
‏خطا فى التطابق التاريخى‎ | analogy )8.( ‏مائلة - مضاهاة‎  ةهباشم‎
anaconda (n.) ‏حية كبيرة من فصيلة البواء‎ | analyse(v.) . ‏يعرب - يحلل يلخص‎
anacmia (n.) sl ‏فقر دم‎ | analysis (n.) ‏تحليل - تلخيص‎  بارعإ‎
anaemic (adj.) ‏فقر الدم‎ | analyst (n)
‏مُعرب - محلل - لمحلل النفى‎"	al-shamil-dictionary
47	"analytic,  al (adj) ‏تتصيلى‎  ىليلحت‎ | androgen (adj) ‏منشط للذكور‎
_ ‏مدخل تحليلى اه‎ | androgynous (adj.)
analytics (n.) ‏له صفات الذكر والانثى علم الإعراب  علم التحليل‎  ىثنخ‎
analyze (v.) ‏يحلل يعرب‎ | andromania (n.)
ananas , see pineapple (n.)  ساناتأ ‏الشبق الجنى نحو الذكور‎
anaphrodisia (n.) &kl ‏انعدام الرغبة‎ | andropathy (n.) ‏أى مرض يصيب الذكور‎
anaphrodisiac (adj.n.) androphobia (1)

الخوف المرضى لدى الناء من الرجال منقص لر مقلل للرغبة الجنسية - دواء مقلل

هوس القتل ‎androphomania (n.)‏ | للرغية الجنسية

قريب من قرب عند ‎anear (prep)‏ | الفرضرى ‎anarchist (n.adj.)‏
حكاية ‏ قصة ‏ نأدرة | ‎amecdote (n)‏ | فورضى ‎anarchy (n.)‏
أنيميا (فقر الدم) ‎anemia(n.)‏ | لعنة ‎anathema (n.)‏
علم الرياح ‎anemology (n.)‏ | يلعن ربحرم من الكنيسة ‎anathematize (v.)‏
‎anemometer (n.)‏ | علم التشريح ‎anatomy (n.)‏
مقياس سرعة الرياح واتجاهها جد ‎el‏ سلف ‎ancestor (n.)‏
‎anemone (n.)‏ | هلب يرسى السفيئة 0 ‎anchor (v.n)‏
شقائق النعمان - زهرة الريح مرسى - ملاذ آمن ‎anchorage (n.)‏
أخصائى تخدير ‎anchoret (n.) anesthesiologist (n:)‏
من جديد ‏ مرة ثانية 0 ‎(adv.)‏ 208 | زاهد - متعبد ‏ ناسك } ‎anchorite‏
‎S‏ امرأة كالملاك جمالاً )( ‎angel‏ | أنشوجا ‏ سمك صغير ‏ (.8) ‎anchovy‏
‎S‏ - سماوى ‎angelic, al(adj)‏ | قديم ‎ancient (adj.)‏
جرس التبشير  ‎s‏ التبشير )1( ‎angelus‏ | قدم - ‎ancientness (n.) G‏
غيظ - غضب - يغضب  ‎anger (nv.)‏ | حالة إنكلستوما ‎ancylostomiasis‏
‏كاظم الغيظ ‎restrainer‏ | د . وار العطف ‎and (conj.)‏
مرض الخانوق ‏ الخناق  ‎angina(nv)‏ | طب الرجال ‎andriatrics (n.)‏"	al-shamil-dictionary
48	"كرب عذاب () ‎anguish‏ | ررم ‎il‏ بالارعية ‎angiofibroma (n.) i‏
ذو زوايا ‎angiograph (n.) angular (adj.)‏
فقدان وظائف الكبد ‏ (.8) 2080888 | جهاز فحص الاوعية الدموية
حيوان - شهوانى ‎angiography (n.) animal (n.adj.)‏
موقوذة 06000 8 | الكشف على الارعية الدموية باشعة ‎X‏
‏نطيحة __ ‎afossed‏ | علم الاوعية الدموية واللبمقاوية ‎angiology (n.)‏
حيوانية ‏ بهيمية ‎animalism (n.)‏ | ضيق الشعبرات الدموية ).( ‎angiostenosis‏
‎animate (v.n.)‏ | زاوية ‏ صتارة ‏ يصطاد بالصتارة ‎angle (v.n.)‏
يحى ‏ ينعش ‏ بنشط - حى ‏ متحرك - فر حياة زاوية حادة ‎acute angle‏
أحياء ‏ إنعاش ‏ الرسوم المتحركة )1( ‎animation‏ | زاوية خارجية ‎exterior angle‏
يانسون ‎anise (n.)‏ | زاوية داخلية ‎interior angle‏
‎anisocytosis (n.) .‏ | زاوية متفرجة ‎obtuse angle‏
اختلاف حجم كرات الدم الحمراء زاوية قائمة ‎right angle‏
‎ankle )(‏ | زاوية مشممة ‎supplement angle‏
الكاحل إمفصل بين الساق والقدم رسغ القدم بادئة معناها ‎Anglo_ 16D‏
خلخال ‏ سوار القدم ‎A __ American Code anklet (n.)‏
‎ankylosis (n.)‏ | قواعد الفهرسة |الانجلو ‏ أمريكية!
تيس المفاصل . تصلب المفاصل يجعله إنجليزى ‎Anglicize (v.)‏
رادى - مؤرخ ‎annalist (n.)‏ | الصبد بالصنارة ‎angling (n.)‏
عبد سنوى - سنوى ‎anniversary (0.2dj.)‏ | الحب الجارف نحو الإنجليز ‎Anglomania (n.)‏
‎Anno Domini (A.D.) (n.)‏ | رمحاكاة سلركهم
السنة الميلادية - بعد الميلاد ‎Anglophobia (n.)‏
بشرح - يفسر ‎annotate (v.)‏ | كراهية أو رهبة إنجلرا وتقليدها
شرح - تفسير - ما يذكر فى 800018008 | بغيظ - بعض ‎angrily (adv.)‏
حاشية الكتاب ‏ حاشية غضبان من ‎at with (adj.)‏ ,8088"	al-shamil-dictionary
49	"منظار الشرج ‎anoscope (n.)‏ | تعليقات - حاشية ‎annotation‏
‏فقد حاسة الشم ‎anosmia (n.)‏ | يخبر - يعلن - يذيع ‎announce (v.)‏
‎announcement (n.) &M  رابخإ | another (adj.pron.)‏
آخر ‏ غيره خلافه ‏ ان يضايق ‎annoy (v.)‏
نقص الاركسجين بالجسم  ‎AOKi (M)‏ | مضايقة - غم ‎annoyance (n.)‏
جواب - رد - يجيب ‎answer(nv)‏ | مضايق عمل ‎annoying (adj.)‏
قابل للإجابة ‎answerable (adj.)‏ | سنوى - حوالى ‎annual (adj.)‏
ثملة ‎ant(n)‏ | تقرير ‎Sy‏ 1 -
‎antacid (adjin.)‏ | عرض ‎Sy‏ 1# _-_
مضاد للحموضة ‏ مزيل للحمرضة سنوي ‎annvally (adj.)‏
خصومة ‏ عداء ‎antagonism (n.)‏ | صاحب ‎S‏ أو مرتب سنوى ‎annuitant (n.)‏
خصم ‏ عدر ‎antagonist (n.)‏ | معاش - راتب سنوى ‎annuity (n.)‏
يخاصم - يعادى ‎antagonize (v.)‏ | يلفى ‏ يطل - ينقض ‎annual (v.)‏
متعلق بالقطب الجنوبى ‎annular (adj.) antarctic (adj.)‏
القارة القطبية الجنوبية (.8) ‎Antarctica‏ | حلقى ‏ مستدبر على شكل حلفة - كمكى
‎ante, anti‏ | إلغاء - إيطال - نتقض  ‎annuiment (n.)‏
د مضاد ‏ مقابل قبل - سابق ل - يشر يذيع البشرى ‎annunciate (v.)‏
قبل الاكل ‎o5, | amtecibum (adj.)‏ أعلام ‏ إيلاغ ‎annunciation (n.v.)‏
يسلف  ‎antecede(v.)  مدقتي - Gy‏ | عبد الشارة «عيد التصارىة  ‎—Day‏
‏سالفية ‏ سالفة - أسبقية ‎antecedence (n.)‏ | ملطف - منوم ‎anodyne (adj.)‏
(0.زهة) ‎antecedent‏ | سح بالزيت - يدهن بالزيت ‎anoint (v.)‏
سالف ‏ متقدم ‏ سابق ‏ المتقدم مدهون - ‎gyt‏ بالزيت ‎anointed (adj.)‏
قبل الجماع ‎antecoitus (n.)‏ | مجهول ‎anonymous (adj.)  al3l!‏
يؤرخ بتاريخ سابق للحقيقى ‎(v.)‏ 80160816 | فقد الشهية ‎anorexia (n.)‏
بتاريخ سابق ‎antedated (adj.)‏ | فقدان الشهية العصبى ‎__nervosa‏"	al-shamil-dictionary
50	"|
ملين ‎aperient (adj.)‏ | قبل الظهر 1 ‎antemeridian (a.m.)‏
فتحة ‏ نافذة  ‎Gl‏ - كوة )1( ‎ante-meridiem (a.m.) aperture‏
ذروة ‏ قمة - رأس ‎apex(n.)‏ | قبل الولادة ‎antenatal‏
‎aphasy (n.)‏ | سابق ‏ متقدم ‎anterior (adj.)‏
تعذر الكلام - فقدان قوة النطق أسبقية - أقدمية ‎anteriority (n.)‏
فقدان الصرات ‎aphony (n.)‏ فر ,& انتظار ‎anteroom (n.)‏
مثل ‏ حكمة ‎١ aphorism (n.)‏ ضد الديدان ‎anthelmintic (adj.n.)‏
‎aphrodisia (n.)‏ | نشيد فومى ‏ نشيد ‏ سلام ‏ نسيحة ‎anthem (n.)‏
الشبق الجنسى (شراهة الجماع) مجموعة أشعار أو زهور )1( ‎anthology‏
‏خلية نحل ‎anthrophobia (n.) apiary (n.)‏
لكل واحد ‎apiece (adv.)‏ | الخرف المرضى من المجتمعات
‎anthropology (n.) apologize , to a person for. (v.)‏
يعتذر - يمح الانثروبولوجيا «علم الإنسان؟
اعتذار ‎apology (n.)‏ | قد ‎anti Jalas‏
‎apostasy ).(‏ | عد الحاسية  ‎antiallergic (adjn)‏
مروق ‏ ارتداد «عن الدين أو المبداء ردة فد الانيميا ‎antianemic (adj.n.)‏
ارتداد عن الدين 000026118600 _ | مضاد حيرى زقة) ‎antibiotic‏
‏يرتد ‏ يكفر - يجحد . ‎apostatize (v.)‏ | المسيخ الدجال ‎antichrist (n.)‏
‎apostrophe (n.)‏ | ينوقم ‏ ينتظر ‎anticipate (v.)‏
علامة حذف أو اختصار ‏ الفاصلة العلوية توقع ‏ انتظار ‎anticipation (n.)‏
مثل - قول مأثور - حكمة ‎apothegm‏ | مانم للحمل  ‎anticonceptive (adjn.)‏
‎antidiabetic (adj.n.) Adas apophthegm }‏
رسول - زائد ‎apostle (n.)‏ | عد الإميال  ‎antidiarrhoeal (adj.n.)‏
تأليه ‏ الرقع الدرجة الآلهة )1( ‎apotheosis‏ | مضاد ‎antidotal (adj.) U‏
‎i -‏ إلي رت الألرهية )1( ‎apotheosize‏ | قرد ‏ نسناس ‏ يقلد - يحاكى ‎ape (V)‏"	al-shamil-dictionary
51	"ذيل ‏ ملحق - زائدة دودية ‎appendix (n)‏ | يفزع - برعب ‏ يذهل ‎appall (v.)‏
التهاب الزائدة الدردية ‎verminous appendix‏ | مفزع - مرعب ‎appalling (adj.)‏
اشهية ‎appetite, for (n.)‏ | آلة - جهار ‎apparatus (n.)‏
الفاتح للشهية 7 | يكسو- يجهز _ كساء لباس ‎apparel (v.n.)‏
يصفق - تصفيق - مدح ‎applaud (Vn)‏ | ظاهر - واضح ‏ بين ‎10(adj)‏ , 20037601
تفاحة ‎apparently (adv.)  حرضوب  روهظي | apPle(n)‏
قرة عينى - مقلة ‎appleofmyeye s‏ | شبح - خيال - مظهر ‏ ).1( ‎apparition‏
‏تفاحة آدم ‏ عقدة الحنجرة ‎appeal (v.n.) Adam’s Apple‏
عدة - استعمال ‏ أداة  ‎Gy, | appliance (n)‏ يستشهد ب - بُعجب - بناشد -
مناسب. موافق . ملاثم (04) ‎applicable‏ | التجاه ‏ استشهاد - استناف ‏ استغاثة
طالب مقدم الطلب  ‎applicant (n)‏ | يظهر - يبدو ‎appear (v.)‏
‎application (n.)‏ | ظهور - هيئة ‎appearance (n.)‏
طلب ‏ التماس - استعمال - تطبيق يكن يخمد ‏ يطفئ  ‎appease (v.)‏
ملف الطلبات ‎_file‏ | تكين ‏ إخحماد (.7) ‎appeasement‏
‏البرامج التطبيقية ‎packages‏ _ | ستائف القفية ‏ طالب )= ‎appellant (n.)‏
‎appellate (ads.) apply, 1o (v.)‏
براظب على يقدم طلب - ينطب على يستعمل استنافى ‏ مختص بمحاكم ‎Y‏
‏يمين - يوظف ‎appoint,to(v.)‏ | تمية ‏ لقب كنية  ‎appellation (n.)‏
معين. موظف ‎appointed (adj.)‏ | المستأنف ضده ‎appeilee (n.)‏
‎appellor (n.) appointment (n.)‏
تعيين . منصب . راتب . ماهية طالب الاستناف ‏ مستائف الدعوى
يقسم - يوزع ‎apportion (v.)‏ | يضيف - يلحق - يذيل ‎append (v.)‏
تقسيم - تخصيصس ‎appendectomy (1.) apportionment‏
يسعر - يثمن ‏ بمدح 0 (:)52ة800 | استتصال الزائدة الدودية
تسعير - تقدير الثمن (.8) ‎appraisement‏ | التهاب الزائدة الدودية ‏ )1( ‎appendicitis‏"	al-shamil-dictionary
52	"نسخة رهن الموافقة ‎٠‏ «د» ‏ | ممكن تقديرة وإدراكه ‎apprecible (adj.)‏
يستحين - يوافق ‎approve, of (v.}‏ | يقدر قيمة الشىء. يستحسن ‎appreciate (v.)‏
مستحسن ‏ مصادق عليه ‎appreciation (.) approved (adj.)‏
‎approximate (adj) A‏ | معرفة قيمة الشىء ‏ تقدير ‏ إعجاب
‎approximately (adv.) [‏ | شاكر ‏ قدر الشىء حنى قدره ‎appreciative (adj.)‏
تقريب - اقتراب  ‎apprehend (v.) approximation (n.)‏
شيش ‎(n.)‏ 20001 | يعتقل - يقبض على - يعى ‏ يدرك
شهر إبريل - نيسان ‎April (n)‏ | مكن نهمه ‎apprehensible (adj.)‏
ضحية كذبة إبريل ‎o | __Fool‏ إدراك ‏ اعتقال ‎apprehension (n.)‏
مريلة ‎apprentice (n.v.) apron (n.}‏
عرضة ل كفو مناسب )20 | تلميذ فى صناعةا نحت التمرين - يمهن
الخوف المرضى من الما (.8) 80020050513 | مدة التمرين ‏ تلمذة ).( ‎apprenticeship‏
‏حوض لتربية الأسماك رعرضها (8) ‎aquarium‏ | يقترب . اقتراب . مدخل (.7.8) ‎approach‏
‏برج الدلو (فلك) ‎approachable (adj.) Aquarius (n.)‏
‎U‏ ألعاب رياضية مائية ‎(adjn)‏ ©0088 | سهل الاقتراب ‏ إليه ‏ يمكن بلوغه
أعرابى - بدوى . العربى  ‎approbation (n.)  ءاضر  ناسحتسا | Arab (adin)‏
‎appropriate (adj.v.) arabesque (n.adj.)‏
فن الزخرفة العربى . أراسكى ملائم . مناسب. يتملك . يستولى على
بلاد العرب. جزيرة العرب (.0) 838018 | بوضع اليد
عربى . العربى ‎Arabian (adjin.)‏ | يقتطع ‎___aright G‏
عربى . اللغة العربية  ‎Arabic(adin)‏ | بنوع مناسب. بلياقة ‎appropriately (adv.)‏
احكم . وسيط . قاضى ‎appropriation (n.) arbiter )0.( j g‏
جائر. عرفى . استبدادى ‎arbitrary (adj)‏ | التملك بوضع اليد - تخصيص
بحاكم عرفيًا. ‎arbitrate (v.) by‏ | واضع اليد على العقار ‎appropriator (n.)‏
كثير الأشجار ‎arboreous (adj.)‏ | استحسان ‏ موافقة ‎approval (n.)‏"	al-shamil-dictionary
53	"مساحة للالعاب الرياضية  ‎arena(n)‏ | التشجير ‎arborization (n.)‏
الهالة للحبطة بحلمة التدى.هالة (.8) 886018 | مظلة. تعريشة. تكعيية ‎arbour (n.)‏
فضة . فضى ‎argent (nadj)‏ | باكية. براكى ‎arcade (n.)‏
غاز الارجون ‎argon‏ | قوس . قنطرة ‎arch (n.)‏
‎LG‏ للجدل والمناقشة ‎arguable (adj)‏ | جريل ‎Archange) Gabriel W&‏
يناظر . يجادل. يحاور ‎argue(v)‏ | رئيس ‎archbishop (n.) WL‏
مناظرة. مجادلة . جدل. جدال ‎argument (n.)‏ | علم الآثار القديمة ‎archeology (n.)‏
يجادل. ‎_with gl‏ 08 10/0006 | طنبور ‎archimedian screw‏
محاججة. جدل. مناظرة (.8) ‎argumentation‏ | مهندس تعمارى ‎architect (n.)‏
حجج. براهين ‎architecture (n.) arguments (n.)‏
جاف. مجدب 1 ‎arid (adj)‏ | فن المعمار. هندسة العمار.
جفاف. جدب. قيظ ‎aridity (n.)‏ | الهندسة المعمارية.

‎aridness (n.) )‏ | المبانى والتجهيزات ‎__and equipment‏
برج الحمل إفى الفلك!  ‎Aries(n.)‏ | سجلات. دار الوثائق 0 ‎archives (n)‏
باعتدال . باستقامة . بالضبط ‎aright (adv.)‏ | أمين محفوظات ‎archivist (n.)‏
يقوم. يصلح ‎arctic (adj.) ser__‏
يستيفظ . ينهض . يرنفع . يظهر . ينشا )( 512 | ذو علافة بالقطب الشمالى. شمالى
طبقة الأعيان أر الأشراف ‎aristocracy (n.)‏ | المنطقة المتجمدة الشمالية ‎Circle (n.)‏ —
من الاعبان . أرستقراطى ‎aristocratic (adf.)‏ | غيور . تتحمس ‎ardent (adj.)‏
علم الحاب ‎arithmetic (n.)‏ | بغيرة. بحماسة ‎ardently (adv.)‏
التوالية الحسابية أو العددية ‎progression‏ | غيرة. حماسة. حمية ‎ardour (n.)‏
مقياس حسابى ‎scale‏ _ | معب .ساق . عسر الصعود ‎arduous (ad).)‏
حسابى ‎arithmetical (adj.)‏ | يكونون ‎are (v.)‏

‎| area (n.) (gl ‏ساحة.‎ | arithmetician (n.)

‏معلم حساب. الخير فى الحاب ساحى ‎areal (adj.)‏"	al-shamil-dictionary
54	"متكبر ‎s‏ . متغطرس (/24) 20008801 | فلك. سفينة عظيمة. تابوت ‎ark(n)‏
‏يتكبر . يتطاول على ‎amogate(v.)‏ | ذراع. سلاح. يتسلح. يجهز ‏ (0.7) 200
تطاول. اعتداء ‎armrogation (n.)‏ | كرسى بمساند. فرقى ‎armchair (n.)‏
مهم ‎amow(n)‏ | سلح ‎armed (adj.)‏
‎e‏ در شرج ‎arse(n)‏ | القوات المسلحة ‎_forees (n.)‏
زرنيخ ‎arsenic(n)‏ | هدلة حربية ‎armistice (n.)‏
حريق جنائى ‎(n.)‏ 50 | أعزا ل. بدون سلاح ‎armless (adj.)‏
صناعة . فن . مهارة (.0) ‎At‏ | درع. سلاح . دريع. يدرع. يلح ‎armour (n.v.)‏
الفنون الجميلة ‎fine arts‏ | ترسانة . مستودع أسلحة إبط ‎(n.)‏ 2010017
شريانى ‎arterial (adj.)‏ | إبط ‎armpit (n.)‏
جهار نحص الشراين ‎arteriograph (adj.)‏ | قتال. حرب ‎arms (n.)‏
شريان ‎anery(n)‏ | جيش ‎army (n.)‏
نصلب الشراين  ‎anteriosclerosis (n.)‏ | رائحة عطريه ‎aroma (n.)‏
مريض بتصلب الشراين ‎patient‏ | بعطر.يطيب ‎aromatize (v.)‏
تقلص الشرايين ‎areriospasm (n.)‏ | عطرى. معطر ‎aromatic (adj.)‏
التهاب الشراين ‎By | aneritis (n.)‏ . يصحى . بحرك. يهيج ).1( ‎arouse‏
‏أرتوازى ‎antesian (adj)‏ | يرتب.ينظم ‎arrange (v.)‏
بثر ارتوازىق ‎_well(n)‏ | ترنيب . تنظيم. ‎amangement (n.) &y‏
ألم عصبى بالمفصل ‎_arthralgia (n)‏ | يضبط . يقبض على ‎arrest (v.)‏
استصال المفصل ‎_arthrectomy(n)‏ | مضبوط. مقبوض عليه ‎(adj)‏ 2765160
مكار . خيث ‎antful (adj.)‏ | رصول. مقدم ‎amrival (n.)‏
داء النقرس . التهاب المفاصل )( ‎arthritis‏ | يصل .بلغ ‎in (n.)‏ د , ‎artive‏
‏أى مرض بصيب المفاصل ‎arthropathy (n)‏ | وصولى. انتهازى ‎arriviste (adj.)‏
خرشوف ‎arrogance (n.) artichoke (n.)‏

arrogancy (n.) b  ةرجع ‏كربا‎"	al-shamil-dictionary
55	"الاصابة بديدان الاسكارس )1( ‎article (n.v.) ascariasis‏
يصعد. يرتقى ‎(v.)‏ 88800 | صنف . نوع . مادة. مقالة. بند. شرط.
يعرج إلى السماء 08 | يقيد بشرط
صعود.رقى ‎ascendance (n.)‏ | أداة التعريف - ‎definite‏
‎ascendant (n.adj.)‏ | التتكير - ‎indefinite‏
‏سلف . جد . عال. صاعد . سائد متصلى ‎articular (adj.)‏
معود ‎articulate (v.adj.) ascension (n.)‏
المعراج ‎Ascension 10 the seven heaven‏ | يوضح .بين يتلفظ . يلفظ .ذر مفاصل
صعود. طلوع. معراج ‎(n.)‏ 2501 | عقدة. مفصل . نطق . لفظ ‎articulation (n.)‏
يؤكد . يثبت . يتأكد ‎ascertain (v.)‏ | يتلفظ بالنية ‎articulate the intention‏
تأكيد . إثبات ‎(n.)‏ 2806013000601 | عقدة. مفصل . نطق . لفظ ‎articulation (n.)‏
اسك . متعبد . متقشف . زاهد ‎(n.)‏ 2568118 | حيلة. تدليس . تلفيق . استتباط ‎artifice (n.)‏
تنسك. تعبد. تقشف . الزهد ‎asceticism (n.)‏ | صانع ماهر. مستبط ‎artificer (n.)‏
ينسب إلى . يعزو . يرجم ‎ascribe, 0 (v)‏ | صناعى. اصطاعى 0 ‎arificial (adj)‏
عدم الشرك ,& ‎apparatus 700 001016710 Allah‏ 1650113101
رماد. خشب. شجر الدردار (.) 280 | جهاز التنفس الصناعى
يشعر بالخزى من )( ‎ashamed, of‏ | عسكرى المدفع . مدقمى  ‎adillerist (n)‏
رمادى. منى خشب الدردار ‎ashen (adi)‏ | مدفعية ‎artillery (n.)‏
رماد. رفات ‎ashes (n.)‏ | صاحب صنعة . حرنى . مبكانيكى ‎artisan (n.)‏
على ‎ashore (adv.ad).) Ll‏ | مصور . متفين . معلم صناعة. فنان ‎artist (n.)‏
رمادى. شاحب ‎ashy (adj)‏ | ساذج . بسيط .غير بارغ ‎artless (adj.)‏
آسيا الصغرى ‎Asia Minor (n.)‏ | سذاجة. بساطة .عدم تصنع ‎artlessness (n.)‏
‎as (pep.conj.adv.pron.) aside (adj.)‏
على جنب على حدة على انفراد مثل . شبه. بيما. مثلما. إلى درجة مقارية
يلد . مثل الحمار ‎asinine (adj)‏ | اسبستوس . مادة لا تحترق  ‎asbestos (n.)‏"	al-shamil-dictionary
56	"ask(v.) ‏يأل‎ | assign(v.)
ask about ‏يتخلى عن منصب. بخصص. يستفسر عن‎
— after ‏يغين . يحدد يستخبر عن صحة‎
__for ‏يطلب‎ | assignment (n.) ‏تفويض . توكيل . تنارل‎
asleep (adj.adv.) ‏ثالم . راقد.ثائمًا‎ | assistin(v.)  dedeOglar.deley
aslope (adj.adv.) ‏مائل. ميل‎ | assistance (n.) ‏المساعدة. المعاونة‎
asp (n.) ‏أفعى.ثعبان سام‎ | assisstant (n.adj.)
aspect (n.) ‏هيئة‎ e ‏المساعد. المعارن. معاون. معين‎
asperity (n.) ‏خشونة. صعوية‎ | - lecture ‏مدرس ساعد‎
asphalt, e(n.v.) ‏أسفلت. بزفت‎ | associable (adj.) ‏محب للعاشرة. اليف‎
asphyxia (n.) ‏اختثاق‎ | associate, with (vadjn.)
aspiration (n.) ‏يشارك . يصادق . بشرك . يقرن. طموح . تطلع‎
aspire (v.) ‏مرافق . شريك يبتغى . يتمنى . يطمح‎
aspirin (n.) ‏الأسبرين‎ | association (n.)
ass (n.) ‏اتحاد . شركة . جمسعية . هيئة . رابطة . حمار. جحش‎
25535510216 (V.) ‏اقتران. صلة يفتال. بشوه سمعة شخص‎
assassination (.) ‏اغتيال. قثل‎ | associative (adj)  ىكراشت‎ . ‏ترابطى‎
‎assembly () jijs ‏اجتماع. جمعية تشريعية.‎ | __memories ‏الذاكرة التجميعية‎
assent(v.) ‏يوافق على. يصدق على‎ | assort(v.) ‏يصنف. ينسق. يفرز‎
assentation (n.) ‏موافقة‎ | assorted (adj) ‏مشكل . متنوع . مرتب‎
assert (v.) ‏يؤكد. بثبت يزعم‎ | assortment (n.) ‏أشكال مشنوعة‎
assertion (n.) il ‏تاكيد. اثبات.‎ | assume ‏يدعى . يتظاهر . يأخذ على عاتقة‎
assess (v.) ‏يقدر ضريية. يلمن‎ | assuming (adj.) ‏كاذب . زائف‎
assessor (n.) ‏مقدر الضريبة. مثمن‎ ١ assumption (n) ‏ادعاء . أفتراض . فرص‎
assurance (n.) ١ ‏تأكيد . ضمان . تأمين‎"	al-shamil-dictionary
57	"فراسة . ذكاء ‎astuteness (n.)‏ | يؤكد . يضمن . يحقق ‎assure (v.)‏
عند . نحو . فى بالقرب من ‎at(prep)‏ | بكل تاكيد. حقًا ‎assuredly (adv.)‏
‎ataractic (adj.) [z‏ | نجمة من علامات الطباعة (*) ‎asterisk (n.)‏
‎ate pastof eat (v.) Jst‏ | إلى الخلف. إلى مؤخرة السفيئة ‎astern (adv.)‏
الحاد. كفر . رندقة ‎atheism (n)‏ | رهن ‎asthenia (n.)‏
ملحد. كافر . زنديق ‎atheist(n.)‏ | داء الربو ‎asthma (n.)‏
50 للمطالعة. مجمع علمى (.8) 010086077 | استجماتيزم (لابزرية) ‎astigmatism (n.)‏
درم شريانى ‎astir (adj.) atheroma (n.)‏
(8) 8061 | فى حركة.على قدم ورساق. فى

‎Sy‏ قوى الجسم ‎B‏ مصارغ هرج دمزج
‎athletic (adj)‏ | يحير . يدهش ‎astonish (v.)‏
رباضى مختص بالمصارعة . قرى مندهش . مذهول ‎astonished , at (adj.)‏
الالعاب الرياضية ‎athletics (n.)‏ | حيرة. دهشة . ذهول ‏ (.8) ‎astonishment‏
‏الحيط الاطلسى .أطلنطى ‎Addantic (n.)‏ | ضال. تاثة. مخطئ ‎astray (adj.)‏
‎atlas (n.)‏ | يقبض . يضم. يعصر ‎astringe (v.)‏
الأطلس . مصور جغرافى. ‎A‏ قبض . تقبض ‎astringency (n.)‏
العنقية الأرلى دراء فابض . قابض . صارم ‎astringent (n.adj.)‏
الهواء الجرى. الغلاف الجوى (.8) ‎atmosphere‏ مُنجم. دجال ‎astrologer (n.)‏
جرى ‎atmospheric (adj.)‏ | التنجيم ‎astrology (n.)‏
ذْرةٌ ‎atom(n.)‏ | رائد فضاء ‎astronaut (n.)‏
مختص بالذرات ‎atomic (adj.)‏ | مشتفل بعلم الفلك. فلكي (.8) ‎astronomer‏
‏يكفر عن . يستغفر ‎astronomical (adj.) oSG | atone, for (v.)‏
كفارة ‎tonement (n.)‏ | علم الفلك ‎astronomy (adj.)‏
من فرق . على ‎LI‏ (0580) 2008 | الحو المرفى من الرعد )( ‎astrophobia‏
‏افظيع . شرير ‎atrocious (adj)‏ بكار.ذكى ‎asute (ad)‏"	al-shamil-dictionary
58	"atrocity (n.) ‏أئم. فظيع . شناعة‎ | attribute (n.v.)

يعزر أر ينسب إلى . خاصية . ضمور ‎atrophy (n.)‏
سجية. خصلة } ‎atrophia (n.)‏
‎to somebody that which‏ | يلحق . يرصل . يرفق ‎attach (v.)‏
يتقرل على شخص ما ‎hehasnotsaid‏ | ارتباط . تعلق ‎attachment (n.)‏
اتهام . تخصيص . نسب )1( 1008نن107لاة | هجوم .حملة. يهجم على (8.7) ‎attack,on‏
‏يضبط الانقام ‎attune (v.)‏ | يدرك .ينال ‎atain (v.)‏
مزاد علنى . ييبع ‎auction )0.7( DYl‏ | يلطخ . يفسد. لطخة. عيب (8.7) ‎AN‏
‏سمسار. ماد ‎auctioneer (n.)‏ | يحاول. محاولة ‎attempt (n.v.)‏
جرئ. قليل الحياء ‏ (./04) ‎audacious‏ | يصغى إلى . يحضر . يخدم ‎(v.)‏ 10 , 811600
سموع ‎audible (adj.)‏ | حضور . خدمة . مراظية ‎attendance (n.)‏
ابصوت اسمرع ‎audibly (adv.)‏ | تابع . خادم. ملارم ‎attendant (adj.)‏
‎١ audience (n.)‏ رعاية . إصغاء . التفات ‎attention (n.)‏

المتمعون أو الحاضرون. مجلس. منتبة. ملتفت ‎attentive (adj.)‏
سماع . مقابلة بائتباه. بيقظة ‎attentively (adv.)‏
قاعة المقابلات الرسمية  ‎_room(n)‏ | يقرر . يثبت . يشهد ب. إقرار . شهادة (.2.7) ‎attest‏
‏سامع .مص ‎audient (adj.)‏ | شهادة. إثبات ‎attestation (n.)‏
‎audiometer (n.)‏ | الطبقة العليا من المنزل .صاف .نقى ‎attic (n.adj.)‏

مفياس السمع . جهاز الكشف عن السمع يكسو . يلبس . كسوة. ثياب ‏ (.8.7) ‎attire‏
‏سماعة المريض ‎audiophone (n.)‏ | وضع .حالة. هيئة ‎atitude (n.)‏
سمع . بصرى ‎audio-visual (adj.)‏ | يجذب ‎attract (v.)‏
محاسبة . يفحص الحسابات ‎audit (nv.)‏ | ممكن اجتذابه ‎attractable (adj.)‏
السماع. الاستماع ‎auditon (n.)‏ | جذب. استمالة ‎attraction (n.)‏
فاحص الحسابات. المستمع ‎auditor (n)‏ | مشرق جذاب ‎attractive (adj.)‏
مهيب . جليل ‎١ august (udj.)‏ عكن نب إلى . يمزى إلى ‎auributable (adj.)‏"	al-shamil-dictionary
59	"التأليف ‎authorship (n.)‏ | شهراغقطس ‎August‏
‏صيرة ذاتية ‎autobiography (n.)‏ | عمة. خالة ‎aunt (n.)‏
سيارة ‎autocar (n.)‏ | خالة _ ‎matemal‏
‎autoclave (n.v.)‏ | عمة _ ‎paternal‏
‏رعاء تعقيم الآلات الطبية نحت هواء . شذا - كبير ‎aura (n.)‏
الضغط . بخار حار . يعقم فى المعقام أذلى . سمعى . هوائى . غارى ‎aural (adj.)‏
حكومة مطلقة السلطة ‎autoeracy (n.)‏ | طبيب الاذن. أخصائى ‎aurist (n.)‏
حاكم مطلق أو مستبد  ‎autocrat(n.)‏ | علاج أمراض ‎DY‏
‏امتبدادى ‎autocratic (adj.)‏ | شفى. نور الفجر ‎aurora (n.)‏
الاستمناء الذاتى ‎autoerotism (n.)‏ | صارم. قاس ‎austere (adj.)‏
إخصاب ذاتى داخلى  ‎Ul | autogamy(n)‏ شدة. التقشف  ‎austerity (n.)‏
تكاثر ذاتى ‎autogenesis (n.)‏ | أسترالى ‎Australian (n.adj.)‏
تتريم مغناطيسى ‏ (.8) ‎autohypnosis‏ | تمارى ‎Austrian (n.adj.)‏
‎(nv.)‏ 200108800 | موثوق به . صحيح . موث ‎authentic (adj.)‏
مخطرطة أصلية . نوقيع المرء. يوقع حديث صحيح ‎An _ Hadith‏
نسخة موثقة من المؤلف ‎autographed copy‏ | المزلف ‎author (n.)‏
‎automatic (adj.n.)‏ | فهرسالمؤلفين ‎catalog‏ —
آلى أو ذانى الحركة . آلة أترماتيكية المؤلفة ‎authoress (n.)‏
‎digital computer‏ — | الهيئة الحاكمة . الحكومة ‎authorities (n.)‏
الحاسب الإلكترونى الرقمى سلطة. حكم ‎authority,over (n.)‏
بذاته ‎automatically (adv.)‏ | إسناد - ‎chain of‏ ©
‎automation (n.)‏ | إذن. تصريح ‎authorization (n.)‏
إدارة الاجهزة ميكانيكيًا. آلة تدور ‎g‏ يرخص ‎authorize (v.)‏
بقوة بحركة داخلية . الآلية مرخص له ‎authotized (adj.)‏
يجعله ‎automize (v.) O‏ | ترى ‎religious opinion‏ —"	al-shamil-dictionary
60	"‎avenger (n.) =‏ | يحدث لا إرادبًا (.زهم) ‎autonomic‏
‎avenue (n.)‏ | حكومة ‎oS> - L%‏ ذاتى )( ‎antonomy‏
‏سبيل. وسيلة إلى . طرين مشجر النرجسية (حب الذات) ‎autophilia (n.)‏
يؤدى إلى بيت ريفى ععلية تجمبل من الجسم ‎autoplaSty (n) Gl‏
طريق الرصول ‎autopsy (n.) __ofapproach‏
يؤكد . يجزم . يثبت ‎(v,)‏ :206 | تشريح الجثة لفحصها ومعرفة سب الوفاة
‎(n.v.adj.)‏ 88 | تسمم ذاتى بالدم ‎autotoxemia (n.)‏
المعدل. يرجد المعدل. متوسط يسمم ‎autotoxic (adj.) G5‏
تأكيد . جزم . إثبات ‎(n.)‏ 2600601 | تسمم 5 .سم ذاتى  ‎autotoxine (n.)‏
جهنم . الجحيم ‎avernus (n.)‏ | فصل الخريف ‎autumn (n.)‏
كاره ل. بغض ل ‎averse (adj)‏ | خريفى ‎autumnal (adj.)‏
كراهة . نفرر ‎auxiliary (adj.n.) aversion (n.)‏
بمنع . يحجب . بحول . يغض النظر ‎avert (v.)‏ | إضافى . احتياطى . ساعد . سعف
‎١ — one’s eyes from‏ الحجرات الإضافية ‎__rooms‏
‎iy‏ البصر عن . يحول النظر عن يفيد ‎iy‏ يجدى . فائدة. نفع (0.7) ‎avail‏
‏اطيور ‎aves(n)‏ | متاح . متوافر. متوفر  ‎available (adj.)‏
فن الطيران ‎aviation (n.)‏ | طمع.بخل ‎avarice (n.)‏
شفف. ولم. جشم ‎avidity (n)‏ | لا ‎avascular (adj.) Sy‏
نقص الفيتامينات بالجسم ‎avitaminosis (n.)‏ | كف. كلى ‎avast (interj.)‏
هواية . مهنة ‎avocation (n.)‏ | اذهب . ابتعد ‎avaunt (v.)‏
يعرض عن . يتجنب ‎avoid (v.)‏ | تحية.سلام ‎ave‏
‏ممكن إبطاله. مكن اجتنابه ‎avoidable (adj.)‏ | صلاة للمذراء (اللام ¢ ‎Ave Maria (n.)‏
اجتتاب. إلغاء ‎avoidance (n.)‏ | لك يا مريم؟ } ‎Ave Mary (n.)‏
‎avenge (v.) 2.3 | avoidless (adj.)‏
مفررض . لابد منه . لا مناص منه أخذ بالثار ‎himself on‏ __"	al-shamil-dictionary
61	"ملتو . منحرف . بانحراف ‎awry (adj.adv.)‏ | بجاهر. يظهر. يبين ‎avow (v.)‏
بلطة ‎axe(n)‏ | يجاهر بالمعصية ‎__asin‏
‏محورى (ز4ه) ‎aial or axal‏ | صريح . مجاهر به .بين ‎avowed (adj)‏
باط .إبط )اانه | ‎an avowed enemy v e‏
بديهية . قاعدة أولية ‎axiom(n)‏ | يترقب. يتوقع ‏ ينتظر ‎await (v.)‏
قطب. محور ‎by | axis(n)‏ سنيقظ. ستيفظ .ماح ‎awake (v.8d))‏
محور العجل أو الدولاب ‎axle (n.)‏ متنبة. صاحٍ __ ‎wide‏
‏الحطاب ‎(n)‏ 080 | بصحو. يوتظ () ‎awaken‏
‏نعم. حقًا ‎award (n.v.) ay or aye (adv.)‏

‎Azar (a;ﬁr,.(,_].\ll,),j‏ يكافئ. يمنح . يحكم . مكافأة. حكم
‎azoospermia (n.)‏ | عالم ‎aware, of (adj.) 4 s‏
انعدام الحيؤانات المنوية ‎AL‏ الخبير امن أسماء الله الحستى) ‎The Aware‏
آروت ‎azote(n)‏ | بعيد . ‎away (adv.ad}.)‏
تترج الدم ‎azotemia(n,)‏ | رهبة من الله . خشية . رعب . خوف (.8) ‎awe‏
‏عزرائيل ‎iy | Azacl(n)‏ الله ‎tobeinawcof Allsh‏
السماء الصافية. لون سماوى ‎(adi)‏ 22088 | شنيع . مروع ‎awful (adj.)‏
افطير. حبز غير مختمر 0 ‎azyme(n)‏ | على نحو مرعب ‎awfully (adv.)‏
غير مختمر ‎azymous (adj.)‏ | لحظة . فترة وجيزة ‎awhile (adv.)‏
محير . مربك . غليظ  ‎awkward (adj.)‏
‎awkwardness (n.)‏

‏حيرة . ارتبالك . غلاظة . سماجة

‎awl(n)  )بشغا ‏مثقاب (للجلا أو‎
awless (adj.) ‏غير هياب .بلا رهبة‎
awoke past of awake (adj.v.)"	al-shamil-dictionary
62	"مغتاب. نمام ‎backbiter (n.)‏ | الحرف الشانى من حروف الهجاء ‎Bb‏
‏الغيبة . النميمة ‎backbiting (n.)‏ الإنجليزية . شىء يعتبر ذا مقام

‎backboard (n.)‏ ثان
لوح خشبى. يوضع ‎Arts Uyl‏ كه ‎B.A.Bachelor‏
‏العمود الفقرى ‎backbone (n.)‏ | بكالوريوس فى الفنون أو الأدب
الصلب ‎and ribs Ay‏ | يثغو|الحروف). ثقاء ‎baa (n.v.)‏
فقارى . ثابت ‎backboned (adj.)‏ | يثرثر. يفشى السر ‎babble (v.)‏
غلاف خلفى «للكتاب» ‎back cover (n.)‏ | ثرثرة. إنشاء السر 0 ‎babblement (n.)‏
باب خلفى-سرى ‎backdoor (nad))‏ | لرثار. فشار ‎babbler (n.)‏
ستارة المسرح الخلفية ‎١ backdrop (n.)‏ طفل رضيع ‎babe , baby (n.)‏
مؤيد . ذو ظهر ‎backed (adj)‏ | مدينة بابل . بلبلة. جلبة ‎Babel (n.)‏
ماعد. معين ‎baby (n.adj.v.) backer (n.)‏
لعبة الطاولة ‎backgammon (n.)‏ | طفل أر ‎Uik‏ رضيع . طفولى. يدلل
الخلئية. خلفية علمية وثقانية ‎background (n.)‏ | الطفولة. سن الطفولة  ‎babyhood (n.)‏
بظهر اليد. غير مخلص ‎backhanded (adj)‏ | صيائى. طفولى ‎babyish (adj)‏
مظاهرة. ورف مقرى ‎baby-sit (v.) backing (n.)‏
رحدات التخزين المساعدة 510/886 | بحضن.يعتتى بالطفل خلال غياب الرالدين
‎S >‏ ارتجاعية عنيفة مفاجئة ‎١ backlash (n.)‏ الحاضن. جلية الطقل ‎baby-sitter (n.)‏
عديم الظهر ‎backless (adj.)‏ | اعزب . حائز على البكالوريرس ‎bachelor (n.)‏
آكة تين الكعب «لكتاب؛ ‎back (n.adv.ad).v.) backliner (n.)‏
منشار ظهر (.) ‎backsaw‏ | خلف. مؤخر. فى الوراء. متاخر-
مقعد ‎backseat (n.) A‏ يسند . يدعم
خلف ستارة . ‎backstage (adv.ad) (e‏ | ألم فى الظهر ‎backache (n.)‏

‎backbite (v.) ‏يغتاب. ينافق‎ !"	al-shamil-dictionary
63	"امتعة. حقائب سفر  ‎baggage(n)‏ | كعب الكتاب ‎back strip (n.)‏
خيش لعمل الزكائب  ‎(n)‏ 0888008 | رد رقح (من صغير لكبير) ‎back talk (n.)‏
تاجر . متنقل ‎bagman (n)‏ | للوراء. إلى مم ‎backward‏
‏حمام سباحة. بيت دعارة ‎bagnio(n)‏ | الوراء.عكساً . ‎backwards‏
‏مزمار القربة لآلة موسبقية» )1( ‎bagpipe‏ | متردد . رجعى
العارف بمزمار القربة  ‎bagpiper(n)‏ | لحكم خنزير ملح ‎backon (n.)‏
خلوة. بنوار ‎baignoire (n.)‏ | يرند ‎backslide (v.)‏
ضامن .كفيل .يضمن . يكفل )1( انون ‎١‏ بكثريا الدم ‎bacteremia (n.)‏
ممكن إطلاق سراحة بكفالة ‎١ bailable (ad).)‏ بكتري جرائيم ‎bacteria (n.)‏
سور القصر.الفناه المطوق يسور (ي) ‎pitey‏ | مبيد للبكتريا 0 ‎bactericide (adj)‏
‎e‏ وكيل المزرعة ‎bailiff (n.)‏ كبح نمو البكتريا  ‎(n)‏ سيت
إطلاق سراح ‎ey, sy S,‏ | علم ‎pactriclogy (1) e e A‏
عيد «الفطر. الاضحي» . ‎m)‏ ووو وزو | فحص ميكررسكرى ‎bacterioscopy LAQ‏
عبد الاضس ‎ey‏ نكاثر البكريا ‎bacterization (n.)‏
‎bad (adv.ad).) = g‏
عبد الفطر ‎O‏ | زد رد بطريقة سيئة. على ‎s‏
‏يضايق. يعلف-علف ‎bait (n.v.)‏ الفحش مل _
يخبز . خبز . فرن ‎bake(ny)‏ | ند ‎togo_‏
‏الخبار ‎badge (.v.) baker (n.)‏
‎Dakery (m) o‏ | شارة. علامة ميزة. شعار- بميز بعلامة
خميرة للخيز  ‎Dakingpowder(n)‏ | على نحو ردئ ‎badly (adv.)‏
بقشيش . يعطى بقشيش ‎badness (n.) baksheesh (n.v.)‏
ميزان .يزن ‎(nv.)‏ ©2286 | رداءة. عيب . فساد. السوء. الخبائث
‎balanced (ad) Gyl‏ | يحير . يربك-تحير . إزياك  ‎baffle (n.v.)‏
اليزانية ‎bag (n.v.) balance sheet (n.)‏
ذو شرفة 1) شرفات ‎balconied (adj.)‏ كيس . حقية . حافظة نقود-ينتفخ
شرفة. ‎balcony (n.) LS‏ يضع فى كيس
أصلم . غير مزخرف . صريح ‎bald (adj)‏"	al-shamil-dictionary
64	"baldly (adj) ‏بركاكة. بصراحة. بسخاقة‎ | balm(n.)
baldness (n.) ‏رائحة عطرة .كل شاف أر صلم .سخافة‎ e
bale (n.v.) ‏سكن للالم‎
‏بالة.ررسة. شر. ضرر-يرزم على‎ | balmy ‏شاف. سكن (.زهه)‎
‏شكل بلة‎ | balsam(n) ‏البلسم‎
‎balefire (n.)  راذنإلا ‏ثار‎ eV ‏نار‎ ١ balsamic (adj.) ‏شاف‎ ikl ‏سكن‎
‎baleful (adj.) ‏مزذ. مهلك‎ | Baltic (adjn) Gl ‏متعلق يبحر‎
baling (n)  تالاب ‏حزم البضاعة فى‎ | baluster (n.) ‏عمود درابزين‎
balk (n.v.) bamboo (n.adj.)  ىنارزيخ ‏الخيزران.‎
‏قطعة أرض مستطيلة 8,5 درن‎ | bamboozle (v) ‏يربك . يحبر بغش‎
‏عائق. الم مد‎ -. ban ‏يلعن يحرم لع تحريم لم‎
* | banal(adj.) ‏تافة. بسيط . مالوف‎
ball(nv)  ةركء ‏يكور -حفلة راقصة‎ | ) i
‏م1‎ give ‏د‎ ball ‏يقيم حفلة راقصة‎ band (nv.) ‏شريط. حزا.يزين بطوق‎
ballad (n.) ‏شري . حزام. يزين بطوى . بجع أغنية راقصة عاطفية‎
ballade (n) ‏لحن موسيقى شعرى‎ bandage (n.v.) ‏ضمادة-يضمد‎
‎ballast (n.v.) bandit (n.) ‏لص . قاطع طريق‎
by ‏اللصوصية )( 988807 | حصى لرصف الارض-يفرش‎
ballet (1) ‏عيبل بدون كلام-رقص. البالية‎ | 580058800 (1) T ‏منصة الفرقة‎
balloon (n.v.) bandy (m.v.) ‏يتقاذف الكرة-الباتدى (لعبة)‎
‏متقرس الساقين (168868)64-(9800 | منطاد. بالون الأطفال. ينفخ . يضعد‎
__ catheter bane (n.) ‏سم . موت . هلاك‎
‏سام ميت . مهلك (241) 580680 | قسطرة بالونية إستخدم لموسيع‎
‏الشريان التاجى رإزالة الجلطة!‎ bang (n.d.v.)
ballot (n.v.) ‏-يقترع‎ AW ‏يضرب بعنف . يفل بقوة-ضرية ورقة‎
ball room (n.) ‏عنيفة. بعنف قاعة الرقص‎
ball valve (n.) ‏الصمام الكررى‎ | 08086 )8.( e ‏خلخال . سوار دمن‎
bangue (n.) ‏هتدى‎ o"	al-shamil-dictionary
65	"banish (v.) ‏ينفى. يطرد‎ | barbarous (adi)  ىربرب ‏مترحش.‎
‎banishment (n.) ‏طرد. إبعاد . تغريب‎ . & | barbary ‏بلاد المغاربة‎
banister (n.) ‏درابزين الم‎ | barbed (adj.) ‏شالك.مسان‎
‎bank (nv.) ‏كومة. متحدر.بنك-يودع فى بنك‎ ١ Wire ‏سلك شائك‎
banker (1) ‏مدير البنك. صاحب البنك‎ | basber (n) ‏حلاق‎
‎bankrupt (vn.adj) ‏يفلس . الفلس.إفلاس. مفلس‎ | bar chart (n.) ‏رسم المستطيلات‎
1080 ‏تفط يفلس‎ graphs (n.) ‏الأعمدة البيانية‎
bankruptey (n.) WYL | bard (n) ‏منشد. شاعر‎
banner (n.adj.) ety ki, | bare(nv.) ‏عريان -يكشف. يعرى‎
under the banner of ‏نحتاراية‎ | barebone (adj.) ‏تحيف.هزيل‎
‎banquet (n.v.) ‏مادبة. يقيم مادبة‎ | barcface(adi)  ءايحلا ‏رفح . قليل‎
banter (n.v.} ‏بمارح. مزاح‎ | barcfacedly (adv.) ‏بوقاحة‎
‎banterer (n.) ‏مارح‎ bare footed (adj.) ‏حافى القدمين. حفاة‎
banteringly (adv.) ‏بزاح‎ | —headed(adi) )Gk
banyan (n.) ‏تفطان‎ | barely (adv.) ‏فقط . بالكاد.على المكشوف‎
baptism (n.) bargain (n.v.)

صفقة. بيع . مقايضة-يقايض . يساوم تتصير . التعميد . العماد «عند التصارى؟
يبع . يعقد صفقة ‎enterinto__‏ | معمد. معمذائى ‎baptist (n.)‏
مركب للنقل-ينقل ‎barge (n.v.)‏ | مكان العماد أو التعميد (.8) ‎baptistery‏
‏مراكبى . ملاح ‎bargeman (n.)‏ | يعمد . ينصر ‎baptize (v.)‏
‎bar (n.v.prep.) bark (n.v.)‏

ينبح (للكلب). يكس باللحا- نباح . اللحاء بار.حانة. قضيب. مزلاج. عائق- يد
شعير ‎barley (n)‏ | يحلق . يزين . يحصد ‎barb (v.)‏
سكر نبات () ‎barley sugar‏ | بربرى. همجى . مترحش ‎barbarian (adj.)‏
شونة . مخزن الحصولات ‏ (8) 580 | بريرى . غيظ . فظ  ‎barbaric (adj)‏
الباررميتر . مقياس الضغط الجوى ‎barometer (m)‏ | بربرية. همجية ‎barbarism (n.)‏
البارون «لقب شرف» ‎baron )8( i‏ | توحش . قساوة ‎barbarity (n.)‏"	al-shamil-dictionary
66	"سفالة ‎baseness (n.)‏ | البارونة إررجة البارونا ‎baroness (m.)‏
كثير الحياء ‎bashful (adj)‏ | مسدود. منوع. مربوط  ‎(adj.)‏ 8160
بخجل. بحياء ‎barrel (n.v.) bashfully (adv.)‏
شىء أساسى . ‎LUl‏ (.[0.80) 0856 | برميل . ماسورة البندقية-يعبئ فى برميل
الفهرس الرئيسى ‎catalog‏ | قاحل. مجدب. عقيم. عاقر ‎barren‏
‏مدخل رئيسى ‎_entry‏ | امرأة عاقر ‎a__women‏
‏بصفة أساسية . جوهريًا (201) ‎basically‏ | جدب.عقم ‎barvenness‏
‏ا 9860 | يد . يحجز-حاجز  ‎bamricade (n.v.)‏
قم ‎basis (n.) iiv‏ حر - اس
) ري ور كن كل بي
سلة ‎b () Al | n)‏
كرة السلة ‎kerbal (n)‏ ثقل القهم )1( ‎becycoceghali‏
‏صناعة السلال ‎basketry (n.)‏ قل ‎o‏ بم ‎baryllia‏
‏لحاء. ليف النبات ) غسر التكلم (م) ‎baryphonia‏
‏ابن رثا كاذب 0 ‎barythmia (n.) W vt adi)‏
عنوان مختصر ‎١ e‏ تاعدى (ازقه) ‎basal‏
‎bagtardize (v.)‏ | البارلت ‎basalt (n.)‏
يحط من شأنه.يئيت أنه غير شرعى جسر قلاب أو متحرة ‎basculebridge (n.)‏
‎base (n.v.adj.) baste (v,)‏
يرج (فى الخياطة). يطرى اللحم أساس. قاعدةسييتى على أساس-
‎basting (n.)‏ | لعبة إتللب بالمضرب ‎base-ball (n.) i Sy‏
ضبط التسربح . تطرية اللحم -ضرب غير شرعى . ابن زنا  ‎baseborn (adj.)‏
خفاش. مضرب للكرة ‎١ bat(n)‏ لا أماس له ‎baseless (adj.)‏
. بطاطا ‎batata(n)‏ | بفالة ‎basely (adv.)‏
دفعة . كمية ‎basement (n.) batch (n.)‏
حمام يستحم ‎bath (mv,)‏ | بدروم-الطبقه السفلى من البيت"	al-shamil-dictionary
67	"المشربية ‎ay window (n.)‏ | كرسى المرفى ‎bath chair (n.)‏
سوق شرقية ‎bazzar(n)‏ | يفتسل .سباحة ‎bathe (n.v.)‏
الباروكة (سلاح) )( ‎bath house (n.) s e | bazooka‏
ق.م. (قبل ايلاد (180© ‎B.C. (before‏ | مغطس ‎bathinette (n.) JibS‏
يكون . يوجد ‎be(v)‏ | قلنسوة السباحة ‎bath cap (n.) (b))‏
‎beach (n.v.)‏ | ثرب السباحة  ‎bathing dress or suit‏
البلاج.شساطئ رملى -يدفع الخوف ‎4t‏ من الأعماق (.8) ‎bathophobia‏
‏المركب للشاطئ ‎el‏ إلا . ماعدا ‎bating (prep.)‏
مكو بالرمل والحصى ‎beachy (adi)‏ | باتيستة (قماش) ‎batiste (n.)‏
منارة. مرشد لاسلكى . برشد (.8.0) 588000 | المرسال. عسكرى مراسلة  ‎batman (n.)‏
خرزة . عقد - ينظم -خرزات (.8.0) 5880 | هرارة الشرطى . عصا ‎Sl‏
‏الشاشة ‎_screen Lol‏ | هرارة. عضا ‎baton, batoon i‏
كلب صيد ‎beagle(n)‏ | طابور. كنية ‎battalion (n.)‏
شماس الكنيسة ‎beadle(n)‏ | فرقة مدفعية ‎battery (n.)‏
مثقار . أنف ‎beak (n)‏ | معركة . كفاح-يقاتل . يكائح ‎battle (n.v.)‏
ذو منقار ‎beaked (adj.)‏ | ساحة القتال ‎battle field (n.)‏
كأس كبير ‎beaker (n.)‏ | حصن ‎battlement (n.)‏
شعاع. ابتامة-برسل ‎beam(ny) il‏ | سفينة حربية ‎battleship‏
‏مشع.ضخم ‎s | beamy (adj.)‏ (زقه) ‎batty‏
‏لوبيا . فاصوليا . حية ‎١ bean‏ دمية أطفال ‎bauble (n.)‏
يعطى . تلد . يتحمل . يحتمل .أب (.8.1) 5685 | ديوث. بومسن ‎bawd (n.)‏
‎something patienty or Allah's sake‏ ~10 | فق ‎bawdry (n.)‏
يحتمل ‎Tl‏ احتسابًا لوجه الله فاسق ‎bawdy (adj.)‏
محتمل ‎bearable (adj.)‏ | بيت دعارة ‎bawdy house (n.)‏
‎beard )8(‏ | يزعق . صيحة عالية ‎bawl (n.v.)‏
لحية. شوكة-يجعل له لحية يتحدى ‎bay (adj.n.v.)‏
مُلتح ذو لحية (زلده) ‎bearded‏ | كستنائى اللود-مجد- خليج-ينبح"	al-shamil-dictionary
68	"يرش . يبلل ‎beardless (adj.) bedabble (v.)‏
ييهر النظر ‎(v)‏ 6802216 | لا لحية له.أمرد «شاب لم تبت

بقة الفراش . حشرة الفراش ‎ted bedbug (n.)‏

bearer (n.) ‏الحمال. المتال‎ | bedchamber (n.) ‏غرفة النوم‎
bearish (adj.) ‏كالدب.فظ‎ | bedeck (v.) ‏تتزين . تتبرج‎
beast (n.) ‏بهيمة. حيران-شخص حقير‎ | bedew (v.) ‏يندى . يرطب‎
dump __s ‏العجماوات‎ | bedim (v.) ‏يقتم . يسود‎
beastly (adj.adv.) ‏بهيمى . قذر-بافراط‎ | bedlam(n.) ‏مستشفى المجانين‎
beat )0.7.20(.( ‏يقرب . يهزم- غضربة . طفيلى‎ | bedlamite (n.) ‏الجنون‎
‎beaten (adj.) ‏مهزرم.مخفرق‎ | bedouin (n.adj.) ‏البدوى-بدوى‎
‎beater (adj.) ‏مضرب البيض‎ | bedouinism (n.) ‏البداوة‎
‎beautification (n.) ‏تجميل‎ | bedpost(n) ‏عمود السرير‎
beautiful ‏جميل. وسيم (زفه)‎ | bedquilt (n.) ‏الحاف السرير‎
beautify (v.) ‏يجمل‎ | bedroom (n.) ‏غرفة النوم‎
beauty (n.) ‏جمال‎ | bedsore (n.) ‏قرحة الفراش‎
beauty spot (1.) ‏الوحمة‎ | bedtick (n.) ‏قماش لتغطية المراتب‎
becalm (v.) ‏أسكت.يهدئ‎ ١ bee(n) ‏النحل‎ Al
became past of become ‏الب د‎ beech (n.) ‏خشب الزان أر شجره‎
because (conj.) oY | beechen (adj.) ‏من خشب الزان‎
—of ‏بسبب‎ ١ beef(nv) ‏لحم البقر. لحم بقرى-بشكو‎
beck (mv.) ‏متقار . إيماء . إشارة-يشير إلى‎ | beefsteak (n.) ‏فتك‎
‎beckon,to (n.v.) ‏بشير إلى . يومئ إلى- إشارة‎ | beefy )»4.( ‏بدين . سمين‎
becloud (v.) ‏يغيم. يظلم‎ | beekeeper (n.) ‏التحال‎
‎become (v.) ‏يصبح. يلائم‎ | beeline . ‏الخط المستقيم . أقرب المسالك‎
becoming (adj.) Sl ‏ملائم‎ | Beelzebub (n.) ‏رئيس الشياطين‎
becomingly (adv.) ‏برافقة‎ | been pastpart of be ‏كان صار‎
bed (n.v.) ‏سربر. قاع النهر. ينام‎ | beer(n) i"	al-shamil-dictionary
69	"يتصرف. يبلك ):1( ‎beeswax (n.v.) behave‏
تأدب . كن لطيفا ‎١-1‏ شمع العسل.يفرك بشمع العسل
سلوك . تصرف ‎behavior or behaviour (n.)‏ | سلق ‎beet‏
‎behind (adv.prep.n)‏ | بنجر ‎root‏ __
فى المؤخرة. يتأخر فى . مؤخرة خنفساء . بارز . يدق . يبرز ‎beetle (adj.n.v.)‏
يشاهد. يلاحظ ‎behold (v.)‏ | كث الحاجين  ‎beetle-browed (adj.)‏
مدين بالفضل . شاكر ‎beholden (adj)‏ | بقر. ثيران ‎beeves pl. of beef‏
وجود. الكائن . خليقة. مخلوق )1( 08508 | بصبب. يحدث. يلم ب .يحل ب ‎bofall (v.)‏
يرصع بالجواهر ‎bejewel (v.)‏ | إن أصابك شىء ‎if something _s you‏
يضرب . يهاجم . يتعهد 2 ‎belabour (v.)o‏ | 3@ يناسب ‎befit (v.)‏
‎belated (adj.) Al‏ | ملائم . مناسبا ‎befitting (adj.)‏
ينجشا- تجشز-دقم بقوة  ‎belch(nv)‏ | من قبل. مام ‎before (adv.)‏
عجوز. شمطاء ‎beldam‏ | مقدمًا. ‎beforehand (adv.) Gl‏
يحاصر بجيش ‎beleaguer (v.)‏ | يصاحب.يصادف ‎befriend (v.)‏
قبة جرس الكنبة. مظلة  ‎belfty (n)‏ | يتجدى. يلتمس ‎beg (v.)‏
البلجيكى . بلجيكى ‎Belgian(nadj)‏ | بدا ‎began past of begin‏
إيمان . اعتقاد . عقيدة ‎belief (n)‏ | ينجب.يبب ‎beget (v.)‏ |
ممكن تصديقه ‎dyz | believable (adj.)‏ يفقر ‎beggar (n.v.)‏
‎belish beacon (n.)‏ | معدوم . > . ‎beggarly (adj)‏
عامود مخطط بالأابيض والأسود فقر مدقع .عدم. تسول  ‎beggary (n.)‏
يعلوه مصباح أصغر منع حوادث المردر ‎begin (v.) el‏
يؤمن ب يصدق ب ‎believe,in(v)‏ | البتدئ ‎beginner (n.)‏
يوقن ‎١ __ firmiy‏ بقاء. يدا ب ‎began past part of begin‏
مزمن ‎١ believer (n.)‏ يخدع. ‎beguile (v.) Pl‏
أمير المؤمنين ‎Leader of the Believers‏ | مصلحة دفاع ‎behalf (n.)‏
‎Believing men and women (n.}‏ | لأجل. لمصلحة ‎in__of‏
‏المزمنين والمؤمنات بالبابة عن . بدلا من ‎on_of‏"	al-shamil-dictionary
70	"belittle (v.) ‏يحفر. يحتقر‎ | bencath (adv.prep.) P
bell (n.v.) benefaction (n.) ‏تبرغ‎
‏المتبرع. للحن )( :560668610 | جرس. ناقوس .وار . يصرخ‎
‏يعلق جرس . يخور . يزهر‎ benefactress (n.)  ةنسحملا‎ e 2l
bellboy (n.) ‏خادم فندق‎ benefic (adj.) ‏بحن‎
‎belle (n.) ‏الحسناء . الفاننة‎ beneficence (n.) ‏إحان‎
‎beil jan (n.) ‏ناقوس رجاجى‎ | beneficent (adj.) ‏محسن. خير‎
bellow )+8.(  راوخ‎ - ‏يخور. يخار‎ | Denefical (adj) ‏تائم‎ 1
bellows (n.) ‏تفاخ‎ | Benefit(ni) 0 ‏فائدة-يفيد- يعد‎
bellows fish (n.) ‏فرس البحر (سمك)‎ Beneficent, The
belly (n.v.) ‏الرحمن «من أسماء الله الحسنى؟ بطن . رحم -ينتفخ‎
bellyache (n.v.) i, ‏مفص , بشكو‎ | benevolence (n)
belly-bound (adj.)  كامإب ‏صدقة . هبة. الإحسان. عمل الخير مصاب‎
belly-button (n.) i, | benevolent (adj.)
belong ‏محسن . حبر . خبرى. محب لعمل الخير ينتمى . يخص‎
belongings (n.)  عاتم‎ . ‏ممنلكات . امتعة‎ | Bengalese (adjn)  ىلاغتبلا ‏يتقالى.‎
‎beloved (@djn) 2 ‏عزيز. محبوب-‎ | 180188, The ‏البر دمن أسماء الله الحسنى»‎
below (adv.prep.) ‏نحت.اسفل‎ | bent (adin) ‏متحنى . ميل‎
belt (n.v.) ‏حزام. سير يحزم‎ | DEMUMD ‏يشل-يخدر (ل)‎
belted (adj.) ‏يطوق بحزام‎ benzene (n.) ‏البنزين‎
‎belting (n.) © ‏سيور‎ | beauest(n) ‏إرث بوصية . وصية‎
bemack (v.) o e | makea ‏يومى‎
‎bench (n.v.) berate (v.) ‏يريخ‎
‏يجلس على‎ b ‏محكمة.مقعد‎ | Berber (nadi) ‏البربرى .بربرىق‎
‏مقعد القاضى‎ beret ‏قلنسوة‎
‎bend ‏يلرى- لى .الى م‎ | beriberi (n) ‏البرى برى (مرض)‎
berry (nv.)  يلعلا ‏ثمرة العليز يحمل ثمرة‎"	al-shamil-dictionary
71	"غدر. خيانة ‎betiayal (n)‏ | برسيم ‎berseem‏
‎berserk (adj.adv.) better (adj.adv.n.v.)‏
أعظم .على نحر أفضل . المراهن. مسعور . شديد الاهتياج - بسعر
يتحن ارسى-يرسو ريم ‎berta‏ |
تحن إصلاح (.) 600600801 | اليل «حجر كريم أخضر عاد ‎beryl‏
‏رهان ‎betting(n)‏ | بلي ب ‎beseem (v.)‏
بين . فى الورسط ‎Detween (prep.adv)‏ | قرب.عند. بجانب ‎beside (prep.)‏
‎besides (prep.adv.) bevel (adj.n.v.)‏
مائل-مشطوف- ميل . بشطف بالإضافة إلى . علاوة على
مشطوف الحافة ‎Develled (adj.)‏ | يحجز. يخاطب ‎bespeak (v.)‏
يرثى . يندب ‎bewail (v)‏ | موصى على عليه ‎bespoke (adj)‏
احذر ‎il‏ إياك ‎1Sy‏ !00 | تحول ‎Bessemer converter oy‏
يحترس . يحذر ‎best (adjadv.n.v.) beware, of (v.)‏
‎supplicaton oppressed‏ 0/16 00008 | أافنضل.على أحسن وجه.لياب
‎it‏ دعوة المظلوم المرء الفضلى. يهزم-يفوز على
يحير . يربك ‎bewilder (v.)‏ | كنتب رائجة -_-
مرتبك . متحير 0 ‎bestial (adj.) ottty | Dewildered (adi)‏
ارتباك ‎bestiality (n.) bewilderment (n.)‏
يسحر. يفن ‎(v)‏ 116« | الرحشية. البهيسية. العلاقة الجنسية
ساحر. فاتن ‎bewitching (adj.)‏ الشاذة بين الإنسان والحيوان
‎bewitchment (n.) e‏ | كتاب أساطير ‎bestiary (n.)‏
‎(perp.adv.n)‏ 6000 | يعطى .يهب يمتح .ينعم 0 ‎bestow (v)‏
خلف . وراء . فوق . أعلى ‎e‏ رهان . يراهن ‎bet (n.v.)‏
الآخرة. العالم الآخر الحرف الثائى فى الأبجدية ‎beta (n.) LU‏
بادثة معناها ثنائى . مزدوج (-) أ | يفكر.يتامل ‎bethink (v.)‏
ذو زاويتين ‎biangular (adf.)‏ | عاجلاً-قبل فوات الاوان ‎betimes (adv.)‏
‎i‏ سنوى ‎biannual (ads)‏ | يضلل. يخون. يغدر ب ‎betray (v.)‏"	al-shamil-dictionary
72	"(207.زة) ‎big‏ | مرتين فى السنة  ‎biannually (adv.)‏
عظيم . ضخم . بتبجح . بتفاخر لنائى المحور ‎biaxial (n.)‏
‎big brother (n.)‏ | الكتاب المقدس ‎Bible, The‏
الاخ الكبير «شخص أو نظام ييطر إنجيلى . توراتى ‎biblical (adj.)‏
على عقول الناس؟ إنتاج الكتب ‎bibliogony (n.)‏
خليج . عقدة. ‎e‏ .بثبت ‎bibiography (n.) bight (m.v.)‏
‎bigess (n.) S‏ | معرفة الكتب وتواريخها. البليجرانبا |
المتعصب لدين أو لحزب  ‎DigOt(n)‏ | سرقة الكتب ‎bibliokleptomania (n.)‏ |
متعصب ‎bigoted (adi)‏ | دراسة الوثائق ).1( ‎bibliotics‏
‏تعصب ‎bigotry (n.) ot‏ | عضلة ذات رأسين ‎biceps (n.)‏
جوهرة. صغير واثيق ‏ (8.64) 000 | يخاصم.ينازع ‎bicker (n.)‏
‎bike (nv.)‏ | مافة ‎bickering (v.)‏
عش الدبابير أو النمل . حشد من مقعر الوجهين ‎biconcave (adj.)‏
الناس . يركب دراجة ذر قرنين ‎bicom (adj.)‏
البيكبنى ‎L‏ لباس البحر ‎bikini(n)‏ | دراجة ‎bicycle (n.)‏
علا الشفتين ‎bid (v.n.) bilabial (adj.)‏
‎by | bilateral )24(‏ .يدعو إلى حفلة-
ذو جانبين . ثنانئى . على الجانبين دعوة. أمر
البلهارسيا ‎bilharzia (n.)‏ | العطاءات ‎bids (n.)‏
ثنائى اللغة-الثنائى اللغة ‎bilingual (adn.)‏ | سهل الانقياد. مطيع  ‎biddable (adi.)‏
تكوين الكاثنات الحية ‎biogenesis (n.)‏ | المزايد.الآمر ‎bidder (n.)‏
‎S‏ سيرة. مزلف تراجم ‎biographer (n)‏ | يواجه. يحتمل )( ‎bide‏
‎bicnnial (ad).n.) biographic lexicon (n.)‏
قامرس تراجم . معجم تراجم كل سنتين. يحدث كل سنتين-دائم
‎biographical (adj.)‏ حولين
سبرى . متعلق بسيرة شخص أو حيانه نعش . تابوث ‎bier (n.)‏"	al-shamil-dictionary
73	"يعضد ‏ يترص - عضة ألم ‎biography (n.) bite (v.n.)‏
(41:07ة) ‎bitter‏ | سيرة بيلوجرافية. ترجمة . سيرة
لاقع مر .اليم لدود. مرارة- التخصص فى علم الأحياء ‎biologist (n.)‏
يجعله مرا علم الأحياء ‎biology (n.)‏
ملح إنجليزى ‎salt‏ | تحلل الكاثنات الحية ‎biolysis (n.)‏
غارب إلى المرارة .مر قليلاً ‎bitterish (adi)‏ | الطبيعة الحيوية ‎biophysics (n.)‏
بعنف . بمرارة ‎biopsy (n.) biterly (adv.)‏
مرارة.غم ).( ‎bitterness‏ استتصال نسيج حى للفحص التشخيمى
قار - بيترمين ‎bitumen (n.)‏ | طائر. يصيد الطيور ‎bird (n.v.)‏
‎biweekly (adjn.)‏ | رلادة. يولد ‎birth (n.v.)‏
نصف أسبوعى . مرة كل أسبوعين يوم اليلاد ‎birthday (n.)‏
اشاذ. غريب. ملتو ‎Dbizame (adj)‏ | وحمة ‎binhmark (n.)‏
يشرثر . الشرثار - ثرثرة ‎blab(v.n)‏ | نسب المواليد . معدل المواليد ‎birthrate (n.)‏
يشرثر . الثرثار . لرثرة ‎blabber (vn)‏ | مرتين. اعد ‎bis (adv.)‏
‎Dlack (adjin.v.)‏ | بسكويت . الكمك (باشكال) (.8) ‎biscuit‏
‏أسود-مظلم -سواد-يسود. يظلم يشطر. بتشعب. ينصف 0 (0) ‎bisect‏
‏افن النحر. السحر 000 ‎blackan(n)‏ | شطر.تتصيف ‎bisection (n.)‏
عليق. قوت برى 0 ‎bisector (n.) iadi | blackbemy (n)‏
سبورة. لوح أسود  ‎blackboard (n)‏ | ختى . لنائى ‎bisexual (n.adj.) ki‏
ضارب إلى السمرة  ‎blackish (adj)‏ | أسقف . مطران ‎bishop (n.)‏
الابتزاز ‎bishopric (.) blackmail (n.)‏
سواء. فحشاء ‎blackness (n.)‏ | أسقفية. منصب الأسقف أر مقره
| مثانة ‎Dladder(n)‏ | الور الأمريكى ‎bison (n.)‏
98860 | رن كية.كيى ‎bissextile (nadj)‏
نصل . ‎A‏ الصريض من حانة صغيرة. مطعم صغير ‏ )1( 558880
ورقة نات . ريشة المروحة عضة. قطعة صغيرة. ‎s‏ (80) 1ف
‎bladed (adj) a5 S g‏"	al-shamil-dictionary
74	"التهاب جفن العين  ‎blepharitis (n.)‏ | كذب.هجصس ‎biague (n.)‏
‎8y‏ يمجد )( ‎bless‏ | مستحق اللوم ‎blamable (adj.)‏
مبارك. مقدس ‎blessed (adj)‏ | لوم.يلوم ‎blamefor (n.v.)‏
سعادة ‎blessedness (n.)‏ | ملوم.مستحق ‎blameful (adj) ¢l‏
‎N‏ . نعمة ‎blessing (n.)‏ | برئ-يلا لوم ‎blameless (adj.)‏
نفخ .هب ‎blew past of blow‏ | بيض. يجمله أبيض ‎blanch (v.)‏
تلف . آفة رراعية . ‎blight (mv) il‏ | تبيض.صقل ‎blanching (n.)‏
مصاب بآفة ‎blighted (adj)‏ | أبيض. فارخ فراخ- بحر ‎blank (adj.n.v.)‏
58 . كفيف . غير ‎(adj.adv.n.v.)‏ 1188 | صك أر شيك على بياض  ‎_check‏
‏نافذ . درفة الشباك-يعتم ررقة بيضاء فى كتاب ‎__leaf‏
‏المكفوفون. الأكفاء ‎blanket (n.v.ady) the blind‏
فقد البصر . جهل ‎١ blindness (n.)‏ حرام . بطانية-يغطى . يشوش-شامل
ينفخ . يقدد بالدخان ‎bloat(v.)‏ | بصراحة ‎blankly (adv.)‏
متفخ . رارم ‎١ bloated (ad).)‏ يكذب.يسب ‎blaspheme (v.)‏
كليشية . حاجز . ‎WS‏ خشبية . مبنى كافر (.0) ‎blasphemer‏
‏ضخم-يحجز ‎R e‏ كقرى ‎blasphemous (adj.)‏
طباعة بالكليشية ‎printing‏ - | كنر ‎blasphemy (n.)‏
قطاعات إعلامية 921000030000 | ‎G‏ اتفجار-ييصف. يف )( :فقا
حصار. يحاصر ‎DKL)‏ | زملة, لهب .غرة-يشعل  ‎blaze (nv)‏
‎blockhead (n.)‏
اجهنم للى ‎blazing fire,the‏
الاحمق ‏ شخص صلب الرأس فقاعة . نقطة . بثرة ‎bleb (n.)‏
‎Gy~‏ منفصلة 0 ‎B block letter (n.)‏
بلوكنوت . مفكرة ) | ‎Sy‏ نا الفائض . فائض ‎bleed (vnadj)‏
قصير بدين ‎blockly (adj.)‏ تزيف . نزف ‎bleeding (n.)‏
أشقر. الأشقر 1 ‎(adjin)‏ فووزو | = رم متهماة
‎blemishless (adj.) <% | blonde (adjn)‏
أعل .دم قتل ‎oA e‏ يري ‎pood‏ | يخلط .ممزج-خليط . توليفة ‎blend (vn)‏"	al-shamil-dictionary
75	"يمخط .ينف ‎١ blow the nose‏ بنك الدم ‎__bank‏
‏ينسف. ينفجر ‎blowup‏ | مجزرة رهيية . حمام الدم _-_
منتفخ . مرهق ‎blown (adi)‏ | عد كرات الدم 0 _-_
أزرق . شىء أزرق . يزرق (2.7.زفة) ‎blue‏ | المبرع بالدم 0067
‎blue print (n.)‏ | فصيلة الدم 0 _-_
تصميم هندسى مطبوع. طباعة درجة حرارة الإنسان الطبيعية ‏ 0684 _-
الرسوم والخرائط ‎—mobile‏
‏يخدع . خدام . شديد التحدر (.[8.0.+) 1015 | سارة الدم إسيارة لجمع الدم من التبرعينا
عديم الحس .يثلم . يجعله غير ‎blunt (adj) b‏ 04 _
بخشونة ‎blunthy (adv.)‏ | كلب سلوقى. شخص محب الدياء
التبلد ‎bluntness (n.)‏ | دية .دية القتيل ‎__money‏
‎blushiat (v.nadj.)‏ | بلازما الدم ‎__plasma‏
‏يحمر وجهه خحجلاً. احمرارٌ الوجه . متورد مجدد للدم ‎__regenerator‏
‏خجول. وردى ‎blushfull (adj.)‏ | صلة الدم ‎relation‏ _
‎blusher (v.n.)‏ | ذر دم ‎blooded (adj.)‏
تعصف(الريح) .يتهدد. تهديد. عاصفة سفك الدم. إراقة الدماء )( ‎bloodshed‏
‎board(nv.)‏ | دمرى ‎bloody (adj.)‏
لرح. لوح . مجلس .لجنة. يغطى بالالراح زهرة . تنوبر. يزهر ‎bloom (n..)‏
مجلس الإدارة  ‎board of directors‏ | شباب مزهر. شخص بالغ ‎bloomer (n.)‏
‎boarded (adj)‏ | مزهر .اضر ‎blooming (adj.)‏
ملوح . مخشب . أكل نايم بالأجرة بقعة . لوثة . عار -يلوث ‎blot (n.v.)‏
نزيل بالاجرة ‎boarder (n.)‏ | يشطب. بمحر . يقتل ‎blot out (v.)‏
مدرسة داخلية ‎boarding school (n)‏ | نشافة الحبر ‎bloter (n.)‏
يتباهى ب.يتفاخر ب ‎boast,of(v.)‏ | ررق نشاف ‎blotting paper (n.)‏
منباه. متفاخر ‎boastful (adj)‏ | بلوزة ‎blouse (n.)‏
مباهاة. تفاخر ‎boasting (n.)‏ | خبطة . ضرية-يتمخ-يعصف (.م) ‎blow‏
‏بتفاخر ‎boastfully (adv.)‏ | يطفى بالنفخ ‎blow out‏"	al-shamil-dictionary
76	"عبد رقيق ‎bondman (n.)‏ | تارب ‎boat (n.)‏
الكافل . الضامن .عبد ‎bondsman(n)‏ | نزهة فى زورق ‎boating (n.)‏
‎bob (v.n.) “and I testify that Mohammed‏
‎gl | isHis-andMessenger”‏ .هزة رأس.نمايل. أرجوحة
وأشهد أن محمد عبده ورسوله جسم يجد ‎body (n.v.)‏
أمة. جارية ‎bondwoman (n.)‏ | حرس.حاشية ‎bodyguard‏
‏عظم .عاج . زهر الطاولة-يدرس غليان. يقلى ‎boil (n.v.)‏
عظم . ينزع العظم ‎(nv.)‏ 5006 | دست . قزان. غلاية ‎boiler (n.)‏
رنين الجرس . يرن . يقرع ‎bong(nu)‏ | غليان ‎boiling (n.)‏
فلنسوة. يزود بغطاء واق ‎bonnet (n.v.)‏ جرىء. شجاع ‎bold (adj.)‏
وسيم .جميل 1 ‎bonny (adj.)‏ | قليل الحياء ‎bold faced (adj.)‏
‎bonnie (adji)‏ | بوقاحة-باحترام ‎boldly (adj.)‏ _
شىء إضافى . علارة للمرظفين. ربع )1( 00005 | وقاحة . جسارة ‎boldness (n.)‏
معظم . كثير العظم . عظمى ‎bony(adj)‏ | لوزة القطن ‎boli (n.)‏
بليد . أحمق ‎booby (adj.)‏ | دودة اللوز (القطن) ‎bollwarm (n.)‏
الكتاب «القرآن ‎BookThe oy SO‏ | بلشفى. شخص معب السين
كتاب . بحجز مقدمًاً ‎book (v.n)‏ | المعاملة (متطرف) ‎bolshy (adj.n.)‏
الصحف الأولى ‎the Earliest Books‏ | مخدة. وسادة-يسند ‎bolster (n.v.)‏
صحف موسي ‎bolt (n.v.adj.) the Books of Moses‏
تجليد الكتب ‎bookbinding (n.)‏ | صاعقة. مار قلاووظ بصمولة
تصنيف الكتب ‎bookclassification (n.)‏ ترباس . ينطلق . يثبت
عرض الكتب ‎book display (n.)‏ | منخل . غربال ‎bolter (n.)‏
معرض الكتب ‎book fair (n.)‏ | قبلة. يقذف بالقنابل ‎bomb (n.v.)‏
محب للكتب رمطالعتها (.[24) ‎bookish‏ | عبد . قيد ‏ وثاقة ‏ يتماسك ‎bond (nv.)‏
كاتب حابات ‎bookkeeper (n.)‏ | عبودية. استرقاق ) )00086
مك الدفائر ‎bookkeeping (n.)‏ | العبودية لله ‎Allah‏ 0 _-_
‎S‏ صغير . كتيب ‎booklet (n.)‏ | أمة. جارية ) ‎bondmaid (n‏"	al-shamil-dictionary
77	"يضايق . يربك - قلق ‎bookmobile (n.) bother (v.n.)‏
زجاجة . يعبئ فى رجاجات(7 .2) ‎١ bottle‏ المكتبة السيارة. المكتبة المتنقلة
معبى فى زجاجات  ‎bottled(adi)‏ | نعمة ‎boon (n.)‏
‎bottleneck (n.adj.v.)‏ | بوت (حذاه). حذاء عالى الساق. ‎boot (n.v.)‏
الختنق-نقطة ازدحام فى طريق رفسة - يرفس . يطرد. ينتعل
ضيق -يعرق مساح الاحذية ‎bootblack (n.)‏
‎(nadj.v.)‏ 00000 | عشة. مظلة (م) ‎booth‏
‏قاع أسفل-الادنى.أساسى-يسبر له رباط جزمة ‎boot-lace (n.)‏
غور ‏ بجمل له مقعد .ييل قرار الشىه غيمة ‎booty (n.)‏
لا أساس له ‎bottomless (adj.)‏ | سكر- يسكر بشدة. يثمل ‎(n.v.)‏ 50028
‎١ bottomry (n.)‏ سكران ‎boozy (adj.)‏
مستند يقرض بحرى على رهن السفيئة حد . تخم - يتآخم . يحاذى ‎border (nv.)‏
‎١ botulism (n.)‏ أحد مكان الحدرد ‎borderer (n.)‏
تسمم نانج عن تناول لحم أر سمك فاسلين ‎bore past of bear‏
‎boudoir (n.)‏ | يثقب . يضجر. لقب . شخص ثقيل
البدوار (مخدع اليدة أر حجرة ‎(G‏ يثقب - ثقب ‎bore (v.n.)‏
غصن . فرع شجرة ‎bough(n)‏ | شمالى ‎boreal (adj.)‏
اشترى . مشترى ‎bom (adj.) 54y | boughtpastpastpartofbuy‏
شمعة ‎of bear bougie (n.)‏ م.م ‎born‏
‏مرقة. حساء ‎borrow (v.) iy | bouillon (n.)‏
‎oulder (n)‏ | رئيس.شخص بارز ‎boss (n.)‏
الجلمود (صخرة سائب أو مستدير نزاع إلى السيطرة ‎bossy (adjn) 3k‏
يفعل الما نباتى . مختص بعلم ‎botanic (adjn.) oAl‏
‎boulevard (n.)‏ | علم البات ‎botany (n.)‏
شارع شع على جانية ‎Sl‏ قرحة . ورم-رقعة . برقع 0 ‎(nv.)‏ 0160ط
انقلاب . أصطراب تشريش  ‎both (adj.pron.adv.conj.) bouleversement (n.)‏
يبت فجأة ‏ ضربة قوية مفاجى+ كلاهما. كلا-كلنا- على حد سواء- معا"	al-shamil-dictionary
78	"bounce )7.8.307.( ‏حيوية. حماس . نجأة‎ | boUSE (m.v.)
bouncer (n.) ‏شراب مسكر. مرح-بشرب الخمر الكذاب. الفشار‎
bouncily (adv.) ‏بمرح . بحماس بحيوية‎ ١ bout(n) ‏مرة. دورة. نوبة‎
bouncing (adj.) ‏عتليء الم .نشيط.‎ | boutique (n.)
bound past, ‏م.م‎ of bind ‏السلع الخاصة‎ o ‏دكان (ربخاصة‎
By ‏متجة نحو . مكبل. مصاب‎ (@l ‏بالنساء‎
‎bound (adj.n.v.) bovid (adj.) ‏بقرى‎
‏مجلد.وثبة.قفزة-‎ | bovine (adj.n.) ‏بقرى . بليد-ثور‎
‏يقيد . يثب . يقفز . بتآخم‎ bow (v.n.)
boundary (n.) ‏حداتخم‎ Gt ‏يركم . يذعن. ينحنى‎
Allah’s Boundaries ‏ركوع . انحناءة مقدمة السفينة أر حدود الله‎
bounden (adj.) ‏الطائرة . فيونكة . قوس الكمان ملازم . إلزامى . ضرورى‎
boundless (adj.) ‏لا حد ل .غير محدود‎ | bOWer (1) ‏راكم‎
‎bounteous (adj.) . bowing (n.) ‏الركوع . ركعة‎
‏ا‎ 27T | ‏نا‎
‎bountifully (adv.)}r,g_. ‏إخراج الأمعاء أو الاحشاء. يبقر البطن بجود. بسخاء‎
bountifulness (n.) ‏أمماء. احشاء )1( 00815 | جود سخاء. ففل .كر يأ‎
bounty (n.) ‏ماعدة مالية . جائزة.‎ | bower(nv.)
‏كوخ ريفى . منزل صيفى . تعريشة منحة حكومية‎
bouquet (n.)  ىذش‎ . ‏فى بستان. يعرش باقة أزهار . عبير‎
"" bourgeois (udj.) bowery (adj.v.)
‏ذر تعاريش . ظليل . مزرعة. شارع المتشردين من الطبقة المشوسطة من الناس‎
‏البوفن : سمك نهرى أمريكى )1( 50058 ربخاصة : التاجر‎
00/1 800( ‏هدف.غدير‎  مخت‎ 1 bowl (n.v.) ‏سلطائية. مدرج الالعاب لزيافية‎
bourse (n.) ‏بورصة . سوق مالية‎ (ol ‏ينطق (فى عرية)  بشده (ممفاجأة‎
bouse (v.) ‏برقع ببكرة وجبال‎ | boWine(n)  عارشلا ‏حبل القلع أو‎
| bowman (n.) 0 ‏رامى الثبال أر السهام‎"	al-shamil-dictionary
79	"كابولى . دعامة للحائط ‎brackets (nv.)‏ | قاب فوسين ‎bowshot (adj.)‏
علامة ‎kit‏ القرسان ‎brackets O‏ | وتر القوس ‎bowstring (n.)‏
اجاج . مالح ‎box (n.v.) brackish (adj.) S5‏
ملوحة ‎brackishness (n.)‏ | صندوق. علبة . ورطة . لوج لكمة.
القنابة: ورقة فى قاعدة زهرة ‎bract (n.)‏ لكم. ‎e‏ أر يضع فى
‎brad (n.v.)‏ صندوق.يلاكم
ممار بدون رأس-بثبت بمسمار فى حيرة واحدة _ ‎in the same‏
بدون راس ‎boxer (n.) Sh‏
تأخر الولادة ‎bradytocia (n.)‏ | ملاكمة ‎boxing (n.)‏
يتفاخر ب-تفاخر-رائع ‎brag (vnadj)‏ | خشب البقسن ‎boxwood (n.)‏
المتفاخر . المعجب بنفسه ‎braggadoci (n.)‏ | صى.غلام ‎boy (n.)‏
المبالغ . فشار ‎braggart (n.adj)‏ | فى كشاف ‎scout‏ __
التبجع ‎boycott (v.n.) bragger (n.)‏
البراهما (معبود الهندوس الأول) (8) ‎Brahma‏ | يقاطع (شخصًا او شركة)-مقاطعة
‎boyfriend (n.) braid (v.n.)‏
يجدل. يضفر . بمزج-جديلة . ضفيرة خليل. صديق . رفينى (لفتاة أو امرأة)
طريقة بريل للكتابة للمكفونين ‎brailte (n.)‏ | قترة الصبا ‎boyhood (n.)‏
مخ . عقل -يضرب على الرأس  ‎e ١ 08800 (nv)‏ (.ز4ه) ‎boyish‏
‏أحمق . أبلة ‎boy scout (n.) brainless (adj.)‏
جمجمة ‎١ brainpan (n.)‏ الكشاف. عضو فى منظمة ‎LS‏
‏ضعيف الذاكرة ‎١ brainsick (adj.)‏ يتشاحن. مشاحنة ‎brabble (v.n.)‏
ذكر. سريع الفهم ‎brace (n.v.) brainy (adj.)‏
يس ‎braise (v)‏ | زوج .دعامة. الخحاصرة لعلامة فى
فرملة . يفرمل ‎brake (n.v.)‏ الكتابة». الملفاف . رباط . طوق
عليق-يجمع العلبق ‏ )1( ‎bramble‏ | سوار. قيد لليدين ‎bracelet (n.)‏
كثبر العليق . شائك  ‎brambly (adj)‏ | حمالة لرفع البنطلون ‎braces (n.)‏
‎(n) U‏ 0 | منشط . مقوى . منعش  ‎barcing (adj)‏"	al-shamil-dictionary
80	"بشجاعة. بيالة  ‎bravely (advin)‏ | غصن. شعية. ع بتع . يشب )1( ‎branch‏
‏شجاعة. بالة شعب الإمان ‎_of Iman‏
‎bravo(ny.)‏ | مكنبة فرعية ‎__library‏
‏هتاف. استحان. قاتل «مؤجرة- متفرع ذر ريع ‎branched (adi)‏
يتحن خيشوم السمك ‎branchia (n.)‏
مشاجرة-يتشاجر ‎branchial (adj.) st | brawl (nv.)‏
مشاغب-مخاصم ‎brawler (n.)‏ | غصن صغير ‎branchlet (adj.)‏
‎s | brawn(n)‏ الاغمان ‎branchy (adj.)‏
عضلات قوية.قوة عضلية. لحم ماركة . علامة تجارية .
الخزير ‎Byl‏ ومحفوظا ‎brand (n.v.)‏
‎o‏ قرى .قاس )( 0007 | ‎e‏ ومصمة. المارسيطيع على
يتهق. يسخن (الهارن). تهيق 89090000 | تح لاييحى
يقسي يكسو أو يلم بالتجاس (00 9836 | ‎gy‏ بهد طريع 8 ‎brandish‏
‏. وقح-يراجه بتحدى ‎brazen (adj-v.)‏ .
قليل الحياه .وقح اسح ملسي
بصفاقة . بوقاحة ‎brazenly (adv.)‏ كرياك م ‎brandy‏
‏موقد. كانون ‎brazier (n.)‏ فم ‎brash‏
‎(VU R‏ سرض .عاصفة أو وابل من
خرق لقانون. كر . صدع- يحدث المطر. هس متهور
صدعا. ينقض نحاس أصفر . وقاحة-تحاسى ‎brass (n.adj.)‏
خيز. طعام )( ‎brassily (adv.) | bread‏
طحين. يز ‎n)‏ )قوعم ‎brassiness (n.) 65 ١‏
‎b o i o‏ آنية تحاسية ‎brassware‏
‎brassy (adj.) o~ breadihways (adv.)‏
بالعرض ‎dhwise (adv.) Jor‏ | مريلة-طفل مزعج-منذر 0 ‎bratn)‏
‏| تبجع تظاهر بالشجاعة ‏ (م) ‎bravado‏
‏يقطع ‎K.‏ سنقص . يخالف- شجاع. أنيز . يتحدى-يتجرا ‎brave(adjv)‏
‎S‏ . نافذة . ‎i‏ فترة راحة"	al-shamil-dictionary
81	"break away ‏بهرب. يتملص‎ ١ breast(van)
__bulk ‏يواجه . يقاوم -صدر. تدى . مقدم الشى+ يفرع شحنة‎
__down ‏يتلم إلى يهدم‎ | 1o make aclean breast of
—Jaith ‏يعترف بكل شىء ينقض العهد‎
_forth ‏يزغ. يندنع. يظهر‎ | breastbone (n.) ‏عظم النقص‎
_in ‏يخضع . يقاطع‎ | breastpin(n.) - ‏دبوس صدر. بروش‎
__loose iy | breastplate (n.) ‏طوق الصدر . درع الصدر‎
__the news ‏يلم الخبر تدريجيا‎ | breastwork () ‏متراس‎
‎__of day. dawn ‏طلوع النهار‎ | breath (n) ‏تنفس .نفس . نسمة . همس . روح‎
‏ينهى. يفصل ل‎ | abreathof air ‏السمة‎
‎— wind ‏أخرج ريح‎ | outof breath ‏لاهث‎ . il ‏مقطرع‎
‎breakable (adj.) ‏قابل للكر‎ | breathe (1) ‏يتنفس . يحي . يسترد أنقاسه‎
breakage (n ) ‏كر‎ | tobreathe one’s last ‏الأخير‎ i ‏يلفظ‎
‎breakaway (n.adj) ‏انفصال عن . متفصل‎ | 50200163 adf) ‏مقطرع النفس .نيت لاهث‎
breakdown (n.) bred past, p.p of breed ‏مهذب‎

كفل . ردف . مؤخرة البندقية ‎breech (n.)‏ اتبيار عصبى أو جدى-تعطل

ينطلون نصير الركرب الحيل) ‎breeches (n.)‏ لآل عن العمل)

) 0 رما قم ‎breakfast (n.v,)‏
لنبات) :نسل . ذرية خطر إلى أبعد >4 ‎breakneck (adj)‏
تربية. تهذيب )( .د عالت ع ‎breakout (n)‏
‎breakthrough (n.) breeze (n.v.)‏

يسر . سهولة , إشاعة . مشاجرة- يهب اختراق لحصون العدو-تقدم

النسيم . ينطلق بسرعة مفاجئ فى المعركة

بابتهاح. بمرح ‎breczily (adv.)‏ | رصيف لجل ‎=S‏ الأبراع ‎breakwater (n.)‏
مرح ‎pg‏ .كثير النسمات ‎breery (adi)‏ | أبرافيس (سمك تهرى) 0 ‎bream (n.)‏"	al-shamil-dictionary
82	"brethren )8( 0 ‏اخوة-أشقاء. إخوان‎ | bridal (adin) ‏زواجي . زيجى . زفاف‎ . S0
the Muslim __ ‏الإخوان المسلمين‎ __money ‏مهر‎
‎breve (n.) bride (n.) ‏عروس . عروسة‎
G5 ‏ترضع‎ M ‏القصرة: علاسة‎ | bridecake (n) o ‏كمكة‎
‏حرف علة دلالة على أنه غير ممدود‎ bridegroom (n.) ‏عريس‎
‎5:6061 (1) ‏البراءة الفخرية-برقع فخريا‎ | Dridwell(n) ‏إصلاحية‎
‎breviary ‏مرجز .كاب صلوات  (ة)‎ | 0886 (M)
breviped (n.adj.) ‏قنطرة . جسر . كويرى . يقيم كوبرى‎
‏اجر طائر قصير الرجلين. قصير الرجلين‎
brevipennate ‏ززفة)‎ bkt ‏سير‎ | 0 (M) ‏لجام-يلجم. يكبح‎
brevity (n.) ‏إيجار. تمر‎ | 0900018
0:20 (1) o ‏يخم ر-شراب‎ S ‏طريق لراكبى الخيل والمشاة يحدث.‎
brewage (1) i 2. i ‏سل‎
‎brewer () 21 ‏امكايد أو‎ i 1) ‏موجز . مذكرة . خلاصة-أمر اقضائي صانم‎
brewery (n.) 1 ‏رسالة بابوية-بوجز . بلخص‎ .
brewhouse (n.) ‏معمل البيرا‎ | briefcase (n.)
bbe(vR) 0 ‏محفظة جلدية النقل الأوراق والوثاق) يوشو يرشى-رشوة‎
bribee (n.) ‏المرنشى: آخذ الرشوة‎ | Brier(n) ‏عليق . ورد برى‎
briber (1) 0 ‏سفينة شراعية بصارين جمر- سجن 998081 | الراشى: مقدم الرشوة‎
bribery () ‏مف | رمن‎
bric-abrac (n) il ‏فرفة جنود. لواء-بشكل لواه. ينظم نحف قديمة‎
brick (n.adj.v.) b’fga‘fi"" (n.) }u ‏قائد لوا‎
‏طوب.ترنيد‎ s | 0800 gl n)
‏قاطع الطريق أ السبيل .لص (08 28388 | تربيدىدينى بالطوب‎
brickbat (n.) brigandage (n.) ‏غزو-نهب . قطع الطرق‎
‏جزء من طوبة. دقشومة. نقد لاقع‎ | DIBENOINE () 2
brick-kiln (n.) ‏قمينة طوب‎ brigandry (n.) ‏قطع الطريق أو السبيل‎
brickle (adj.) ‏مركب شراعى بصاريين )1( 0508300008 | سريع الانكسار‎"	al-shamil-dictionary
83	"يظهر . يكشف . يخرج ‎bright (adj.adv.) _out‏
يستميل . يجتذب 0# | ساطع .مشرقدزاة. ميته .صاف
يشفى . ينعش . ينب ‎round‏ — على نحو نير
يرى ‎up‏ | . يسطع. يشرق ‎brighten (n.)‏
ملوحة ‎brininess (n.)‏ | بهاء. بلمعان. بإضاءة  ‎brightly (adv.)‏
حافة. حرف . )( ‎brink‏ | لمان . بهاء. ذكاء ‎brightness (n.)‏
مالح . البحر ‎briny (adj.n.)‏ | مرض البول الزلالى ‎Bright's discase (n.)‏
اندفاع .حيوية ‎brio (n)‏ | البزيل: سمك أوددبى ‎brill (n.)‏
سس قم ‎O‏ | تاو عي 1 ‎(n)‏ ممستاه
نشيط . خحفيف . سريع الحركة. قوى )( ‎brilliancy‏

النهكة-ينشط . يبعش ‎brilliant (adj.n.)‏
الحم صدر الحيوان. صدر الحيوان )1( ‎brisket‏ | متألق . باسم-متألق - متقد الذكاء

brilliantine (n.) .y ‏قاش قل 6 أر‎ | bristle (n.v.)

الهلب. شعر خحشن كشمر الخنزير- مستحضر لتلميع الشعر

ينتصب بخشونة . يزرد بالهلب حرف . حانة يزع يطقع ‏ (رم) ‎brim‏
‎o‏ الشعر ‎(adj.)‏ بيبا ‎g i‏ سا[ رهم ااقستط
ررق مقرى صقيل ‎brimming (adj.) bristol (n.)‏
إنجلترا. بريطانيا ‎Britain‏ | معدن الكبريت ).( ‎brimstone‏
‏اللغة البريطانية  ‎b, | BritishEnglish(n)‏ مخطط } ‎brinded (adj.)‏
هش . سريع الانكسار. زائل ‎brindled (adj.) brittle (ad)‏
هشاشة. سرعة الانكسار ‎brittleness (n.)‏ | محلول ملحى .ميا الدموع . ‎brine (n.v.)‏
‎ol 3‏ . إيزيم . قية كنيسة . ‎broach (n.v.)‏ ينقع أو يشيع بماء شديد الملوحة

بروش .دبرس للزينة-يثقب. يدأ يجلب . يحضر . يجبر . يحمل ‎bring (v.)‏

-- 100102 back ‏م1‎ live ‏يفتح‎ i
‏عله الله من بعد الموت‎ | broad (adi)  ضيرع. ‏فسيح . واسع‎
__forth ‏يحدث. شر.يبب‎ | classification ‏تصنيف واسع‎
__forward ‏يقدم دليلاً‎ g | sheer ‏تصنيف واسع‎"	al-shamil-dictionary
84	"_term LU ‏ورقة منفصلة‎ | bronzed (adj)
broadeast (vm.adj) ‏منحس . محمر بحرارة الشمس ينشر . يذبع -إذاعة‎
‏الصرت. برنامج إناعى . راسع الانتشار‎ brood (n.v.)  راغص‎ . ‏نوع . فصيلة . تسل‎
broadeloth (n.) ‏الطيور- يتامل . يتفكر . يفقس اللي قماش جرخ‎
broaden (v.) ‏بوسع. يعرض‎ | brooder Al ‏مفرخة (صناعية).‎
broad-minded (adj.) ‏واسع أفق التفكير‎ | brook (n.v.)
brocade (n.v.} ‏غدير . جدول ماء. يتحمل . يطيق قماش مقصب أر مطرز.‎
‏استبرق- يقصب.يطرز‎ ١ prooklet )
‏انو‎ (vn) ‏جدول ماء صغير .ساقي صغيرة يسخن. بشوى.يتشاجر- شراهد شجار‎
000018 () ‏مشواة.الشراء. نهار نائظ.الشاغب‎ | s
broke past of break P I s
brokenppofbreak ‏سريت‎ o
o ‏قاس بل الصحة ملي‎ | e ) ‏اطن‎ e
_hearted  رطاخلا ‏اع . صديق حميم . مراطن + مكتشب .مكسور‎
broker (n.) ‏راهب . رفاق السلاح اسمار. وسيط‎
brokerage (n.) 1 . s ‏أخوة إخاء.رهية | (8) مسي‎
brokage (n.) ‏عمولة.سمسرة‎ | establishaboundof . sT
bronchial (adj.) ‏مخض بالشعب‎ , ez | 101061012
__asthma ‏أرمة ربوية شعبية‎ <Y ‏آخر الزرج أر الزرجة. زرج‎
bronchitis (n.) brotherly (adjadv.)  اًيوخأ‎ . ‏أخوى‎
‏النهاب الشعب الهوئية‎ gy | 000800 0880 01 0808 ‏أحضر . جلب‎
broncholith (n.) —Jorward ‏تابع ما قبله‎
‏حاجب العين. جبين. ملابح 9009081 | وجود حصوة بالشعب الهوانية‎
bronchorthagia (n.) 10 knitoné's brows o ‏يقطب‎
‎g ‏أحمر داكن .بنى )@( 0090 | نزيف بالشب‎
bronze (n.) s  .ةرشبلا ‏أسمر‎
‏بررنز. مزيج من النحاس والقصدير‎ brownie (n.) ‏اجن . خبال رهمى‎"	al-shamil-dictionary
85	"بهيمة. وحش . شرس . وحشى ‎(madi)‏ 89018 | ضارب إلى السمرة-مسمر ‎brownish (adj.)‏
بهيمى . وحشى . ‎iyl‏ (.24) 0011550 | مرعى . أعشاب. يرعى .يكلا ‎browse (n.v.)‏
علم ‎bryology (n.) eJ\f-U‘‏ | قراءة امتطلاعية ‎browsing reading (n.)‏
‎BSc.""bachelor of Science” ’‏ | لل ‎bruin (n.)‏
بكالوريورس علوم ‎bruise (adj.)‏
صني ولد صغيرا لا فلا | ‎iy‏ خدش (للإحساس أو الشعور)
خمر من نوع البيرة ‎b‏ بخدث
بقلولة . فقاعة ماء . خدعة . ‎o tﬂ.fﬂ#v‘# bubbel (n.v.)‏
غرور. يغعلى. ييفبى. يفرغر. يخدع رن ‎(adi)‏ لم
‎ading‏ جم زوين | سحة. حجر أ مدقة للسحن )5001580
مكار مخادع . ‎G‏ فوار ‎bruit (n.v.)‏
فقاعى. فوار. شامبانيا ‎by (adin)‏ ضوضاء. لفط إشاعة- ينشر إشاعة
لم وجني «متعلق بالوجنة؛ ‎buceal (adi)‏ رجل أسمر. أسمر ‎brunet (n.adj.)‏
‎i | buccaneer (n)‏ سمراء ‎brunette (adj.)‏
قرصان-مغامرة فى السياسة أو التجارة صدمة. خبطة , لطمة ‎brunt (n.)‏
‎(i35 | buck (mv.) b‏ شعر ‎oo‏ (000) 5090
شاب طائش- يشب (الفسرس). يقارم منارشة يستخدم فرشاة. يس
‎brushing (n.) bucket (n.v.)‏
جردل. دلو-برقع أو يحمل بذلو. يدقع ‎S‏ تنفيض . تنظيف بالفرشاة
) نمع :تلن | أغصان مقطرعة (م) ‎brushwood‏
‏مقعد لشخص واحد (يطرى كثير الشعر. خشن (زفه) ‎brushy‏
‏الام ويستعمل فى الراك عي سرع ‎brusque (adj.)} B‏
متعاجب بنفه .مندقع ‎brusk (adj.) buckish (adi)‏
ابزيم يشد بالأبزيم  ‎ke | buckle (nv)‏ رحشى . غير عاقل (.641) ‎brutal‏
‏درقة. ترس . يحمى . يداقع عن ‎١ buckler (. V)‏ بهيمية. وحشية ‎brutality (n.)‏
‎brualize (v.)‏
يعامل بوحشية. بتوحش , يصبع كالرحش"	al-shamil-dictionary
86	"ملطوم . ملكوم. مصدرم ‎buckram (n.) buffeted (adj.)‏
امهرج . الضحك ‎buffoon (n.)‏ | مشمع.قماش خشن للشبطين
هزال . مزاج . تهريج ‏ )1( ‎١ buffoonery‏ ونيد الكتب
بقة. بق . حشرة-يقل . يزعج . ‎bug (ny.)‏ | منشار يدرى ‎bucksaw (n.)‏
شخص مخبول بقشيش . مجانى  ‎buckshee (n.adj.)‏
‎bugaboo (n.) 1‏ | سن ثاكة (من ‎bl‏ القم) (ثم) ‎bucktooth‏
‎bugbear (n.)‏ | ديفى . رعرى- فلاح .راعى ‎bucolic (adj.n.)‏
عفريت . شىء مخيف . غول . بعبع ‎bud (n.v.)‏
شخص تافة. اللوطى 0 ‎bugger(n)‏ | برعم شىء أر شخص غير ناج “برعم
لواط ‎١ buggery (n.)‏ البوذية ‎Buddhism (n.)‏
‎budding (adj.n.) buggy (n.adj.)‏
عربة صغيرة رحيدة المقعد يجرها بارر . ناتئ-تفريخ . تبرعم
جواد . ملآن ‎G‏ والحشرات تحرك . تزجزح -يحرك 0 ‎budge (vn)‏
مخبول . ستشفى المجاذيب ‎budget (n.v.) bughouse (adjin.)‏
فير . بوق . ينفخ فى بورق ‎bugle(nv)‏ | ميزانية . جملة . كيس -يضع ميزانية
بواق . ارب النفير ‎bugler (n.)‏ | دفر الميزانية ‎—_book‏
‏حشيشة لسان الثور (.) ‎bugloss‏ | متعلق بالميزانية ات نا
يشيد , يينى -بنية . أسوب  ‎build (nv.)‏ واضع ‎budgeteer (n.) 1 ki‏
بناء. مشيد ‎budgeter (n.) builder (n.)‏
مبنى . عمارة ‎١ building (n.)‏ لون أصفر. جلد ‎buff AN‏
‎built past,p.p of build‏ سترة عسكرية من جلد الجاموس
بصلة ‎١ pulb(n)  خفتتملا.ءون ol‏ لعية الاستغماية ‎blindman's_‏
‏الجزء الأمامى من الصباح جامرس . يربك . يرهب  ‎buffalo (n.v.)‏
الكهربائى. مصباح كهربائى الصاقل . المصد: ‎buffer (n.)‏
متوهج الضياء مخفف الصدمة (فى سيارة أو قطار)
يصلى الشكل .ذر بملات ‎bulbous (adj)‏ | بوفية ‎i‏ مقصف.صفعة.
‎bulbul(n) S‏ المضا سس لا"	al-shamil-dictionary
87	"لا يخترقه الرصاص ‎Bulgar (n.adj.) 1 bulletproof (adj.)‏
مصارعة الثيران ‎Bulgarian (n.adj.) bullfight (n.)‏
عصفور (بصدر احمر). (8) 00115000 ‎١‏ البلغارى: أحد أبناء بلغاريا-بلغاريا
‎gl‏ مرتفع انتفاخ . ورم , بطن البرميل- ‎bulge (mv.)‏
ذكر الضقدع ‎bullfrog (n.)‏ ينتفخ . يتورم
سمك له رأس كبر (8) 0008800 | متفخ . متررم 1 ‎bulgy (adj.)‏
الأحمق. العنيد ‎bulged (adj.)‏
) | ضخامة. حجمجيلة. 0 زتيم) ‎Bulk‏
‏سبيكة (ذهب ‎()t‏ وتان ‎١‏ سالباء غير محزدم ل""
‎g o -‏ ضخامة . حجم كبير 0 ‎bulkiness (n.)‏
‎bullsh (adi) _,..u_;‏ ضخم. حجم كير ‎bulky (adi)‏
- ثور . المضارية «بالبورصة». ‎bull (n.adjv.)‏
غليظ الرقبة قصيرها ‎bulineck (adj.)‏ مشتر بالبورصة. بيان بابوى-
ثور ‎bullock (n.) e‏ شبيه بالثور. ضخم-يتبجع
معتقل مؤقت . زريبة ثيران )1( ‎bulldog (n.adj.) bullpen‏
حلبة مصارعة ‎ol‏ (.0011008)8 | كلب ) كير ‎Ak iy‏
عين الثرر . نقطة الهدف . ‎bull’s - eye (n.)‏ وأرجل قصيرة) فرى جرئ
علامة النبشان ضخم الرأس قصير الشعر
المشاغب. حامى العاهرات. ‎bully (nv.)‏ مسدس قصير الماسورة
يتثمر يخوف. يرهب ‎bulldoze (v.)‏
جدا. إلى حد بعيد. ‎bully (adv.ad))‏ | تراكتور ‎G4‏ الطرق 0 ‎bulldozer (n.)‏
حسن. برافو . عصبجى رصاصة . كرة حديدية . صغيرة ‎bullet (n.)‏
الحم بقر معلب ‎bully beef (n)‏ | ذو رأس مدور. الأحمق )1( ‎bullethead‏
‏نبات الحلفاء . بردى (م) ‎bulrush‏ | بلاغ تقرير رمي )1( ‎bulletin‏
‏سمك بلطى (سمك تيلئ) ‏ )1( ‎bulti‏ نشرة دورية-يعلن بلاغ !
منراس . حصن يحصن  ‎bulletin board (n.) BUIWATK (1.1.) e‏
لوحة البيانات أو البلاغات. لوحة الإعلانات"	al-shamil-dictionary
88	"Bul 86 Bug
bum (nv.adi)  .فدر ‏عجز . الإليتان.‎ | bungalow (m) | ‏بيت هندى. سكن ارضى‎
‏يتسكم -ردئئ‎ e ‏بيت من طابق واحد (ربخاصة فى مرح . طنين-يطن‎
bumble-bee (n.) ‏الريف ار على شاطئ البحر) نحلة كبيرة .ديوز كير‎
bumboat (n.) bunghole ‏فتحة البربيل‎
L | ‏رم عاو‎ i ‏غير‎
‏وبيعها على‎ SN ‏قارب قل‎ | 082 0800( e ‏عمل‎
‏السفن الراسية فى اليناء‎ ung 6 0 ‏حرق . ملفق. عامل غير بارع‎
bummer (adi) ‏كسول. غير مثقن حيبت شاب عاطل أو كسول‎
bunion (n.
bump (v.n.) ‏يضرب . يصدم . يتخبط‎
‏الكيس الزلالى لمفصل إيهام القدم ا‎ A
13 gt ‏صلعة.‎ (i G )
‏قر يم‎ - bunk (V.0) -l ‏يزرد بسرير ميت أر ينام‎
bumper (n.adj.v.) ‏ا كاس مملوء اما‎
e ‏معلف امد‎ s ‏سرير بيت فى قطار أر‎
‏د يارة-فزير جداء يع يملا‎ bunker (vn) et ‏يوق فى‎
LS ١
bumpkin (n.) ‏ا 7 ا‎
‏جرى. عقبة‎
‏2ح لد شخص شديد الحياء لدرجة الارتباك‎
o ١ ‏غرفة محصنة تحت الأرض‎
‏حب‎ (adj.) ‏مغرور. معجبا بنفسه‎ bunko (v.) 1
bumptiousness (n.) 37 ١ bunco ()
bumpy (ads) ‏يفش فى أوراق البانصيب أو ورق اللعب وعر غير مستو‎
508 () ‏أونب - متجاب | نوع من الكمك أو‎
50860 (nw) ‏يضرب الكرة برفق . ينطع - روريم يوون | سنام  نتوه.عنقود. حزمة.‎
bunchy (adj.) ‏.شبك‎ sl ‏مرض يصيب القمح متفخ. كثبر‎
bunco (v.) ‏يخاع. سلب‎ | buning(n) 0 ‏طائر. قماش الرايات‎
buncombe (n.) ‏تبجح . هراء‎ | buoy (nv) ‏عوامة لإنقاذ السفن- يعرم‎
bundle (1) ‏ثبت حزمة . ربطة-بحزم  يريط‎ oty Gl ‏يجعله‎
‎bung (n.v.) ‏سدادة لثقب البرميل-يسد.‎ buoyance (n.) Ui ‏قابلية الطفر فى‎
‏مرح ابتهاج بصرب بقوة‎"	al-shamil-dictionary
89	"يغطس . يقتل ‎buoyant (adj.) burke (1) i Gt‏
خيش لحزم البالات ‎١ burlap n)‏ قابل للطفو. عائم . مرح, مبنهع .بيج
‎burlesque (nadiv.)‏ | بروز. نتوء.عقدة ).1( ‎bursburr‏
‏سخرية . مجون-هزلى- يهزأ من يلرلر -ثبقبق - لرثرة-بقبقة  ‎burble (van)‏
تيل مضحك ‎burlenta(a.)‏ | سمك نهرى ‎burbot (n.)‏
مشوش.صياح ‎burly (adi)‏ | حمل عب-يثقل . يرهق ‎burden (nv)‏
كى .حرق . نبع -يشعل ‏ بحر (8.0) 0000 | مرهق. ثقيل ‎burdensome (adj.)‏
قابل للاشتعال ‎burnable (adj.)‏ | محل الشغل . منضدة للكتابة. ‎bureau (n.)‏
فتيلة امصباح ‎burner (n.)‏ دائرة رسمية
احتراق. اشنفال-ملتهب . مفد ‎buming (n.adj.)‏ | حكومة استبدادية ‎bureaucracy (n.)‏
لمعة. بريق-يصقل . يلمع )( ‎bumish‏ | أنبوبة مدرجة ‎burette (n.)‏
اداة للصفل . جلاء 0 ‎bumisher(n)‏ | يزهر. يبرعم-برعم 080 ‎burgeon‏
‏كبوت . برنس 1 ‎burnoose (n.)‏ | بلدة متمتعة بحكم ذاتى ‎buzgh (n.)‏
‎burnous (n.)‏ | نانب عن مقاطعة (فى ‎burgher (n.) (i3‏
حرق. محترق ‎bumtp.pof bum‏ | > . لص ‎burglar (n.)‏
حمار صغير ‎burro(n,)‏ | سطرى ‎burglarious (adj.)‏
بحر ‎b‏ جحر يتب ‎bumow (mv)‏ | بطر ‎burglarize (v.)‏
أمين صندرق ‎burglary (n.) Jadi | bursar(n.)‏
يتألم . ينفجر. يفجر . ‎burst(vn)‏ | يطو للرقة ‎burgle (v.)‏
يظهر -انفجار . تجارة. مسألة عمدة بلا شيخ يلد (00) ‎burgomaster‏ |
‎Sy‏ يذرف الدمرع 700016075 - | خوذة خفيفة ‎burgonet (n.)‏
يدفن . يخفى ‎UY(V)‏ | عصيدة.هريسة ‎burgoo‏
‏يد ‎burgundy () 16 __ somebody alive‏
ل اله ‎B‏ | مغرب وت ‎el‏ 1(
جيانة. مقبيرة 1 }. ‎¥ing ground‏ دفن . قبر ‎burial (n.)‏
‎s burying place (n.)‏ سس
‎(n) o | B S it‏ فط"	al-shamil-dictionary
90	"اين 88 م
جزار . تاجر اللحوم.  ‎butcher(ny.)‏ | عليقة. يبجيرة.دغل- ‎bush (n.v.)‏
الفاح- يذبح.ينك الدم ظلما يكسر بشجيرات
وحشى .دمرى ‎butcherly (ad).)‏ | مكيال إنجليزى للحبوب- ‎bushel (n.v.)‏
سلخانة. سلخ . ‎butchery (n.)‏ يصلح. بهندم
ذبع المواشى القتل الجماعى . سفك الدماء رجل الغابة ‎Bushman (n.)‏
كبير الخدم . خادم الموائد. الساقى (.8) ‎butler‏ | (سكان جنوب أفريقيا الاصوليون)
دعامة. مسند (.) ‎butment‏ | 6 طريق. لص .رجل أدفال ‎bushranger (n.)‏
اضحوكة . برميل ‎(nv) s‏ 0008 | كثير الاشجار ‎bushy (adj.)‏
هدف. مرمى .غرض . كعب بهمة. بنشاط ‎busily (adv.)‏

البندقية-ينطح . يننا عمل . شغل . حرفة ‎business (n.)‏
زبدة .سمن . مسلى . سلاء ‎butter (mv)‏ | الحاسبات التجارية 0 ‎—computers‏
‏الزبدة- تملق-يدهن بالزبدة. يتملق يعد . يهيئ-مشد (لوسط المرأة) ‎busk (v.n.)‏
الشفيق الاصفر ‎١ butter cup (n.)‏ حذاء قصير. خف ‎buskin (n.)‏
نات (رجل الغراب). عشب ذو زهر أصفر قبلة-يقبل ‎buss (n.v.)‏
فراشة. أبو دقيق () ‎١ butterfly‏ الصدر والرأس . لكمة عنيفة. ‎bust(n.v.)‏
‏عروسة البحر  ‎butterfly 650 (n)‏ | إفلاس-يصيب بالإفلاس. ‎bustle (vn)‏
الزبدة الصناعية ‎butterine (n.)‏ يررض يلكم انهماك . ضرضاء-

‎buttermilk (n.)‏ يضج. ينهمك

‏اللخيص . مخيص اللبن. لبن الخص مشاغب. كثير الحركة والضوضاء )( ‎bustler‏
‎<Y S 0‏ والخمور - ‎buttery (nadj.)‏ | مشغول . مجتهد. نشيط - ‎busy (n.adj.v.)‏
الإليتان. أرداف . عجز  ‎buttocks (mj‏ | ينشغل ب ‎busy , with (v.)‏
زر . دمل . بثرة . يزرر ‎busy body (adj.j button (n.v.)‏
زر كهربائى ‎electeric‏ | فضولى . متدخل فى شئون غيره
حذاء بأزرار ‎button boot (n.)‏ | فضول. انشغال ‎busyness (n.)‏
عررة -زهرة فى عررة السترة ‎bution-hole (mv.)‏ | لمكن . سوى-  ‎but (conj.prep.adv.n.)‏
‎g‏ به من عررة ثوبه . يكرهه فقط . فحسب-استثناء . شرط

‏على الانصات طرف . نهاية . آخر ‏ )( انان 566 با-بالاط"	al-shamil-dictionary
91	"بالدور ‎buttonhook (.) — turn‏
يساعد. يعاون ‎tostand‏ | المزررة. كلابة لتزرير القفازات
جانى . ‎bye (adj.) syl‏ والاحذية. ‎Al‏
‏لوائح تنفيذيه ‎bylaws‏ | مزين بأزرار ‎buttony (adj.)‏
‎bye-bye Gisy‏ | دعامة حائط أو ‎buttress (n.v.) - o‏
غاية خفية . قصد سرى  ‎by-end(n)‏ | يدعم بدعامة
غابر . سالف-الماضى ‎by gone (adjin.)‏ | شبيه بالزبدة -زبدى ‎butyraceous (adj.)‏
لقب. كنية ‎butyric - byname (n.)‏
‎bypass ).(‏ | المادة الدهنية فى اللين 0 ‎buyrin (n.)‏
طريق جانى-يتجنب العقبات. يهمل جذابة , ‎e‏ الجسم (زقة) ‎buxom‏
‎i‏ أر محصول ثانوى ‎by product (n.)‏ | بنشاط . بحبوية ‎buxomly (adv.)‏
زريبة «للأبقار؟ ‎byre(n)‏ | يشترى . يفتدى. برشو ‎buy (v.)‏
مشاهد. متفرج ‎bystander (n.)‏ | برشى. يرشر ‎fo___over‏
‏شارع فرعى () ‎bystreet‏ | يشترى الحصول.يشترى | © 0
على فكرة. قبل أن أنسى 4 ‎e‏ ,لإنا-08-ز | صفقة راحدة. يحتكر
‎by the way ٍٍ‏ | المشترى. وكيل المشتريات 0 ‎buyer(n)‏
‏ملك وعر. عطفة. ‎buzz___ing (n.) byway (n.)‏
8 مقطوعة طنين. زن . درى. إشاعة
قول مأثور . مثل ‎byword (n)‏ | يطن . يدرى. ينشر. يهمس 0 ‎buzz(v.)‏
‏عمل جانبى .عمل إضافى (.8) 006 نون | الصقر الخراح او الحرام- ‎(n.adj.)‏ 5022850
البنزنطى . بيزنطى ‎Byzantine (madi)‏ ابلة. أحمق
‎church‏ | .بقرب .عند.  ‎by (prepadv.)‏
الكنية اليونانية أو الشرقية بواسطة. بموجب. مضروبا فى-
‎Empire‏ __ على مقربة من . جانًا
المملكة الرومانية الشرقية كلا . أبدا. مطلقًا ‎__no means‏
بعد قليل . قريبًا ‎_and_‏
‏غيًا. على ظهر قلب ‎heart‏ __"	al-shamil-dictionary
92	"70

حبل غير ‎okl‏ (600:)8 | الحرف الثالك من حروف الهجاء ,©
عربجى . حوذى ‎cabman (n.)‏ الإنجليزية. شىء ذا مقام ثالث

ا ‎cabby (n.)‏ | الكعبه. البيت الحرام ‎s‏ المكرمة ‎Caaba (n)‏
تزاحم . ازدحام . زحمة ‎caboodle (n.)‏ | سيارة أجرة.عربة ركوب ‎cab (n.)‏
مطبخ ‎i‏ . ممكن نقله (.8) ‎caboose‏ | يتأمر . يؤلف عصابة سرية- ‎cabal (vn.)‏
الكبريلة:عربة ركوب ‎cabriolet (n)‏ | مكيدة. مؤامرة.عصبة أر جمعية سرية
الشخص واحد والسائق متآمر. مؤامر ‎caballer (n.)‏
موقف مركبات ‎(n.)‏ 8-1800 | الملهى . حانة . فتدق صفير  ‎cabaret (n.)‏
شجرة الكاكار. الكاكار  ‎cacao(n)‏ | يختلس عند تفصيل ‎cabbage (v.n.) -l‏
زبدة الكاكار ‎butter‏ | كرنب (ملقفرف)
مخبا (للمؤن والذخيرة)  ‎cache(n)‏ | قمرة. حجرة فى سفيئنة . كرخ ‎cabin (n)‏
طابع أو صفة ‎cachet(n.) (o3¢‏ حجرة . خزانة . مجلس ‎cabinet (n.adj.)‏
ضعف ‎cachexy (n.) 1 L‏ | الوزارة- رسمى . وزارى

__file ‏برد خثب‎ | cachexia(n.)
cabinetmark (n.) cachinnation  yag. b ‏ضحكة‎
‏المربيليا . نجار الاثاث الفاخر‎ | cachou )8.( ‏حبوب لتعطير الفم وترطيه‎
cabinetminister (n.) ‏دلة (بلا رزارة)‎ 5y | cackle () ¥ ‏صوت الدجاج آر‎
cabinetwork (n.)  رخاف ‏فرق- يثرئر موبيليا . أثاث‎
cable (n.v.) . ‏حبل . مرسة. قلس‎ | cacoethes () ‏قرحة خبيثة . عادة رديثة‎
- ‏تلغرافى بحرى. برفية (تلغراف)‎ | cacogastric (adj) ‏مصاب بسوء الهضم‎
‏يبرق. يرسل تلغراف‎ cacography (n.) ‏رداءة التهجئة أر المقط‎
_—_railway ‏سكة الحديد المعلقة‎ | cacolel  )ليخلا ‏نقالة الجرحى (على‎
cablegram (n.) ‏تلغراف‎ | cacology (1)  ظفللا ‏سوء استعمال‎"	al-shamil-dictionary
93	"مادة الكافين فى البن ‎caffeine‏ | بذور نيات ‎cacoon (n.) Glse‏
ففطان ‎caftan (n.)‏ | عدم توافق النغمات. (.8) ‎cacophony‏

قفص-يضع فى قفص ‎cage(n)‏ | تنافر الاصرات
طبر محبوس فى قفص (.8) ‎cageling‏ | سوء النغذية ‎cacotrophia (n.)‏
مذكرة. دفتر. تقرير ‎١ cahier (n.)‏ جنس الصبير (التين الشركى) ‎cactus (n.)‏
قابيل (الولد الاول لآم وحواء) ‎Cain(n)‏ | إنسان ساقل . الندل ‎cad (n.)‏
كوم حجارة على قبر ‎(n)‏ :لقع | متعلق باحة الأملاك ‎cadastral (adj.)‏
القاهرة ‎Cairo(n)‏ | جيفة. جثة.رمة ‎cadaver (n.)‏
آلة لرفع السفن . عربة الزخيرة (.8) ‎caisson‏ | جيفى. شاحب الوذ كاليت ‎cadaverous (adj.)‏
رذيل . دنىء ‎Jile | caitiff (adjn.)‏ حقير ‎caddish (adj.)‏
يتملق . يداهن ‎cajole(v.)‏ | علبة صغيرة (للشاى رغيره) ‎caddy (n.)‏
كعكة. قرص-يحشو. يكسو (.8.7) 628 | برميل. مهر. أو حمل أليف 0 (6806)8
يفرر بقصب ‎G‏ يتفوق ‎rorake‏ | هدية ‎cadeau (n.)‏
قرعة . يقطيئة ‎calabash (n.)‏ | تلحين. إيقاع النغم ذا ‎cadence (n.)‏
‎cadency (n.) calaboose (n.) e‏
حجر التوتيا. كربونات الزنك (.8) ‎calamine‏ | تلميذ عسكرى .الابن الأصغر ‎cadet (n.)‏
نحس . مشؤوم  ‎calamitous (adj)‏ | يتطفل . يسول ‎cadge (v.)‏
مصية . ,25 كارثة . فاجمة ‎calamity (n.)‏ | متطفل. سول ‎cadger (v.)‏
يصاب بمصيية ___ ‎10beaflicted with‏ | قاضى شرعى ‎cadi,Kadi (n.)‏
قبعة نسائية تطوى على ‎ocalash L‏ | ملاك. نظام. كادر. برواز 0 ‎cadre (n)‏
عربة ‎s‏ متخفضة نات غطاء يطرى شعار مهنة الطب ‎caduceus‏
‏عظم العقب . كعب  ‎calcaneum (n)‏ | شيخوخة . سرعة الزوال ‏ (.8) ‎caducity‏
‏جيرى. كلى ‎calcareous (adj.)‏ | سريع الزوال . متساقط ‎caducous (adj.)‏
فى شكل الحذاء . تعلى ‎calceiform (adj.)‏ | المصران الأعور )( ‎caecum, sing, caeca‏
طباشيرى أو ‎calciform (adj) IS‏ | الفيصر ‎Caesar (n.)‏
يكلس . يحول إلى كلس ‎cafe” (n.) B | culcify (v)‏
مطعم بلا خدم ‎(n.)‏ غ461"	al-shamil-dictionary
94	"الخليفة. خليفة ‎calcimine (v.n.) caliph (n.)‏
الخلفاء الراشدون ‎١ the rightly‏ ببيض . طلاء للحوائط ‎ity‏
‏الألعاب الجمبازية  ‎calisthenics (n.)‏ | يحمص. ينشف ار يجنف («) ‎calcine‏
‏قلافة . حشو ما بين الواح ‎١ calk(ny)‏ بالحرارة . يكلس
السفينة بالكتان والقار-يلقف .يد معدن الكالسيوم ‎calcium (n.)‏
الشقوق فى السفيئة يحب . يعد . يحصى ‎calculate (v.)‏
ثداء . طلب . دعوة . مخابرة  ‎call(vn)‏ | حساب. عد. إحصاء ‏ (.8) ‎calculation‏
‏تليفرنية .زيارة-ينادى. يستدعى. يطلب حاصب .آلة حاسبة ).( ‎calculator‏
‎the call of Allah‏ 10 | مصاب بالحصوة البولية. حصرى (.ز4ة) ‎calculous‏
‏الدعوة إلى سبيل الله حصاة ‎iy‏ حاب ‎calculus (n.)‏
الآذان ‎the _ 10 prayer‏ | حاب التفاضل  ‎differential‏
‏يزور . يعرج إلى ‎__araplace‏ | حاب التكامل ___ ‎integral‏
‏يلفت نظره. يلفت إلى.. 10 ‎_attention‏ | قزان .دست . قدر ‎caldron (n.)‏
يتذكر . ينقض . يسترجع ‎calefacient (adj.) ol | _back‏
يستتجد. يتصرخ ‎omupen‏ | تسخين ‎calefaction (n.)‏
يطلب . يستدعى للخدمة ‎١ __out‏ موقد صغير ‎calefastor (n.)‏
يقرأ بصوت عال ‎—over‏ | يسخن ‎calefy (v.)‏
‎1o __the prayer O3y‏ نتيجة . تقديم. لائحة ‎calendar (n.)‏
حرفة . مهنة . صفة . دعوة  ‎calling(n)‏ | مصقلة. مكبس لطى القماش ‎calender (nv.)‏
رياضة ‎١ callisthenics (n.) G‏ أر صقله-يصقل القماش
ورم ‎ocallosity (n) i sdls‏ | سمانة الرجل.عجل ‎calf (n.)‏
صلب . خشن. عديم  ‎callous (adj)‏ | كوارع . أرجل العجل ‎calf's - foot(n)‏
الإحساس أو التائر. قاسى القلب اتساع ماسورة المدنع(.6) ‎caliber, calibre‏
تصلب الجند. غلظة القلب )( ‎callouness‏ | أو البندفية. قطر الفرهة
قسرة القلب بفنة . خام ‎calico (n.)‏
مترف. أملط . عديم الخيرة ‎Callow (adj.)‏ | علم الخط ‎caligraphy, calligraphy (n.)‏
هادىء. هدوه. يهدئ. يسكن (-88[.0-7) 8001© | أداة لقياس سمك الشىء  ‎calipers (n.)‏"	al-shamil-dictionary
95	"حرياء ‎cameleon(n.)‏ | هدوء.سكون ‎calmness (n.)‏
زرافة . (حيوان ‎camelopard (n.) (S‏ | زثبى حلو . الكالوميل ١مسهل؛‏ (.8) ‎calomel‏
‏جوهرة أو صرفة عليها نقوش )( ‎cameo‏ | -حرارى ‎caloric (n.adj.)‏
آلة التصوير الشمسى . غرفة ‎camera (n)‏ | وحدة حرارية (كالورى). + ‎calorie (n.)‏
أفحران. بابونج ‎camomile (n.)‏ | سعر. وحدة حرارية } ‎calory (n.)‏
الاستخفاء . تعمية- ‎camouflage (n.v.)‏ | مسخن. مولد للحرارة (.ز24) ‎calorifacient‏
‏يخدع . يمره ‎calorify (v.) et‏
معسكر. مخيم . يعسكر.  ‎camp(nn)‏ | ساق الحمام. (نيات) كالربا 1.0( ‎calumba‏
‏يقيم. خيمة ‎iy‏ (غليون) طويلة ‎calumet (n.)‏
صرير يمكن طيه ‎capmbed‏ | يفترى على. بشو ‎calumniate (v.)‏

كرسى يمكن طيه ‎camp chair‏ | سمعته (بالانتراء). بهت
حملة . غزوة . غارة 0 ‎campaign (n)‏ | غام. واش. مفتر ‎caluminator (n.)‏
برج اجراس ‎campanile (n.)‏ | افراء. وشاية. ثميمة. إنك. بهتان ‎calumny (n.)‏
علم دق الاجراس ‎campanology (n.)‏ | 2 بالعيمة ‎about with calumnies‏ 0ع 10
‎o‏ كبير ‎campanone (n.)‏ | صورة الصلرب.جبل الجماجم ‎calvary (n.)‏
مختص بالحقول  ‎campestral (adi)‏ | تلد . تلد البقرة عجلاً ‎calve (v.)‏
وزراعتها . حقلى مذهب نصرانى ‎Calvinism‏
‏كافور ‎camphor (n)‏ | صلم ‎calvities (n.)‏
علبة صفيح . فدح . إناء- ‏ (80)80© | جبر.كلس.ما تخلف من ‎calx(n)‏
‏ترعة . قناة-يشى قناة ‎canal(nv)‏ | برعوم. كأس الزهرة. قتب  ‎calyx(n)‏
‏قناة اللويس ‎Suez Canal‏ 108 | صراف. سمسار سندات مالية ‎cambist(n.)‏
‏قصة ار خبر مبالغ ف بقصد التأثير ‎canard (n)‏ | بانيستة. قماش رفيع . كمبريت  ‎cambric(n)‏
‏الكتارى .عصفور كتارى. ‎canary (n)‏ | حضر. أتى  ‎came pastof come (v.)‏
الواشى . اللون الأصفر الفاتح بعير . جمل ‎camel (n.)‏
رفصة فرنسية ‎cancan (n)‏ | الإبل ‎camels‏
‏يطل . يلغى . ينسخ . يحذف )1( ‎cancel‏ | جمال ‎cameleer (n.)‏"	al-shamil-dictionary
96	"كرسى خيرزان ‎cancellate (adj.)  كبشم.ىجتفسا | _ chiar‏
قصب ‎sugar _ St‏ | إيطال. إلغاء. فسخ . حذف ‎cancellation (n.)‏
‎١ camella (n.) Gy‏ سرطان بحرى.سرطان ‎Cancer (n.)‏
معصرة القصب ‎cume-mile (n)‏ | لمرض ‎gt‏ الفلك
مصاصة ‎canetrash(n) sl‏ | يتحول إلى سرطان 0 ‎cancerate (v.)‏
أاشيب. شائب ‎canescent (adj.)‏ | سرطانى ‎cancerous (adj.)‏
كوكب الشعر البمانية (فلك) ‎canicula(n.)‏ | نجفة. ثريا . شمعدان كبير )1( ‎candelabrum‏
‏يختص ب أر ‎candent , candescent (adj.) canicular (n.) i‏
بطلوع نجم الشعر اليمانية شديد الحرارة أو الثور. بتوهج
‎canine (adj) S‏ | مخلمن. صادق. صريح ‎candid (adj)‏
ناب ‎—tooth‏ | ترشيع باب[ ‎candidacy (n.)‏
أثياب ‎candidature (n.) canines (n.)‏
علبة. حقة ‎canister (n.)‏ طالب . متقدم . مرشح )1( ‎for‏ , 020010316
شيب الشعر )1( 65ثائة؟ | باستقامة. بإخلاص . بصراحة ‎candidly (adv.)‏
آفة زراعية. تآكل . تسوس . (8.0) 98062 | استقامة. إخلاص . صدق )1( ‎candidness‏
‏قرحة ‎Ul‏ ) الفم بخاصة)- مربى . حلوي-سكر  ‎candied (nadj)‏
‎i‏ لسان حلو. مصول ‎__tongue‏
‏متآكل )0( 00005 | زيمة .يتحص اليف 15( )( ‎candle‏
‏نبات القنب )( ‎S0‏ | ال ا
معلب فى علب صفيح ‎canned (adj)‏ | - "" .
الاطعمة ‎goods = L‏ __ شمعدان ).( ‎candlestick‏
‎g‏ لحوم البشر ) | صراحة.صدق 1 ‎candor (n.)‏
مدفع . حكمة . قصية 0 ‎candous (n.) 00000 (nv,)‏
قائسة الفرس- يطلق النار من حلوى. سكر. يحلى 0 ‎candy (nv)‏
‎e‏ يسجل إصابة ) البلياردر) غزل البنات (حلوى) __ ‎cotton‏
‏لا يؤثر فيه المدفع ‎proof‏ | سكر ‎sugar __ S‏
‎cannonade (n v.)‏ | عصا. عصاية. قصبة. ‎cane (n.v.)‏
إطلاق المدفع-بطلق المدفع خبرزانة. قصب الكر-يضرب بمما"	al-shamil-dictionary
97	"Can 95 Cap,
‏عسكرى المدفع .مدفمجى الست‎ ١ canto (n) ‏قصيدة أو قطعة منها‎
cannonier (1) canton (nv.)  -ةعطاقم‎ . ‏ولاية . إقليم‎
8000018 (n.)  لئاوسلا ‏يقسم . يجزئً انبوب لسحب‎
canny (adj.) ‏شاطر. ماهر. مكار‎ | cantonment (m.) ‏محطة جنود . مضرب‎
canoe (n.) ‏خيام الجنود أثناء السفر 8005 صغير‎
canon (m.) ‏قانون . شريعة . سنة . قاعدة.‎ cantor (n.) ‏مرتل القداس‎

خيش . شرا .صورة.تجليد حش ‎(n)‏ 6287 | محك. معيار
‎ok‏ تخص. نجس .يفحص (810) 6801355 قواعد شرعية. ‎_sofIslam‏
‎M‏ أحكام الشرع الإسلاى
نائب . وكيل . مستدع 0 ‎canvasser(nm)‏ | 1
كاوتشوا ‎s‏ مطاط 0 (م) ‎١ ouchouc‏ قانوذ كني كو ‎—law‏
‏غطاء للراس , طاقية قمة- ) | تانونى. شرعى ‎canonical (adj) sl‏
‎L‏ يقدس الامرات. بيطرب. ‎canonize (v.)‏
يتوج . يتم . يكمل ‎o‏
‏إمكان. مقدرة ‎capability (n.)‏ و ‎e‏ .
‎b i‏ ماهر (زوو) ‎BT bl‏ .سادق (لم) ‎canopy‏
‏ينصب سرادق
واسع . فيح ‎N capacious (adj.)‏
سعة.اضاع ‎B S| ciousness (n)‏ .ريا ميل ماهم
يصير قادر على ‎capacitate (v.)‏ ميل. يتحدر 7""
9 البطيخ الأصفر.
سعة. مقدرة. ‎capacity (1) QS‏ بم لبطيخ الأصفر ‎cantaloupe (n.).‏
الكانتلوب
من الرأس للقدم  ‎cap-d-pie (adv)‏ تتلوب
1 أي لاز شرس ‎cantankerous (adj.)‏
حرملة . رأس. أرضض داخلة فى البحر ‎(n.)‏ 6308
قنطار ‎cantar (n.)‏
رأس الرجاء الصالح ا |
يكب بنط ‎s‏ ققزة )( ‎cantata (n.) A B e‏
‎N‏ ل 0 مغنبة . عاملة ‎cantatrice (n.)‏
أمر قضائى بإلقاء القبض  ‎capias (n.)‏ كان مقا ل ومشريات
ذو شمر ‎capillaceous (adj.)‏ دكان منقل لأكل ومشرربات الجنود ‎canteen (n.)‏
حب .جر مععل (للخب()-بخب ‎canter (nv.)‏
نيج شعرى .آلياف ‎capillament (n.)‏
‎N P‏ الذباب الهندى ‎cantharides (n.)‏
خاصية الجاذبية الشعرية )1( ‎capillarity‏
‏رق كل 8 4100م ‎canticle (n.) T capilary‏"	al-shamil-dictionary
98	"قبعة نسوية. معطف ‎capote (n.)‏ | الجاذبية الشعرية ‎__attraction‏
‏له غطاء ‎oA‏ رئيسى . أصلى . نفيس . (.0.ز0ة) ‎capital‏
‏الطعم لمن يستخدم ‎capper (m\‏ | عظيم-رأس المال. قصبة. كرسى المملكة
لإيقاع شخص آخر فى شرك؟ جريمة تستحت الإعدام. 0 ‎—offence‏
‏مداد. متسل . ذو حوالق ‎capreolate(adi)‏ | جريمة كبرى
حمض الكبريك ‎capric acid (n.)‏ | الحكم بالإعدام ‎__punishment‏
‏هوى . ميل . رسراس ‎caprice (n.)‏ | رأس مال لشركة مساهمة ‎__stock‏
‏متقلب الاطوار. هوائى ‎capricious (adi.)‏ | رأسمالية ‎capitalism (n.)}‏
برج الجدى (فلك)  ‎Capricom (n)‏ | رأسمالى. صاحب مالغزل ‎capitalist (adj.n)‏
فلفل أحمر ‎capsicum (n)‏ | تتريل. تجميع ‎capitalization (n.)‏
""| يقلب. يقلب ‎capsize (v.)‏ | _بمول. يحول إلى رأس مال. ‎capitalize (v.)‏
ملوى . الرحوية . ملرينة 0 (.8) 0805188 | يكتب بحرف كبير
مجرف. نارغ . محفوظ ‎capsular (adi)‏ | خير. حنًا. جين ‎copitally (adv)‏
فى كبسولة ينتهى برأس .ذو رأس  ‎capitate (adj.)‏
غلاف. محفظة. غشاء.كسولة (.8) ‎capsule‏ | جزية. ضريية. خراج  ‎capitation (n)‏
قبطان . فالد. رئيس المركب-يقود (8.6) ‎caplain‏ | ضرية الأعثاق 0# _-
عنوان (المقال). تعليق . إلقاء ‎caption (n.)‏ | دار مجلس النواب. هيكل ‎Capitol (n.)‏
القبض بحكم رسمى الكابيتول فى روما. مبنى البرمان
خصم . عند . مضاد ‎captious (ad).)‏ | يعقد شروط التسليم ‎capitulate (v.) gyt‏
يسبى . يأسر . بقتن .| (.ز4ه) ‎captivate‏ المتحاربين». يذعن
سالب العقل فاتن  ‎(n.)‏ 80079008 | تسليم بشروط . شروط ‎capitulation (n.)‏
مقيد. أسير . معنفل -المفترن (.80[.0) ‎captive‏ | أو معاهدة التسليم
يأسر. يسبى . ينتزع -غنيمة ‎١ capture (v.n.)‏ الامتيارات الأجنبية ‎capitulations (n.)‏
.سلب «فى الشرق؟
راهب كبوشى . برنس  ‎capuchin(m)‏ | ديك مخصى مسمن ‎capon (1) JSW‏
وى يخصى دبك إلخ ‎caponize (v.)‏
سيارة . مركبة . صندوق مخرم  ‎car(n)‏ | نوع من النبغ ‎caporal (n.)‏"	al-shamil-dictionary
99	"علم السرطان 1 ‎carcinology‏ | سلاح نارى ‎carabine (n.)‏
‎cancerology‏ | حلويات .كربلا ‎caramel (n.)‏
سرطان أو ورم ‎carcinoma(n) b‏ | درقة أو غطاء السلحفاة  ‎carapace (n.)‏
تحلل الرطان ‎carcinolysis (n.)‏ | قيراط (عيار الذهب) ‎carat (n.)‏
يحلل الرطان ‎carcinolytic (v.)‏ | عربة للسفر تسحب ‎caravan (n.)‏
سرطانات 1 ‎carcinomas (n.)‏ بسيارة. قافلة. ركب الحج
‎carcinomata )(‏ | نزل ميت القوافل  ‎caravansary (n.)‏
سرطان امعد ‎adenocarcinoma‏ | مركب شراعية كبيرة ‎caravel (n.)‏
سرطان عنتى الرحم ‎cervical carcinoma‏ | كراوية . كمون أرمنى ‎caraway (n.)‏
سرطان المعدة ‎gastric carcinoma‏ | فحم الإضاءة ‎carbide (n.)‏
سرطان ‎mammary carcinoma gl‏ | بندقية قصيرة ‎carbine (n.)‏
يمشط . يرح (الصوف). ‏ (62:0)778 | حامض كربوليك  ‎carbolic-acid (n.)‏
يزود ببطاقة . يدون على بطافة- فحم. كربون ‎carbon (n.)‏
نمشطة الصوف. ررقة لعب. بطافة الماس الأسود ‎carbonado (n.)‏
وشيك الوقوع . محتمل . منتظر ‎s‏ 704/6 | كربونات . يحول إلى ‎carbonate (n.v)‏
كف عن الجهاد. _ ‎his‏ (نا 1/0701 10 كربونات- يشبع بثانى أكيد الكربون
سلم ‎o‏ يحول إلى فحم . يكرين ‎carbonize (v.)‏
نقذ غرضه . أصاب مرماه ‎)l | Playhis s‏ أكسيد ‎carbon monoxide (n) Gy S‏
الجرجير الحلو ‎cardamine (n.)‏ | متفحم . كربونى ‎carbonous (adj.)‏
هال . حب الهال ‎Cardamon (n.)‏ | عقيتى أحمر . ياقوت . جمرى )1( ‎carbuncle‏
‏وصلة 5 ‎cardan joint (n.)‏ | كاربورتير (بالسيارة) 4 ‎carburetor (n.)‏
عمود كردان. عمود (.8) 8088 ‎il | cardan‏ ا ‎carburettor (n.)‏ ‘
الإدارة الخلفية يفحم. مزج بالفحم ‎carburize (v.)‏
كرتون. ورفى مقرى (.[40.20 020000230 | جيفة. جئة. هيكل . بناء متهدم )1( ‎carcass‏
‏كرتونى استتصال السرطان )1( ‎carcinectomy‏
‏فهرس البطاقات ‏ )1( ‎s | Card calalogue‏ للرطان 4 )1( ‎carcinogenic‏
‏(بأسماء الكتب فى مكتبة عامة) } ‎carcerogenic (n.)‏"	al-shamil-dictionary
100	"مهمل . عديم الانتباه  ‎careless (adj.)‏ | بادئة معناها: القلب ‏ -68:010 ‎cardi-or‏
‏بإهمال ‎carelessly (adv.)‏ | متعلى بالقلب (تلى) (80.ز64) ‎cardiac‏
‏إهمال ‎carelessness (n.)‏ علاج القلب
يدلل . يلاطف-تدليل ‎ocaress(vn) L‏ | سكنة قلية ‎_arrest‏
‏ملاطفة رحدة رعاية القلب ‎care unit‏ -
علامة تصحيح مطبعى ‎caret(n)‏ | الم بالقلب.حرقة 1 ‎cardialgia (n.)‏
تدل على كلام مضاف فى القلب ‎cardialgy (n.)‏
أمين . حارس . وكيل  ‎caretaker (n.)‏ | عدم انتظام ضربات القلب ‎cardiataxia (n.)‏
معب بالهموم ‎(adi) iy‏ 8806-8000© | طائرة أمريكى مفرد. معطف (.[0.20) ‎cardial‏
‏حمولة. شحلة ‎١ cargo (n.)‏ نسائى تصير. كرديثال-رئيسى. أصلى
الرئة. وعل شمال أمريكا (.8) 800800 | يزيد ريات ‎cardioaccelerator (n.)‏
صورة مضحكة- - ‎caricature (n.v.)‏ القلب
يصور بشكل مضحك سويتر (مفنوح من ‎cardigan (n.)‏
تسوس أو نخر (العظام) 0 ‎caries (n.)‏ الامام وبدون ياقة). سترة
توس ‎١ carious (ad).)‏ تليف القلب ‎cardio cirrhosis (n.)‏
رافع السيارة ‎car-jack (n.)‏ | مبحث القلب ‎cardiology (n.)‏
محير . غام . مكدر ‎carking (adj.)‏ (دراصة القلب ووظائفه وأمراضه).
راهب من دير الكرمل )1( ‎Carmelite‏ علم القلب والارعية الدموية
بفلطين التهاب القلب ‎carditis (n.)‏
طارد لريح البطن ‎carminative (ad)‏ | عناية .حرص -يهتم ب . يعتتى ب ‎care (nv.)‏
المادة الحمراء فى الدودة. (.8) ‎carmine‏ | ميل . يتمايل . مميل الركب  ‎careen(v.)‏
‏القرمز. اللون القرمزى السيرة . مهنة . تقدم-ينطلق  ‎career (n.v.)‏
سفك الدماء . مذبحة . أشلاه ‎camage (n.)‏ أو يعدو بسرعة
اشهوانى . جدى ‎camal (n)‏ | حريص .حذر ‎careful (adj.)‏
ا شخص شهوانى ‎١ camalist (n.)‏ بحرص . بحذر . بعناية ‎carefully (adv.)‏
شهوانية . جسدية ‎canality (n.)‏ | حرص . حذر. عناية  ‎carefulness (n.)‏
بشهرانية ‎camally (adv))‏ | مهمرم ‎care-laden (adj.)‏"	al-shamil-dictionary
101	"رسغ اليد ‎carpus(n)‏ | لرن بشرة الإنسان. ‎(n.)‏ 2002000
غرف صغيرة للمطالعة الفردية )1( ‎carel‏ وردى فاتح. ترنفلى

المقصورة؟ جمست .حجر كريم ‏ )1( ‎camelian‏
‏عرب مركب . حمولة . ‎(n.) G5,‏ 6051388 كالياقوت. عقيق أحمر
مركبة تجرها أريعة ‎carriage-and-four‏ | عيد المرفع . كرنفال. ‎carnival (n.)‏
شيال. حمال . عثال ‎cartier‏ | حيوان من ‎S‏ اللحوم (5) ‎CAmivore‏
‏الحمام الزاجل ‎__pigeon‏ . نبات يتغذى على الحشرات
مركبة لشخص واحد ‏ (870018)8© | أكل اللحم . جارح ‎camivorous (adj.)‏
رمة . جيفة . جئة - جيفى ‎camion (adj).‏ | خررب ‎carob (n.)‏

عفن نشيد. أغنية. ترتيلة-يغرد, يفنى ‎carol (nv.)‏
‎carotid (adj.) Sy ١ carrot (n) o‏
يرفع . ينقل . يحمل ‎carry (v,)‏ | مادمة.وليمة للشرب والاتبساط ‎carouse (n)‏
يقتل ‏ يعوض عن من _ | نوع من السمك (شبوط)- ‏ (80) 0ق
يخفى خزيه. يتحمل لضيم 087 ينتقد . يدم

بأئفه ‎s‏ مختص بالرسغ- ‎carpal (adj)‏
‎ey‏ يدارم على-يلفت إليه الانظار 080 يتعلق بالمعصم
ينج يتم . يجرى. ينفذ ل _ يغتنم الفرصة. يتمتع بالحاضر ‎carpe diem (v.)‏
ينال بغيته يزوم زم | ميض البانات ‎carpel (n.)‏
يتم . ينفذ . يحقق ‎carpenter (n.) M through‏
كاعر ‎ik‏ البضائع ريم بيو | نجادة . حرفة النجارة 0 ‎carpenty (n)‏
أجرة النقل بالعربة ‎Cantage (n,)‏ | ذمام. منتقد ‎carper (n.)‏
قرطاجة ‎(n)‏ م ونون | باط .سجادة.يقطى 00 ‎carpet(nv)‏
‎i}‏ قديمة فى شمال ‎G‏ بسجادة. يفرش . يربخ
أمسها الفينيقيون بالقرب من مدينة على بساط البحث 0 اك ‎on‏
‏تونس الحالية ودمرها ‎S‏ عام انتفاد . طعن-منتقد  ‎carping (nadj)‏
ييل ‎Lt‏ فرع من علم النبات  ‎carpology (n.)‏

‎v‏ (لبحث الأثمار)"	al-shamil-dictionary
102	"carte-blanche (n.) ‏تفويض مطلى . حرية‎ | Case () ‏فى صندوق . يغطى بغطاء‎ Lo
b ‏مقطوع الرجاء منه .مسألة هدر 8082 0 مطلقة. سلطة‎
cartel (n.)  .ىرسألا ‏غير قابل للإصلاح.ساقط 878678 | اتفاق على تبادل‎
‏انحا المتجين‎ | casein(adi)  نيجلاب ‏مختص‎ s
carter (n.) ‏عريجى . ساق عربة نقل‎ | casemate (n.) ‏ملجا مسقوف فى‎
carthamine (n.) ‏الاستحكامات قرطم (نبات)‎
cartilage (n.) ‏غضروف. قرفوشة‎ | casement (n.) ‏شباك . إفريز - برواز‎
cartilaginous (adj.) ‏غضرونى‎ ١ caseous(adi)  ىنبج‎ . ‏متعلق بالجين‎
cartography (n.) ‏فن رسم الخرائط‎ casern- ¢ (n.) ‏الكنة‎
‎cartomancy )0.( ‏دراهم . نقد -يقبض . يصرف (..8) 2587© | فتح البححث بورق اللعب‎
68000 (n.) ‏علبة كرتون . صندوق كرتونى‎ | __account ‏حساب الصندوق أو اللقود‎
‏ورقية‎ e __book ‏دفتر الصندوق‎
6851000 (n.)  ىزاجيإ ‏رسم تهيدى أر‎ | —Ondelivery  مالتسالا ‏عن‎ g
‏كاريكيترى‎ e __discount ‏خصم نقدى‎
cartouch (n.) ‏خرطوشة. إطار مزخرف‎ | buyfor ‏يشترى نقذ‎
cartridge (n.) ‏ظرف. خرطرشة. فشكة.‎ | in_ ‏نقد‎
‏شريط ملفوف‎ cashier (n.v.) ‏صراف-امين الصندوق-‎
cartwright )8-(  لقنلا ‏يعزل . يطرد من الخدمة العسكرية صناع مركبات‎
carum, caraway (n.) ‏كروياء‎ | cashmere (1) ‏كشمير . قماش صوفى ناعم‎
carve(v.) gk ‏ينحت. ينقش. ينقر.‎ | 605188 (n) ‏غلاف . قراب . فورمة . قالب‎
carven (adj.) ‏منقوش . متحرث‎ | casings (n.) ‏روث المواشى‎
carver (n.)  ةدئام ‏نحات . حفار . سكين‎ | casino (n.) ‏كازينو . ملهى . ملعب‎
caryatid )80( ‏الكرتيد إمثال على شكل‎ | cask(n) © ‏برميل من الخشب‎
‏امرأة يحل محل عامود فى بناء!‎ | casket(n) ‏علبة للجواهر والحلى أو‎
cascade (n.v.) ‏الروائح العطرية . تابوت شلال ماء.سلسل-بجمله قط‎
case )0.( ‏غلاف . حافظة.‎ il ‏صندوق.‎ | casque(n.) ‏خرذة‎
‏حال. حالة. مسألة. قضية. حادث‎ | cassation (n.) ‏نقص . إلغاء . إبطال‎"	al-shamil-dictionary
103	"courtof )8( ‏محكمة النقض والإبرام‎ | castigate (v)  بنؤي‎ . ‏يعنف‎ Sl
cassava(m) 0 ‏نوع من النشاء شجرة‎ | castigation (n) ‏عقاب. تانيب‎
‏(الكاسان)‎ casting (n.) ‏سبك. صب . سبيكة‎
casserole (n.) ‏قدر فخار . حلة . كسرولة‎ | ©5600 (n) ‏ظهر. حديد ظهر‎
cassia (n.) ‏نبات الكائيا . قثاء هندى‎ | castle () ‏قلعة. برج . قصر . معقل‎
cassino (n.) ‏لعبة ورق‎ | castoff (adjin. ‏مهمل . مطرود . المطرود‎
Cassiopia (n.) ‏برج (فى الفلك)‎ | —clothing ‏ثياب بالية قديمة‎
cassock (n.) ‏ثوب الكاهن. دستامية‎ | castor (n.) ‏كلب الماء . قندس‎
cassowary (n.) ‏الشبنم إطائر يشب النعامة‎ | castor-oil (n.) ‏زيت الخررغ‎
‏ولكنه اصغر حجما|‎ castor-sugar (n.) ‏سكر اعم جدًا‎
cast ‏سيكة. قالب. طرحة. لم‎ | castrate (v) ‏يخصى . بطرش‎
‏مرفوض . شكل . نفاية-‎ castration (n.) ‏خصى . تطريش‎
‏يرى. يوزغ‎ | caststeel (1) ‏فولاذ مذاب بصب‎

فى قرالب يبحث .يفكر. يدبر ‎about‏ —
عرضى . فجائى . غير منتظر (./24) ‎casual‏ | منكسر الخاطر. مكتب ‎—down‏
‏أجازة عرضية ‎١ leave (adj.)‏ يطرد - يرفض 1 ‎—off‏
‏مصادفة . اتقاثًا . عرضًا ‎—out casually (adv.)‏
مصادفة .عرض ‎casualness (n.)‏ | صاجات . صحنان (أداة  ‎castanets (n.)‏
كارثة . حادثة . وفاة ‎casualty (n.)‏ مرسيقية) . الصنج
علم حل المشكلات.  ‎casuistry (n)‏ | ضال. شارد. مالك ‎castaway (@djnv)‏

عمل الفتاوى -الضال. المنبوذ-ينبذ . يهجر
سبب الخصام أو النزاع ‎casusbellin)‏ | قبيلة. طائفة . نوع . طبقة ‎caste (n.)‏
قط اهر ‎catfn.)‏ | يفقد مقامه أر اعتباره  ‎tolose _(m)‏
علم السر  ‎the __isout of the bag‏ | محافظ القلمة. أمين القصر ‎castellan (n.)‏
تمطر بغزارة ‎S and dogs‏ 7800 | محاط بأبراج .محصن ‎castellated (ad].)‏
خطأ لغوى. لحن 0 (8) 68086088855 | ‎Sl s‏ صباب , عجلة ‏ )( ‎caster‏
‏فبضان . طرفان . سرصاء . شغب ‎cataclysm (n.)‏ الكرسى أو المائدة"	al-shamil-dictionary
104	"دواء لكل داء. الدواه العام ‎catholicon (n.)‏ | قيور تحت الارض ‎catacombs (n.)‏
الدورة الهرية ‎catkin(n)‏ | سراديب الامرات
السنة: نرم خفيف قصير- ‎catnap (n.v.)‏ | علم أر بحث صدى )1( ‎catacoustics‏
‏يأخذ سلة الاصرات
حجر كريم. عاكسة لاضواء ‎car'seye(n)‏ | تابوت. نش )( ‎catafalque‏
‏المصابيح الأمامية داء السبات . نقطة . تخشب ‎tatalepsy (n.)‏
الكتشاب : صلصة الطماطم ‎catsup(n.)‏ | لائحة. برنامج . قائمة ‎catalogue (nv.)‏
الماشية . الانمام ‎cattle (n.)‏ . فهرس- يفهرس
مربى الماشية . راع ‎catileman (n)‏ | الوسيط الكيميائى . مادة حفازة ‎catalyst(n)‏
‏طاعون الماشية 0 ‎camleplague(n)‏ | يحفز ‎catalyze (v.)‏
مزئر حزبى-يعقد ‎(n.v.)‏ 8008© | امرأة نزاعة إلى المشاحنة ‎catamaran (n.)‏
‎G 2y‏ أو المشاكسة. الطوف.الرمث
ذيل . ذنب ‎cauda (n.)‏ (مركب بيط)
ذيلى . مخخص بالذيل  ‎caudal(adh)‏ | طث.مم الحيض 0 ‎catamenia (n.)‏
بمرك. نمك ‎caughtpp.ofcatch‏ | طملى . حيفى ‎catamenial (adj.)‏
شبكة . طاقية. برقع الجنين  ‎caul(n)‏ | ملوط . مخنث .الأبون: 0 ‎catamite (n.)‏
قرنبيط ‎cauliflower‏ يتخذ لاغراض جنسية شاذة
بي ‎causal (adj)‏ | ضمادة. لبخة. لزقة 0 ‎cataplasm (n.)‏
سبب . فاعلية ‎causation (n.)‏ | شلال. اعتام عدسة العين ‎cataract (n.)‏
‎causative (adv.) [‏ | مك . يقبف على صيد ‎catch (mv.)‏
اسبب .علة. قضية.  ‎ocause,of (nv.)‏ | القسطرة ‎catheter (n.)‏
مرجب -يسبب . يبعث على ‎i‏ سالب فى البطارية ‏ (.8) ‎cathode‏
‏بدون سبب ‎causeless (adj.)‏ الكهربائية
جدول 43 القضايا . الرول (.8) ‎cause Tist‏ | كائوليكى.جامع عمومى . ‎Catholic (adj.)‏
محرق. كار . ساخر- (.0.زفة) ‎caustic‏ حر الفكر
مادة ‎L8‏ المذهب الكاثوليكى ‎Catholicism (n.)‏
مكواة. سعر ‎COUTET(n)‏ | يصيره كالوليكيًا ‎catholicize (v.)‏"	al-shamil-dictionary
105	"عصفور ‎cauterization (n.) ,.-,:_,s cedar bird (n.) 3V‏
(طائر أمريكى) يكرى . يرسم. يعالج بالكى  ‎cauterize (v.)‏
يتنازل عن . يتخلى عن يلم ‎cede(v)‏ | جهاز الكى (فى الطب) ‏ )1( ‎cautery‏
‏علامة توضع نحت حرف © ‎cedilla(n)‏ | احتراس . تحذير-يحذر.  ‎caution (nv.)‏
‎s‏ كالين يرس
سى فاكس «أول خدمة فاكس )( ‎cefax‏ | حذر. محترس ‎cautious (adj.)‏
فى بريطانيا؟ احتراس . حذْر ‎cautiousness (n.)‏
السيية: شجرة أمريكية ‎ceiba(n)‏ | ركاب خيالة ‎cavalier (n.)‏
إسترائية ضخمة فارس. أمبر .هم . بال الحب ‎cavalier (n.)‏
يجمل له ‎iy G‏ 8011© | بتكب . بعظمة . بغطرسة (.07) ‎cavalierly‏
‏سقف ‎ceiling (n.)‏ | فرقة فرسان أو خيالة ‎cavalry (n.)‏
لاحقة معناها ورم ‎—cele‏ | مغارة. كهف . غار ‎cave (n.)‏
المحتفل . المشارك فى ‎celebrant (n.)‏ غار حراء ‎the __ of Hira‏
احتفال دينى . الكاهن الذى إنذار. احتجاج . إعلان تضائى (.8) ‎caveat‏
‏يقرم بالقداس كهف . جب . مغارة كبيرة 0 )1( 629600
يحتفل ب. يقيم قداس. () 66/600216 | زر خلايا. واسع 0 ‎(adj)‏ 680600015
يذيم . يعلن . يمجد كالكيف
الاحتفال. إقامة قداص (:8) ‎celebration‏ نوع من البطارخغ ‎caviar __e(n.)‏
شهرة. شخص مشهور  ‎LS celebrity (n.)‏
اخفة . سرعة ‎celetity (n)‏ | سخرية . هراء-يجادل ‎cavil (n.v.)‏
الكرفس (ثبات) ‎celery(n)‏ | حفرة. تجويف .نقرة ‎cavity (n.)‏
‎L‏ (آلة ‎Celesta(n) (i e‏ | نعيب.ينعب (الغراب) ‎caw (n.v.)‏
فلكى . علوى . سماوى ‎celestial (adf.)‏ | تلفل حار جذا . ‎cayenne pepper (n.)‏
عزربية ‎celibacy (n.)‏ | بطارية ‎battery (n.)‏ ©
أعزب غارب ) ‎celibate fadyn‏ | يكف . ينقطع عن. ينهى ‎ceasc (v.)‏
تقار ابر الطب) ‎celiosc,‏ | دائم .بلا ‎ceaseless {adj.),.;,.@'-zl‏
0< © حجرة صغيرة نقزة ‎cell(n)‏ | شجرة الارز ‎cedar (n.)‏"	al-shamil-dictionary
106	"'جزء من ‎centesimal (adji) B‏ | يخزن فى فب .مخزن ‎cellar (n.) .Gyl‏
بادئة معناها ماثة. جزئ من مأثة _ ‎centi‏ | كمنجة ‎cello (n.) St‏
سنتجراد. مقسم ‎B‏ درجة ‎Centigrade(n)‏ | خلوى , ذو ثقوب وتجاريف ‎cellular(adi)‏
‎Al‏ الحزارى المثوى ‎thermometer‏ — | اسمنت.يلصق-يينى بالأسمنت (0010) 600801
الستيم ‎e /D‏ 8) 0006© | رقيرة. مدقن جيانة )1( ‎cometery‏
‏الفرنك) راهب يسكن ‎o‏ زاقد. ‎cenobite (1) i‏
الستتهمتر ‎N‏ م 00 | .نمب ‎cenotaph(n) skl‏
‎centimetre (n.) .,-.u;,.‏ اللجهول. نصب اقيم تذكارً
آم أربعة وأربعين. ‎centiped, _e (n)‏ لشخص مدفون فى مكان آخر
حرس
و ب الا لاي م ""م
واحد. بو-
5 نحو وس زيم مووي | كد يليم ‎censuce () ¢ iy‏
متباعد عن المركز  ‎centrifugal (adj)‏
او الوسط فى الماثة % _ ‎per‏
‏القوة الطاردة المركزية ‎g,‏ | شر ستل ‎QR i‏ 66010
متقارب أو مائل نحو )( [قائع 4051 لتتطور . التتطى رس (حبوا & ‎centaur (n.)‏
امركز أر الوسط 2 ‎i‏

o 1
centenarian (adi) . ‏القوة امركزية الجاذبة ا ال‎
centenary (adjn) 05 ‏جيلى .مرة كل‎ centuple (n.v.) ,,Q..wm

‎B‏ قرنى -ذكرى مثرية
قائد عسكرى ‎centurion(n)‏ | مترى.قرنى ‎centennial (adj.)‏
رومانى ‎Bl‏ رجل محور . رسط ‎centre (A1)‏ ,060185
جيل .عصر قرن. ماثة عام )1( 8010© | مركز-يركز. بحدد"	al-shamil-dictionary
107	"يظهر الكلفة _ ‎standon‏ | رأسى ‎cephalalgic (adj)  ats.‏
ثابت . متأكد . موقن ‎certain, of (adj.)‏ بالرأس. علاج للصداع
بكل تاكيد. حقًا ‏ («قة) ‎cemainly‏ | رج رأس. مناع. و ‎cephalalgy (n.)‏
صحة. أمر. أمر ثابت . وثوق )1( ‎certainty‏ ألم بالرأس ‎cephalalgia (n.)}‏
‎G‏ بالتاكيد ‎certes (adv.)‏ | رأس . مختص بالرأس  ‎cephalic (adj.)‏
استمارة. شهادة . سند ‎(n.)‏ 6801006816 .دواء لوجع الرأاس

تقرير راس الشكل . بشكل ! ‎cephaloid (adj.)‏
شهادة ‎certification (n.)‏ شمع النحل ‎cerago (n.)‏
مضمون. مصدق عليه ‎certified (ad).)‏ | صناعة الفخار ‎ceramics (n.)‏
يقرر . يشهد ‎certify (v.)‏ | حية قرناء ‎cerastes (n.)‏
صحة . ثقة . تحقى . البقين )1( 060000008 | ‎cerate (n.) e‏
أزرق سمارى ‎cerulean (adj)‏ | مغطى بطبقة شمعية  ‎cerated (adj,)‏
إفراز الاذن. الصملاخ  ‎(n)‏ 66000060 | قمح . حنطة . حب - فمحى ‎cereal (n.adj))‏
أسبيداج . ‎ceruse(n.)‏ | غلال. حبوب ‎cereals (n.)‏
عتقى . مختص بالرقية ‎cervical (adi)‏ | الخيخ ‎cerebellum (n.)‏
الرقبة . العنق . ‎e‏ امرحم )080018 ‎١‏ مختص بالخ .مخض ‎cerebral (adj)‏
التهاب ‎(n) ) s‏ 60605 | الحادث الخى كالتزيف 0068 __
‎M‏ 5 | نشاط العقل . تفكير  ‎cerebration (n.)‏
زوال توتف . ‎cessation (n) i‏ | الخ ‎cerebrum (n.)‏
بالوعة. مرحاض جرب[ ‎cesspit (n.)‏ | مشمع. قماش ‎cerecloth (n,)  gate‏

cerement (n.) ‏قماش التحنيط . كفن‎ | cesspool (n.)

الديدان الشريطية ‎cestoda(n.)‏ | رسمى. متعلق ‎ceremonial (adj.)‏
قفاز الملاكمة (فى روما القديمة) )( 6515© بالرسميات. طفضى
‎cesura,cacsura (n) el s,‏ | صاحب = ‎ceremonious (adj.)‏
تشاكو :سهل منخفض ,)( ‎Chaco‏ متمسك بالرسميات

فى الأرجتيى وباراجواى وبوليفيا حفلة . احتفال . تشريعة. ‎ceremony (n.)‏

وصاحتة ؟ ميل مربع شعائر"	al-shamil-dictionary
108	"كبير أمناء القصر . ‎Grand Lord‏ | عروسة البحر ‎chaetodon (n.)‏
مدل ملسي ‎gk‏ للم
مبولة. مقعدة 0 (.8) :080066-00 | حثالة. قش . تين. مزاح-مارح ‎chaff (nv.)‏
:,| ; شخص تلب )( 08081600 | سارمة-يخارط. يام )1( ‎chaffer‏
‎chamois (n.) -153.”(.’\.\5}!‏ حزن غم-يحزن. يقم  ‎chagrin(nv)‏
‏هر البابونج ‎Cmfm ) 'u_l b chamomile (n.)‏
‎b | o) i o‏ جز -يقيد يلل )1( ‎chain‏
‏يعض على اللجام ‎P‏ | إن مجع ‎sound_ of authority‏
ررب الغبايا )1( ‎chale (n.) S champagne‏
تارس .يطل . ‎champion (1) ot‏ رئيس جلسة أر مجلس . ‎chairman (n.)‏
صدفة. بحت حظا. ‎T ١‏ مجلس الإثارة
. فرضة-يصادف ‎1S‏ خفيفة لشخصين فقط ‎chaise‏
‏مذبح. محراب . هيكل ‎chancel (n)‏ عقيق أبيض ‎chalcedony, calcedony (n.)‏
قاضى قضاة. ‎e‏ )( | شالية.كرخ بسيط 0 ‎Raletln)‏
‏أختام الملك . وزير فى بتان
جلى العداية اد | ‎A0‏ .5 ل
الفرحة الزهرة الصلة ‏ )1( عبموجن ‎١‏ طباشير .حوار. كربونات  ‎challe(mn)‏
‎e‏ الزهرة اللبنة ‏ )( فزوممووون ‎١‏ الكل يكب بالطباشير ‏
شممدان. نجفة 48 )1( ‎chalky {ad) S Chandelier‏
تابر رم مز | تحد.اعتراض-يتحدى. )1( م018
صرافة . ‎i‏ إيدال افكة )( ‎I change‏
‎i‏ .يدل يضرف نسيج من صرف رحرير ‏ )1( ‎challis‏
‎o‏ ا غرفة. حجرة ‎chamber (n.)‏
‎٠ ""‏ مجلس التراب )1( ‎Lower Chamber‏
م "" م عسو مجلس الأعيان )( ‎Upper Chamber‏
= (1684)24ة0808© | 1 حاجب . أمين الخزنة ‎chamberlain‏
‏متلون. متقلب . أبلة ‎changeling (adj.)‏ أو الال"	al-shamil-dictionary
109	"سورة الفاتحة ‎the Opening Chapter‏ | مجرى. قناة. خلج أعدرد ‎channel (n.)‏
يحرق. يفحم-الشبار (سمك) ‎char(vn)‏ | جزر القنال الإنجليزى ‎Channel Islands‏
سجية . طبع . صيت . شخص ‎character‏ | اغنية. ترئيلة. كلمة ‎chanson (n.)‏
فى رواية. مشهور . رقم . إشارة. نوع محفورة فى خاتم
رجل ذر خلق متين ‎amanof o‏ | اغنية. ترتيلة-بغنى . يرتل  ‎chant(nv)‏
‎e‏ مناسب . لائق. فى محل ""ل | ‎e‏ منشد. مرتل . منغم ‏ )1( 8088167
غير مناسب . غير ‎WA Y‏ | يق ‎chanticleer (n.)‏
غير ‎e . 0 e‏ منشدة ‎chantress (n.)‏
صفة خاصة. ‎characteristic (n.adj)‏ | =
© مال رقف . كنيسة صغيرة ‏ )1( ‎chantry‏
‎Rl‏ هرجلة .تشويش . شىء غامض )1( 05ف6
يتصف ب يخختص ب ‎characterize (v.)‏ 8
لفز. احجية ‎chap (n.v.) -qﬁ.;:..,u.“ﬁ charade (n.)‏
قحم خشب .قحم حطب )1( ‎s‏ يصاع بفاق. ‎S‏
‏بنجر. خرشوف ‎i)l‏ | كتيب قصص شعية )1( 008000
‎oy‏ تصل السيف . مقبض الشىء )1( ‎chape‏
‏5 د ل | ‎b‏ مع
عهدة. حفظ ) ‎chapel(n) ot | e‏
حراسة . مهد . رصية . نهمة . لمن كنيسة صغيرة
-يامر. يكلف يميد إلى دولاب .رفع المياة ‎chapelet (n.)‏
‎s‏ يهجم على ينهم مقام. العبد ‎chaperly (n.)‏
فى الوظيفة ‎charge‏ ب | الرصيفة . رفي . قبعة 0 ‎chaperon (n.)‏
يلقى القيض على _ ‎chaplain (n.) o | totakein‏
مسئول عن ‎in__of‏ معبد . مصلى . إكليل للرأس . )1( ‎chaplet‏
‏فى عهدة ‎inthe _of‏ سبحة الصلاة
‎i‏ باعتناء . يتحفظ  ‎charily (adv)‏ | الشابلتى (نسية  ‎chaplinesque (adj.)‏
. باقتصاد إلى الكوميدى شارل شابلن)
حذر . تحفظ . اقتصاد 0 ‎chariness(n)‏ | مشقق. نقشف ‎chappy (adj.)‏
عربة . مركبة ‎chariot (n.)‏ | فصل . سورة. إصحاح — يرب ‎(n.v.)‏ :608916"	al-shamil-dictionary
110	"خندق. هوة. شق ‎chasm (n.)‏ | متمدق. بحن.خيرى ‎charitable (adj.)‏
طاهر النفس ‎chaste(adi) s,‏ | عمل خيرى ‎a_deed‏
‏طاهر. محصن حسنة. صدقة. محبة ‎charity (n.)‏
امرأة عفيفة ‎yoman‏ | مدرسة & )1( ‎charity school‏
يقذف الحصنات ‎1o slander __ women‏ | ضوضاء ‎charivari (n.)‏
يردب يعاتب ‎chagen 1) i,‏ | دجال. مشموذ. مجاص ‏ )1( ‎charlatan‏
‏الطهارة. العفة ‎(n)‏ يجوعزووين | فطيرة من التفاح والسكر ‎charlotte (n)‏
تعنيب.تاديب 0 (م) ومين ‎١‏ لسن
يعذب. يزدب . يعاقب  ‎chastise (v.)‏ رفية . تعويذة. حجاب-  ‎charm (nv.)‏
عقاب بدنى . قصاص )( ‎astisement‏ | ساحر . حارى . فاتن ‎charmer (n.)‏
‎e .‏ رزفه) ‎charming‏
‏العذاب الأكبر _ ‎chamel (n.) i | e mighty‏
عفة. ضبط الشهوات ‏ (8) ‎Chagig‏ | _خريطة. مصور.رسم ‎g‏ أن ‎char(n)‏
‏بطرشيل . حلة كنانسية  ‎chasuble (n.)‏ إيضاحي
حديث. كلام سامرة ‎s‏ ) | لست عقد يرا رخصة - ) ]تفط
(طائر صغير) ‎Ay‏ يرخص له
قصر. سراق . قلعة رم ‎e‏ | 5 تترتى - ‎chartred (adi)‏
فص الخاتم ‎haton(n)‏ | رخصارسي
‎gl‏ . منقولات .هم )1( ‎hatels‏ محاسب قانونى ‎accountant‏ —
الزثرة-يثرئر ‎chattet (n.v.)‏ مقياس الأبعاد على ‎chartometer (n.)‏
كثير الكلام غبارى (ز4م) ‎chatterbon‏ الخريطة
53 . القيل والقال ‏ )( هويعايوين | شرتريز (مشروب خلر) )1( 0505©
سمير . أنيس الحضر ‎|y (adi)‏ أجيرة بالبومية ‎charwoman (n.)‏
سائق السيارة ‎(n) ١‏ مرج رون | حذر .متب مقتصد ‎chary (adj.)‏
‎it‏ من تبغ اللضغ (رجري بييوو ‎١‏ مطاردة. تع -يطارد. يتعقب )1( 60856
سمج جلف 0 ‎chawbncon (n)‏ | مرصع ‏ مزخرف. ‎ke‏ 0481 608800"	al-shamil-dictionary
111	"‎Che‏ 109 فخ
مبتهج . فرحان ‎cheery (adj.)‏ | رخيص .بخس ‎cheap (adj.)‏
اجبن. جبئة ‎Cheese(n)‏ | يتصغر ‎Gl‏ - 10/601
ذبابة الجبن ‎cheese-fly (n)‏ | يقلل الثمن ‎cheapen (v.)‏
جبنى . يشبه الجين فى ‎cheesy (adj.)‏ قلة الثمن . رخص ‎cheapness (n.)‏
الطمم أر الشكل . تافة. رخيص خداع . غش-يخدع يفش ‎cheat(n.v.)‏
‏الطافى .رئيس الطباخين 0 (208508 | ‎cheater (n.) e‏
علم قراءة البخت  ‎cheirosophy (n.)‏ اضبط .مع .كيح -يضيط. ‏ )1( ‎check‏
‏فى الكف .
تشيكا «جهاز ‎up CL < | cheka(n) ol‏
فى ‎el o‏ . ب -
فى الثورة البلشفية؛ حجر الداما. تخطيط-  ‎checker (n.v.)‏
كيبارى ‎chemical (adj.)‏ يرسم مربعات
سم ‎A el‏ اسمس ا ل ا
كيبارى-صيدلى ‏ (صزفة) ‎chemist‏ ذو مريعات ‎checkered (adj.)‏
علم الكيميا . كيمياء ‏ (8 ‎e‏ رن ‎checkers (n.)‏
العلاج بالمتاصر ‎chemotherapy (n.)‏ حيلة-يقهر ‎checkmate (n.v.)‏
الكيميائية نقطة ‎checkpoint (n.) i‏
شبك . تحويل . حوالة ‎chegue (n.)‏ تحص جمائى عام 0 ‎checkup (n)‏
شيك أو تحويل مقبول ‏ - ‎certified‏ خد. رجن . وفاحة ‎cheek (n.)‏
يعزر . يحبى ذكرى . بلاطف ‎cherish (v)‏ عظمة الوجنة ‎__bone‏
‏نوع من السيجار ‎cheeky (adj.) o cheroot (n.)‏
كرز . كريز . فراسيا ‎cherry (n.)‏ هتاف . وليمة-بفرح . يشجع ‎(m.v.)‏ :88
حجر صوانى ‎chert(n)‏ يشد العزم
طفل جميل . ملاك ‎cheerful (adj.) 1 R cherub (n.)‏
كسبرة خضراء ‎cheering (adj.) oty | chenvilon)‏
لعبة المطرنج ‎RSSO‏ | رون .رح ‎cheerfulness (n.)‏
لرحة الشطرنج ‎chessboard (n.)‏ مطموم ‎cheerless (adj.)‏
صدر .صندوق ‎cherlessness (n.) o | chestin)‏"	al-shamil-dictionary
112	"رئيس التحرير ‎editor‏ | خزانة ذات أدراج ‎drawers‏ -
خاصة. بالاخص . ‎chiefly (adv.) Q.‏ | كبوت. معطف ‎chesterfield (n.) LS.‏
رئيس . زعيم ‎chiefeain (n.)‏ | أبو فرر. حكاية سخيقة ‏ )1( ‎chestnut‏
‏رياسة . زعامة 1 ‎(n.)‏ لإعمتققعنتا | خيال. قارس ‎chevalier (n) o3‏
‎chieftainship (n.)‏ شرف).شهم
قماش رقيق (شاش)  ‎chifon(n)‏ | نوع من الغنم الاسكتلتدى ‎cheviot (n.)‏
خزانة صفيرة ذات أدراج ‎chiffonier (n.)‏ أو نسيج من صوفها
رقم . عدد . شفر . كتابة سرية (.8) ‎chiffre‏ | ما يدل على رتبة الجتدى  ‎(n.)‏ 087608
‎jlis‏ شعر . شعر مستعار ‎chignon (n)‏ | مطاردة. صيد-يطارد ‎chevy (n.v.)‏
تسريحة . يصطاد
ورم الاصابع؛ قشف ‎chilblain(n)‏ | بمضغ. يتفكر ‎chew (v.)‏
صبى . طفل . غلام ‎child(n)‏ | مضغ (.م) ‎chewing‏
‏حامل. حبلى __ ‎١ 10 be with‏ لبان.علك 7 -
حالة النفاس . طلق.  ‎childbed (n)‏ | غليون. قصبة تدخين 1 ‎chibouk (n.)‏
مخاض .بيبة تركية ‎chibouque (n.)‏
ولادة. طلق. مخاض . ‎childbinth (n.)‏ | أناقة. شكل جميل-ائيق  ‎chic(nadj)‏
‏عهد الطفولة ‎childhood (n.)‏ | غش. خداع . مغالطة ‎chicane , __ry (n.)‏
تقدم فى السن .خرف 6004-0 | كتكوت. فرخ 1 ‎chick (n.)‏
صبيانى . كأعمال ‎chicken (n.) childish (adj.)‏
الأطفال. جاهل بارز الصدر ‎chicken-breasted‏
‏أعمال ‎childishness (n.) Ll‏ | كوليرا الدجاج  ‎chicken-cholera (n.)‏
بلانل ‎childless (adj.)‏ | جبان ‎chicken-hearted (adj.)‏
صيانى . وديع . مخلص ‎childlike (adi.)‏ | جدرى الفراخ ).1( ‎chicken-pox‏
‏أطفال. بنون. نسل ‎١ children (n.)‏ حمص ‎chick pea (n.)‏
برودة. مشعريرة-بارد- (.6.80[.7) انطع ‎١‏ يعنف .يلوم ‎chide (v.)‏
ييرد. يثبط العزم القائد. الزعيم -رئيسى . أساسى ‎chief (n.adj)‏
بارد . قارس ‎chilly (adj)‏ | مدير ماعد ‎assistant‏ __"	al-shamil-dictionary
113	"أرميل-ينحت ‎chisel (mv.)‏ | نغم . طن الاجراس-  ‎chime (n.v)‏
يغش . يخدع . يزور ا ينسجم. ترن الأجراس . يوافق
طفل . تذكرة. رسالة ‎chit(n) i‏ | يال .وهم ‎chimera (n.)‏
‎chitchat (n.) Loy‏ | مدخنة ‎chimney (n.)‏
‎cid‏ برتعش من 3 ‎chitter (v)‏ | شمبائزى ‎chimpanzee (n.)‏
شريف .نيل . بطل ‎chivalrous (adj)‏ | ذفن ‎chin (n.)‏
أمارة. رتبة شرف .مروءة )( ‎chivalry‏ | بلاد الصين ‎China (n.}‏
كلورال (سائل زيتى ‎chloral (n.)‏ | نوع من السناجب )1( ‎chinchilla‏
‏عديم اللون) له فرر جميل
ثنائى ملح الكلور )( ‎chlorate‏ | السعال الديكى . الشهقة ‎chin-cough (n.)‏
كلرريد ‎١ chloride (n.)‏ سلسلة الظهر. شق ).( ‎chine‏
‏غاز الكلور ‎١ chlorine (n.)‏ الصينى . صينى ‎Chinese (n.adj.)‏
كلورودين ‎chlorodyne (n.)‏ | مرض البرض ‎chinesc-cvil (n.)‏
كلوروفورم. بنج ‎chloroform (n.v.)‏ | فلق . شق -يتشقق . يتخشخش ‎chink (n.v.)‏
منوم-يبنج. ينوم مشفق. مشررخ ‎chinky (adj.)‏
فقر الدم (ريصيب  ‎chlorosis(n)‏ | شظية. قطعة-يشقق ‏ بشوة ‏ )1( ‎Chip‏
‏الفنيات المراهقات) حيواذ من جنس السنجاب ‎chipmunk (n.)‏
شكولانا ‎chocolate (n)‏ | تبخير . تشقيق . شظية 0 ‎chipping (n.)‏
اختبار. نخبة. صفوة ‎choice (n.)‏ | قطع صغيرة من البطاطس مقلية )1( ‎chips‏
‏اختر لنفسك ما يحلو _ ‎makeyour‏ | علم الخط .معرفة 0 (.8) ‎chitography‏
‏جوقة مغنين أو مرتلين ‎choir (n.)‏ الطالع من اليد
ساحة . ميدان- يختق يجنم ‎choke (nv.) o,‏ | علم التقاهم بإشارات الأصابع ‎chirology (n)‏
خائق . مائع النمو )( ‎choker‏ | الاقدامى . اختصاصى ‎chiropodist (n.)‏
الصفراء . سوداء.غضب - ‎choler (n.)‏ لمعالجة تآليل الاقدام
مرض أو وباء الكوليرا ‎cholera (n.)‏ | طب الأقدام والايدى  ‎chiropody (n.)‏
‎e‏ حاز ‎NP (1) Yoo oo | 6001/08 ad) (Ll‏
رباء خفيف ‎chirmup (n.v.) cholerine (n.)‏"	al-shamil-dictionary
114	"‎Cho 112 02‏
اليرون. الزيت المقدس 0 ‎١ chrismn)‏ يختار. يجبي ‎choose (n.)‏
السيد المسيع. السيع .عيسى )1( ‎Chiist‏ | قطعة. كسرة. ختم-يقطع 0 ‎chop (nv)‏

‏ابن مريم يشق. يفرم. ييادل
يعمد . ينصر )1( ‎chrisien‏ | درجة أولى .من نرع ممتاز  ‎of the first‏
البلاد امسبحية. 0 ‎Christendom (n.)‏ | يتردد إلى 16-0
النصرائية. العالم النصرائى يقطع . ييثر ‎to_off‏
‏تصرانى . ‎١ Cprician (adj) e‏ ساطور.اكة لتقطيع اللحم ‎chopper (n)‏
= تقطيع -متغير . متحول ‎chopping (n.adj.)‏
الاسم الأول.الاسم الشخصى 786 نه لتقطيع اللجم ‎J‏ قرية ‎Machine‏
‏الديانة المسيحية.  ‎christianity (n.)‏ لتقطيع 1 ب
‎"".'.‘_‘Jy‏ . مختص بخدمة الترتيل ‎choral (adj.n)‏
لنصرائية ‎e‏ ف ‎S‏
‏عيد ميلاد !! ري يوون ‎PSS‏
‏عيد ‎S‏
‎chord(n) ey s o T‏
لونى . مختص بالألوان رهم متموم مغن . مرتل )( ‎chorist, __er‏
علم الألوان وتركييها ‎chromatics (adj.)‏ جوقة مرتلين. لازمة. قار )1( 600805
معدن الكردم الما [ سس ا ا
‎chromium (n.)‏ . .
شىء . أمتعة شخصية . منقولات  ‎chose‏
‏نرع سمك ) ‎o ] chromid (n.)‏
. حق متنارع فيه ‎__in action‏
الك
بلطى النبل حقد أو شىء محرز ‎__inpossession‏
‏الطيع بالران ‎chromolithography (n.)‏ مزال خرة
‎o‏ ملحقات أ ترابع ‎__local‏
‏مزمن. متاصل ل زفم) ‎chronic‏ الغراب الأعصم ‎chough (n.)‏
ا . ‎hroni‏
‏5 لالمستسييا ا ا ال
معتاد على الك -
. ومعتاد على ب اد الس ‎chow (n.)‏
‎ronic 01565 ., s -‏
‎A‏ مزمة - ‎deasesn]‏ 016 « مختارات ‎chrestomathy (n.)‏
ض مزمن 1 ع
مربض مزمن ‏ (8) 0 8 ين © علم 2 3 (فرع من ‎chrematistics (n.)‏
التهاب مزمن ‏ ).1( ‎chronic sinusitis‏ .
‎S‏ علوم الاقتصاد)
بالجيوب الانفية"	al-shamil-dictionary
115	"chronically _ill ‏صاحب-يرافق. يصاحب )1( 6000 | مريض مزمن‎ s
the chronically-ill ‏بصاحب. يصادق 8م | المرضى مرضا مزمنًا‎
chronicity (n.) ‏التزامن‎ | chummy (ad.) ‏أنيس المعاشرة‎
chronicle (%) - ‏تاريخ . حديث‎ i | chump () ‏كتلة . رند حطب‎
‏يزرخ‎ church (n.adj) ‏كنيسة . مذهب . طائفة‎

chronological (adj.) ‏مؤرخ حب‎ o=
‏ترتيب الوقائم‎ | churchman (n.) ‏قس .من أعضاء الكنية‎
-- 95027 ‏تاريخ ملل .ترتيب تاريخى‎ | chuchwarden (n)  ةسينكلا ‏وكيل‎
‎chronology (n.) ‏علم التواريخ وتقديمها‎ | churchyard (n.) ‏حوش الكنيسة . المقبرة‎
chronometer (n.) ‏مقباس الزمن . ساعة‎ | churl, _ish )8.( ‏احمق . حقير . جلف‎
chronometry (n.) 0 ‏علم قباس الزمن‎ | churlishness (1) ‏حماقة . نظاظة . بخل‎
chrysalis (n.) ‏الحشرة فى الطور الثالث‎ | chum(nv.) ‏بمخضة اللبن. يصنع الزيد‎

.يخض اللبن من ‎Lyt‏
‏كيلوس . مستحلب الطعام ‎chyle (n.)‏ | أتحوان. زهرة اللزلز ‎chrysanthemum (n.)‏

.المهضرم ياقرت أصفر . زبرجد  ‎chrysolite (n.)‏
كبموس. الطعام وهو فى )1( ‎chyme‏ قبرسى. أصفر

الأمعاء شال (اسم سمك). أحمق . ‎chub (n.2dj)‏
ريز الحصاد «حشرة طائرة  ‎cicada(n)‏ يليد . مكعبر

ذر أجنحة شفافة» سمين . بدين ‎chubby (adj.)‏
أثر الجرح . ندب ‎clcatrice, cicatrix (n.)‏ | رمية. طرحة. قرق صوت  ‎chuck (n.v.)‏
يلتم . يتدمل ‎cicatrise (v.) (g A‏ الدجاج (كالدجاج)- يطرد.
دليل المتاحف والسياح ‎cicerone‏ تقوقى الدجاجة. يرمى . يصرف
خمر عصير التفاح. شراب التفاح  ‎—up gty | cider(n)‏
سيجار ‎cigar(n)‏ | ضحك مكترم-يضحك ‎chuckle (m.v.)‏
سيجارة. لفافة تبغ ‎cigarette (n.)‏ ضحك مكتوم
فم السيجارة.مبسم ‎cigarette-holder(n.)‏ ) خشن . جلف ل ‎chuff,‏"	al-shamil-dictionary
116	"Cil 114 Cir
cilia (n.) ‏رمش .هدب‎ | library ‏مكتبة دورية لقراءة‎
ciliary (adj.) ‏الكتب بالأجر هدبى . مخخص بالاهداب‎
cinchona () Ko, bt S | medium ‏التقود. العملة‎
cincture (n.) ‏حزام . زناد. منطقة.سياج‎ | circulation ‏دورة . لفة . دوران‎
cinder, _s(n) ‏جز | زماد. جمرة خامدة.‎ _ Sy

المواف ‎circumambulation (n.)‏ فحم. ستعمل
الطواف حول الكعبة ‎orihe Kaba‏ | سينما. الصور المتحركة - ‎cinema(n)‏
‏يطرف ‎oSl‏ ) عي زوع رومزم | الكاميرا السينمائية ‎cinematograph (n.)‏
قرفة . دار 2 ‎innamon‏
‎)y‏ 000085:08 | إن عشي خبانى ‏ (8) ‎cinquefoil‏
‏محيط الدائرة ‎circumference (n.)‏ قات نيد ‎s‏
‏ايد دي الررقات. نقش خماسى
علامة المد فى الحرف ‎B circumflex (n.)‏
فى الررقات
انحن ‎A‏ الطغراه . الشفرة . كتابة & )1( ‎cipher‏
‏محاط. ‎it circumfluent (adj) s‏
تعقيد الكلام. تكليف ‎circumlocution (n.)‏ دائرة. حلفة .طرق . تفتيش-يدور ‎circle (nv.)‏
‎by‏ بحصر. يحدد )1( 5000156808 | زائرة صغيرة ‎circlet (n.)‏
‎s‏ حصر-مجيط )( 0000056108 | ون دون ‎sy‏ )..1( 660011
حذر . حريص ‏ (240) 907000180601 | واترى-نشرة دررية. لصزقة) ‎circular‏
‏ظرف .حال ‎circumstance (n)‏ ا
ظرفى . عرضى ‎CTCUMSENGRI /24[( L‏ | يجمل ‎s A‏ ستديرا. ‎circularize (v.)‏
يخدع. يرارغ ‎circumvent (v.)‏ يذيع : يشتهر: ينشر ‎circulate (v.)‏
سرك . ملعب للخيل . ميدان ‏ (:7) 200803 | ‎circulating (adj)  Jyaze. e‏
مسرح للالعاب ) ‎Lol‏ (-8) 815808 | كناب متداول ‎__book‏
‏ساحة داثرية رأس مال متغير ‎__capital‏
‏تليف (الكبد مثلا) ‎S | cirrhosis (n.)‏ عشرى دورى ‎decimal‏ __"	al-shamil-dictionary
117	"حرب أهلية ‎war‏ _ | ملك ناتى (المعلاق). سحاب )1( كلتق
ملكى . متفرغ للممالح ‎civillian (adj.)‏ رقيق مرتفع

المدلية صهريج . خزان ميأة ‎cistern (n.)‏
حضارة. تمدن. تثقيف )1( ‎civilization‏ | استدعاء. إعلان. طلب  ‎citation (n)‏
‎civilize (v) g 048‏ للمقاضياة
الطف . أنس. رقة )( ‎civility‏ | يعلن . يقتبس . يطلب للمقاضاة ‎cite (v.)‏
طقطقة . يطقطق ‎clack (n.v.)‏ | مدنى . ابن بلد. قاطن . مواطن ‎citizen (n.)‏
‎Y‏ مكسو. يكسو ‎clad (adjv.)‏ | قومية . حقوق ابن اليلد ‎citizenship (n.)‏
طلب . مطالبة-ادعاء . دعرى ‎claim (n.v.)‏ ملح الليمون ‎citrate (n.)‏

-يطلب . يدعى . يقاضى ليمونى ‎citric (adj.)‏
يمكن الطالبة به ‎claimable (adi)‏ | ترنج.نارنج ‎citron (n.)‏
طالب .مدع ‎claimant (n.)‏ | فصيلة الحمضيات والموالح  ‎citus (n.)‏
مقدرة سماع الاصوات (.8) ‎claitaudience‏ | مدينة . بلد كبير ‎city (n.)‏

التى يعجز عنها السمع العادى عطر . زياد ‎civet (n.)‏
من يرى الأشياء ‎clairvoyant (nadj)‏ | قط . الزباد. سنور الزباد «حيوان؟ ‎civetcat‏

الغير منظورة. متبصر مدنى . بلدى . حضرى . أهلى (.44) ‎civic‏
‏سمك صدفى . تديق ‎clam(n)‏ | مدنى . أهلى . ملكى . حقوتى ‎civil(adj)‏
‏طالب أو متوسل ‎clamant (n.v.)‏ انيس

بالصياح . يصيح قضية مدئية ‎__action‏
‏يتلق . تلق ‎clamber (v.)‏ | مدع بالحق ‎claimant S‏ _
لزج . دبق . رطيب ‎clammy (adj.)‏ الحرمان من الحقوق المدنية ‎__death‏
‏ضجة. صخب . يصيح ‎clamour (mv.)‏ | الدفاع ‎S‏ -

.يصرخ الهندس المدثى ‎__engineer‏
‏شتكل . مشبك من حديد  ‎clamp(n)‏ | قانون ملتى ما _
عائلة . قبيلة . عشيرة ‎clan(n)‏ | تعويض مدنى  ‎__remedy, -damage‏
6 فى . مستور ‎clandestine (adj)‏ | الحق المدثى ‎__right‏
‏طنين. رنين-يطن .يرن ‎Clang_our(nv.)‏ | خدمة ملكية ‎service‏ __"	al-shamil-dictionary
118	"صريح . واضح . شفاف. ‎clear (adj.v.)‏ خشخشة. صليل-يصاصل ‎clank (n.v.)‏
صاف- يرضح . يصفى. ينقى متعصب .عشائري ‎clannish (adj.)‏
تتليك . تفريغ . إخلاء. تصريح ‎e | clearing‏ السيلان. تصادم. ‎clap (n.v.)‏
مخلص بضائع من الجمرك ‎—agent‏ | لوحة.تخشية ‎clapboard (n.)‏
مكتب للتخليصس على ‎house‏ | مدقة الباب.سماعة ‎clapper (n.)‏
البضائع تصفيق . قصف (م) ‎clapping‏
‏تبادل ‎house information‏ — | يصفى.يروق ‎clarify (v.)‏
المعلومات ‎ki‏ بوق ‎clarion (n.)‏
ينشق . بشق . يقلق ‎Cleave(v)‏ | مزمار.ماصول ‎clarionet, clarinet‏
يلتصقى ب ‎١0‏ | تصادم. معارضة ‎clash (n.)‏
ساطور ‎cleaver (n.)‏ أبزيم . عناق-يعائق ‎clasp (n.v.)‏
مفتاح صول(علامة مرسيقية) (-16))8© | درجة .صف . صنف. مرتبة ‎class (nv.)‏
مشقوق. مفلوق ‎٠ cleft (adj.)‏ جلس . رتبة-يصلف . رتب
رحمة . رافة . حلم ‎Clemency (n)‏ | علمى . معتبر .عال (./04) ‎classic, __al‏
رحيم . رزوف. حليم ‎Clement(adi)‏ | ترتيب.تسيقن ‎classification (n.)‏
الحليم دمن أسماء الله ‎TheClement‏ | يرتب.ينسق. يوب ‎classify (v.)‏
‎iy e‏ المدرسة ‎classmate (n.)‏
الاكليروس . خدمة الدين  ‎clergy (n.)‏ ترقع . قصف ‎clatter (v.n) 4 JS‏
‎et‏ رجل الدين المسيحى جملة . فقرة. بند ‎clause (n.)‏
فسيس . فس . خورى . كاهن ‎clergyman (n.)‏ الترقوة ‎clavicle (n.)‏
كاتب . كاتب حسابات ‎Cletk(n)‏ | مخاب. مخلاب. ظفر-يخش ‎Claw (n.)‏
شاطر. ماهر ‎clever (adj)‏ | صلصال. طين خزفى ‎clay (n.)‏
شطارة. مهارة ‎clevemess (n)‏ | نظيف.نقى .ضاف ‎clean (adj.)‏
دليل . إرشاد .حل ‎Clew(n)‏ | نظافة . نقاوة. طهارة  ‎cleanliness (n.)‏
تكة. تكتكة . دقة خفيفة ‎click (n.)‏ يطهر. ينظلف ‎cleanse (v.)‏
| زنون.عميل لسراسسد لزاع 1 لاعت ‎to _ oneself‏"	al-shamil-dictionary
119	"سرطان البظر ‎carcinoma‏ | الزبائن .عملاه 1 ‎clientage (n.)‏
استئصال البظر  ‎clitoridectomy (n.)‏ «المحل التجارى؟ ‎clientele (n.)‏
‎clitorotomy (n.) 1‏ | جرف . صخرة شديدة الانحراف ‎Cliff (n.)‏
التهاب البظر ‎clitoriditis (n.)‏ | مناخ ‎climate (n.)‏
‎clitoritis (n.) 1‏ | متعود على المناغ ‎climatize (v.)‏
البظر (من أعظاء ‎clitoris (n.)‏ | اعلى درجة ‎climax (n.)‏
تناصل المرأة) يتسلق. يرتفم ‎climb (v.)‏
الشبنى ‎ki‏ لدى المرأة ‎clitoromania (n.)‏ | يصعد ما
حلة .عياءة. برنس . عذر 0 ‎clodk(n)‏ | ينبت المسمار. يحم ‎clinch(v.) Ol‏
.حجة يتمسك ب .يعلق ب ‎(v.)‏ ما ‎cling‏
‏ساعة حائط ‎clock‏ | علق ‎something that _s‏
مانع . عائق . قبقاب-يعرق ‎clog (n.v.)‏ | اكلينيكى . ملازم الفراش لمرض (.1) ‎clinic‏
‏.يعرقل صليل. خشخشة. ‎Jualuay‏ . (لاية) ‎clink‏
‏دير . رواق-يحبس فى دير (1.7) ‎cloister‏ يخشخش
الامشاخ ‎clone (n)‏ | لطمة. ضربة. تصاصة- ‎clip (n.v.)‏
يقفل . ينهى . يقترب  ‎close (v.nadi)‏ يقرص. تقليم الاظافر. ‎o‏
‏انتهاء. ختام-مسدود. ضيق يختصر
مستور مقصوص . مقرورض ‎clipped (adj.)‏
بقرب . بجانب ‎S0‏ | مركب ‎clipper (n) oAl e‏
مد ‎—up‏ مقرض. ماكينة لقص
‎g‏ يسلم ب يتحد مع #0"" الشعر . مقلمة الأظافر
بالتدقيق . باتباة. عن قرب ‎closely (adv.)‏ | قصاصة. قراضة .تقليم  ‎clipping (n.)‏
ضبق . بخل ‎closeness (n.)‏ .قصاصات
علقة . جلطة (من الدم) ‎clot(n.)‏ | تقليم الاظافر __ ‎nail‏
‏قماش )( ‎١ cloth‏ حزب .عصابة-يتآمر ‎clique (n.v.)‏
‎loin __ M‏ | يتعلق بالبظر 1 ‎clitoric (adj.)‏
يكر ‎clitoral (adj.) clothe (v.)‏"	al-shamil-dictionary
120	"35 مدرس خصرصيى ‎(Rv)‏ 60860 | بلايسن ‎clothes (n.)‏
-يعلم. يدرب. ينقل بمركبة الكساء. الملبس ‎clothing‏
‏يروب . يتخثر ‎coagulate(v.)‏ | يياعد على ‎clotting agent (adjn.)‏
فحم حجرى ‎coal (n.)‏ التجلط
يتحد أر يتفق مع ‎coalesce (v.)‏ | سحابة.تقيم ‎cloud (n.v.)‏
تعصب. اعتصاب. حزب )1( ‎coalition‏ | عتمة. ظلام ‎cloudiness (n.)‏
اتحاد رائق . بدرن غيوم ‎cloudless (adj.)‏
خشن . فليظ . بلا صقل ‎(adj)‏ 008:5 | كثير السحب ‎cloudy (adj.)‏
خشونة. غلاظة ‎coarseness (n.)‏ | تمسحة. ‎clout (n.v.) @i‏
ساحل ‎coast(n) L‏ | زهرة القرنفل . نص ‎clove (n.)‏
معطف . فررة-يظلى . يدهن (6080)8 | برسيم ‎clover (n.)‏
غير سياسته _ كلظ 070 | ورقة البرسيم . ملتقى  ‎cloverleaf (n.)‏
مغطى. مصقول ‎coated (adj.)‏ طرق متقاطعة على مستويات
ورق مصقول 7 - مختلفة لتسهيل المررر
يلاطف ‎coax (v.)‏ | مضحك . مهرج . فظ-يهرج ‎clown (n.y.)‏
قولحة .راس كوز الذرة.ذكر  ‎clownish (adj.) B0 | eob(n)‏
الارز. إسكانى ناد. هراوة-يضرب بهراوة ‏ (ل8) ثانا
الإسكانى ‎cobbler‏ | فرق . نقيق-تقرفر ‎cluck (n.v.)‏
‎W‏ كوبول «إحدى لغات ‎COBOL‏ «الدجاجة؛
الحاسب» دليل . مفتاح . إرشاه . حل ‎clue‏
‏أفعى سامة ‎cobra(n) SO‏ | قرمة عشب -بجمع ‎clump (n.v.)‏
بيت المنكبوت ‎cobweb(n.)‏ | غليظ.غشيم ‎clumsy (adj.)‏
كركا «ررق ‎ol‏ مقذ ‎€y‏ (6002)8 | تمك ب. التق ب ‎clung past of cling‏
حويصلة . خلية. محفظة  ‎cOCCUS (M)‏ | عنقود.كبشة ‎cluster (n.)‏
ديك . حنفية-يكوم. يحزم  ‎0k (mv)‏ | مخالب. قبضة. سلطة-  ‎(nv)‏ طعاناء
شارة ‎cockade (n.)‏ يقبض على :
حقنة فى الشرج ‎clyster (n.)‏"	al-shamil-dictionary
121	"نعش . تابوت المرتى ‎coffin(n.)‏ | بدلل .يدلع ‎cocker (v.)‏
قوى . مقنم ‎cogent (adj.)‏ | تذكرة الجمرك ‎cocket (n.)‏
يتأمل . يقصد ‎(v.)‏ 0801© | صدف بحرى. قارب صغير ‎cockle (n.v.)‏
تأمل . تفكر ).( ‎cogitation‏ -يتقلص
كونياك ‎cognac(n)‏ | لندنى-من ‎ oud‏ (0.زقة) ‎cockney‏
‏قرابة رحم (من جهة  ‎cognation(n)‏ | صرصور كبير ‎cockroach (n.)‏
الام عرف الديك . نبات  ‎cockscomb (n.)‏
اطلاع . علم . علامة. )1( ‎cognizance‏ عرف الديك
قضاء. النظر فى الدعرى مسكر . مزيج من الخمور (.0) ‎cocktail‏
‏عجلة ‎cogwheel (n.) L‏ .سلطة فواكة تقدم فى ‎S‏
‏يعيش مع . يكن . يعاشر ‎cohabit(v)‏ | كاكار. شيكرلاتة ‎cocoa (n.)‏
ريجة غير شرعية  ‎cohabitation (n)‏ | جوز الهند 1 ‎coconut (n.)‏
شريك فى ميراث ‎cocoa-nut (n.) coheir (n.)‏
يلتحم . يلتصق ‎cohere(v.)‏ | شرنقة ‎cocoon (n.)‏
مطابقة . التحام . ملازمة ‎coherence (m)‏ | غمد.سمك القد ‎cod (n.)‏
فيلق عسكر . ‎cohort LS55‏ | نون مخك- ‎coddle (adj.v.)‏
شعر مستعار-يمشط ‎١ coif (nv)‏ يدلل.يدلم
تسريحة-كيفية تمشيط الشعر ‎coiffure (n)‏ | 046 شريعة. دستور ‎code (n.)‏
موصل التيار الكهربائى . لفقة ‎Ol (mv)‏ | حوت.سمك القد ‎codfish (n.)‏
-يلف . يتكور يجمع وينسق الشرائع فى ‎codify (v.)‏
عملة. نقود-يسك العملة ‏ (8.0) 0:8 دستور
يطابن . يتوافق ‎١ coincide (v.)‏ مساعد. معاون . المعامل ‎coefficient (n.)‏
مطابقة . اتفاق . التقاء ‎coincidence (n)‏ |_يجبر. يلزم ‎coerce (v.)‏
اشتراك فى ‎coinheritance &Il‏ | قسر. إكراة ‎coercion (n.)‏
جماع. نكاح ‎coercive (adj.) s | coition (n.)‏
فحم الكرك ‎coke (n.)‏ بن . قهوة ‎coffee (n.)‏
مصفاة ‎colander (n)‏ | سحارة. خزانة ‎coffer (n.)‏"	al-shamil-dictionary
122	"كولونيل . عقيد ( فى ‎colonel(n)‏ | برد . ركام-بارد.رزين  ‎cold (nad)‏
الجيش ) كرنب. لفت ‎cole (n.)‏
التهاب بالقولون ‎colonitis (n)‏ | مقص .الم بطنى ‎colic (n.)‏
يستعمر. يقيم مستعمره ‎colonize (v.)‏ | يشارك فى ‎collaborate (v.) .l‏
كتابه ( تبين تاريغ إصدار ‎colophon (n.)‏ يتعارن مع العدو
كتاب ومكان طبعه ) تهدم. تدهور-يتهدم.  ‎collapse (nv.)‏
تلوين ‎coloration (n.)‏ ينهار
هائل . كبير الحجم  ‎colossal (adi)‏ | ياقة.طوق ‎collar (n.)‏
لون . صباغ .حجمه.  ‎colour(nr)‏ | نوع من الكرنب ‎collard (n.)‏
نوع- يلون. يصبغ مقارنة . فحص ‎collation (n.)‏
بلا لون ‎colourless (adj.)‏ | رفيق .زيل ‎colleague (n.)‏
اليل )0 - ‎colp‏ يجمع . يلتقط ‎collect (v.)‏
‎colpo --‏ جمع تحصيل . حشد | ‎collection (n.)‏
استصال المهبل ‎colpectomy (n.)‏ بنت قروية من أيرلتدا ‎colleen (n.)‏
التهاب المهبل ‎colpitis (n.)‏ | كلية ١مدرسة».‏ معهد ‎college (n.)‏
ألم بالمهيل ‎colpodynia (n.)‏ | شارة كلية ‎--arm‏
‏سقوط امهيل ‎colpoptosis (n.)‏ | تلميذ فى جامعة ‎collegian (n.)‏
بيع الكتب الدينيه 0 ‎colportage (n)‏ | يتعارض. يصطدم ‎collide (v.)‏
بالتجوال كلب اسكتلتدى لرعى الاغتام ‎collie (n.)‏
35 المهبل ‎colporthaphy (n.)‏ | اصطدام. تلاطم. معارضة )( ‎collision‏
‏عمود. عمود من ‎column (n.)‏ | ينظم. يقيم . يرتب ‎collocate (v.)‏
صفحه . أسطوانه تراطز. اتفاق على شر ‎collusion (n.)‏
مشط .عرف الديك - ‎comb (n.v.)‏ | حنظل ‎colocynth (n.)‏
يمشط . يقهر كولونيا ‎(n.)‏ 010806
صراع . قتال - ينازل  ‎combat(nv)‏ | القولون. التقطتلن (:) ‎colon (n.)‏
مقاتل . مخاصم ‎(adj.)‏ 00010 | علامة وقف (فى القراءة) (0)-- ‎semi‏
‏الم بالقولرن ‎colonalgia (n.) n‏"	al-shamil-dictionary
123	"مجامله.حسن المعامله ‏ )1( ‎comity‏ | شراسه .اليل 0 (.8) ‎combativeness‏
‏والمعاشره للقتال
علامه رقف قصيره فى () 0012© | جمع . تركيب. توليقه . )( ‎combination‏
‏القراءة تجميع . أتخاد قميص نسائى
امر. اشراف ‎command )0.7.( &y‏ جمع الصلاء ‎of prayers‏ --
‎=l -‏ يسيطر يمزج . يوحد. يركب ‎combine (v)‏
الاوامر والنواهى ‎sandinterdictions‏ - | يحرق . يحترق ‎combust (v.)‏
‎commander(n) .G‏ | سريع الاحتراق.  ‎combustible (adi)‏
أمير المؤمين  ‎C--of the Faithful‏ قابل للاشتعال
‎commandment (n.) P‏ | ياتى . يحضر .يقد . يحدث  ‎COME (V)‏
الوصايا العشر ‎theTenCes‏ | يحصل.يقع ‎about‏ -
العشر كلمات . (.8) ‎commandments‏ | يصادف. يلتقى صدفة ‎across‏ -
الوصايا العشر ‎back o‏
يتح الذكر . ‎commemorable (adj.)‏ | يدخل. يقبل ‎-in‏
‏يذكر يخرج. يظهر ‎out‏ -
يحبى ذكرى ‎commemorate (v.)‏ | يتغلب على ‎over‏ -
يبدا. يشرع فى )%( ‎commence, with‏ | ممثل روايات فزيله 0 ‎comedian (n.)‏
يملح . يرصى ب ‎commend (v.)‏ | ررايه مضحكه ‎comedy )8.(  هليزه )l‏
مستحب. مندوب ‎commendable (adi)‏ | حسن.جمال ‎comeliness (n.)‏
متناسب. ‎commensurable (adj.)‏ | باكولات ‎comestibles (n.)‏
مناسب فى القياس والعدد نجم بذنب. مذنب ‎comet (n.)‏
مطابق . مشترك ‎ol | commensurate (adj)‏ حلارة. حلريات ‎comfit, - ure (n.)‏
بذات القياس تسليه. تعزيه . راحه . نعم ‎comfort (n.v.)‏
يشرح . يعلق على . يفسر ‎(v.)‏ 00000801 | - يسلى.يعزى
تجارة. جماع . مضاجعة(./0:1) ‎commerce‏ | مريح ‎comfortable (adj.)‏
يتاجر. بجامع معز ‎comforter (n.)‏
إرهابى . مرعب  ‎comminatory (adi)‏ | مضحك . ‎(adj)  Jja.‏ له ‎comic‏"	al-shamil-dictionary
124	"عمومى . مشترك . ‎common,to(adin)‏ | بمزج. يخلط ‎commingle (v.)‏
شامل.سافل؛ حقير - ساحة يجرش . يسحق ‎comminute (v.)‏
عموميه . نضاء يشفق على ‎commiserate (v.)‏
عقل . إدراك . ذوق . تمبيز ‎commissariat (n.) Uy | sense‏
أولو الالباب ‎those 1000 have _sense‏ | وكيل . نائب. معاون )1( ‎commissary‏
‏مشاع . مشترك . اعتيادى _ ‎commission (n.v.)  -هلاكو i in‏
غير اعتيادى. شاذ __ ‎out of the‏ تصريح يفرض . يكلف
من العوام.عامى  ‎commoner(n)‏ | وكيل أعمال. ‎commission 28601 (n.)‏
عامه الشعب . غذاء )1( ‎commons‏ قوسيوغى
مجلس النواب (مجلس ‏ _ ‎houseof‏ | يرتكب.يفورض ‎commit (v.)‏
العمرم) ‎adultery i‏ --
حكومه. جمهوريه. )( ‎commonwealth‏ | ينتحر. يقتل نفسه ‎suicide‏ --
حكومة حرة يستظهر. يحفظ \. 10/00 --
هرج ومرج . قلق 0 (8) ‎commotion‏ يحفظ عن ظهر قلب
يحرك . بهبج ‎(v.)‏ 000100016 | حبس .يلم إلى ‎commitment (n.v.)‏
يراسل . يخابر . يبلغ . ‎communicate (v.)‏ السجن
يطلع على الجنه . جمعية . مجلس ).1( ‎committee‏
‏مراسله . مكاتبه. (.7) ‎communication‏ إبداع . تفريض ‎committing (n.)‏
أخبار . أعلام قاضى الإحالة ‎judge‏ -
صحبه . طائفه . جماعه (.8) ‎communion‏ يخلط. بمزج ‎commix (v.)‏
دبنيه مزيج . مركب ركيه )1( ‎commixture‏
‏الشيوعيه. مشايعه ‏ (.8) 600070001500 | قبعه £ دولاب ‎commode (n.)‏
شيوعى ‎Y communist (adj.)‏ بجانب السرير. كومودينو
طائفة . مله . شرك )1( ‎community‏ قصريه
مجمع مربح . نافع . موافق ‎commodious (adj.)‏
قابل للتخقيف | ‎commutable (adj)‏ تجارة . متاع . بضاعه . ‎commodity (M.)‏
آر التعديل"	al-shamil-dictionary
125	"يعرض على (108)7, 0000685818 | تبديل . فديه . إبدال. ‎commutation (n.)‏
تعريض . مقابل ‎compensation (n.)‏ تخفيف
‎55k‏ يسابنى . ‎compete , with, for (v.)‏ | تخفيف العقوبه ‎of penalty‏ --
يزاحم يعدل . يخفف . يقايض  ‎commute (v.)‏
اختصاص . جدار» ل ‎cOmpetence‏ | محكم .نامج ‎compact (adj)‏
خبره ‎competency‏ مختصر
مباراة. مسابقة. 0 ‎competition (n)‏ | رفيق.صديق ‎companion (n.)‏
مضاربه الصحابه الكرام ‎The Venerable -- s‏
تتسيى . مجموعة. تصنيف )1( 000105180000 | رفقه . مرافقة .0 ‎companionship (n.)‏
يصنف . يجمع . ينسق ‎compile (v.)‏ اصحبه
مصنفات 0006 _ | شركه. رفقه. جماعة ‏ (8) ‎company‏
‏مؤلف . مصنف . الجامع . ‎compiler (n.)‏ | فى زمرة. فى صحبة ‎in the -- of‏
الذة. صرور. ‎complacence‏ | يقارن ب ‎compare , with (v.)‏
ملاطفة } ‎complacency (n.)‏ | مشابهه. مقارنه ‎comparison (n.)‏
‎ik‏ بشوش ‎complacent (adj)  .‏ | باب . جزء. قسم.  ‎compartment (n.)‏
صاحب همه اجزء من عربه سكه حديد ‎٠‏
‏يشتكى من. ‎dwy | complain, of , 80001 (v.)‏ . قانون. مساف . ‎compass (n.adj.v.)‏
يتظلم من دائرى -يطوق. ينال . يذبر مكيده
شكرى ‎complaint (n.)‏ | فرجار .برجل ‎compasses (n.)‏
الطف. رقه ‎complaisance (n.)‏ | رأف . رحمه. شففه. حنان )1( ‎compassion‏
‏تكمله . ختام. المتمم ‎(n.)‏ 000160601 الرحمن ‎١‏ من ‎The‏ , 00771035500816
""المقدار اللارم لجعل الزاوية < أسماء الله الحستى ؟
‎٠‏ درجة * مناسبه . مرافقة.  ‎compatibility (n.)‏
تكميلى . ختامى . شل ‎complemental‏ ملائمه. انسجام ,
عتمم . مكمل ‎complementary.‏ | مواطن .ابن بلد واحد )1( ‎compatriot‏
‏نام كامل - ‎complete (adh) o‏ | _زميل . رفيق. كفز ‎compeer (n.)‏
يغضب . بلزم. بكره على . بجر ‎compel (v.)‏"	al-shamil-dictionary
126	"completely (adv.) ‏تاما. كلية‎ | compound (adj.nv.) . ‏مشترك . مختلط‎

تركيب مزيج . ساحة. الذار- كمال تمام. إنجار ‎completion (n.)‏

يركب . يخلط . يوفق مركب . معقد ‎complex (adj.)‏
يتضمن . يفهم ‎comprehend (v.)‏ | هيئة.مزاج. ‎complexion (n.)‏
إدراك. فهم ‎comprehension (n.)‏ لون الوجه أو البشرء
‎oS‏ ضاغطة - ‎compress (nv)‏ | لين مطايع ‎compliable (adj.)‏

يكبس. يضغط استجابه . طاعة . إذعان ‎compliance (n.)‏
عصر. ضغط ‎compression (n.)‏ | تعقيد. إرتباك ‎complicacy (n.)‏
تكس ضغط ‎compressor (n.)‏ | معقد.يعقد ‎complicate (adj.n.)‏
كبس ضغط ‎compressure (n.)‏ | رفقه. أشتراك فى جريمة ‎complicity (n.)‏
يشتمل على .يتضمن  ‎compliment (n.v.) .;-_.u.-r_a...,&‘ comprise (v.)‏
ماواة. اتفاق. ‎compromise (n..)‏ يثتى على

صلح - يسوى. يوفق يستجيب . يذعن ل ‎comply (v.)‏
اضطرارى . إلزامى ‎compulsatory (adj.)‏ | عنصر . ‎component (adj.n.) S‏
الإكراه . الإضطرار.  ‎compulsion (n.)‏ اجزء

إلزام . القسر ‎Gily‏ يتصرف. يبلك ‎comport (v.)‏
اضطرار: ‎ST‏ إل ‎compulsive‏ | تصرفء سلوك ‎comportment (n.)‏

إجبارى . راجب ‎compulsory‏ | يؤلف . يركب . يعد . يصلح ‎compose (v.)‏
فرض ا هادىء .رزين ‎composed (adj.)‏
اظروف قهرية 705 | مركب من . مكون من و
تدامه ‎compunction (n.)‏ | هدوء ‎composedness (n.)‏
حاب. تقدير . تخمين ‎computation (n.)‏ | مصنف. مزلف ‎composer (n.)‏
يعد. يحب ‎compute (v.)‏ | مشرك. مركب ‎composite (adj.)‏
الحاسب الآلى ‎computer (n.)‏ | انشاء. تاليف. ترنيب. ‎composition (n.)‏
زميل . صاحب ‎comrade (n.)‏ قطعة موسيقيه
مزامله. مصاحبه ‎comradeship (n.)‏ | سماد بلدى ‎compost (n.)‏
‎e‏ ضد امع ‎con (adv)‏ | مربى الفواكه ).( ‎compote‏"	al-shamil-dictionary
127	"علم الأصداف ‎conchology (n.)‏ | ضد.داء السل-يتامل فى ‎con (n.v.)‏
‎iy‏ العين ‎conchus(n.)‏ | قوة الإرادة ‎conation (n.)‏
بواب .حارس ‎concierge (n.)‏ | بربط . بقيد.يلل ‎concatenate (v.)‏
يوافق . يصالح ‎conciliate (v.)‏ | مقعر . أجوف . قنطرة ‎concave (adjn)‏
موعظة . إرشاد ‎concio (n)‏ | تجريف ‎concavity (n.)‏
موجز. مختصر ‎concise (adj.)‏ | يخفى . ‎oo‏ .يحجم ‎conceal (v.)‏
يستنتج . يقر . يطن . ‎conclude (v.)‏ | إخفاء. اختقاء ‎concealment (n.)‏
استنتاج . قرار ء ‎conclusion (n.)‏ | يتنازل عن . يعطى ‎concede (v.)‏
يخترع . يدب . يلفق () 000601 | غرور. وهم . إدراك- 0 ‎conceit(n.v.)‏
‏اختراع . تدبير . تلفيق ‎concoction (n.)‏ يترهم . يظن
معاهده.اتحاد. انسجام ‏ (.6080080)8 | يفهم. يعتقد ‎conceive (v.)‏
توافق ‎i,‏ يحشد. يركز ‎concentrate (v.)‏
فهرس . اتحاد. ‎concordance (n.)‏ | مشترك المركز ‎concentric (adj.)‏
‎e‏ مفهوم . رأى ‎concept (n.)‏
متحجر . خرسانى ‎conerete (adjvn).‏ | غرض .عمل - يختص . ‎concem (nv.)‏
أسمنت. خرساته ‎0L‏ فلق . أهمية ‎concernment (n.)‏
تصلب. تحجر. ‎concretion (n.)‏ | حفله موسبقية.أتفاق.  ‎concert (n.v.)‏
شهوة. شبق 0 ‎concupiscence (n)‏ جوقة موسيقية. وفاق -
يتحد مع . يوافق ؛ يتعاون ‎concur (v.)‏ يتحدون . يقرر . ينظم . يتفق
مساعده. اثفاق ‎concurrence (n.)‏ على . يخطط .
اهتزار. تصادم ‎concussion (n.)‏ | متف عليه. مدير 0 ‎concerted (adj.)‏
يذم. يشجب . يدين.  ‎condemn(v)‏ | الكونسرتينه ( نوع من )1( ‎concertinal‏
‏حكم . عقاب  ‎condemnation (n)‏ الاكررديرن)
يكلف . يركز ‎condense (v.)‏ | لحن ‎concerto (n.)‏
يتناول. يتواضع ‎concession )8(  ميلست؛حيرصت il | condescend (v)  .‏
يرتفى صدفف بحرى - ودعة ‎conch (n.)‏"	al-shamil-dictionary
128	"صانم أو بائع حلرى ‎confectioner(n.)‏ | معقول. موافق ‎condign (adj.)‏
يتحالف . ‎confederate (vadin)‏ | بهار. توايل ‎condiment (n.)‏
يتحد - متحالف . متحد الحليف اشرط . حاله-يشترط . ‎condition (n.v.)‏
انحاد. حكومات متحالفة ‎confederation (n.)‏ يحدد
يعطى . يتداول. يمتح ‎confer(v)‏ | يشترط . على شرط ‎on--‏
‏مداولة. مؤتمر . تشاور ‎conference (n.)‏ | مكيف ‎conditioner (n.)‏
يعترف ب .يقرب ب ‎confess (v.)‏ | جهار التكيف - ‎air‏
‏صديق مخلص . آمين سر )1( ‎confidant‏ | يعزى .يواسي ‎condole (v.)‏
‎Gy‏ ب. يوكل أو يعهد إلى ‎confide (n)‏ | تعزبه . حزن. أسف ‎condolement‏
‎confidence (n.) ot‏ اا ‎condolence‏
‏يصرغ.يرتب ‎configure (v.)‏ | كيس.غمد ‎condom (n.)‏
يقيد . بحصر . يحدد ‎confine (v.)‏ | مسامحة. صفح )1( ‎condonation‏
‏محصور.محجوز. | ‎(adj.)‏ 40 | يامح .يصفح ‎s‏ يففر ‎condone (v.)‏
ولاده. حصر ‎confinement (r.)‏ | نر امريكى ضخم ‎condor (n.)‏
يؤكد . يثبت. يؤيد ‎confim (v.)‏ ينف . يساعد . يفضى إلى (.000006)7
يصادر - مصادرة ‎confiscate (vaadi)‏ | سلرك. معامله - يلك . ‎conduct (n.v.)‏
مصادرة ‎confiscation (n.)‏ يعامل. برشد
مربى. حلوى ‎confitre (n.)‏ | اذي الناس . بائقه __ ‎injurious‏
‏حريق . لهيب ‎conflagration (n.)‏ | الاداب العامة _ ‎rules of‏
جدال. قتال - ‎conflict (nv.) F‏ | تدبير .سلرك. قياده ‎conduction (n.)‏
يعارض . ينازل موصل . توصيلى  ‎conductive (adj)‏
التقاء أو مضب نهر (.00008068)8© | دليل. موصل. مدير 0 )1( :000000
باخر قناة . ألبوبه ‎conduit (n.)‏
يقر يتمثل ل يكيف ‎ .‏ () 6000000 | مخروط. قمع كوز صنوير 0 ‎CONE(R)‏
‏يصادق على يتسامر ‎confabulate (v.)‏
يذهل . يربك . يحبر ‎(V)  .‏ 600000008 | مسامرة. حديث  ‎confabulation (n.)‏
يلبس. يشوش مزج ممجون. حلوى ‏ ).1( ‎confection‏"	al-shamil-dictionary
129	"الأنف ‎gt -, | conk (n.)‏ را لس نا
يغمى عليه . يترقف عن العمل ‎(V)‏ 008 ١_يواجه.‏ يجابه . يتصدى  ‎confront (v.)‏
يوجه دفة السفينه . توجيه  ‎COMN(VA)‏ | تصد. مواجهه. مجابهه ‎cofrontation (n.)‏
يرتبط . يتصل . يربط ‎comnect (v.)‏ | يحبر . يربك. يخلط . يشوش ‎confuse (v.)‏
2 على . يتامر ‎connive (v.)‏ | يخثر . يجمد . يعقد ‎congeal (v.)‏
يتضمن ‎connote (v.)‏ | تجميد. تخثير ‎congelation (n.)‏
يغير . يغلب . يتغلب ‎conquer(v.)‏ | يزدحم . يجمع ‎congest (v.)‏
الية. مير ذمه ‎conscience (n.)‏ | ادحام . احتقان. تجميع (.8) ‎congestion‏
‏واع . مدرك ‎conscious (adj.)‏ | يهنىء ‎congratulate (v.)‏
مقترع الخدمة العسكرية. ‎congratulation (.) izg | conscribe (v.)‏

يلزم على الخدمة العسكرية مضبوط . نحكم - ‎congregate (adj.v.)‏
خدمة عسكرية ‎conscription (n.)‏ يحشد. يجمع . يكوم

إلزاميه . اجتماع. ‎congregation (n.) b‏
يكرس . يدشن . يوقف . ).( ‎consecrate‏ جماعة المصلين

ينذر جماعى ‎congregational (adj.)‏
الإحرام ‎(n.)‏ 00560280100 | صلاة الجماعة (5) ‎prayer‏ --
ملابس الإحرام ‎clothes‏ > | مجلس الشيوخ ( فى 0 ‎Congress (n.)‏
يتلل د من الإحرام 8 - ‎10finish‏ الولايات المتحدة ). اجتماع. مؤتمر
تلل. تابع ‎(n)‏ 0056601000 | مخروطى الشكل ‏ (ازفة) اه -- ‎conic,‏
‏متسلسل. متابع ‎consecutive (adj)‏ | يضم إلى . يوحد. يرفق ‏ («) ‎conjoin‏
‏رضى . قبول - يقبل . يرضى (87) 0005601 | زراجى ‎conjugal (adj.)‏
سن البلوغ ‎ageof--‏ | متبادل. متزواج - ‎conjugate (adv.v)‏
نتيجة . أهمية . اعتبار . (.7) ‎consequence‏ يصرف فعل

تأثير . التبعة يوحد . يقرن. حرف (.8) ‎conjunction‏
‏يصون . يحفظ - مربي ‎(V)‏ 0056078 عطف . التحام . التقاء
يفكر . يتدبر أمرا. يتامل ‎(v)‏ 008:88 | يحضر الارواح. يناشد 0 ‎conjure (v.)‏

A ‏يحترم يستعمل‎ P"	al-shamil-dictionary
130	"دستررى . نظامى ‎constitutional (adj.)‏ يودع . يرسل إلى ‎consign (v.)‏
القانون الدستورى ‎aw‏ | الرسل إليه ‎consignee‏
‏يقيد . يكره. يضغط على ‎constrain (v.)‏ | المرسل ‎consigner (n.)‏
يقل . يعصر ‎constrict (v.)‏ | إرساليه . رسالة . وديعة ‎consignment (n.)‏
يشيد . يبنى . يرسم ‎comstruct (v.)‏ | مناسب. موافق ‎consilient‏
‏ترجمة حرفية . تفسير ‎(V)‏ 60051006 | يتكون من . ينسجم . يتضمن ‎(V.)‏ :600515
- يترجم كثافة . تركيب . ملائمة مل ‎consistence‏
‏القتصل ‎consistency consul (n.)‏
يستشير . يتشاور . يشاور  ‎console (v.) St | ocOnSUIt (m)‏
أستفت قلبك ‎your heart‏ - | 8- المفاتيح والدواستين فى )( ‎console‏
‏مشورة. استشارة  ‎e M consultation (n.)‏ . حليه. حامل ‎AN‏
‏شورى ‎mutual‏ -- الكسولة 1 رف ار ‎table (n.)‏ 6005016
يستهلك.يلتهم ‎consume (v)‏ | افريز ثبت إلى حائط نحت
المستهلك ‎consumer (n.)‏ مرآة؟
كامل .تام - ‎consummate (adj.v.)‏ | يدعم .يركز بعزز . يديج ‎consolidate (v.)‏
يكمل. يتمم ينجز حرف ساكن أر صامت ‎consonant (n,)‏
يدخل بزوجته مومتصفه - | شريك. زرج . زرجة - ‎consort (nv.)‏
نهاية . ختام . تتميم ‎consummation (n.)‏ يشرك. يزوج . يعاشر
داء السل . استهلاك . نبذير ‎consumption (n.)‏ | مؤامرة. مكيده ‎conspiracy (n.)‏
ملاصقة. اتصال ‎contact (n.)‏ | يمر . يخطط لمؤامرة ‎conspire (v.)‏
عدوى. وباء )( ‎contagion‏ | شرطى.حاكم ‎constable (n.)‏
عدوى-يتتقل بالعدرى ‎contagious (adj.)‏ | ثابت. دائم. مستمر ‎constant (adj.)‏
يحتوى على . يشمل . ‎١ contain (v.)‏ يقبض الأمعاء ‎constipate (n.)‏
يجمع . يعيش عفيفا أماك }.( ‎constipation‏
‏يلوث . يفد . يلطخ ‎(v.)‏ 000187010816 | يسن (تشريعا )؛ ينصب ‎constitute (v.)‏
يهين . يحتقر ‎contemn (v.)‏ | دستور ‎constitution (n.) . skl‏
يتأمل . يتفكر فى ‎contemplate (v.)‏ مزاج. بنية"	al-shamil-dictionary
131	"contemporary (adj.) ‏لي‎ | contrabandist (n.) e
contempt (n.) ‏استخفاف . احتقار . ازدراء‎ | contraception (n.) ‏منع الحمل‎
contend (v.) ‏يجادل. ينافس . ينازع‎ | contraceptive pills (n.) ‏حبوب منع‎
content (n.v.) ‏الحمل رضا. قناعة. يقنع . يرضى‎
1056 - ed with ‏يرضى ب‎ | cOMlract(nv.) . ‏اتفاقية . شروط . خطية‎
contention (n.) ‏تضال. نزاع‎ Al - ‏عقد‎
‎contents (n.) ‏محتريات‎ | 10-adebt ‏يتداين . يدين‎
contest (mv.) 0 ‏منافسة - ينافس . ينازع‎ contracting (1.) ‏متعاتدرن‎
‎contestable (adj.) 1 ‏قابل للخلاف‎ -- company ‏شركة مقاولات‎
‏الجدل‎ Contration (n.) ‏انكماش‎
‎contestation (n.) ‏مقاومة . اعتراض‎ contractor (n.) ‏مقاول‎
‎context (n.) ‏علاقة . سياق الكلام‎ | contradict (v.) ‏يناقض . يخالف‎
contexture )8.( . ‏تركيب . ارتباط . نظام‎ | contraposition )8-( . ‏مكان مقابل‎
contiguous (adj.)  رزاجم‎ . ‏مضاد ملاس‎
continence (n.) ‏حت‎ | contraption (n.) ‏بدعة‎
‎continency (n.) ‏كبح الشهوات‎ | contrary (adj.nadv.) - ‏مضاد. معاكس‎
continent (adj.n.) ‏عفيف . قارة‎ Al ‏النقيض . العكس- على نحر‎
continual (adj.) ‏دائم .مستمر‎ | cONURS (M) ‏تضاد-يختلف. يضاد‎ .
continue (v.) ‏يداوم. يستمر . يتابع‎ conribute (v.) ‏يسهم فى . يعاون.‎
contort (v.) ‏يهب . براسصل جريدة يحلى بقوة . يلوى‎
contortion (n.) ‏التراء. اتحناء‎ ١ contrite (adj.) ‏نادم . تائب‎
contour (n.) 0 ‏حدود. استدارة. شكل‎ | 001008068 (n.) ‏وسيلة . اختراع‎
conta e | 0000806 (0 0 ‏يخع. بوجود وسيلة‎
- 06501085 ‏دواعى عدم الإستعمال‎ | o ‏ع‎
‏رقابة. ضبط ترجه - براقب‎
contraband (n.adj.v.) - ‏بضائم مهرية‎
‏يضبط . يوجه . يسيطر على منوع .مهرب - يهرب الأشياء‎
‏الممنوعة‎"	al-shamil-dictionary
132	"إدانة . اعتقاد ‎(n.)‏ 007160000 | يمكن السيطرة عليه ‎controllable (adj.)‏
يضع . يثبت على ‎oty | convince (v)‏
بشوش. مفرح ‎convivial (adj)‏ | جدلى ‎controversial (adj.)‏
يجمع . يدعو للإجتماع ‎(v.)‏ 0007058 | مسالة خلافيه ‎Issue‏ --
ملفوف . ملتف.  ‎convoluted (adj)‏ | مناقشة. جدال ‎controversy (n.)‏
معقد يناقش . بجادل ‎controvert (v.)‏
‎١ convolution (n) 4. 4. Sl‏ يضرب-يخبط ‎contund (v.)‏
أحد تلافيف الدماغ. كدمة . رض . صدع ‎contusion (n.)‏
قافلة . ركب . حراس اثناء (.0.7) لإ600170. يجتمع . يحتشد ‎convene (v.)‏
السفر . جنازة. مشهد - يحرس ملاءمة . موافقة ‎convenience (n.)‏
أثناء السفر. يواكب ملام . موافق ‎convenient (adj.)‏
يرتعش . يضطرب ‎(V)‏ 00070015 | عرف. معاهدة. ميثاق ‎convention (n.)‏
‎dax‏ اهتزار ‎convulsion (n.)‏ يتقارب . بتركز . يتجمع  ‎(v.)‏ 60076:86
أرنب رومى . وبر .غنم بنى  ‎cony(n)‏ | الإتجاة إلى نقطة ‎convergence (n.)‏
إسرائيل واحدة. نقطة التقاء
يهدل ( الحمام ) - هديل 0008© | محادثة. معاشرة. ‏ )( ‎conversation‏
‏طباخ. يطخ ‎cook (m.v.)‏ مخالطة
جهار الطبخ ‎cooker (n.)‏ | بتحدث مع-محادثة ‎converse (nadj)‏
‎e‏ مطبخ ‎cookerie (n.)‏ تغيير . هداية . اعتناق ‏ )1( ‎conversion‏
‏غربية ‏ كعك محلى ‎cookie . cOOky‏ دين أو مذهب جديد
رطب . بارد . هادىء ‎ -‏ (.80[.7) 6001© | هدى .رد . -يهتدى . يرتد ‎convert (nv.)‏
يرطب . يهدىء . يسكن يدخل شخصا ‎somebody 1010 Islam‏ -
برميل . زرية -يزرب . يحبس  ‎(M.}‏ 000 فى الإسلام
صانع البراميل ‎cooper (n.)‏ | محدب ‎convex (adj.)‏
يعاون. يتعاون على العم ‎co-operate (v.)‏ | يوصل. ينقل ‎convey (v.)‏
تعاود . جمعية تعاونية )( 00-0881800 | توصيل . نقل . تداول  ‎conveyance (n.)‏
أو قابة مذنب. مجرم = يجرم  ‎(M)‏ 6009161"	al-shamil-dictionary
133	"الالتكك
انسخة ميضة ‎clean--‏ | تعارنى.معارن | ‎co-operative (adj.)‏
نسخة مسودة ‎rough-‏ | من ‎i3,‏ واحدة. ‎co-ordinate (adj.v.)‏
امتياز المؤلف . حقوق ‎copyright (n.v.)‏ يرتب . ينسق
أعادة الطبع- يسجل حق تسار فى ‎co-ordination (n.) . i3}‏
التأليف. ترتيب. تنسيق
تدلل . مغازل. سيدة ‎coquet(nvadi)‏ | دجاجة الما .غرة ‎coot (n.)‏
مفناج - يغازل . يداعب . مقتاج أحد الشركاء ‎co-owner (n.)‏
مرجان .دمية أو حلية  ‎coral(nad))‏ | رأس . قمة.غرة الطائر - ‎cop(nv)‏
‏مصنوعة من مرجان - مرجانى يرق
اللون (قرنفلى غامق ) يشترى . يسارم يكافح . يتغلب ‎cope (v.)‏
سمك مرجان ‎fish‏ - الإفريز الائل ‎coping (n.)‏
دعامة بشكل حلية . يزرد (:00081)8© | منشار القطل . منشار ‎coping saw (n.)‏
بدعامة على شكل حرف ‎Ut‏ (منشار
حبل. يشد بحبل ‎ot cord (n.v.)‏ النصل قصير )
قلبى الشكل ‎cordate (adj.)‏ | غزير . وافر. كثير ‎copious (adj.)‏
الحبل الشوكى -- ‎spinal‏ نحاس أحمر. قدر.حلة ‏ )( ‎copper‏
‏الحبل المنوى -- ‎spermatic‏ أفمى 4 ,%& ‎copperhead (n.) Ll‏
الحبل السرى ‎umblical‏ | دغل .غابة صغيرة . ‎coppice (n.)‏
الأحبال الصونية -- ‎vocal‏ شجيرات
حصار . رشاح )0000© | القبطى ( أحد اقباط نصر)  ‎copt(n)‏
‏حصار صحى -- ‎sanitary‏ تقبطى - القبطية )& ‎coptic (adjn.)‏
اسكافى . جزماتى - ‎cordwainer (n.)‏ الأقباط )
لب . نواة - ينزع الب ‎core(nv.)‏ | الاقباط ‎The Copts (n.)‏
كزيرة )( ‎coriander‏ | يصل.بربط. ‎copulate (v) by‏
سدادة الزجاجة . فلين -يد (.080)09 جماع . مسائدة ‎copulation (n.)‏
بدادة نسخة. صورة = يسخ , يقلد. (.8.0) ‎COPY‏ ,أ
مدودة بالفلين ‎corked (adj.)‏ ينتل"	al-shamil-dictionary
134	"cork-screw )8.(  تاجاجزلا ‏اداة لفتح‎ | corpulence ‏م‎ et
com(nv) - ‏ذرة. قمح . حثطة.غلال‎ | corpulency :
‏يملح اللحم‎ s ‏يزرع‎ corpulent ‏بدين . سمين‎
Indian -~ ‏ذرة صفراء او شامية‎ | Corpus Christi(n) ‏عيد الجسد. عيد‎
corner {n.v.) - ‏القربان ركن . زاوية . حافة‎
‏يزوى . يحتكر . ينعطف‎ corrade (v.) ‏يحث . يحفز بالعمكس‎
comerer (n.) ‏سياج مؤقت.حظيرة - 0 (80) 0853© | محتكر‎
comet (n.) ‏يحبط بسياج. يزرب بوق. قمع‎
com-flour (n.) ‏طحين الذرة‎ | 0086! (adjv) - ‏مضبوط . صحيح‎
20701160818 )7.( ‏يضبط . يصحح . يعالج 05 الخصب أر الوفرة.‎
‏تصحيح . ضبط . محايدة )1( 600800000 حلية قرنية الشكل‎
corrolla (n.) ‏تويج . ورق الزهر‎ | hoUSe 0 -- ‏سجن الأحداث . أصلاحية‎
00008 (n.) ‏تاج . أكليل. هامة‎ | corrector (n.) ‏مصحح‎
‎coronet (1) 0 ‏تاج الامراء. اكليل من‎ | comelate )0.0( ‏علاقة متبادلة . يرئبط ب‎
‏اذهب أو جواهر . أدنى الرسغ‎ correlation (n.) ‏ارتباط . صلة‎
corporal (nadj)  .)فيرع( ‏أرنباشى‎ | comelative (adij  مزالتم.لوصوم‎
‏لفافة. غطاء - جدى‎ correspond (v.) ‏يوافق . يطابق . يناسب‎
‏بدنى. شخصى‎ correspondence (n.) ‏مراصلة . صلة.‎
- possessions  ةيصخش ‏توافق. انسجام ممتلكات‎
- punishment ‏عقوبة جسدية‎ | corridor (n) ‏رواق . دهليز . ممشى‎
corporate (adj.) ‏متحد. مشترك‎ | corrigible (adj.) ‏قابل للتقويم أو‎
corporalion )8.(  ةباقن‎ . ‏التهذيب هيئة . جمعية‎
‏رسمية. حرفة‎ corroborant (adj.) ‏مثبت . منشط . يؤيد‎
corporeal (adj.) ‏عينى . مادى . جسمانى‎ | corroborate (v.)  تبثي‎ . ‏يعزر . يؤيد‎
corps (n.) 554~ | comoborative (adj) oty
medical - ‏القسم الطبى‎ ١ comode (v.) ‏يصدا. يتاكل‎
corpse (n.) ‏جيفة. رفات‎ 2 | corrosion () ‏صدا. تاكل‎"	al-shamil-dictionary
135	"| علم نظام الكون 0 ‎cosmology (n)‏ | يثتى.بموج ‎corrugate (v.)‏
الكون. النظام الكونى  ‎cOSMOS (1) T‏ | فاسد. متصفق . مرتشى ‎corrupt (adj.v.)‏
ولد مدلل - حمل ‎cosset(n.v.) sy‏ - يتعفن . يفسد. يحرف . برشو
- يدلل رشوة. تعفن . فساد ‎corruption (n.)‏
اثمن . قيمة. تكلفة - يكلف ‎cost(nv.)‏ «أخلاقى». إفساد
السعر الاصلى - ‎prime‏ يفسد. ينشر الفساد - ‎spread‏
‏ضلعى . من الاضلاع )08 | رشوة. صديد ( قيح ) ‎(n.)‏ 60000010655
نبات عطرى ‎costmary (n.)‏ | خصر. صديرى ‎corsage (n.)‏
الوب . بذلة.كسوة ‎(n.)‏ 05006 | قرصان. من لصرص البحر )1( ‎COMSIT‏
‏كوخ . أرجوحة . سرير ‎cote (n)‏ | درع يلبسه المحاربون للوقاية ‎corslet (n)‏
برج *الحمام"" حظيرة الغثم  ‎cote(n)‏ | مشد (الوسط ‎e, S (Ll‏ )( :60556
عشة. كوخ ‎cottage (n.)‏ حاشية . مشهد. مركب ‎cortege (n.)‏
قطن . نبات القطن - يتحد (8.00) ‎cotton‏ | قشرة.غلاف ‎cortex (n.)‏
مع. يتفق مع . يتصاحب مع قشرى. له قشر ‎cortical (adj.)‏
مقعد. كوشة. مضجع - ‎couch(nv.)‏ | ياقوت ‎corundum (n.)‏
يستربح . يضطجع . يطرز ‎coruscant (adj.) sl‏
‎couches,raised couches it‏ | يبرق . يتلالاً ‎coruscate (v.)‏
السبع الأمريكى (من جنس ‎cougar(n)‏ | تسخير. سخرة ‎corvee (n.)‏
الفهد) العذق ( نوع من الازهار  ‎corymb (n.)‏
سعال.يبعل ‎cough (n.v.)‏ عنفودية الشكل )
مجمع . محفل . مجلس (.) ‎council‏ | زكام شديد. نزلقم برد شديدة  ‎(n.)‏ 60028
شورى. مجلس ماحيقى لتجميل الوجه (.8) ‎cosmetic‏
‏مجلس الوززاء 00018150655 © دليوى , مختص ‏ (ز4ة) ‎cosmic, - al‏
عضو فى ‎councilor, councillor (n.)‏ بالنظام الشمسى . منظم
مجلس الشورى الأشعة الكونية ‎rays‏ -
| استشارة. مشورة . محاء - ‎counsel (mv.)‏ | علم وصف الكون )1( ‎cosmography‏"	al-shamil-dictionary
136	"لا يحصى.لا يعد ‎countless (adi)‏ | انصحتى. ‎2l‏ على ‎me!‏ -
قطر . أقليم ‏ وطن )( ‎country‏ | أرصبك بتقرى ‎I-youtofear Allah‏
الريف -- ‎the‏ الله
الريف . سكان الريف ‎countryside (n.)‏ مستشار سحام فقيه سبي
مقاطعة . ولاية. أقليم ‎counselor county (n.)‏
اضربة. إنقلاب. خبطة ‎coup(n)‏ | حساب.إتهام - الس
الزوجان. اثنان - يربط . ‎couple (n.v.)‏ يحب. بعد
يقرن يمكن عده أو حسابه ‎countable (adj.)‏
‎g‏ اثنان. بيت شعر  ‎couplet(n)‏ | كونت ( لقب شرف ). )1( ‎count‏
‏الاقتران . أداة تربط ما بين ).7( ‎coupling‏ نبيل
جزئين من آلة ملامح , هدوة - ‎countenance (n.v.)‏
كوبون. قطعة ‎coupon (n.)‏ يتحن. يزيد
شجاعة , جراءة. بسالة 0 ‎courage(n)‏ | مؤيد. نشجع (.0) ‎countenancer‏
‏شجاع . جرى . مقدام ‎courageous (adj.)‏ على نحومعاكس - ‎counter (adv.adj.v.n)‏
ساع . نافل المراسلات ‎courier (n.)‏ | مخالف - يقاوم . يعاكى -
ملك . طريق . أسلوب. ‎course (n.v.)‏ طاولة أومنضدة فى محل . عداد
شوط. سير . منهاج .دورة - شهادة نفى -
يتب . يجرى. يبر . يطارد يعبق . يبطل . يرقف ‎counteract (v.)‏
بالدور. بالتتابع ‎in--‏ | أعاقة. إيقاف.  ‎counteraction (n.)‏
فى خلال ‎in the -- of‏ معاكسة
الدورة الشهرية (حيض) - ‎monthly‏ | مزور. مزيف = (لزفة) ‎comterteit‏
‏[ اه | يزود.يزيف 1
مجرى ماء _ ‎owarer‏ | غطاء. حاف ‎(n.)‏ مسقم عام |
بلاط الملك. حاشية. محكمة. (0.0) 0086 | ينكر . يدحض ارم ‎counerplead‏ |
ساحة - يلاطف . يتودد إلى . سر الليل ( بين )( معاد ,
يجامل الجنود )
محكمة شرعية -- ‎religious‏ كونتيه (لقب ‎(G2‏ رخص |"	al-shamil-dictionary
137	"سرب طير . جمعية . لجنة )1( ‎coVey‏ | مجامل . لطيف. حلو ‎courteous (adj.)‏
بقرة - يخوف. يرعب 0 )1( ‎COW‏ الحديث
الجبان. التذل. جبان ‎coward (nadi)‏ | القارىء الكريم ‎reader‏ ع
نذالة ‏ جبن ‎cowardice (n.)‏ | عاهرة. زانية ‎courtesan (n.)‏
راعى البقر ‎cowboy (n.)‏ ملاطفة . مجاملة ‎courtesy (n.)‏
ينحنى على ركبتبه. يجثر ‏ (082)7© | دار القضاء . المحكمة (.8) ‎courthouse‏
‏قلنسوة ‎cowl(n)‏ | محكمة عسكرية  ‎court-martial (n.)‏
جُدَرى البقر ‎cowpox (n.)‏ | مغازلة . استعطاف ‎courtship (n.)‏
خجول - يستحى . ينفر  ‎ocoy@din)‏ | ساحة. حوش ‎courtyard (n.) WL‏
بخجل ‎coyly (adv.)‏ | ابن أو ابنة عم أو عمة .ابن )1( ‎cousin‏
‏خجل. استحياء ‎coyness (n.)‏ أو ابنة خال أو خالة
الفيوط ( ذلب صغير ‎coyote(n)‏ | خليج صغير. مرفا.ملجا 0 ‎cove(n)‏
‏بالبرارى الغربية بأمريكا عهد . ميثاق. شرط - ‎covenant (n.v.)‏
الشمالية ‏ ايع . يعاهد. يواثق
يحتال على . يخدع ‎cozen (v.)‏ | نكث العهد - إن ‎break‏
‏احتيال. خداع ‎cozenage (n)‏ | نا كد شيعا
سرطان . برج السرطان ( فى ‎oerab(mv)‏ | أهل الذمة ‎the -- ed‏
الفلك). تفاح برى - يثير غطاء . مخيا. ستر - يغطى . ‎cover (n.v.)‏
فرقعة . خبط - يكسر. ‎crack (nvadj)‏ | تغطية الأحداث ‎coverage (n.)‏
ينشق - متفرق غطاء الفراش . لحاف ‎coverlet (n.)‏
خفيف العقل ‏ (/24) ‎crack-brained‏ | ملجا. ادعاء. سر .ريش ‎covert (n.adj.)‏
الفشار طقطوقة. كسارة 0 ‎cracker (n.)‏ الطير - سرى . مقنع
البندق سرا. بشكل مستور  ‎covertly (adv.)‏
مهد . ارجرحة - بهر الطفز ‎eradle (nv)‏ | في السر والعلن ‎~-and openly‏
‎Y‏ يحصد الزرع يشتهى يتشهى . يحد ‎covet (v.)‏
امشته. سود (.ز4ه) ‎covetous‏"	al-shamil-dictionary
138	"كرفت . رابطة ‎cravat(m) ol‏ | مهنة. حرفة. طائرة. حيلة ‎craft (n.)‏

يشتهى . يتوسل . يتوق * إلى * (.) ‎crave‏ مركب

أعرذ ...07016610070011 ‎1_Allah‏ مكر . احتيال ‎craftiness (n.)‏
بالله من صاحب صنعة. الحرفى ‏ )1( ‎craftsman‏

شخص جبان -خراف. ‏ ([8.34) ‎craven‏ | مكار . محال بارع ‎crafty (adj.)‏
جبان رأس صخرة ‎crag (n.)‏

حوصلة « الطيور ».كرش 0 (8) 6587 | يحشر. يحش . يكيس ‎MWL)~‏
‏«الحيوان» حشر .كيس

cramp (nvadj)  - ‏تشتج.خطات‎ | CraWl(un)  فحر‎ - ‏يزحف. يحيو‎

جراد البحر ‎crayfish (n.)‏ يتشنج ‎N‏ ضيق . معقد

قلم طباشير أو فحم ‎crayon (nv.)‏ | ونش-يرفع برافعة . يترد ‎crane (n.v.)‏
للرسم - يرسم جمجمى. تتعل بالجمجمة (./24) ‎cranial‏

اجنون. شق - يجن . يشى ‏ (-6:828)77 | جمجمة ‎cranium (n.)‏

مجنون. أحمق ‎crazy (adj.)‏ | ذراع .نزوة - يتلوى . ‎crank (n.v.adj)‏

صربر-تزيف-يصرصر-يزيف )( 0:88 | يلوى - قلق .عرضة للإنقلاب

crankshaft (n.) S ‏العمود‎ | cream (ny.) ‏قشدة. زبدة - ينزع القشدة‎

جلاتى - ‎iced‏ نشيط . جرى, . قلاب - ‎cranky (adj.)‏

ممخضة اللبن. معمل 0 (.8200607/)8© | شق خدش - متهور. ([0.30) ‎cranny‏
‏الزبدة ‎by‏ عجول

دسم مثل الزبدة والفشدة ‎creamy (adi)‏ | كريشة. كريب أسود. ثاب الحداد  ‎crape (n.)‏

كرمشة . يجعد - يكرمش . ‎CTERSE (M)‏ | ضجيج . نهشم . صوت ‎crash (n.v.)‏
يتجمد الكسر - يهشم . يرتطم

يوجد . يخلق . ييلع . ييتكر ‎create v)‏ | خشن. سمج ‎crass (adj.)‏

©8216 (nV.) o ‏قفص - يضع فى‎ | Created (n) ‏مخلوق‎

crater (n.v.) ‏فوهة البركان‎ | - beings ‏خلائق‎

إيجاد . خلق . إبداع . إبتكار ‎creation (n.)‏ اقضم . فرش - يقضم ‎craunch (n.v.)‏

البرية. الخلق -- ‎the‏ يقرقش"	al-shamil-dictionary
139	"كريوزوت . خلاصة )0016© | موجد. ميدع . خالق. بتكر ‎creative (adj)‏
القطران الخالق 3 من أسماء الله ‎Creator, The‏
كريب ‎gt‏ من الحديد 0 (8)8م08 الحسنى ؟
الخام ؟ مخلوق. خليقة , كائن.  ‎creature (n.)‏
يطقطق . يفرقع ‎ol crepitate (v.)‏
هلال - متكاثر .نام . ‎cTEsCENt (nad))‏ | تصديق . ثقة. اعتقاد ‎credence (n.)‏
متزايد خطابات أر شهادات ‎credentials (n.)‏
جرجير ‎cress (n.)‏ اعتماد. رثيقة
نبراص. مشمل ‎cresset (n.)‏ | اعتقاد. تصديق .سطوة. 0 ‎credit(nv.)‏
‏عرف الديك . ‎crest(n) Lyt ik,‏ شهادة. سند . دين . قرض +
الخوذة. عزة نفس ائتمان. يوثق ب ؛ يعتمد على
بحارة . زمزة ‎٠ crew (n.)‏ يقرض
خيط التطريز . غزل صرفى ‎crewel (n)‏ | دائنء صاحب الدين ‎creditor (n.)‏
غربال-يغريل ‎cribble (n.v.)‏ | تليم .سلامة نية. ‎credulity (n.)‏
تشنج. بيس العفلات 0 ‎crick(n)‏ سرعة التصديق
صرصار الليل . لعبة ‎cricket(n.)‏ | بسيط.ساذج ‎credulous (adj.)‏
الكريكت. كرسى راطىء ملة . مذهب. اعتفاد . عقيدة. (.7) ‎creed‏
‏جريمة. جرم. ذنب ‎١ crime (n)‏ خليج . جدول. نهير ‎creek (n.)‏
مجرم-جنائى إجرامى (.[0.80) ‎criminal‏ | سلة من القصب ) الغاب  ‎creel (n.)‏
محكمة الجنايات ‎court‏ - | يزحف. يحبو. يلق ‎creep (v.n)‏
قانون العقوبات . القائون وا ‎ol‏ - زحف . حبر .
يتهم بعمل جنائى ‎١ criminate (v.)‏ يتلل إلى ‎into‏ -- 10
يدين ‎S‏ متسلق. حيوان زاحف ,)( ‎creeper‏
‏شكوى . تهمة . شكاية )1( ‎crimination‏ طائر متلق
موج . يثنى . يجعد الشعر, يغرى ‎(V)‏ 06008 | يحرق جد ايت ‎cremate (v.)‏
قرمزى اللون ) ‎crimson (udj‏ | حرق احراق جد الت 0 ‎cremation (n.)‏"	al-shamil-dictionary
140	"cringe (v.) ‏يتذلل.يتملق‎ | crop(ny)  .داصح ‏محصول.غلة.‎

حوصلة الطيور - بحصد. يقطع 5.4 - يلف .2 . ‎crinkle (nv)‏
دوائر اللحاصيل ‎crop circle (n.)‏ يتجعد

« أشكال على هيئة الحلقات مقعد. كيح - يعطل.  ‎cripple (m.v.)‏

المتداخلة نظير فى حقول الغلال يثل

عند رؤيتها من أعلى + أرمة.شدة ‎crisis (n.)‏
صلبب. نجربة ‎cross(nadjv.)‏ | معيار ‎criterion‏

النصرانية - متعارض. متقاطع الفرقان ‎The Criterion‏

criterion of right and 107008 ‏الفأيصل‎ ٠ ‏متعاكس. غضبان - يعيبر‎ .

‎s‏ يقطع . يعارض . يصلب بين الح والباطل. الفرقان
حول (مرض) ‎crosseye(n)‏ | نار ‎critic (n.)‏
أحول ‎critcal (adj) izt | cross-eyed (adj)‏
بالعرض ‎crosswise (adj.) s,‏ يعقد. يقدح  ‎criticise , critize (n)‏
علامة موسيقية ‎criticism (n.) I I‏

‏( ) هلال فى الطباعة. تخيل ‎G‏ الضقدع . نعي الغراب - ‎croak (vn.)‏
يسجد. يجثو. يتحتى = ‎crouch (vn)‏ يثق- يلعق. يتذمر

‏اسجود. جلوم أبرة معقوقة الطرف . كرشية . ‎crochet (n.)‏
غراب . صياح الذيك ‎crow (nv)  -‏ صنارة

‏يصيح الديك جرة. أنية فخارية ‎crock (n.)‏
‎e‏ رافعة ‎crockery (n.) Gy | cTOwbar(n)‏
زحام . جمهور . يحتشد. يملا ‎crocodile (n.) o crowd (n.v.)‏
أفواجا ‎in crowds‏ كركم . زعفران ‎crocus (n.)‏
تاج . أكليل . قمة . ريال ‎(v‏ 00 | حقل او تان بجوار السكان )1( ‎ROt‏

‏اشجليزى . ملك . دولة . السلطة امرأة عجوز ‎crone (n.)‏

‏الملكية - يتوج . بكلل . بنجز » لص . محتال . التراء . عضا الراعى )1( 6002©

‏يشرف.بعز أعوج. أحذب اس لز ([00) ‎crooked‏
‏ولى العهد ‎prince‏ -"	al-shamil-dictionary
141	"يحم . يكسر . يسحق.  ‎oerush(vn)‏ | مصلب. مشيك. تلم ‎crucial (adj)‏
يحرش - دش . جمهور يعذب . يوجع . يشكل صليب ‎cruciate (v.)‏
محتشد. عصير فاكهة ‎crucible ).( @y‏
قشرة الخبز . قشفة , غلاف. ‎CRUSLOLV)‏ | صليب.صليب ‎crucifix (n) ooy‏
غشاء - يكر بقشرة صورة المسيح
مثل القشر . صلب. ناشف (./28) 0051© | يصلب. يميت الشهوات  ‎crucify (v.)‏
عكاز الأعرج . دعامة - (000) 0068© | خام.نى . سخيف.ركيك ‏ (زفة) 0046
يند. يدعم ركاكة . نقص ‎crudeness, crudity (n.)‏
بكاء . ثداء صراخ - ينوح. ‎(V)‏ 97© | قاس.عفيف . صارم عقل  ‎cruel(ad).)‏
‎(S‏ ينادى قساوة. صرامة.عنف ‎cruelty (n.)‏
يذم .يعيب «دك - | زجاجة أو ابريق التوايل 00 ‎cruet(n)‏
‏يحقر -- | قرصنة. طواف البحر ‎cruise (nv.)  -‏
يتوسل إلى م يطوف البحر
يستغيث . يظهر . يصرخ ‎out‏ -- طراد. سفينة طوافة لمراقبة ‏ (.0) ‎cruiser‏
‏يتذمر من ‎out against‏ - السواحل
‎crum, - b (n) . s s | --out, on or upon i‏
يتوسل إلى . ييتهل د اا حب ‎crumble (wn)‏
يدح ا ‎١‏ يطحن. يضرب بعنف - (.0) ‎COUMp‏
‏بارد. مثلج . متجمد 0909-7 لكمة قوية
‎Cryo -‏ | يتجعد. يجعد. ينهار ‎crumple (v.)‏
الجراحة بالتريد ‏ (8) 600000508807 | صوت القرش أو رخا ‎crunch‏
‏مقاد للحنى - ‎cryogenic (adjn)‏ الضغ - يقرش. يسحق
مخفض للحرارة حرب صليبية ‎crusade (n.)‏
الجراحة التريد 0 ‎١ cryosugery(n)‏ على ‎crusader (n.)‏
العلاج بالتريد 0 ‎eryotherapy (n)‏ | الحروب الصليية ‎Crusades . the‏
‎cryplogenic diseases (n) i ]‏ | حق. قارورة ‎cruse (n.)‏"	al-shamil-dictionary
142	"المتدرع . سفينة مدرعة. ‎cuirassier (n)‏ | بلورة. يلورى ‎crystal (n.adj.)‏
الفارس المتدرع يتبلور , يجمد ‎crystalize (v.)‏
يتخب . يجمع . ينقى («) الل© | شبل . جرو الدب ‎cub (n.)‏
مصفاة ‎cullender (n.)‏ | جسم مكعب. نرد. زهر الطاولة ‏ (.008)8اع
‎cube oot (n.) S, | cully (adf) ik‏
يبلغ نهاية الدرجة ‎١ culminate (v.)‏ كبابة ‎cubeb (n.)‏
يتكبر . ‎gl‏ أوج ‎culmination ()t‏ | مكعب ‎cubic (adj.)‏
مجرم. مذنب ‎culprit(n)‏ | ديوث - يديث.يتديث ‎cuckold (nv.)‏
قاب للزراعة أو التحسين ‎cultivable (adj.)‏ | ديوث. الوقواقى (طائر) ‎cuckoo (n.adj.v.)‏
يزرع . يحررث . يربى . ‎cultivale (V)‏ - بديث. يتديث
يرنى. يصلح خيار ).1( ‎cucumber‏
‏زراعة . فلاحة . خدمة (.88) 011781100 | مضغة - يجتر . يمضغ . يتأمل ‎cud (n.v.)‏
محراث . أداة لعزق ‎cultivator (1) 5 Y1‏ يندم
ثقافى ‎culwral (adj)‏ | يتامل فى -- ‎chew the‏
تربية . تهذيب . تثقيف . . ‎(V)‏ 00058أفا© | يجثم . يربض . يختبىء . يكمن ‎(v.).‏ 000[6©
مدن - يثقف . يزرع. يمدن يعانق . يحضن
حمامة ‎CUlVEr(n)‏ | قمرة. حجرة صغيرة فى 0 (8) لإ000©
‎Gis‏ تحت الأرض للاسلاك ‎i culvert (n.)‏
الكهربائية . بالوعة. بربخ هراوة. نبوت - بضرب  ‎cudgel (mv.)‏
يربك . يعرقل . يلخم ‎cumber (v.)‏ بالنبوت أو الهراوة
معرئل . ثقيل . بابك ‎cumbersome (adj.)‏ | يقدح ذهنه ‎his brains‏ -- 10
كمون ‎cumin(n)‏ | طرف .ذنب. ذيل . رمز. إشارة. )( ‎Qe‏
‏0,5 يكدس . يجمع ‏ )1( ‎cumulate‏ مف
دهاء. حبيث - محتال. ‎cunning (nadj)‏ | يفهم . يلمح له . يعطيه الفرصة ‎givehis__‏
‏مكار 2 كف . صفعة .كم ( أى ‏ (.0) 0007©
فنجان. كاس - يحجم ‎cup (n.v.)‏ أصورة قميص )
بالكأس . يجرف زرد. درع ‎cuirass (n.)‏"	al-shamil-dictionary
143	"تجعد. تجعيد ‎curing (n)‏ | دولاب. غزانة ‎cupboard (n.)‏
عملة . تداول . رواج .سير )1( ‎curTEnCy‏ | صداقة مصلحة . وداد منفعة ‎love‏ -
اشاعة الا الحب . رسول الغرام 0 (.0) 0018©
أوراق مالية .عملة ورقية -- ‎cupola {n.) L] paper‏
مجرى. تيار .سيل - ‎coment(nadi)‏ | كلب .ليم تذل ‎cur (n.)‏
متداول. مقبول. عمومى قابل للشفاء . يعالج ‎curable (adj.)‏
الشهر الجارى . الشهر الحالى 000000 | قيس . نائب خورى . خورى )1( 005316
بهار هندى . ينظف الحصان (6.) ‎UMY‏ | علاجى . دوائى . شاف ‎curative (adj.)‏
يلعن. سب ‎Bl | curse(v)‏ وكيل ‎curaor (n) .y‏
جار اسيل - ‎cumive@din) ks‏ أ ‎s‏
‏رفعة حاشية . انحناء - يلجم .0 ‎(mv.)‏ 0:0
حرف رقعة ‎letter‏ - يكبح . يضبط
مختصر. جاف ‎curt(adj)‏ | كَركُم . عُمثر ‎curcuma (n.)‏
ستارة. حاجز ‎(n.)‏ 000800 | جبن- يجمد. يخثر ‎curd (n.v.)‏
تعنيف الزوجة لزوجها .18000076 -- يروب اللبن. يخثر ‎curdle (v.)‏
علقة المخدة لبن رائب . لين ‎curdied milk (adj.)‏
انحثاء . تفوس . مائل ‎curve (n.)‏ زبادى
نطة. ولية ‎curvel(n)‏ | علاج .دراء.شفاء ‎cure (n.)‏
مخدة. وسادة. ‎CUShION (1) i‏ | يشفى . يداوى. يعالج يملح . ‎offv.)‏ , 6018
حلو من السكر والبيض ‏ )1( ‎custard‏ يقدد
واللين تحنة . نادرة . طرفة ‎curio (n.)‏
قشطة . قشدة (اسم فاكهة )0081 << | حب الإستطلاع . فصول )1( ‎curiosity‏
‏أمين . مراقب . وكيل على ‎custodian (n.)‏ | فضولى. ‎curious (adj.) o‏
امحل عمونى للاستطلاع . نادر. ظريف
‎i)‏ حبس . حفظ . حراسة )1( ‎CUSIOAY‏ | خصلة . جعدة شعر .فوج - ‎Ul (nv)‏
'جمرلا .عاد . مخصلة . معاملة . زبائن )1( ‎CUSIOM‏ يجمد. بموج
رسوم جمركية . رسوم ‎S0‏ 400068 -- | الكروان. طائر مغرد .( ‎curlew‏"	al-shamil-dictionary
144	"مركب شراعى . أداة أو آلة  ‎cutter(n)‏ | تؤخذ عليه رسوم  ‎customable (adj.)‏
أجهزة تص )( ‎cutters‏ | مالوف . اعيادى - (زفة) ‎customary‏
‏القائل . السفاح . ‎cut-throat (n.adj.)‏ ربون. عميل ‎customer (n.)‏
طير أحمر - سفاح جمرك ).1( ‎customhouse‏
‏لونه أررق سماوى ‎cyanean (n.)‏ ارسوم جمركية ‎customs (n.)‏
سياتوجين ( مادة زرقاء ‎١ 800880 (m)‏ قطع . جرح . طراز . تفصيلة .
اللون ). غاز سام صورة شريحة
دورة. فلك . عصر . جيل )1( 0616© | يقطع . يقص . ينحت . يحسم. 0 (01)8©
عجلة - يدور . يركب دراجة يحصد ‎٠‏ مقطوع . مزخرف . ‎cut (vadi)‏
داثرى .دورى ‎cyclic, - al (adj.)‏ مخصى . مذبر
المركبات الحلقية ‎cyclic compounds (n.)‏ | تخريمة . أقصر الطرق -- ‎a short‏
راكب الدراجة ‎cyclist(n.)‏ | يحفر قناة ‎a canal‏ -- 10
زوبعة . إعصار )0100© | يرى القلم 10-0
خرافى . هائل الحجم ‎cyclopean (adj.)‏ يتجاهل . أو يقاطع ‎a person‏ -- 10
موسرعة . دائرة ‎cyclopedia }{”.),.U..‏ ينقص . يخفض . يحذف -- 10
‎cyclopacdia‏ | جلدى. بشرى ‎cutancous (adj.)‏
‎oIS‏ «عملاق خرافى )( 1085© | جلد. بشرة. ادمة ‎cuticle (n.)‏
بعين واحدة » جلدى. بشرى ‎cuticular (adj.)‏
آلة قياس سرعة دوران ‎cycloscope (n.)‏ | القطلس ‎١‏ سيف فصير ‎cutlass‏
‏العجلة مقوس للبحارة » ) ""ما
أسطوانة. عمود ‎cylinder (n.)‏ | سمك اليف ‎cutlass fish (n.)‏
اسطوانى . عمودى (047) ل2-,6ة:0100© | صانم أو بائع ‎cutler(n) (SIS‏
رفرف. موجة لقص والالات
الصنج؛ آلة موسيقية 8 (.8) ‎cymbal‏ | أدرات تناول الطعام ‎cutlery (n.)‏
ضارب بالصنج ‎cymbalist (n.)‏ | نشال (.1) ‎cutpurse‏
‏سعر مخفض رخيص (.[20 0) ‎cut-rate‏"	al-shamil-dictionary
145	"ألم بالمثانة ‎cystodynia (n.)‏ | ويلزى١‏ من مقاطعة  ‎Cymric (adjn)‏
ذو حويصلات . ذو ‎by cystosy (adj.)‏ بإنجلترا ؟
مثانات. كيسى الشعب الريلزى ‎Cymry (n.)‏
السيتولوجيا. علم ‎CYtology (n) U‏ | جاف .كرس نطب ‎(adj)‏ لممعتمن
انحلال الخلايا (.0) ‎cytolysis‏ الرجه . تهكمى
مادة الخلية ‎S | cyloplasm (n)‏ شراسة ‎cynicalness (n.)‏
‎gl‏ . القيصر ‎czar(n)‏ | تهكم. استخفاف ‎cynicism (n.)‏
زوجة القيصر ‎czarina (n.)‏ النجم القطبى . المرشد.  ‎cynosure (n.}‏
القيصرية . الحكم القيصرى )1( ‎czarism‏ جاذب الانظار
فى روسيا عَرعر . شجرة السرو ‎cypress (n.)‏
التشيكى . تشيكى ‎Cech(nad)‏ | فبرصى . من جزيرة  ‎Cyprian (adjn)‏
أحد أبناء ‎Czechoslovak‏ قبرص . قبيح - القبرصى
تشيكوسلوفاكيا - حوصلة. مثانة. كيس ‎cyst (n.)‏
تشيكوسلوفاكى الم بالمثانة ‎cystalgia (n.)‏
سرطان الثدى  ‎cystocarcinoma (n.)‏"	al-shamil-dictionary
146	"| 7
70
ل- بج
لغة الصم ‎dactylology (n.)‏ الحرف الرابع من حروف الهجاء ‏ 0, 1
التفاهم بإشارات الأصابع الإنجليزية . شىء ذات مقام رابع
أب ‎dad,daddy (n.)‏ | اختصار ‎d had, would‏
(بلغة الاطفال) بايا تون ‎d., died‏
الحركة الدادية (حركة ثورية ‎dada(n)‏ | اختصار ‎d. do‏
عالمية فى الادب والفن) مقدار ضئيل . حنَّ. نوع من ‎dab(nv)‏
‏أفريز. حلية معمارية فى 0 (.8800)8 السمك المفلطح . بربت . يدهن
أسفل الحائط يضرب برفق
نوع من الترجس الماثى  ‎daffodil(n)‏ | ماهر او بارع فى م
‎s‏ مجنون. سخيف . أحمق ‎dabble (v.) 0850 (0d])‏
مدية . ‎s‏ سكين ‎deBger‏ | برطب. يرش بالماء. يلعب بالماء
يحملق بعين .5 10060740606 | الهاوى . محب الفنون ‎dabbler (n.adj.)‏
الغيظ . بحدى مغناظًا. واغروا الصدور الجميلة. فضولى . حشرى . مهمل
بينهم ماضع الحداد 408:08 9 | القطاس:طائر ‎dabchick (n.adj) s Ju‏
زهرة الداليا 0 8801 | ‎1ottt‏ سمك نهرى صغير ‏ )1( 006
‎it | SO0 e Lo‏ (بيت زيقى روسى) )1( 08602
: ب النهارية | ‎g‏ (0) 000
طيب الذاق ‎N‏ أرجل قصيرة وآذانه متدلية؟؛
مصنع منتجات ألبان ‎dairy (n.)‏ م
ماشية اللبن يم ‎١ i cade‏ الذكروث £ من القماش) 886600
زهرة الربيع ‏ زهرة اللزلز . ‎dacyl._c n.) daisy (nadj.)‏
‎e et‏ ) الطراز مقطع شعرى . رزن شعري
‎Wy 0‏ رائع"	al-shamil-dictionary
147	"dale (n.) ‏واد. غور‎ | damsel(n) 0 ‏عذراء.آنسة.صبية‎

خوخ أو برقو داكن ‎damson(n)‏ | الوديانى: ساكن الوديان ‎dalesman (n)‏
قراصيا مغازلة . مداعية .تمع + ‎dalliance‏

رقص . رقصة. مرقتص - ‎dance (ny.)‏ نكاح . معائقة
- يرتص ‎iy‏ يداعب . يؤخر . يتمهل ‎dally (v)‏

راقصة (ه) ‎dancing girl‏ | دلاسيا (منطقة تقع على )1( ‎Dalmatia‏

قشرة الراس ‎dander (n.)‏ امتداد الساحل الأدرياتيكى

يدلل الطفل. ‎dandlen) g‏ | لبيرغوسيلانيا.جزء من

S ‏جمهورية‎ | dandrutt (n) ‏قشرة الرأس‎

تان تاق علا (زقم) مون ‎١‏ الدلاني ‎Dalmatin (n.adj.)‏

الداتمركى زيم - ""من أبشاء «الانساء. الكلب

خطر ) ايض مرش

خط .مهلك 0 (ز4م) ‎Gangerous‏ بنقط مر""

يتدلى. يتعلق با. يسترغى ريز وزومو | ‎i‏ لخم سيك
% أم «الحيوان؟ . ‎ey‏

damage () ‏لف .يزذى.يطل.‎ | ungler(n) g ol ‏محب‎

2| Danish (adin) ‏مافركى-اللغة الدافركية‎

Damascus (n.) G dapper (adj) ‏خفيف .بانع تشبط . ذكى‎

حيوان منقط الجلد . أرقط ‎dame () B | dapple (nv)‏
‎s‏ يشتم ‏ يلمن. ملعوة ‎(i)‏ 010ل

يتجامر يتجرا بجر جار (عريم دبول | لعن كرنه ‎damnable (adj.)‏

قم ملم ‎g‏ يبول .| عذاب جهنم .اللمن )1( 4088800
‎s‏ أعنى . لام “ليل برطب . يلل . يكبح . يخمد )1( ‎dampen‏
‎e‏ سه طبقة عازلة 0 4 600558 0200

يظلم . يعتم . يكتتب نا ‎darken‏ | كانم للصوت . مشط للعزيمة )1( ‎damper‏

ظلام. التباس .غموض )( ‎darkness‏ | لدادة رطوية )1( ‎dampness‏"	al-shamil-dictionary
148	"مقدام. جرئ. جسور ‏ (.8) ‎dauntless‏ | ظلمات. ظلام دامس ب 10016701168
دارد ' ‎David (n) SR‏ | العزيز. الحبوب. ‎darling (n.adj.)‏
غراب ‎g,‏ المففل ‏ الساذج (.8) ‎daw‏ عزيز. حيب
الدعوة إلى «الإسلام؟ ‎da'wah(n)‏ | يرتق. يرفر ‎dam (v.n.) - (o)‏
يضيع الوقت سدى ‎(v.)‏ 020/016 رتق .رقا
يبدد. يتوائى . تلاط شرطة ‎dash (n.v.) D‏
فجر . يطلع النهار. يزغ (8.0) 028 | مباهاة. هجوم . حيوية. يلطم.
صلاة الفجر ‎___prayer‏ يهجم . يقذف . يحطم
يوم . نهار . زمن . ‎day(n) L‏ | معلومات. ببانات. العطيات  ‎data(n)‏
‏اليرم الآخر ‎last day‏ 6 | بنك المعلومات 7# ___
طلوع النهار. طلوع الفجر (.8) ‎daybreak‏ | مرصد المعلومات 8# -_-_
حلم البقظة . تخيلات (.8) ‎daydream‏ | مركز العلومات 7 _-_
لامع . براق -يبهر . يدوخ ‎daze (adj.v.)‏ | دوائر المعلومات 07 -
خاطف البصر-يخطف ‏ )( 08728 | وسيلة البحث عن العلومات ‎—medium‏
‏البصر. يدهش . يزغلل جهاز معالجة ‎١ ___processing system‏
خطف البصر ‎bl | dazzlement (n.)‏ |
زغللة العيون ‎١ dazaling (n.adj.)‏ تجهيز العلريات ‎processing‏ __
شرود البصر- باهى تاريخ . زمن . بلحة . تمرة . يؤرخ ‎date (n.v.)‏
بادثة معناها: ينقضض . العكس.ينزع عل | قديم - ‎outof‏
‏من. يخفض حديث.عصرى ‎upto__‏
‏اشماس ‎deacon ).( LS‏ | نخلة . شجرة النخيل  ‎(n.)‏ 83100 081
ميت . مرهق. ‎dead (adjn.adv)‏ | عنيق . قديم. مؤرخ ‎dated (adj.)‏
مجهد.ساكن الختم (ختم التاريخ) ‎dater (n.)‏
اميت كلية . تمامًا- الميتة __ | يلوث يطين ‏ طين ‎daub (v.n.)‏
الموتى .دم | ‎daughter (n.) W‏
بميت . بيهلك يخمد ‎deaden(v.)‏ | زوجة الابن ‎daughter in law (n.)‏
ِ يمرت . يرعب ‎daunt (v.)‏"	al-shamil-dictionary
149	"تدفور سقوط. الحقاط[ ‎decadence (n.)‏ | ميت .مهلك إلى ‎deadly (adjadv.)‏
‎decadency (n.)‏ | حد بعيد
يزيل مادة الجير ‎decalcify (v)‏ | أصم .اطرش ‎deaf (adj.)‏
الرصايا العشر. وصايا )1( ‎Decalogue‏ | يكتم ‎deafen (v.)‏
موسى صمم . طرش ‎deafness (n.)‏
عشرة أمتار ‎decametre (n.)‏ | صفقة . مقدار . كمية-يتصرف (.8.7) ‎deal‏
‏ينزح . يرحل . يغادر ‎decamp (v.)‏ يوز يهنم ب
إناء يصب منه الماء أو ‎decanter(m)‏ | عمد كلية أو جامعة. الأسقف . ‎dean (n.)‏
الخمر على المائدة تا
تسوس . ‎decay(mv.) - pia‏ | وظيفة عميد الكلية أو ‎deanery‏
‏. يتعفن الجامعة . وظيفة ‎U‏ المطران
موت .يموت ‎decease (nv.)‏ | عزيز . محبوب, اليب ‎dear (adjn)‏
ميت . المرحوم ‎deccased (adjn.)‏ | معزة. محبة ‎deamess (n.)‏
مكر . خداع.غش ‎deceit (n.)‏ | قحط. ندرة. مجاعة ‎dearth (n.)‏
ماكر . مخادع ‎death (n.) Wy, | deceitful (adj)‏
مخادعة. خداع ‎deceitfulness (n.)‏ | عند الاحتضار ‏ ب ‎inthe throes of‏
يقلل . يخدع . يفش ‎(v.)‏ 0808176 | الضربة القاضية ‎death blow (n.j‏
أدب . ذوق . لياقة . ‎decency (n.)‏ | يحفر. يفد.يحط من قيمة ‎(v.)‏ 080858
حشمة. إحتشام الشىء
عقد (عشر سنوات) ‏ )( ‎١ decennary‏ تحقير. إقساد ‎debasement (n.)‏
عقدى . كل عشر  ‎(adj)‏ 086000121 | مناظرة. جدل. نقاش - 0 ‎debate (nv.)‏
سنوات يجادل.
أديب . مهذب. محتشم . (.00) :80088 | قبد عليه ‎debit () Gl Al‏
مزدب قرض . دبن ‎debt (n.)‏
خداع . غش . غرور . وهم )1( 080601008 | يتداين بدين ب ‎contracta‏ 10
غشاش . مخادع ‎deceptive (adj.)‏ | مديون. مدين ‎debor (n.)‏
عقد (عشر سنوات) ‎decade (n.)‏"	al-shamil-dictionary
150	"نقصان. هبوط - ينقص (0.10) ‎decrease‏ | يقدر. يصمم. يعزم ‎decide (v.)‏
. يتراجع صريع الزوال ‎deciduous (adj.)‏
حكم . مرسوم ملكى أو ‎decree(mv)‏ | عشرى-كسر عشرى ‎decimal (nadi)‏
جمهررى. قضاء ‏ يصدر الرقم العشرى ‎digit‏ —
مرسرمًا. يأمر. يقضى يهلك . يفنى . بيد ‎decimate (v.)‏
ليلة القدر 02 /ه 106780 | عزم . قرار . تصميم . فترى )1( ‎decision‏
‏قضاء الله 0020© | نهائى . قطعى . فاصل  ‎decisive (adj)‏
تصغير -تقليل ‎docrement (n.)‏ | ظهر الفينة-يزين-يكدس ‎deck (mv.)‏
‎decrepit(adi)  نهاو el L3‏ | يلقى خطبة. يخطب  ‎declaim (v.)‏
‎decrepitness(n)y L‏ | خطيب فصيح. ‎declaimer (n.)‏
مخوعة [ )( ‎decrepitude‏ | عطاب ‎declamation (n.) ..b.i‏
متناقض ‎decrescent (adj.)‏ يعلن . يفرح . يزكد ‎declare (v.)‏
قضائى . رسالة ‎decretal (adj) 4yl‏ | علانية . جهرً ‎declaredly (adv.)‏
يشجب )( ‎decry‏ | اتحناء. اتحطاط . ميل (-8) ‎declination‏
‏متلق .مضطجع ‎decumbent (adj.)‏ إعراب. تصريف
. متمدد تأخر . انحطاط . ميل ‎decline (n.v.)  -‏
عريف #فى ‎decurion (n.) (i‏ يزيل . يتحرف , ينحط . يتخنض
‎sl‏ «ذو قاعدة ممتدة ‎decurrent (adj.)‏ | يحل الشفرة.يفر ‎decode (v.)‏
على ماق النبات لامفز؟ عربان الصدر ‎décolletté (adj.)‏
يتصالب. يصالب لل 80005516 | يحل . يفد.يتلف. ‏ )1( ‎decompose‏
‏يخصص . يكرس ‎dedicate (v.)‏ | يحلل . المضاعف ‎decompound (v.n.adj)‏
يمنح . يدشن التركيب- مضاعف التركيب
تخصيصء تكرير . (8) ‎dedication‏ | يطهر. ينظف  ‎decontaminate (v.)‏
إهداء. تدشين يزخرف .يزين ‎decorate (v.)‏
لباس الإحرام 70م | نيشان. وسام. زخرفة  ‎decoration (n.)‏
‎o‏ يستخرج ‎deduce (v.)‏ | عركا خدعة-يخدع ‎decoy (m.v.)‏"	al-shamil-dictionary
151	"مدائع. محام. الماع عليه 1"" ‎defendant‏ | استنتاج. استخراج  ‎deducement (n.)‏
‎defender (n.) 3 e‏ يطرح . يحذف ‎deduct (v.)‏
دفاعى . راق ‎defensive (adj.)‏ | استتاج-طرح . تنزيل  ‎deduction (n.)‏
يذعن . يؤخر . يؤجل ‎defer(v.)‏ | فعل .عمل حجة ‎deed (n.)‏
‎deferment (n.)‏ | الصالحات 8 ‎good‏
‏تأخير . تسويف . إرجاء . تاجيل يعبر . يظن . ‎deem (v.)‏
يتمهل ‎foaskfor‏ | عميق . خفى . داهية ‎deep (adjn.)  -‏
مؤجل. مؤخر ‎deferred (adj.)‏ البحر. الجحيم
ازدراء. احتقار.تحميس ‏ )1( ‎defiance‏ | يعمق.يعتم ‎deepen (v.)‏
للقتال غزال . ظبى )( ‎deer‏
‏عجز . نقص . قصور ‏ )1( ‎deficiency‏ | صيد الغزلان ‎deer stalking (n.)‏
عاجز عن . ناقص . ‎deficient, in (ad).)‏ | بطمس. بشوه ‎deface (v.)‏
أخرق. آبلة اطمس. تشوية ‎defacement‏
‎e‏ ب ‎mentally‏ | يرق. يختلس ‎defalcate (v.)‏
يحدد. يعرف . بعين ‎define (v.)‏ | قذف. تشهير ‎defamation (n.)‏
مقر . ثابت . نهائى 0 ‎defame (v.) gty | definite(adi)‏
أداة التعريف ‎—article (i)‏ | تقصير. تخلف ‏ يهمل  ‎default (n.v.)‏
تحديد . تعريف . بيان  ‎definition (n.)‏ . يتخلف
اقطعى , حازم . نهائى ‎(adj)‏ 085010016 | هزيمة. اتكسار . إيطال - 0 ‎defeat (n.v.)‏
ينجرف . ميل . يحرف . يحيد ‎deflect (v.)‏ يطل . يهزم
اتحراف . ميل . انحراف (-8) ‎deflection‏ | يتغوط . يتبرز. يصقي 0 ‎defecate (v.)‏
فض بكارة العذراء. ‎defloration (n.)‏ | 3,5 . تصفية . ترويق 0 ‎defecation (n.)‏
افتضاح. تساقط الزهر خطأ .عيب . خلل . عاهة 0 ‎defect (n.)‏
يفض البكارة . ييشر ز ‎deflour (v.)‏ | خلل. تقصير ‎defection (n.)‏
زهرة الثبات. يلب ‎deflower (v)‏ | دفاع.حماية ‎defence (n.)‏
تسافط أوراق الشجر . (8) ‎defoliation‏ | يدافع عن . يحمى ‎defend (v.)‏
نزع الورقا"	al-shamil-dictionary
152	"مقصود . مخطط له ‎deliberate (adj. v).‏ | نزع الغابات أر قطعها ‎deforestation (n.)‏
حارم. رزين . متأن. يتمعن . يثروى يشوه. يقبح ‎deform (v.)‏
يتعمد. بتان. عن تصد ‎deliberately (adi)‏ | مشوه الحلقة.ممسرخ  ‎deformed (ad).)‏
,5 لطافة . ذوق . نحافة )1( ‎delicacy‏ | مصاب بعاهة
لطيف , لذيذ. تحيف. ‎delicate (adi)‏ | تنشوء.عيب .عاهة 0 ‎deformity (n.)‏
متائق. طرى. ماهر . رشيق ‎deft (adj.)‏
شهى أو لذيذ. سار ‎delicions (adj)‏ | ميت . مرحوم. مترفى ‎dofunct (adjin.)‏
‎e‏ . جرم ‎delict (n.)‏ .ايت
ابتهاج. نشاط-ييهج.  ‎delight(ny)‏ | يعير. يحتقر ‎defy (v.)‏
يتهج . يفرح فساد الأصل. 1 ‎degeneracy (n.)‏
حلارة الإيمان ‎the __ of faith‏ | اتحطاط . اتحلال ‎degeneration (n.)‏
مسرور. مغتبط ‎delighted (adj.)‏ | ينحط . يتلف . ‎degenerate (v.) ot‏
‎delightful (adj) 1 1‏ | يحقر . ينزل. بخفض ‎degrade (v.)‏
‎delightsome (adj) 3 O T‏ | الدرجة
يرسم . يصور . يحدد. بعرف ‎delineate (v)‏ | درجة. مرتبة .رتبة-منزلة 0 ‎degree (n.)‏
تقصير . قصرر . خطأ ‎delinquency (n.)‏ | تدريجيًا. بالتدريج ‎by__s‏
‏مقصر-ذنب ‎deify (v.) Uy | delinguent (adj)‏
يذوب . يسيح.ميع  ‎deliquesce (v)‏ | تنارل. يتفضل. يتعطف ‎deign (v.)‏
يلم . يخلص . يناول. 0 ‎deliver(v)‏ | إله ‏ الوهية ‎deity (n.)‏
يلقى خطابً. يولد. يدد طواغيت 8 _- ‎false‏
‏تخليص . إيصال . تسليم ‎deliverance (n)‏ | الإله ‎deity (n.)‏
تحويل الاداء. إطلاق سراح ‎delivery (n.)‏ | الله تعالى ‎the Supreme Diety‏
‎delta(n)‏ | يغم.يحزن. ينبط الهمة 00 ‎deject(v.)‏
‏الحرف الرابع من الأبجدية اليونانية يؤخر . بعوق . تأخير . مهلة  ‎delay (vn)‏
شىء على هيثشة مئك ‎Sy‏ - ينتدب. يفرض  ‎delegate (n.)‏
وبخاصة ترسيب من زمال أو - مندوب. رسول. وكيل
تربة تكونت عند مصب نهر وقد (.م) ‎delegation‏"	al-shamil-dictionary
153	"deltoid (n.adj.) demonstrate (v.)  نيبي. ‏ينبت . يظهر‎
‏«العضلة الدالية؟‎ demonstration (n.) ‏مظاهرة. بيان‎

__leaf ‏ورقة نبات مثلئة الشكل‎ bl
__muscle ‏العضلة الدالية‎ | demonstrative (adj.) ‏إيضاحى . إنباتى‎
delude (v.) ‏يفش . يخدع. يغوى‎ | pronoun ‏اسم الإشارة‎
deluge (m.v.) ‏فيضان. طوفان-يغرق. يغمر‎ | demur (n.v.) ‏ريبة . شك -يعترض‎

. يتوقف . يتردد هوس . وهم . ضلال . خدعة )1( ‎delusion‏
‏محتشم .رزين ‎demure (adj.)‏ | خداع .رمي ‎delusive (adj.)‏
مغارة. كهف.عرين .خلوة ‏ (080)8 | مطالبة. حاجة-بطلب )( ‎demand, of‏
يخالف الطبيعة  ‎denaturalize (v)‏ يستدعى

. يمسخ عيب . قصور . نقص ‎demerit (n.)‏
علم البحث فى الاشجار ‎dendrology (n.)‏ | نصف ‎demi__,‏
‏ترفص. إنكار ‎denial (adj.)‏ | دمقراطية ‎democracy (n.)‏
‎et‏ .دخيل ‎denizen (n.)‏ | الديموقراطى ‎democrat (n.)‏
يسمى . يلقب . بخصص ‎denominate (v.)‏ | ديمقراطى . متواضع  ‎democratic (adj)‏
تسمية. لقب . طائفة ‎denomination (n.)‏ | علم السكان ‎demography (n.)‏
دليل . دال . مؤشر  ‎denominator (n)‏ | يهدم. يخرب ‎demolish (v.)‏
‎L‏ . إشعارء إعلام ‏ (-8) ‎denotation‏ | هدم. تخريب ‎demolition (n.)‏
يشير إلى . يبين . يعبر عن (080018)7 | عفريت. جان. شيطان ‎demon (n.)‏
يهدد. يتوعد . بفضح  ‎(adj.)  .نونجم | denounce (v.)‏ اه ‎demoniac,‏
‏توعد . فضح 0 ‎denouncement (n)‏ ملبوس . عليه عفريت
غليظ . كليف . وافر ‎١ dense (adj)‏ الاعتقاد بالجن ‎demonism (n.)‏

‎denseness (n.) .‏ والعفاريت
كثافة. وفرة } ‎density (n)‏ | بجلاء. ‎demonstrably (v) Il‏
اسن . شوكة . نقرة - ‎Gt‏ بنقر (ر8.00/) 0801 الواضح"	al-shamil-dictionary
154	"طرد. نفى ‎deportation (n.)‏ | مسنى . مختص بالاسنان ‎dental (adjin.)‏
يشهد . يفرر . يعترف , يطرد ‎٠ depose (v.)‏ احرف شمسى
‎deposit(nyv.)‏ | مشرشرة.مسنن ‎dentate, __d (adj)‏

رديعة . رهينة . تأمين . عربون . يودغ ‎٠‏ طيب الأمئان ‎dentist (n.)‏

يستقر. يرسب طب الأمنان ‎dentistry (n.)‏
نسخة إيداع لا ‎١‏ بعرى. يجرد ‎denude (v.)‏
عزل. خلع . إقرار.  ‎deposition (m)‏ | اتهام. إنذار. تشهير  ‎denunciation (n.)‏

اعتراف ينكر . يكذب. يمك عن ‎deny (v.)‏
مخزن. مستودع . موقف 0 (.86001)8 | يرحل.يموت. افر ‎depart (v.)‏
يفسد . يضل . بفجر ‎deprave (v.)‏ إدارة . مصلحة . قسم ‏ (-8) ‎department‏
‏يستعيذ . يستغفر . يستنكر ‎deprecate (v.)‏ رحيل . سفر . انتقال ‎departure (n.)‏
يبخس أر ينقض ‎depreciate (v.)‏ | يعتمد على . يتعلق ب 0000 ‎depend,on,‏

القيمة. يتهلك يترتف على ‎that __s‏
يخفض . يغم . يحزن ‎depress (v.)‏ تابع . خادم . خاضع ‎dependant (adj.n.)‏
يحرم من يتجرد من ‎deprive,of (n)‏ | -التابع
‎dependance (n.) }J&hu',:,.a\-:-\ depth (n.) ) \_sm._;.‘‏
يصفى . بروق . ينقى  ‎dependency (n.) depurate (v.)‏
يفوض . يندب . ينوب ‎(V) o‏ 860018 | بصف. يرسم. يشرح ‎depict (v.)‏
وكيل نائب . معتمد ‎deputy (n)‏ | يزيل الشعر. ينتف ‎depilate‏
‏يشوش . يربك . يعطل  ‎derange(v)‏ | مزيل للشعر ‎depilatory‏
‏يسخر من . يستهزئ ب ‎deride(v.)‏ | يفرغ.(يقصد) ‎deplete (v.)‏
سخرية . استهزاء ‎derision(n)‏ | يحزن. يرثى له. يبكى على ‎deplore (v.)‏
بشن . يستنتج . ينشسب ‎derive (v.)‏ فيد . يفرد. ينشر. يتسع ‎deploy (v.)‏
الجلد ‎dem(n)‏ | يجرد الريش )( ‎deplume (v.)‏
التهاب الجلد ‎dermatitis (n.)‏ | يقفر البلاد أر المكان  ‎depopulate (v.)‏
علم الامراض الجلدية ‎dermatology (n.)‏ من السكان
جراحة ترقيعية بالجلد ‎dermatoplasty (n)‏ | يطرد. ينفى ‎deport (v.)‏ |"	al-shamil-dictionary
155	"derrick (n.) ‏الدريك‎ ١ desk (n) ‏الكتابة. مكتب‎ s
‏«هيكل معدنى يقام فوق بثر‎ desolate (adj.v.) ‏موحش . مقفر.‎
B ‏يخرب . يهجر بترول - الرافعة «لرفع‎
descend (v.) ‏ينزل. يهبط . يتحدر‎ | desolation (n.) ‏خراب . دمار‎
descendant, of (1) ‏ابن. خلف. من نسل‎ | despair (n.v.) ‏يأس .ياس‎
dessendent (adj.) ‏هابط . نازل.‎ | despatch (mv.) ‏إرسال . تصدير . رسالة‎
‏ترجه . ينجز . يتم . يسرع . برحل متناسل من‎
‏ذرية #ب_‎ | despise (v.)  فختسي ‏إيزدرى . يحتفر.‎
descension (n.) ‏هبوط. اتحدار‎ | despite (n) 0 ‏كيد. استحقاق . يُفْض‎
descent (n.) ‏أصل.سلالة. نسب. هبوط.‎ | i ‏بالرغم من إن‎
‏حقود. خبيث الا أنحدار .عزل. غارة؛ منشا. غزر‎
describe (v.) ‏يصف.بشرح.يفسر‎ ١ despoil ‏ينهب . يجرد‎
description (n.) ‏دصف .يان‎ | despond (mv)  بتكي ‏اخوف. بأس.‎
descriptive (adj.)  ىريوصت‎ . ‏يجزع رصفى‎
desecrate (v.) e | despot (n.) ‏جبار. ظالم. المستبد‎
desert (nadj)  ىرارحص‎ . ‏صحراه. فاحل‎ | dessert(n) ‏حلوى وفاكهة بعد الطعام‎
desert (v.n.) ‏يتخلى عن. بهجر.‎ | destabilize (v.)  .رارقتسالا ‏ينقصه‎
‎desertion (n.) . ‏هجر .ترك . خيانة‎ | destemper (n.)  ناردجلا ‏بياض لطلاء‎
‏هروب من الخدمة العسكرية‎ destinate (adj.) k. )yl ‏معين.‎
‎deserve (v.)  لهاتسي ‏يستوجب.ييتحى.‎ | destination (n) ‏غرض تصد.تعين.‎
desiccate (v.) ‏مكان وصول المسافر يجلنف . ينشف‎
design (nv.) & ‏رسم . خطة. تصميم‎ | egtine ‏يعين . يخصص . يقدر (نا)‎
el ‏يرسمء يضع‎ | desting () ‏قسمة.تصيب قضاء‎
desirable (adj.) ‏وقدر. المصير مرغوب فيه. مطلوب‎
desire (n.v.) ‏رغية. يرغبا‎ | destitute, of (adjv) ‏مهجور. فقي‎
desirous (adj.) ‏.معدم -يهجر . يجرد من . يرحل راغب إلى . مشتاق إلى‎"	al-shamil-dictionary
156	"يعزم على . ينوى ‎(v)‏ 08 ,081670108 | فقر.عزل. تجريد ‎destitution (n.)‏
.بصمم . يحدد. بعين يدمر . يخرب . يفنى . يبيد ‎(v.)‏ 085:0

destruction (n.) ‏خراب . دبار. هدم‎ | determinist (adj.) ‏إجبارى‎

مطهر. منظف (04) ‎detersive‏ | مخرب. متلف . مهلك (.(24) ‎destructive‏

يمقت . يكره بشدة ‎detest (v.)‏ | يعد .يفصل.يرسل ‎detach (v.)‏

بغض . عداوة . كراهة ‎(n.)‏ 08189180200 | فرقة.عزل. فصل . )( ‎detachment‏

يخلم الملك عن العرش . يعزل 08015008 فصيلة أر قسم عسكرى

اغتصاب . استيلاء ‎detinue (n.)‏ | تفصيل. إيضاح . شرح ‎detail (n.v.)‏

يفرقع . ينفجر ‎detonate (v.)‏ . يخصص . بشرح . يسهب

in__ ‏بالتفصيل‎ ١ detonating (n.) ‏تفجير المفرقمات‎

detail man (n.) ‏المندرب المفصل‎ | detonation (m.) ‏انفجار . تفرقع‎

المفجر. كبسولة ‎detonator (n.)‏ «مندوب مبيعات للأدوية؟

لفة . الالتفاف . دورة . ‎detour (n.v.)‏ يوقف. يمنم -يحجز . يعوق ‎detain (v.)‏
يدور . يلتف حاجز. مانم . ‎detainer (n.) g‏

يذم. بحقر. يعير. يسنخف ب ‎detract (v.)‏ .احتجار

رشاية . نميمة ‎detraction (n.)‏ | يكتشف . بلاحظ . يشاهد ‎detect (v.)‏

خسارة. نقص . عبث بالصالح ‎detriment‏ | اكتشاف. ملاحظة. ‎detection (n.)‏

يخرب . يتلف . يدمر  ‎devastate (v.)‏ كشف عن

يزيد . يكبر . يظهر ‎develop(v.) L.‏ | جاسوس. مخبر.  ‎detective (n.adj.)‏
يحمض الصورة. ينمو. يطور إبوليس سرى . كشفى . برئيسى

تنمية. تحسن. ‎development (n.)‏ | حبس . حجز . توقيف. تاخير ‎detention (n.)‏
نحميض الصورة. تطوير. توسيع يؤخر. يحول دون . يردغ ‎deter (v.)‏

يتحرف -متحرف- ‎deviate (vadin)‏ | ينظف. يطهر ‎deterge (v.)‏
المتحرف مطهر . منظف . مادة منطفة ‎detergent (adjn.)‏

انحراف . ضلال. زيغ ‏ (8) ‎deviation‏ | يتلف .يفسد. يشوة 0 )1( ‎deteriorate‏

حيلة. وسيلة . شعار . تصميم )1( 8800068 | معلوم .مين .0 ‎determinate (adjY)‏
اختراع . مؤامرة امحتوم. بعين"	al-shamil-dictionary
157	"devil (nv)  .كيبلا ‏شيطان. عفريت.‎ | dewdrop(n) 0 ‏قطر التدى.‎ ol
S ‏قطرة تدى آلة تقطيع لحم بشرى مع‎
‏من اهار .يمزق. يقرم‎ | dewlap(n) ‏اللحم المتدلى تحت‎
the __ ‏(اللغد) أعوذ بالله‎ 23 0
devilfish (n.) il | dexter (adi) ‏أيمن: قائم فى‎
‏ناحية اليمين «حيران بحرى؟‎
devilish (adj.) b ey | dexterity (n.) ‏لباقة. رشافة‎
___prompting ‏وسوسة الشيطان‎ dextrorse (adj.) 1 ‏مرتفع لوليا من‎
dovise (n.v) bl ‏اختراع . وصية.‎ | 8850:0053( (ad)) T ‏اليسار إلى اليمن‎
‏يحبط. يورث يدير‎ g | 00008 0( S
deviser(n) ‏مر البول السكرىت  (08 880065 | عبط مع‎
devolve (v) 0 ‏عرض السكر ينتقل إلى . يتحول إلى‎
devote (v) e ‏بكري‎ | disbeticpatient(n) S ‏مريض‎
‎devoted (adj.) diabetogenic (adj.) S ‏مسبب لمرض‎
i | 8800000 St ‏تاج‎
‎those ‏م‎ Allah ‏إرلاء‎ | diagnosis(n) ‏تشخيص المرض .تحديد‎
devotee (n.) . ‏زاهد . ناسك . متعبد‎ e
‏يبع‎ n | disgonal (adin)  رطق-لئام‎ . ‏قطرى‎
‎devotion (n.) ‏امربع أو المستليل رهد .نك .تعبد.‎
‏تقوى. ورع. إخلاضص‎ | disgram(ny)  ىسدنم ‏رسم . شكل‎
16 retreatfor __, ‏أن رياضى. رسم بيساتى - يتك‎
1o retire for ٠. ‏يرسم. رسما بيانيًا‎
retiring into a mosque for _, dial (nv) S ‏قرص التليفون ميناء‎
‏يدير قرص التليفون . يتصل بالتليفون الاعتكاف‎
devotional calls (n.) Syl | dialect (1) ‏اللهجة الحلية. لغة‎
devour (v.) ‏يتلم .يلتهم‎ | dialectic, __al(adj) ‏لسانى . منطقى‎
088 (nv) ‏جدلى ندى . طراوة - يندى . رطب‎"	al-shamil-dictionary
158	"وط 156 م0
زهر . ترد يلعب ‎dice, (sing.die)‏ | دراسة اللهجات ‎dialectology (n.)‏
يزهر النرد. يقامر المشارك فى الحوار. ‎dialogist (n.)‏
الشيطان ‎dickens (n.)‏ كاتب الحوار
بافتة للطفل ‏ صدرية للطفل . ‎dickey (m)‏ | حوار . نقاش . يحاور  ‎dialogue (n.v.)‏
شبه صدرة للنساء والرجال. )1( ‎dicky‏ .يناش
طائر . مقعد الساثق أو المقعد جهاز غيل الكلى ‎dialyzer (n.)‏
الخلفى فى سيارة قطر . قطر الدائرة ‎diameter (n.)‏
الديكتافون. ‎dictaphone (n.)‏ ماس . الماس-ماسى ‎diamond (n.adj.v)‏
آلة تسجل عد .مرصع بالماس . يرصع بالماس
إملاء . رأى . تلقين - يملى ‎dictate (n.v.)‏ امرأة تجيد ركوب الخيل ‎Diana (n.)‏
على- ينقل والصيد . القمر
إملاء . رصية , تلقين ‎dictation (n.)‏ القرنفل «نبات» ‎dianthus.‏
‏ملقن ‎e‏ مستبد بالامر )1( 00818006 | زوطة. منشفة. كقولة «الطفل». ‎diaper (n.v.)‏
عبارة. أسلوب. نص . نسق الست حفاض ‎L‏ تماش نشب
قمر نعجم ببس ام شفانية )1( ‎diaphaneity‏
‏مثل سائر. قول مأثور ‎OO‏ | غزارة إفرار العرق  ‎diaphoresis (n)‏
إرشادى . تهذيى . ‎١ didactic, __al‏
‎A‏ الحجاب الحاجز ‎diaphragm (n.)‏
فن الت 0 ( ‎e‏ لف الطب
‎idactics g 8‏
فن التدريس (اصليم ألم بالحجاب الحاجز ‎diaphragmalgia (n.)‏
يمشى مضطربًا (كالاطفال) ‎diddle (v.)‏
‎diarthea (n.) 5‏
يخدع .يش إسهال شديد | ‎١‏
‏غشائ . مخادع ‎diarthoea (n.) diddler (n.)‏
لنائى الرحم ‎didelphic (adi)‏ ار | )( ‎diary‏
‏رهر الطاولة ‏ ثردة . قدد القلب . مد ‎diastole (n.)‏
كعب .بجوت > يتوفى. يتشوق (فى البحر)
غذاء. طعام المريض )( ‎١ dien‏ معزقة صغيرة. يعزق ‎dibble (n.)‏
(بصفه الطبيب). الدايت: مجلم الأرض. يحفر حفرة
تشريى-يغذى ‎Gy‏ لنظام غذائى معين"	al-shamil-dictionary
159	"هضم . تنسيق . ترتبب.. (.8) 018850008 | ترتيب غذائى . جراية ‎dietary (adj.)‏
تصيف يختلف . يتباين . يتخاصم  ‎differ (v)‏

هضمى . ساعد على ‎digestive (adjn.)‏ | اختلاف . خلاف . تفاورت )1( ‎difference‏
‏الهضم. علاج ياعد على الهم مختلف عن. ماي ‎different, from (adj)‏

differential (adj.) .t ‏مب‎ | diBger(n) ‏الحفار‎

منجم . المعادن المستخرجة ‎diggings (n.)‏ تباينى . تفارتى
من منجم . بيوت . مساكن تفريق . تمييز . مفاضلة  ‎differentiation‏

difficile (adf)  ةزاضرإ ‏يصعب‎ e | 20800)8( 0 ‏أحادى. رقم نحت العشرة‎
difficult (adj.) ‏صعب.شاق‎ el et

إصبعى. احالس ان . . . ب )1( ‎dificulty‏
‏مصبع . ذر ‎el‏ رقمى حياء . تهيب . احتشام  ‎diffidence (n.)‏

الحاسب الرقمى 047 | عجول. ‎e‏ .غير (ز4ة) ‎diffident‏

اذو أصابع .مصبع ‎digitate (adj.)‏ وائق من نفشه

ذو وريقات شبيهه بأصابع اليد ‎—leaf‏ شذرذ. عدم تناسق 1,25 )( ‎difformity‏

يكرم. يجل )( لالنساقلة | بيد زلفي). بكر ‎difffact (v)‏

صاحب مقام رفيع 0 ‎(n)‏ 0881837 | زكار الضوء ‎diffraction (n.)‏

وقار. جلال. سمو . ‎LS‏ (:8) 088 | يسدر ‎o‏ يصب يافة) ‎diffuse‏

يتحرف . يميل . يشذ . يستطرد ‎i digress (v.)‏

انحراف . شذوة. تباعد )1( 818005508 | يحفر ‎iy‏ يجتهد. 0لا) ولك
استطراد طالب مجد. لطمة

خندق . جدار نياع ‎digest (v.n.) ,4’__4).__5""’_“ dike(nv)‏
حاجز - يطوق أر يعوق ‎A‏ مجموعة متازة. خلاصة

digestant ‏(م)‎ dilacerate (v.) Gt ‏يمزق إربًا‎

يخرب. يتهدم ‎dilapidate (v)‏ | ماضم: مادة ساعذة على الهضم

تخريب .هدم استخلال )1( ‎dilapidation‏ | نرب ‎digester (n.)‏

قابلية التعدد أو الايساط )( ‎Cilatability‏ | _هل الهضم ‎digestible (adj.)‏"	al-shamil-dictionary
160	"البفتة الهندى . قماش قطلى ‎dimity (n)‏ | ينبسط . يتمدد. يمدد ‎dilate (v.)‏
مزخرف ‎dilatory (adj.)‏
على صورة مبهمة ‎dimly (adv.)‏ | بطئ الحركة. كسلان. يهمل . معوق
مزدرج الهيئة أو الشكل ‎dimorphic (adj)‏ | معضلة . مشكلة . ورطة  ‎dilemma (n)‏
الغمارة ‎dimple (n.v.) g‏ ___ » له ‎on the homs‏
الابلة . الغبى ‎dimwit(n)‏ | فى ورطة. فى حيض وبيص
جلبة. ضجيج . رنين ‏ بصم (:8) 00 | محب للفنون.غارى  ‎dilettante (n.)‏
بالضجيج نشاط . مثابرة. كد ‎diligence (n.)‏
يتغذى . يتناول الغداء أو العشاء ‎dine (v.)‏ | نشيط . مجتهد. مثابر . (.ز24) ‎diligent, in‏
رنين . طنين-يقرع الجرس  ‎(nv.)‏ 0108 مركبة عمومية فرنسية
واد صغير ‎o | dingle(n)‏ انبات) ‎dill (n.)‏
الدنغ: كلب أسترالى ضار ‎dingo(n.)‏ بمزج . يخفف-مختف  ‎dilute (v.adj.)‏
حقير .داكن ‎diluted (adj i | dingy (n.)‏
حجرة الطعام ‎dining room (n.)‏ | تخفيف ‎dilution (n.)‏
عشاء . وجبة الطعام الرئيسية ‎(n)‏ 800062 | سيلى. طوفانى. 1 ‎diluvial (adj.)‏
أغداء كات ام عشاءا. مختص بالطونان ‎diluvian (adj.)‏
مأدبة, وليمة معتم . قاتم . يليد الفهم. ‎dim (adjn.v.)‏
عشاء راقص ‎dinner dance (n.)‏ غامض . كليل البصر - يعتم
الديناصور (حيوان منفرض) )1( 81805806 | بعد . قياس . انساع . قدر )..( ‎dimension‏
‏قرة. شدة. أثر ضرية - ‎dint(ny.)‏ | ينصف. ‎dimidiate (v.adj.)‏
يترك اثرا. يعج يقسم إلى نصفين - منصف
منقور . كثير التجاويف والنقر (./84) ‎dinted‏ | يقلل. يضعف. يحط ‎diminish (v.)‏
أسقفية. أبرشية ‎diocese (n.)‏ من القيمة أو السمعة. يخس
الانكاريات: ‎(n.)‏ 00166 | تنقيص . نقصان. نقص ‎diminution (n.)‏
علم يبحث انعكاس الضوء نقص ‎faith Y‏ --
ثانى أكسيد () 0 | صغير. قليل . ‎diminutive (adj)‏
اسم التصغير ‎__noun‏"	al-shamil-dictionary
161	"اتجاه. توجيه . إدارة. إرشاد (.8) ‎direction‏ | يغمس . يغطس . يتحدر ‎dip (v.n.)‏
مباشرة. رأسًا .على الفور ‎directly‏ غمسة. غطسة .ميل
دليل . مرشد .رئيس + ‎director‏ | مرض الدفيريا ‎diphtheria (n.)‏
‎e e‏ (فى السينما) ‎diphthong (n.)‏
مديرية ‎directorate (n.)‏ | ادغام حرفى علة. حرفان متحدان
إدارى . مختص ‎directorial (adj.)‏ ازدراج القلب ‎diplocardia (n.)‏
بالاوامر والتعليمات والإدارة دبلوم «درجة علمية» ‎diploma (n.)‏
إدارة . ‎directorship (n.)‏ | فن السيامة ‎diplomacy (n.)‏
مركز المدير الرئيسى سياسى . اللبق ‎diplomat (n.)‏
كتاب «ليل ,14 ((8.64) ‎directory‏ الدبلوماسى . المشتغل بالدبلوماسية
قانون. هاد. مرشد ‏ توجيهى ديلوباسى . (زفة) ‎diplomotic‏
‏دليل التليفون  ‎book‏ ب ‎telephone‏ | الاساليب الدبلوماسية 0080655 _-
مرعب . فظيع . هائل  ‎__body or corps direful (adj,)‏
ترنيمة . أغنية حزينة ‎dirge(n)‏ | الهيئة الياسية. أرباب السياسة
(لرثاء اليت). نغمة محزنة ‎diplomatic immunity‏
(متطاد) سير ‎dirigible (nadi)  .‏ | الحصانة الدبلوباسية
قابل للتسير سياسى ‎diplomatist (n.)‏
مذيّة. خنجر - ‎dirk (nadjv)‏ | ازدواج البصر ‎diplopia (n.)‏
قرى. شديد ‏ يطعن بخنجر ازدراج الصرت ‎dipluphonia (n.)‏
رساخة. نجامة ‎g | dint(n)‏ القطب ‎dipolar (adj.)‏
أرخص من التراب ‎dirt-cheap‏ | الغطاس (طائر). مغرفة ‎dipper (n.)‏
قذارة. وساخة . سفاهة ‏ (.8) 98000688 | إيرة اليل ‎dipping 066016 (n.) bt‏
‎S‏ وسخ . ساقل ‎dirty (adj.)‏ رهيب . هائل ‎dire (adj.)‏
بادثة معناها: يجرد. يحرم. ‎G5‏ | يوجه يخصصن.  ‎direct (vadjadv)‏
يمكس. يطرد. نقيض. يعنون «الرسالة؛ . يرشد بقود-
منفصل عن . على حدة مسيم . مباشر. مباشرة.راسًا
ضعف .رهن.عجز 0 (0) ‎disability‏ | موجه ‎directed (adj.)‏"	al-shamil-dictionary
162	"استتكار .عدم ‎disapprobation (n)‏ | عاجز .غير قادر ‎disable (adj.v.)‏
استحان -بعطل . يضعف
ينزع املك ‎disappropriate (v.)‏ يزيل اللبس. ‎disabuse (v.)‏
«من يد المالك؛ يستولى على بين الحقيقة. يقوم
نزع الملكية ‎disappropriation (n.)‏ | خلاف .عدم وفاق - ‎disaccord (n.v.)‏
استتكار . عدم ‎disapproval (n.)‏ يتعارض . يعارض
استحان. استهجان اضرر . خسارة.  ‎disadvantage (n.v.)‏
يتقبح. يستتكر ‎disspprove, of (v)‏ | عيرب- يعطل. يزذى
. يلوم. لم يوافق على مضر. ‎disadvantageous (adj.)‏
‎disarm (v.) .xug.u.,.csuv 22‏ غير مفيد . غير نافع
نزع السلاح ‎disarmament (n.)‏ | بشوش-يكره. يغضب  ‎disaffect (v.)‏
يلخبط . بربك . يشوش  ‎disarrange(v.)‏ .يليل
تجريد . تعرية. فوضى  ‎disarray (nv)‏ | عدم رضى. نفور ‎disaffection (n.)‏
.باس غير مهندم - يشكر . ينقض قراراً ‎disaffirm (v.)‏
يجرد. يعرى . يشوش لم يوافق. ‎disagree, with (v.)‏
كارثة . مصيبة . شدة ‎disaster (n.)‏ يخالف دفى الرأى»
مشؤوم. نحس ‎disastrous (adj.)‏ | انقسام . اختلاف . نزاع ‎disagreement (n.)‏
ييتصل من ‎Ul‏ بكر )( 90#فقلك | يرفض .لم يمع .جنع )1( ‎disallow‏
‏تتصل من «المسئولية». (.8) ‎disavowal‏ | غير جائز. منوع. ‎disallowable (adj)‏
إنكار غير اسموح به
يرح «جثا» ‎disband (v.)‏ | يلفى . يطل. يخلى ‎disannul (v.)‏
يحل . يشتت . يصرف يختفى . بتلاشى ‎disappear (v.)‏
يفرغ الشحنة . ‎disbark (v.)‏ | اختفاء. تلاشى 0 ‎disappearance (n.)‏
ينزل من السفينة يثبط الهمة . يخبب الأمال ‎disappoint (v.)‏
اجحود. كُثر ‎disappointed (adj)  .بتكم ot | disbelief (n)‏
يعود إلى الكفر 807200710 بحيب الأمال
يكفر به. لم ‎disDelieve (v) gy,‏ | تنا المزية . تخل ‎disappointment (n.)‏"	al-shamil-dictionary
163	"يشوش . يقلن ‎discompose (v.)‏ | يجرد (شجرة) ‎disbranch (v.)‏
يربك .يشوش ‎disconcert (v.)‏ | من أغصانها. ينزع غصنًا
بانس . حزين . مكتئب ‎disconsolate (dj.)‏ | يخفف. ‎disburden (v.)‏
يكف عن . يطل . يترك )1( ‎discontinue‏ ينزل الحمل عن. يفشي السر
متوقف عن الصدور ‎discontinued (adi)‏ | ينفق. يوزع. يدقع ‎disburse (v.)‏
خصومة . نزاع ‎discord (n.)‏ | نص ‎disc (n.)‏
صالة للرقص )1( ‎Gicoheque‏ | ييعد. يطرح. يطرد. ‎discard (v.)‏
اسقاط . خصم ‎discount (n.)‏ يتصل من

تنزيل من اللمن ينهم يميز بين . يفطن إلى ‎(v.)‏ 015660

: بط العزم  ‎discourage (v.)‏ يرق مشافة. برس 641 ‎discemible‏
‏يوهن. يبط العزم ذكى . فطن ‎discerning (adj.)‏
يوعظ. يخطب - ‎i discourse (vn)‏ البصيرة

موعظة. حديث. مقالة. خطبة ‎ity‏ عن ييدد.  ‎discharge (vn)‏
‎discourteous (adj.) Ju..\»‏ يطرد. يفرغ الحمولة-طرد. إبعاد

قليل الادب تسديد . صرف . سبلان. إفراز
يكتشف . يعثر على ‎(v.)‏ 056092 | جهار التفريغ- المفرغ  ‎discharger (n.)‏
اككشاف ‎discovery (n)‏ | برتب.يعلم. يدرب رسيم ‎discipline‏
‏فطن . حكيم ‎discreet (adj.)‏ يهذب-ترتيب . نظام. تدريب
‎s‏ اختلاف , مغايرة ‎discrepancy (n)‏ | ماء الاحتلام ,__ ‎nocturnal sexual‏
حزم. بصبرة. حسن تصرف )( 8150581008 | يتنازل . ينكر . يتنصل من ‎disclaim (v.)‏
‎e‏ يفرق . ينقد () ‎discriminate‏ | يذيع . يفسى السر. ينضح ‎disclose (v.)‏
رمى القرص «لعبة رياضيةة ‎discus (n)‏ | إفشاء. فضح ‎disclosure (n.)‏
رامى القرص ‎thrower‏ — يغير اللون. بلطخ ‎discolour (v.)‏
يناقش . يبحث . يفارض  ‎(V)‏ 0550055 | بهزم. يقهر ‎discomfit (v.)‏

.يدرس هزيمة. غلبة ‎discomfiture (n.)‏
مناقشة. بحث ‎١ discussion (n)‏ قلق . كدر غم - ‎discomfrt (n..)‏
يترفع عن . يأئف من (.18) ‎disdain‏ يزعج - يتعب

ترفع . ألفة,.عزة نفس ل - ‎discommode (v)‏"	al-shamil-dictionary
164	"disease (n.v.)  ضرمي‎ . ‏داء .علة‎ . o | dishevelled (adj)  . ‏منكوس . شعث‎
disembarrass (v) ‏يخلص أو ينقذ من‎ el g ‏غير‎

disembellish (v.) oy ‏ينزع الزينة.‎ | dishonest(ad)  نئاخ‎ . ‏غير شريف‎

عيب .عار - يعيب ‎dishoinour (n.v.)‏ | يصب.يكب ‎disembogue (v.)‏
يخزى يزيل الرهم . يحل السحر ‎disenchant (v.)‏

يطهر . ينقى . يطهر من العفونة ‎disinfect‏ | يفك . يخلص من ‎disengage (v.)‏

مضاد للعفونة. ‎disinfectant (nadi)‏ | يدون عمل . . ‎disengaged (adj)‏
) غير مرتبط

disentangle (v)  صلخي ‏يحل يفر.‎ | disinfection (n) 0 ‏تطهير. تصفية‎

مراوغ. محتال  ‎disingenuous (adi)‏ | يتحفز. يزيرى- ‎disfavour (wn)‏
مخادع احتقار . جفاء

يحرم من الإرث ‎disinherit(v.)‏ | بدرء. يعيب ‎disfigure (v.)‏

يحق . يطحن. ‎disintegrate (v.)‏ | يحرم من الحقوق المدنية ‎disfranchise (v.)‏
يفك . يحل . يحلل يتقيا. يطرش ‎disgorge (v.)‏

disgrace (v1.) ‏يفضح . يخزى . فضيحة.‎ | disintegrator (n) ‏مطحنة‎

ينيش . يخرج المدقون  ‎disinter (v)‏ عار . خزى

in_, ‏مذمر.‎ | disjoin (n.) ‘ .

disgraceful (adf.) ‏رايب مهيب‎ disjoint (n.) b

disguise (v.n.) - ‏يتخفى . يتنك‎ disjunction (n.) ‏تفكك . انفصال‎

قرص . دائرة ‎disk, disc‏ إخفاء المعالم الأصلية . تنكر

يكره ‏ كراهة. نفور  ‎dislike (vn)‏ | كراهة. نفوز. يضايق . يقرف ‎disgust (n.v.)‏

ينزع . يشوش )1( ‎dislocate‏ | يغرف. يكب الطعام فى (08ل) فثك
يزج من مكانه صحون ‏ صحن. طبق. صنف

يزجزح . يتعب.ينقل 0 ‎dislodge (v.)‏ من الطعام
. يخرج من الحيا منشفة الصحون ‎dish-cloth‏

غير مخلص - خائن  ‎disloyal (adj)‏ | يبط العزم. يخون ‎dishearten (v.)‏
العهد"	al-shamil-dictionary
165	"إعدام . رسالة رسمبة 1 ‎dispatch (nv.)‏ | محزن. معثم . مرعبا. ‎dismal‏
‏مهمة . مقال ‎dispatch (n.v.)‏ هائل. كثيب
إخبارى . شحن . سرعة .يوقا يجرد. يعرى . يجرد  ‎dismantle (v.)‏
بمهمة رسمية . يقصى على . ‎J‏ من الأثاث أو المعدات الحربية
يبدد . يشتت . يطرد ‎dispel (v.)‏ | يكشف التقارب ‎dismask‏
‏يستغلى عنه. ‎dispensable (adj)‏ | يبط الهمة .يتزع خوف (00) ‎dismay‏
‏غير ضرورى يثر عضرا. يمزق ‎dismember (v.)‏
معمل أدرية. ‎dispensary (n.)‏ | يطرد - يعزل.يبعد. يرح ‎dismiss (v.)‏
مستوصف. صيدلية طرد. عزل . تسريح . رفت )( ‎dismissal‏
‏ترزيع . إدارة . رخصة (8) 818008588808 | يترجل . ينزل عن ‎dismount (v) Ll‏
. قانون . افتاء يعد يزيح
يقسم . يرزع . يجهز العلاج . ‎dispense (v.)‏ | رد .عصبان. عقوق (0) ‎disobedience‏
‏ينفذ القانون عقوق الوالدين ‎__toparents‏
‏تمرجى «مساعد ‎dispense (n.) it‏ | عاص . متمرد. عاق ‎disobedient (adj.)‏
.موزع. صيدلى ‎e‏ _-
يشتت . يتفرق . يفرق . يدد ‎disperse (v.)‏ يعصى . يتمرد . يخالف ‎disobey (v.)‏
اتحلال ‎dispersion Of ght 4yl‏ | يتضب.لم يُجامل. 0 ‎disoblige (v)‏
ينقل . يعزل ‎displace (v.)‏ لم يرفق. يضايق
يقلم . يستاصل ‎displant(v)‏ | فوضى . اضطراب. 0 ‎disorder (n.v.)‏
يبين. يطبع . ينشر . يرز ‎display (vn)‏ يفد. بشوش
- تفاخر. إظهار. نشر يشوش . بجلب الفوضى ‎disorganize (v.)‏
‎hercham‏ 10 | يرفض. ينكر .يرأ من 0 ‎disown (v)‏
تتبرج . تظهر محاستها يذم . يحقر ‎disparage (v.)‏
يغضب. يكدر () ‎displease‏ | ينبرأ من ولد ‎son‏ --©
اسخط .كدر ‎displeasure n.)‏ دن ‎disparate (adj.) s‏
يتسلى . بلعب - )08000 | يقم يجزئ.يفصل (ا) ‎dispart‏
‏قسلية . نزهة"	al-shamil-dictionary
166	"اضطراب خوف. ‎disquiet (n.v.)‏ | إدارة. تنظيم . تدبير ‎disposal (n.)‏
يضطرب. يزعج .رأى. تصرف
بحث فى .مقال 0 (.000)8المثلاوقاك | تحت أمره آر ‎G‏ كلاه
تحليلى . نبذة يدبر. ينظم . برتب ‎dispose‏
‏يحتقر . يستخف ‎disregard )7.08.( L‏ | مزاج . استعداد .ميل (.8) ‎disposition‏
‏خراب . عطب . بحاجة ‏ )1( 8090007 | يلب . يصادر . يقتصب ‎dispossess (v.)‏
إلى ترميم يعيب . يذم ذم . انتقاد  ‎dispraise (v.n.)‏
شين .عار ‎١ distepute (n.)‏ تناقض .دحض ‎disproof (n.)‏
قلة أدب , عدم ‎distespect (n) et‏ | تباين . نفاوت. ‎disproportion (n.)‏
يشلح . يعرى ‎disrobe (v.)‏ عدم تتاسب
يجزئ. يقطع ‎disproportional (adj.) 1 disrupt (v.)‏
يسخط . يكدر . يزعل  ‎disproportionate (adj.) dissatisfy (v.)‏
يشرح (الجثث). يحلل . يختبر ‎dissect(v)‏ | غير متجانس أو ‎U‏ مع
تشريح ‎dissection (n.)‏ | يدحض.يثبت بطلان شىء ‎disprove (v.)‏
يخادع . ينافق . يتظاهر )1( ‎dissemble‏ | قابل للمناقشة. ‎disputable (adj.)‏
يدر . بنثر . ينتشر . ينشر ‎disseminate (v.)‏ قابل للأخذ رالرد
نشر. انتشار (.) ‎dissemination‏ | المناظر. المجادل. الخاصم ‎disputant (n.)‏
انتشار الإسلام ‎of Islam‏ __ | جدل. مناظرة. جدال ‏ (.8) ‎disputation‏
‏نزاع . خلاف . يتتازع ‎dissent (v.n.)‏ نزاع
يخالف . ينشنى عن نزاع . أخذ ررد . جدل ‎dispute (nv.)  .‏
منشق . ‎dissenter (n.) Sl‏ خصام. يناقش ‎(D)‏
‏خوارج ‎s‏ يتنازع.يشبك فى المتازع فيه | ب«
يقم . يمزق . يؤذى ‎disserve (v.)‏ | (شقاق بين الزرجين) ,__ ‎marital‏
‏يتصنع . يتكلف ‎dissimulate (v.)‏ | يجرد من صفة. ‎disqualify (v.)‏
‎oot‏ يهلك .5 ‎dissipate (v.)‏ يعجز . يحرمه من الامتيازات
يفصل بين. يفرق ‎dissociate (v.)‏"	al-shamil-dictionary
167	"إقليم . مقاطعة - ‎district (ny.)‏ | يذيب .يحل .يقص ‎dissolve (v.)‏
يقم إلى مناطق يرد عن . يقنع بالعدول  ‎dissuade (v.)‏
بشك فى .لا ‎gy‏ ب (07) اكناتاكثك | كلمة من مقطعين  ‎dissyllabic (n.)‏
ارتياب .عدم ثقة مغزل ‎distaff (n.)‏
يزعج . يقلق . يفسد ‎diSturb (v.)‏ | يعد يقصى .يتفرق  ‎distance (V1)‏
نظام شىء ‎e‏ مسافة. فترة. فرق.
‎disunion (n.) .‏ | التعليم عن بعد ‎education‏ __
انفصال. خلاف } ‎disunity (n.)‏ يا ‎distant (adj.) Ol‏
‎G‏ يفصل .ُوقع 0( ستيه | عديم ‎ol‏ 5.0 (ز4ة) ‎distastel‏
‏الشقاق بين ‎distemper (v.n.)‏
ترك يطال. عدم رار 17) عمممفة يشوش . ينكد . يمرض . توعك
‎disuse (n.)‏ المزاج . اضطراب
يحفر خندقًا. خندق . حفرة ‎dich (vn)‏ | يسع . يتمدد. ينبسط ‎distend (v.)‏
قناة يقطر . يرشح . يكور ‎distil (v.)‏
مقدار ضئيل ‎dite(n)‏ | معمل التقطير ‎distillery (n.)‏
يرتيف . ارتجاف. اهتياج  ‎dither (i)‏ | ظاهر. جلى ‎distinct (adj.)‏
عصبى شديد بمبز . يصتف . يظهر الفرق  ‎distinguish (v.)‏
كلام حمامى ‎dithyramb (n.)‏ | يحرف المعنى . يشوه الحفيقة ‎distort (v.)‏
‎LS., K‏ سبق شرحه ‎ditto (vadin)‏ يعرج
- علامة التكرار ‎(o)‏ يذهل . يدهش . يصرف ‎distract (v.)‏
أنشودة . مثل دارج . نشيد ‎ditty (n.)‏ الانتباه أو الفكر
مدر للبول . دوا (.24/.8) ‎divretic‏ | يحجز على «لممتلكات»  ‎distrain (v.)‏
مدر للبول يغم . يحجز على . ‎distress (vadin)‏
يومى . نهارى ‎diumal (adj.)‏ يزعج - متضايق .مغمرم. مخفض
الديوان. مجلس . قاعة اجتماع )1( ‎divan‏ السعر.كدر. غم
أو استقبال كبيرة أريكة . كنبة ايوم عسير ‎day of distress‏
يقسم. يوزع ‎distribute‏"	al-shamil-dictionary
168	"القدرة الإلهية ‎__power‏ | يتشعب. يتفرع - ‎divaricate (vadi)‏
العراف . المتبئ ب ‎diviner (n.)‏ آذر شعبتين
‎ki‏ غوص.غاطس 0 ‎diving(n)‏ | يغطس. يغوصض ‎dive, into (v.n.)‏
غرفة الغرص اا _ يتعمق . يتدقع - غطة . غرصة
بدلة الغطس. جهاز ‎١ suit il‏ غواص. غطاس ‎diver (n.)‏
الوهية. إلاه. علم اللاهوت ‎divinity (n)‏ | تشعب. تفرع ‎diverge (v.)‏
خاصية الانقسام.  ‎divisibility (n)‏ | تشعب . تفرع ‎divergence (n.)‏
قابلية القسمة متشعب. متفرغ ‎divergent (adj.)‏
قابل للقسمة ‎divisible (adj)‏ | ينوع بشكل. يوظف - ‎diversify (v.)‏
توزيع . تقسم . ‎division (n.)‏ أمواله فى مشاريع مختلفة
فرقة عسكرية. قسم. مقاطعة صرف . تحريل ‎diversion (n.)‏
(رحدة إقليمية).فصل. (عن سبيل أر مجرى ‎(Gl‏
‏انفصال. خلاف. حاجز انحراف أو تحرل عن هجوم. لعب
تقسيمى . قسمى . ‎divisional (ad))‏ | اختلاف. تنوع. فرق ‎diversity (n.)‏
فرقى (متعلق بفرقة عسكرية) ينهى . يصرف النظر ‎divert(v) e‏
تقسيم العمل (.8) ‎division of labor‏ يسر. يسلى
المقسرم عليه . القاسم ‎divisor (m.)‏ | قطعة موسبقية  ‎divertissement (n.)‏
(فى الحاب) خفيفة, لهو. تسلية . انشراح
‎Gl‏ يفرق - طلاق.  ‎divorce (v.n.)‏ يعرى . يجرد . يشلح . يسلب ‏ (0) 859651
تفريق يقسم. بوزع لبين؟ ‎divide (v.n.)‏
طلاق بائن ,__ ‎absolute‏ يفصل - تقسم. توزيع
طلاق رجعى .0086© | سهم. حصة. فائدة.المقسوم ‎dividend‏
‏طلاق بالثلاث ,__ ‎triple‏ حاب
‎divorced (n.)‏ فتح البخت. ‎divination‏
‏طالق . مطلقة ا اه كهانة . علم الغيب
انفصال . طلاق . تطليق )( ‎divorcement‏ | جليل .سام . سمارى  ‎divine (adjn.v.)‏
يفشى ‎divulge e‏ إلهى . أسقف . يتكهن. تيأ ب"	al-shamil-dictionary
169	"حاملدكتورة ‎doctor (mv.)‏ | إفشاء مر ‎divulgement (n.)‏
فى الآداب أو الفلسفة إلخ. طيب فصل متف .ريق ‎divulsion (n)‏
- بعالج - بغش يخدع . يرسم ‎dizziness Sl‏
‎doctoral disscrtation ).(‏ | دايخ . أحمق ‎dizzy (adj.v.)‏
رسالة الدكتوراة مصاب بدرار . يصيب بالدرار.
شهادة الدكتوراة . دكتوراة ‎doctorate (n.)‏ يشرش «الذهن؟
‎doctress )8( b‏ | يعمل . ينهى . يزخرف. يطبخ ‎do(v.)‏
‏مذهبى .عقدى. ‎doctrinal (adj.)‏ . ينطق بسرعة . يصلح
متعلق بعقيدة دينية ‎that will __ AN‏
مذهب . عقيدة مبدا. قانون )1( ‎doctrine‏ | يترك. يلغى . يهمل ‎___away‏
‏رثيقة. مستند .سند 0 ‎document(n)‏ | ياير. يعامله برقة ل
‎ity‏ . موضوعى ‎documentary (adin.)‏ | يلتغنى عن ‎without‏ __
‎documentation (n.)‏ | اله ‎J‏ مع ‎haveto __ with‏
التوثيق . الاستناد إلى الوثائق ممكن عمله . عملى ‎doable (adj.)‏
التاريخية . تزويد بمسنندات أر ‎Sy‏ نوع من ‎doberman pinscher (n.)‏
تخريج الحديث 78 -- الكلاب الضخمة ذات شعر
الهالوك (نبات ‎dodder (n.v.)‏ قصير ناعم أسود ربقع سوداء
‎e‏ يتطفل . يتقدم يرهن "" ل ! ا
ضعيف . راهن ‎doddery (adj.)‏ ""
القتبلة الطائرة )1( ‎doddle bug‏ 8 ا
‎K R‏ أنيس . لطيف ‎docile (adj.)‏
‎B0‏ موجهة عندما ينعد سهل الانقياد . راغب فى التعلم
‎i gy‏ عرفا. حوض.ييتر. يقطع 0 ‎dock (nv)‏
حبلة تقار مرارغة ‎dodge (n.v.)‏ مبتور القيل لزه ‎docked‏
‏- يراوع. يتملص. ينتقل بيان. جدول اعمال ‎docket (n..)‏
مراوغة . احتيال ‎dodgery (n.)‏ ملخص الرسالة يدرج فى جدول
الأحمق . المتخلف عن عصره. )1( ‎dodo‏ الأعمال. يلخص الرسالة
طاذ متفرض يشبه الحمامة ترسالة: مسقن ‎dockyard (n.)‏"	al-shamil-dictionary
170	"doe (n) ‏انثى الظبى أو الآيل أو الأرنب‎ | doldrums (n.)
doer (n.) ‏فتور همة. ركود. منطقة استوائية الفاعل: من يفعل شيئًا‎
doeskin (n.) ‏جلد الخروف. قماش‎ | dole(n)  . ‏هم . حزن. حصة . نصيب‎

عطية - يتصدق. يحسن صوفى ناعم
مكتب ‎oS‏ محزن ‎doleful (adi)‏ | ينزع ثيابه. يرقم قبعنه. ‎doft (v.)‏
دمية.امرأة لعوب. الحبيب.  ‎(n.)‏ 8011 يتخلص من
الحبوب كلب . شخص سافل. ‎dog (n.v.)‏
الدولار (عملة أمريكية) ‎dollar (n.)‏ يطارد. يتبع
‎dolorous (adj.) SO‏ | ريلات الحرب 50/1007 - ‎the‏
‏دلفين ‎dolphin (n.)‏ | رخيص جدا.بلاش ‎dog- cheap‏
الأبلة . الغى ‎dolt(n)‏ | دوكار .عربة يجرها ‎dogeart (n.)‏
أملاك الحكومة. عقار.  ‎domain (n.)‏ كلب أو فرس
ملك . التزام كلب البحر ‎dogfish (n.)‏
آقبة. قبو - يغطى بقبة ‎dome (n.v.)‏ | ذكر الثعلب ‎dog-fox (n.)‏
أهلى . عائلى . بيتى . ‎domestic(adin)‏ | شرس. عنيد ‎dogged (adj.)‏
منزلى . أليف . داجن. محلى . هزلى . مضحك .غير ‎doggerel (adj.n.)‏
بلدى . خادم ‎i i‏ ركيك بدون رز
حيوان داجن . حيوان اليف ‎—animal‏ جاف. شكس. مبهرج ‎doggish (adj.)‏
قرض داخلى أو وطنى ‎__loan‏ | مذهب.عقدة. بدا ‎dogma (n.)‏
السياسة الداخلية ‎—policy‏ قاعدة
يررض- يدجن ‎domesticate (v.)‏ متكبر . جازم . قاطع ‎dogmatic, __ al‏
مقر . مسكن ‎domicile(ny) e,‏ | جزم. تحكم. تكبر  ‎dogmatism (n.)‏
الإقامة الدائم-يسترطن . يقيم يجزم . يؤكد ,1( بثقة  ‎dogmatize (v.)‏
سيطرة. سيادة () ‎dominance‏ | سنديل المائدة. فوطة أر منشفة ‎doily (m.)‏
مسيطر. سائد ‎dominant (adj.)‏ صغيرة للمائدة
يسيطر . يتسلط ‎dominate (v.)‏ | أعمال . أفمال. تصرفات ‎doings (n.)‏
سيطرة . هيمنة . تحكم ‎domination (n.)‏"	al-shamil-dictionary
171	"داخل البيث #5 | يستد.يتكبر ‎domineer (v.)‏
خارج البيت ‎outOf s,‏ | مستعمرة ذات ‎dominion (n.)‏
حارس . بواب ‎door-Keeper (n.)‏ حكم 5 سلطة
قاعة 24 ¢ ) المدارس) )( ‎dormitory‏ | لعبة الدميئر ‎domino, dominoes (n.)‏
جرعة دواء. يعطى الدواء  ‎don (v.) ol ١ dose(nv)‏
درسية .سجل . ملف ‎donate (v.) Lot | dossier (n)‏
فتيل «لتنطيف الجروح؟ ‎dossil‏ | منحة هية. تبرغ ‎donation (n.)‏
- نقاط ‎Sty | dot(nv)‏ تمزفه) ‎donative‏
‏هرم . شبخوخة ‎dotage (n.)‏ تبرعاهبة
الخزف.الهرم ‎dotard (n.)‏ | عمل . تفعول 0/00 اقم ‎done past‏
‎dotation (n.) ""‏ | ناضج 05 _ ‎over‏
‏يخرف. يشغف ب ‎dote(v.)‏ | غير ناضج [ ___ ‎under‏
‏منقط. سخيف ‎(ad.)‏ 00080 | ناضج ‎G‏ متقن __ ‎well‏
‏ضعف . مزدوج - ‎double (adj.v.)‏ | الموهوب له. المفورضالمتلقى (.000866)8
يضاعف . يش . يلترى (من يتلقى مقدار من الدم . .إلخ)
بندقية ذات ماسورتين ‎double-barrelled‏ | حمار. إنسان بليد ‎donkey (n.)‏
الدبليس ‎double bass (n.)‏ | الائح ‏ واهب .معط .منعم ‎donor () gl‏
«أكبر آلة كمان» فى الموسيقى قضاء. حكم نصيب. ‎doom (n.v.)‏
مرآة. ذو رجهين ‎double-faced‏ يحكم على . يهلك
متقلب . ذو رأين ‎double-minded (adj)‏ | عذاب اليم ‎anawful ٠‏
صديرى ‎doublet (n,)‏ | يوم الحشر .يوم الحساب ‎doomsday (n.)‏
شك .ارتياب-يشك فى ‎doubt(my.)‏ | علم الساعة ,زه ‎knowledge‏
‏يرتاب . شجرة الدوم ‎doom - palm‏
غامض . مشكوك فيه ‎doubtful (adi)‏ | باب .مدخل ‎door (n.)‏
أمور مشتبهات ‎matters‏ | مقبض الباب ‎handle‏ ___
‎iy‏ بدود شك ‎doubtless (adjadv.)‏ | ممسحة الأرجل 81
بتشيش . رشوة . راشين 0 ‎douceur(n)‏ | بجوار 26-0"	al-shamil-dictionary
172	"ذليل . متجة إلى أسفل ‎downcast (adj)‏ | دوش . منضحة. اداة الحقن (.8) ‎douche‏
‏خراب . اضمحلال ‎downfall (n.)‏ | عجينة. عجين. معكة ‎dough (n.)‏
انحدار. هبرط - نازلا (8.207) ‎downhill‏ | جندى من المشاة ).1( ‎doughboy‏
‏سهول راسعة متخفضة.  ‎downs(n)‏ | كمكة محلاة ‎doughnut (n.)‏
برارى. صحراء ومخبوزة بالسمن
الطابق الأسفل - ‎downstairs (nadv.)‏ | بسالة. بشجاعة  ‎doughtily (adv.)‏
تحت شجاع. باسل ‎doughty (adj.)‏
مع التبار ‎downstream (adv.)‏ | شجرة الدوم وثمره ‎doum (n.)‏
إلى المدينة ‏ قلب ‎١ downtown (adv.n)‏ يغطس. يلل ‎douse (v.)‏
المديئة التجارى حمامة ‎dove (n.)‏
مضطهد. داس ‎(ad)‏ 40000004 | برج حنام ب ,)0060
تازل. متحدر. 0 ‎dove-house - ١ downward (adv)‏
إلى أسفل رفلول (حمام ‎dovelet(n) (ke‏
ذو وبر . ناعم . محال ‎downy (n.)‏ تعشيقة - يعشق ‎dovetal {""'_V')‏
‎dowdy (adj.n.) RS 8‏
مهر. صداق ‎iy dowry (n.)‏
عاهرة. زانية ‎doxy (n.)‏ امرأة رثة اللابس
‎e‏ 7 وخذ. خابور . بوتد - ‎dowel (n.v.)‏
غفوة. سهرة - يففل. 0 ‎doze(mv)‏ يدق ابور
ينعمس . يضيع المهر. الدوطة - يقدم باثنة. ‎dower (n.v.)‏
دستة . ائنا عشر . دزيئة ‎dozen (n.)‏ يمنحه مرهية
مومس . ‎down (advnadiv) - Jid.cd | 8:80 )8.20[.0.( DL‏
أشهب. على . يعاشر المرسات ريش صغير . وبر. ساحة. ‎U‏
‏مسودة . حوالة ‎b‏ شرية. ‎draft (nv.)‏ وملى ‏ مهموم ‏ يسقط. ‎S‏
‏جرعة - يكتب مسودة. يرسم يرس .يكب
يجرى القرعة ‎Gl‏ وإيابً. طالع نازل. ‎wpand ١‏
الرسام .مصمم ‎draftsman (n.)‏ هنا ومالك
تقلبات الذهر 8 ‎upsand‏
‏تصاريف الدهر"	al-shamil-dictionary
173	"‎Dra 171 16‏
يبسط. ينشر. بسحب ‎_forth‏ | خطاف.مجرفة شكة  ‎drag(nv)‏
‏يجر رجله . يسحب . يغوى ‎—in‏ البحث عن الغرقى . عائق
يفرغ. يخلع . يحب ‎of‏ | ترجمان. مرشد. ‎dragoman (n.)‏
يخرج . يسحب . يستقطر سما دليل السياج .
يلحق. يسابر. يعاشر ‏ ##ما ويد | تين .برج الحرت (فى الفلك) ‎dragon (n)‏
عيب نقص ‎drawback () gl‏ | جحل. يصوب ‎dragon-fly‏
‏مصرف. بالوعة-يصرف  ‎drain (nv.)‏
‎drawbridge (n.) 4 1‏ لماء , يتلإضى . يجفف
جسر أ كوبرى متحر 5 نظام المصارف والمجارى ‎drainage (n)‏
درج .رسام اس ‎Ly‏ م ‎drake‏
‏سراويل . لباس . كلسون  ‎drawers (n.)‏ جوع .درقم .كان غير )
غرفة الاستقيال  ‎drawing-room (n.)‏ (دراما) رواية تثيلية . مسرحية )( ‎Crama‏
‏تشدق فى الكلام. يتشدق (6) 5581 | زبلى ‎dramatic, __ al (adj.)‏
عربة لتقل البضائع ‎W‏ (.8) 8089 | يؤلف رواية ‎dramatize (v) it‏
النقل بالعربات ‎drayage (n.)‏ مسهل . شرية . ‎drastic (adj.) J‏
خوف .هيبة - مفزع ‏ (0.80[.7) 80080 | مصرف . جر. جرعة. تيار ‎draught (n.)‏
مخيف - يفزع . يرهب هواء . حوالة مالية
مخيف . مرعب ‎i | dreadful (adj.)‏ الداما ‎draughts (n.)‏
سوء العذاب 7ه © | جر صيدة سمك . يبحب ‎draw (n.v.)‏
سوه الخائمة ‎doom‏ @ | يمد يشرح برسم يمص.
حلم يحلم ‎dream(n.v)‏ | بتقط ‎o __off‏
احتلام اا | يرج 5_0
‎s‏ شارد الفكر 0 ‎dreamy(adi)‏ | يبحب.يجر 8 _-
جرافة . شبكة . يدقع الطين ‎dredge(nv.)‏ | يترك . بتجنب 0 --
يطهر المجارى ‎back Ly‏ —
رواسب .تفل ‎dregs(n)‏ | يتخلف.يتاخر اط __
يبلل . يخمس . ينقع ‎drench(v)‏ | يقصد. بأخذ دنا ‎__blood‏"	al-shamil-dictionary
174	"سبيل الماء ‎fountain‏ | رداء. ثوب. كسائى ‎dress (n.adj.)‏
‎drip(vn)‏ | عرض عكرى ‎__parade‏
‏ينقط . يتقطر ‏ تنقيط . سائل متقطر بدلة الرسميات -
اتدفاع .سياقة. فسحة فى ‎drive(ry)‏ | لباس السهرة ,___ ‎evening‏
‏عربة ‏ يسوق. بطرد. يناضل. لباس رسمى ‎full ٠‏
يدحرج. يندقع يلبس. يلبس. يزبن . يرح 0 ‎dress(v.)‏
‏يصد. يرجع 8# -- الشجر. يسمد ‎Sl‏
‏يدخل .يدق ‎i‏ | لباس النوم ‎dressing-gown (n.)‏
يطرد. يخرج ‎our‏ | غرفة الملبس أو الزينة  ‎dressing-room‏
‏الرثرة - يثرثر. يسيل ‎dressy (adj.) gl | drivel () o‏
رفاذ. مطر خفيف ‎drizzle (nv)  -‏ | يسيل لعابه. يقطر ‎dribble (v.)‏
أمطرت ,1305 جاف. مجفف ‎dried (adj.)‏
شاذ. غريب . مضحك ‎droll (adj)‏ | غرض . مرمى . مربك ‎drift (n.v.)‏
يهذى . بثرلر. لرثرة ‎drool (v.n.)‏ ما تسوقه الرياح . وما يجرفه
تدلى. قنوط. بيضعف.  ‎(mv.)‏ م0:00 التبار. ينجرف مع
يذبل . يتدلى التبار . يندفع . بحث
قطرة . نقطة . تقطير . ينقط  ‎drop (mv)‏ | خشب عائم ومنجرف مع الماء ‎driftwood‏
‎e‏ بترلا. يترجل مثقب . تعليم . تمرين . تدريب (رلة) 8:00
قطارة 6 --- | ‎s S‏ يثقب . يدرب الجنود. يشر
يزور بدون سابق موعد. ‎i‏ | شراب. مشروب. بشرب 0 ‎drink (v}‏
معلومات غير مطلوبة «فى بقشيش ‎__money‏
‏الحاسب» يرضع . ‎_in A‏
ينام . ينعس . انسل . قل ‎١ __of‏ بشرب على محتز ‎health of‏ 16 __
‎dropper (n.) B‏ أو نخب فلإن 0)4 06800 10106 _-
روث . قطرات. بعر ‎droppings (n)‏ | صالح للشرب ‎drinkable (adj.)‏
‎١‏ سكر .شرب الخمر ‎drinking (n.)‏"	al-shamil-dictionary
175	"اجنية ‎ot 3l ey | dryad(n)‏ من الحلوى أو ‎drops (n.)‏
جفاف ‎A dryness (n.)‏
تسوس الخشب ‎dry-rot (n.)‏ امرض الاستسقاء ‎dropsy (n.)‏
‎g‏ مزدوج ‏ المثتى 0 ‎(adin)‏ 8080 | جذب. جناف تحط ‎drought (n.)‏
قاموس مزدوج  ‎dictionary(n)‏ | سرب. قطع ‎drove (nv.) eyt‏
لنائى الغرض ‎purpose (n.)‏ . - يسوق القطع
يسمى.يلقب ‎dub(v)‏ | ساق. قاد ‎drove, past of drive‏
غامض . ملتبس ‎dubious (adj.)‏ | تاجر الماشية أو الراعى ‎drover (n.)‏
أميرة. دوقة ‎١ duchess (n.)‏ يفرق ‎drown (v.)‏
مقاطعة الدوق ‎duchy (n)‏ | ينعس. يغفر ‏ نعاس ‎drowse (v.n.)‏
بطة . معشوقة . حبيبة . قماش (.8) ‎dUCK‏ | لطمة. ضرية ‏ يلطم . يضرب )1( ‎Arub‏
‏كتانى خشن (خيش) الكادح . خادم للأعمال  ‎drudge (n.v.)‏
يغوص . يغطس . يحتى الرأس ‎duck (v.)‏ الشافة ‏ يكدح. يشتقل بجد
بطة صغيرة ‎duckling (n)‏ | عنا. كدح .عبودية ‎drudgery (n.)‏
قناة. أنبوب - ينقل بأنبوبة  ‎duct(mv)‏ | يغش. يخدر. يسمم ‏ دواء. عفار ‎(Vn)‏ 0008
لين (/4ه) ‎ductile‏ | طبلة . برميل . عمود ‏ يطبل (.8.1) 80008
مباشرة - قريب ‎due (adv.adjn)‏ | دق الطبول ‎drumbeat (n.)‏
الوصول - دين. حق طبال ‎drummer (n.)‏
ببب . ناتج عن 0 | سكران ‎drunk, _ en of drink‏
فى الوقت المناسب 16-6 ‎١‏ ثمل جدا. سكران طينة ,_ ‎dead‏
‏مبارزة. نزاع .يبارز ‎duel (ny)‏ | سكير . مدمن الخمر ‎drunkard (n.)‏
التبارز . فواعد التبارز ‎duello (n.)‏ شارب الخمر
وصيفة مسنة . فهرمانة 0000 | عريدة.سكر ‎drunkeness (n.)‏
عوايد ضرية ‎dues(n)‏ | جهاز قياس التكحول )1( ‎drunkometer‏
‏لحن ثنائى . الثنائى ‎duet (n.)‏ باللعاب
بائع متجول. الغبى ‎duffer(n)‏ | جاف.ناشف. يجتف-  ‎dry adjvn)‏
مجفرر ‎dug past and past part-of dig‏ جناف"	al-shamil-dictionary
176	"شرود الفكر . نفاية. مقلب (..8) ‎dump‏ | لدى الحيوان. ضرع م ‎dug‏
‏نفايات . مستودع - يفرغ . الوبة الأطوم (حيوان ثدى ماثى) )1( ‎dugong‏
‏بإمالتها. يعرف . يسقط الزررق الشجرى ‎dugout (n.)‏

‎dump - cart (n.)‏ (قارب محفور من جذ.

‎e ‏شجر اانا‎ | dump- wagon (n.)} ‏سيارة قلاب‎

‏الاغراق & الع ‎dumping (n)‏ | أمير .درق ‎duke (n.)‏
بمقادير ضخمة وبأسعار ‎(ol‏ الدوقية (مقاطعة ‎dukedom (n.)‏
لجلب الزبائن يحكمها دوق). منصب الارق

‏مهموم . حزين . كثيب ‎dumpish(adf)‏ | عذب. مطرب. حلو ‎dulcet (adj.)‏

‏لقمة القاضى . زلابية ‎١ dumpling‏ يحلى . يلطف. يهدئ ‎duleify (v.)‏

‎dulcimer (n.)  )ةيقيسوم ‏لآلة‎ 0y | dumps (n.) ‏كآبة . حزن‎

‏مزرين . متغيظ ‎inthe‏ | المعشوقة. المحبوبة ‎dulcinea (n.)‏

‏قصير وبدين ‎dumpy (adj.)‏ | خامل . بليد . ثقيل ‎dull (adj.)‏

‏قاتم . مظلم ‏ الملح فى (20[:0.7) 000 الفهم.باهت. عل
المطالبة بدين - مطالبة ملحة. الفبى . الابلة ‎dullard (n.)‏
يطالب بإلحاح فى حينه. فى ‎duly (adv.)‏

‏سماد. روث. يسمد ‎dung (n.v.)‏ الوقت المناسب. كما ينبغى

‏برج . محصن . جب )( 0008600 | يخرس .يكت .ايك (64) ‎dumb‏
‏اصرداب. زنزانة ‎oA‏

‎the__, ‏اليكم‎ ١ dunghill (n.) ‏مزيلة . كوم سباخ‎

‏بادثة معناها: اثثان ‎duo‏ | الدمبل (اداة لتمرين 0 ‎dumbbell (n.)‏

‏إثنا عشرى ‎duodecimal (adj.)‏ المضلات). الابلة . الغبى

‏المعمى الاثنى عشرى. ‎duodenumn)‏ | خرس .سكرت ‎dumbness (n.)‏
الاثثى عشر المشهد الصامت (.1) ‎dumb show‏

‏سرطان  ‎duodenal carcinoma(n.)‏ | دمية . مثال لمرض  ‎dummy (nadj)‏
الإلنى عشر الملابس . كاذب زائلف"	al-shamil-dictionary
177	"لون ترابى ‎dust-colour (n.)‏ | قرحة الإثنى عشر ‎duodenal lesion (n.)‏
ممسحة. فوطة التنفيض - ‎duster(n)‏ | النهاب الإلنى ‎duodenitis () e‏
زيال ‎dustman (n.)‏ | الاذج. المففل . يخدع ‎dupe (n.)‏
مجرفة الكناسة أو ‎dustpan () DU‏ | مضاعف . مزدرج ‎duple, _x‏
مترب. كثير القبار ‎duplicate (adj.n.v.) dusty (adj.)‏
الشعب الهولندى . اللغة (.[01.04 ‎Dutch‏ | مزدوج . نسخة ثانية . طبق الأصل +

الهولندية. خلاف ‎i il‏ سمج يضاعف. يخ
مقيم بواجباته طائع . مطيع ‎dutiful (adj)‏ | السخ المكررة ‎duplicates (n.)‏
طاعة .بر ‎dutifulness (n.)‏ | زياء. خداع.نفاق ‎duplicity (n.}‏
بر لرالدين ‎___to parents o‏ تحمل متانة.بقاء 1 ‎durability (n.)‏
واجب . فرص . ضريبة جمرك. )1( ‎durableness (n.) Quty‏

رسم .عوائد متين . دائم ‎durable (adj.)‏
خالص من الرسوم ‎e | free‏ حصر.سجن ‎durance (n.)‏
خارج الخدمة ‎off‏ | مدة.وقت. درام }.( ‎duration‏
‏فى الوردية . فى الخدمة. نوبتجيى , 08 | إكراة ‎duress (n.)‏
قزم - يصغر - يقصر ‎١ dwarf (ny.)‏ بالإكراة ‎under ٠.‏
يسكن. يقيم .بستوطن. تمعن النظر ‎dwell (v)‏ | فى غضون. فى أثناء 0 ‎during (prep)‏
مقيم . ساكن )( ‎dweller‏ | يعتم. الضق ‎dusk (v.n.adj.)‏
إقامة . منزل . ماوى ‎dwelling (n.)‏ (ظلمة أول الليل) ‎POV‏
‏محل سكن . منزل ‎place‏ | داكن البشرة (قائم) . معتم ‎dusky (adj.)‏

dust(vn)  . ‏يترب . ينفض التراب . يغير‎ | dwelt past-past part - of dwell

سكن . أقام غبار . تراب
يصبغ . صبغة . لون ‎Uit oz | dye (vn)‏ ويقعدها. يثير النزاع ‏ 4 70156
مصبغة ‎throw ___in the eyes __pit‏
‎dyed (adj ) [‏ | الرماد فى الأعين. يضلل
مصبغة ‎dye house (n.)‏ | صندوف القمامة ‎dust-bin (n.)‏
صباغة. تلوين (7) ‎dyeing‏ سيارة جمع القمامة ‎dust - cart (n.)‏"	al-shamil-dictionary
178	"ضيف الإحاس  ‎dysesthesia(n)‏ | صباغ ‎dyer (adj.)‏
الاختلال الوظيقى. ‎dysfunction (n)‏ | الدينانيكا ‎dynamics (n.)‏
خلل وظيفى ديناميت. ‎dynamite (n.v.)‏
عر إفراز اللين ‎dysgalactia (n.)‏ ينف بالديناميت
عسر التتفس ‎dyspenia (n.)‏ | دينامو (مولد كهربائى)  ‎dynamo (n.)‏
تخمة. سوء هضم 0 ‎dyspepsia(n)‏ | أمير. حاكم بالإرث ‎dynast (n.)‏
! مصاب بسوه (ز04-) ‎dyspeptic‏ | خلافة. سلالة. ملكية  ‎dynasty (n.)‏
الهضم . كتيب. متشائم صعوبة التكلم ‎dysarthria (n.)‏
عر البلع ‎dysphagia (n.)‏ | صعوبة € ‎&b‏ المفصل (.8) ‎dysarthrosis‏
‏عر ‎S0‏ أو عر قي ‎e | dysphasia (n)‏ السماع ‎dysaudia (n.)‏
بحة فى الصوت ‎dyschezia (n.) by e | dysphania (n.)‏
ولادة متعسرة ‎dystocia (n.)‏ | صعوبة تيز الألوان ‎dyschromatopsia (n.)‏
النغذية السيثة . سو نمو ‎dystrophy (n.)‏ | توعك ‎dyscrasia (n.)‏
احتباس البول . عسر البول ‎dysuria(n)‏ | إسهال: دوستاريا ‎dysentery (n.)‏"	al-shamil-dictionary
179	"1
‏ع7‎
‎L

حلق )( ‎earring‏ | الحرف الخامس من حروف الهجاء 15.6
أرض . الكرة الأرضية. 0 ‎(nv)‏ بقع الإنجليزية

تراب . طين . يدفن . يطمر شىء يعتبر من الدرجة الخامسة ‎e‏
‏صعيد طيب ‎clean__,‏ | كل - كل واد ‎each (adjpron.adv.)‏
عادى. مبتذل | ‎carth - 50000 (adj.)‏ لكل واحد. لكل قطعة

+ أرضى . دليرى ل كه ‎cach other (pron.)‏
خزفى . فخارى ‎carthen (adj.)‏ بعضنا بعضًا
قول سردائى ‎earthenut (n)‏ | تواق إلى .مشتاق ‎eager (adj.)‏
رلزال ‎carthquake (n)‏ | اشتياق . حماس . رغيبة ‏ )1( ‎eagermess‏
‏صملاخ. إفراز الاذن ‎CBT-WAX (n)‏ | نر.عقاب.برج العقاب ‎cagle (n.) (i)‏
راحة. سهولة - يريح ‎case(nv) ٠‏ | حاد البصر. ‎eagle - eyed (adj.)‏

يهرن. يحرر ‎٠‏ يسر سريع الإدراك
متريح 4 | فرخ العقاب ‎caglet (n.)‏
غير مستريح 8 | ‎car (n.v.) - 4_,@_, Loy‏
يتغوط . بقضى الحاجة  ‎fo___nature‏ ينبل الزرع. يكور
حامل لرحة الرسم ‎easel (n.)‏ وجع الأذن ).( ‎earache‏
‏بسهولة ‎casily (adv.)‏ | طلة الاذن ‎eardrum‏
‎CaSt(nadiadv) G-,‏ | نحمة الاذن ‎carlap‏
‏عد الفضح ‎Easter (n.)‏ مبكرًا . باكرا ‎early (adj.adv.)‏
الجهة الشرق-شرقى ‎casterly (adv.adj.)‏ يجلى يكب (رزقه).يتحق )0ق {
امشرقى . شرقى ‎castem (ad))‏ | علامة . عربون - ‎eamest (n adj.)‏
الكنيسة الشرقية ‎Eastern church‏ جاد. جدى

(الارثوذكس) دخل . مكب. إيراد 0 ‎camings (n.)‏"	al-shamil-dictionary
180	"مختلف المركز ‎eccentric (adjn.)‏ | تنصف الكرة ‎castern hemisphere (n.)‏
شاذ. ‎gl‏ عن القاعدة أو ‎S‏
‏المركز - شخص غريب الاطوار التشريق . الإبحار ‎easting (n.)‏
الاختلاف المركزى. ‎eccentricity (n.)‏ | أو الاتجاه شرقًا
شذوذ أو انحراف عن المركز أر أسبوع القيامة. ‎Eastertide (n.)‏
القاعدة. شذرذ أسبوع الفصح . أيام الخمسين
بدئة ‎cCClesi 1 S e‏ | تحر الشرق.  ‎castward (adv.adjn)‏
‎ecclesio‏ شرقى . الشرق
‎COCleSiBSUC (mad)) 5 ol‏ | سهل .هين بسهولة  ‎casy (adjadv.)‏
كنسى . ‎ecclesiasical (adf) 7y‏ | يأكل. يقرض. ينخر ‎eat (v.)‏
مجيع ‎S‏ الصا د | صالع ‎eatable (adj.) SN‏
‎dignatories‏ — | ماكولات ‎eatables (n.)‏
كبار رجال الدين المسيحى إفريز . رفرف السطح ‎eaves (n.)‏
الانلاخ (فى الحشرات) ‎ecdysis (n.)‏ يسترق ‎eavesdrop (v.) ""“""’C,‘—”‏
قنفذ التمل ‎CChidna(n)‏ | يجزر البحر. يتحر ‎Ll‏ 0.83 600 |
قنفذ البحر ‎echinus (n.)‏ جزّر البحر. تأخر
صدى - يُصلدى. يرجع الصوز ‏ (8) 600 | ‎__andflow Ly‏
اختيارى . انتقائى ‎eclectic (adj.n.)‏ حركة ‎___tide S‏
انتخابى . الانتقائى الإبونيت. مطاط صلب أسود ).7( ‎ebonite‏
‏كوف الس ‎ebonize (v.) syl dany | clipse (nv)‏
خوف القمر. يكف يحجب شجر أو عشب ‎ebony (n.adj.)‏
الخرف ‎lunar ٠‏ الأبنوس - أبنوسى. أسود
الكوف ,__ ‎ebriety (n.) L Solar‏
اقتصادى ‎K economic, al (adj.)‏ تمل ‎ebriosity (n)}‏
علم الاقتصاد لاست ل ل د لالس
الاتصادى ‎cconomist (n.)‏ | طارد للجنين ‎ecbolic (adj.n.)‏"	al-shamil-dictionary
181	"يهذب . يثقف . يصلح ‎edify (v.)‏ | يقتصد ‎economize (v.)‏
يعد للطبع . يحرر فى ‎edit (v.)‏ اقتصاد . توفير ‎economy (n.)‏
(جريدة أو مجلة). ب ‎ect B‏
طبعة. نشرة م يمون | سابقة افا ادج شاع لزني
رئيس تحرير جريدة أو ‎editor (n)‏ | القشرة الخارجية ‎ectoblast (n.)‏
مجلة. مؤلف يتاصل ‎ectomise (v.)‏
مختص برئبس التحربر. ‎editorial (adjin.)‏ | استتصال ‎ectomy (n.)‏
تحريرى - مقالة افتتاحية الطفيل الخارجى ‎ectoparasite (n.)‏
رئيسة التحرير ‎editress (n.)‏ .طفيلى خارجى
يثقف . يعلم ‏ يربى ‎educate (v.)‏ | حمل خارج الرحم ‎ectopic pregnancy (n)‏
تعلم. ‎i‏ تربية 0 ‎education(n)‏ | سكونى ‎ecumenical (adj.)‏
‎educe (v.) [y‏ .متعلق بجميع العالم ‎el‏
‏استخراج . استنتاج ‎movement eduction‏ ___
ثعبان الماء !»© | حركة ترحيد العالم السيحى
يخفى معالم الشىء ‎efface (v.)‏ | أكزيما (مرض جلدى) ‎eczema (n.)‏
يمحو . يطمس شراهة .نهم ‎edacity (n.)‏
تأاثير. أثر. نتيجة. سبب ‎effect (mv)‏ | إعصار . زربعة - يدوم. يطوف ‎eddy (n.v.)‏
- يسبب . يؤثر . يكمل جنة عدن. عدن. الجنة ‎Eden (n.)‏
مؤثر. فعال ‎effective (adj.)‏ | لا أسنان له بدون أسنان ‎(adj.)‏ 60601816
‎2t‏ فاعلية ‎effectiveness (n.)‏ | حافة. حد. طرف - ‎edge (n.v.)‏
متاع . ممتلكات . أمتعة ‎effects (n.)‏ يتعد. يدبب. يجعل له ‎o‏
‏نافذ» فعال . مؤثر ‎effectual (adj.)‏ | حاشية . ‎S‏ . برصل .هدب ‎edging (n.)‏
يتم . ينفذ . يقضى ‎١ effectuae (v.)‏ صالح للأكل . يزكل ‎edible (adj.)‏
خناثة . تحنث . ‎effeminacy (n)‏ | مرسوم. أمرعال. منشور ‎edict (n.)‏
نسائى . مخنث ‎effeminate )4/(  .‏ | تهذيب. إصلاح . تربية. ترقية ‎edification (n.)‏
شبيه بالنساء عمارة. بناية. صرح ‎edifice (n.)‏
يفور . يضطرب . يتفعل ‎effervesce (v.)‏"	al-shamil-dictionary
182	"الأثانى . المغرور ‎egoist(n)‏ | عافر. عقيم.عاجز ‎effete (adj.)‏
هائل . خارق العادة. ‎cgregious (adi)‏ | تاثير . فاعلية. تفرذ 0 ‎officiency (n.)‏
فائق. شاذ مقندر . كفء. فعال. شديد ‎efficient (adj.)‏
انبثاق . خروج ‎egress‏ | صورة. تمثال حلية ‎effigy (n.)‏
أبو قردان (طائر) ‎White egret‏ | يزهر . ينتج زهر (نبات) ‎offloresce (v)‏
مصر ‎Egypt(n‏ | مفتح . مزهر.منور ‎efflorescent (adj.)‏
مصرى - ‎Bgyplian (adjn) sl‏ | حب . طفح .سيلان. فيضان )1( 60006086
عالم بالآثار المصرية ‎Egyptologist (n.)‏ | صاب . فائض . جار - ‎effluent (adjn.)‏
علم الآثار المصرية  ‎TS Egyplology (n.)‏
العيدر: نرع من ‎cider(n)‏ | أبخرة متصاعدة. ‎effluvia (n.)‏
البط تحشى بريشه الالحفة روائح ‎WS‏
‏اثمانية ‎cight(n)‏ | جهد. كد. اجتهاد.همة ‎effort (n.)‏
ثمانية عشر ‎eighteen (n.)‏ | بلا كد. بلا جهد (.ز4ه) ‎effortless‏
‏الثامن عشر ‎eighteenth (n)‏ | إهالة. وقاحة ‎effrontery (n.)‏
ثمانية اضعاف  ‎(advadi)‏ 8815014 | يتلالا. يلمع ‎effulge (v.)‏
‎s S -‏ - يسكب. بنشر ‎effuse (v.)‏
الثامن - ثُمْنَ ‎cighth (adin)‏ | مزج بالبيض. يجمع ‎egg (v.n.)‏
الثمانون ‏ جزء  ‎eightieth (adjn.)‏ البيض - بيضة .بيض
من ثمانين بائع بيض ‎eggler(n)‏
‏ثمانون ‎eighty (n)‏ | باذنجان ‎eggplant (n.)‏
أى من . كل - ‎cither (adj pronconji)‏ | قشرة البيضة ‎eggshell (n.)‏
أحد الاثتين ‏ أما. أم ورد جيلى رما ‎eglantine‏
‏أيضًا ‎١ either (adv.)‏ الذات. الأنا )80
يقذف (ربخاصة ‎ejaculate (vn) (A1‏ أثانى . فردى ‎egocentric (adj.)‏
0 . يتفره. يهتف الى | ‎(n.) 1 i‏ اليه
قذف )( هتاف. (.0) ‎cgoism (n.) ejaculation‏
صرخة ‏ دعاء"	al-shamil-dictionary
183	"كهل . متقدم فى السن . ‎elderly (adj)‏ | يحذف . يطرح . يطرد ‎eject (v.)‏
كهولى حذف , طرح . طرد. إخراج ‎ejection (n.)‏
ينتخب ‏ مختثار ا ‎clect‏ | طرد. إخلاء. ‎cjectment (n.) izt‏
متخب الشخمى الملتخب يوسع . يزيد . يطول . أيضًا  ‎eke (v.adv.)‏
انتخاب . اختبار.اصطفاء ‎election(n)‏ | تيقن. يطور. ‎elaborate, _d (v.adi)‏
انتخابى ‎elective (adj.)‏ مقن . مدررس
مفترع. ناخب ‎elector (n)‏ | تصنية ‏ تنقية ‎elaboration (n.)‏
الناخبون ‎electorate (n.)‏ | انقضاء (الوقث) - ‎elapse (n.v.)‏
مقترعة. ناخية ‎electress (n.)‏ يتقفى. يزرل
كهربائى ‎(adj)‏ له ‎clectric,‏ | مطاط .مرن. قابل للتمند ‎(adjin.)‏ وتافقاع
دورة كهربائية ‎__circuit‏ والتقلص ‏ شىء مصنوع من المطاط
سمك الرعاش ‎clasticity (n.) Gyp | el‏
مشتغل بالكهرباء. ‎electrician (n.)‏ | مغرور. معجب ‎elate (adjv.) - iy‏
كهرياء . علم الكهرباء ‎electricity (n.)‏ | عجرفة. غطرسة.غرور  ‎elation (n.)‏
تكهرب . كهربة  ‎electrification (n)‏ | رصلة مرفقية للأنايب.  ‎(n.v.)‏ «وطاء
يشحن بالكهرباء . يكهرب ‎electrify (v.)‏ مرفق . كوع - ينحنى - يضرب
‎e‏ يحرك بالكرع. يتقوس
بادثة معناها: (كهربائى) ,2/8000 | فى متناول. على مقربة ‏ 80865
التحليل الكهربائى ‎electroanalysis (n.)‏ | رث الثياب __ ‎outat‏
‏رسم قلب ‎electrocardiogram (n.)‏ | منهمك جد فى 8 ‎uptothe‏
‏الصورة البيانية الكهربائية (لعمل كرسى ‎elbow chair (n.) Lt‏
القلب) شغل شاق. كدح ‎elbow grease (n.)‏
رسام القلب ‎electrocardiograph (n.)‏ | مجال مضع .حجرة راسعة )1( 10080 61808
الكهربائى. رسمة القلب الكهربائية الأكبر.الأرشد. رئيس (زفة.0) ‎elder‏
‏يقل أر يعدم بالصدمة ‎electrocute (v.)‏ أو زعيم (بحكم السن). أسن.
الكهربائية أكبر سنًا. سابق"	al-shamil-dictionary
184	"Ele 182 Elo
electrode (n.) ‏الإلكترود. القطب الكهربائى‎ | eleven (n.) ‏أحد عشر‎
electrodeposition (n.) ‏الترسيب الكهربائى‎ | eleventh (n.) ‏الحادى عشر‎
electrodynamics (n.) ‏الديناميكا الكهربية‎ | elf (n.) ‏اجلية. قزم‎
electron (n.) ‏الإلكترون. شحنة‎ | elfin(ad).) ‏مختص بالعفاريت‎

يستنبط . ‎elicit (v.) g‏ كهربائية سالبة
‎Al‏ يتجاهل . ينقص ‎elide (v.)‏ | المكشاف الكهربائى ‏ (.8) ‎electroscope‏
‏لائق للانتخاب . مناسب ‎eligible (adj.)‏ اللكشف عن وجود شحنة كهربائية
يحذف. يبعد . يطرد  ‎climiniate (v.)‏ رقياس الإشماع»؟
حذف. إبعاد. ‎climination (1) 5 b‏ | معجون ‎electuary (n.)‏
إدغام. حذف ‎elision (n.)‏ | متمد على ‎cleemosynary (adi)‏
غوة.نخية. أعيان.ذوات. متا ‎(ad))‏ عنام | الصدقات. إحانى . تصدقى
خلاصة. أكسيرا. جوهر ‎n)‏ رازه | أناقة. ظرف.رشاقة ‎elegance (n.)‏
الإلكة (أكبر أنواع ‎elk(n) (PN‏ أن . ظريف .رشق رزفه) ‎elegent‏
‏ذراع للقياس القماش) تملك محزة .كيب راق ‎elegiac (adj.)‏
بيضارى. القطع الناقص  ‎ellipse (n)‏ | دثاء. قصيدة تاملية. ‎elegy (n.)‏
تقدير . حذف. إغفال  ‎psis(n.)‏
‏1 . ام | عنصر. مادة. أساس . جوهر ‎(n)‏ 160601
يضى الشكل. ‎ptic, _al (adj)‏
‎clementary (adi) iyt J‘: f‏
2
‎lephant (n. ;‏
شجرة الدردار ‎clephant (n.) F | amm)‏
. داء القيل (ررم جلدى) ).( ‎elephantiasis‏
‏فصاحة . بلاغة ‎elocution (n.)‏ 8 )
‘ روزن | خم شرن الرشاقة (4ه) ‎clephantine‏
‏فصيح . طلق اللسان )1( ‎elocutionist‏ يعظم. ‎clevate (v) i‏
بطيل . يمد . يستطيل - ‎elongate (v.ad)‏ يهذب . ينشط
تحيل . مدرد معظم .سام مرتقع ‏ (زفة) ‎clevated‏
‏فر مع امرأة. فرت مع رجل . (7) 0/086 | سموائيل .علو ‎clevation (1) i‏
فرار . هرب . بالتخفى  ‎elopement (n.)‏ مصعد.آلة رافعة ‎elevator (n.)‏
بلاغة. فصاحة ‎eloquence (n.)‏ مخزن للحبوب"	al-shamil-dictionary
185	"يختلس ‎embezzle (v.)‏ بلغ . فصيح ‎eloquent (adj.)‏
يزيد الشىء مرارة - 0 ‎cise (adjadv.)  .اًضيأ  ىوس.رخآ | embitter(v)‏
يزخرف. يزين ‎emblaze(v) N‏ | فى ‎elsewhere (adv.) Aol‏
يزين بشعار الشرف.  ‎emblazon(v)‏ | يفسر. يشرح. يرضع 0 ‎clucidate (v)‏
يرضع. يمجد يرارغ . يتملص . يفلت ‎elude (v.)‏
كناية . رمز . شعار . ‎emblem(nv.)‏ | ينقى .يررق ‎elutriate (v.)‏
يرمز. مثل برمز أو شعار يُهزل. يضعف ‎emaciate (v.)‏
شعارى.رمزى ‎emblematic ,_al (ad)‏ | يبعث. يبشق ‎emanate (v.)‏
مجسم. مشمول.  ‎embodied (adi)‏ | يعتق. يحرر ‎emancipate (v.)‏
داخل ضمن يخمى . ‎emasculate (vadj.) .oy‏
يجسم . يضم . يرحد. يشملل ‎embody (v.)‏ مخصى . مخنث
يجرئ. يشجع . يطمع ‏ )1( ‎embolden‏ | يعطر. يحنط ‎embalm (v.)‏
يحضن. يعائق . ‎embrace (v.n.)‏ | التحنيط ‎embalming (n.)‏
يعتنق . اعتناق. حضن. عناق يسد. يقيم جر ‎embank (n.)‏
يسلم. يعتنق الإسلام 75/07 10 | إقامة سد. سد. جسر ‎embankment (n.)‏
يلك . يدهن . 44 ‎embrocate (v.)‏ تحريم. منع شحن بضائع . ‎embargo (n.v.)‏
يطرر . يزخرف ‎embroider (v.)‏ منع إقلاع السفن التجارية - يمنع
شغل ‎by | embroidery (n) sty‏ فى مشررعء ‎embark (v.)‏
التطريز. تطريز يركب سفيئة أو طائرة
يورط . بزعج . يشوش ‎embroil (v)‏ | يعوق. يريك يحير )( ‎embarmass‏
‎s‏ روطع | تربك ‎embarrassed (adj.)‏
‎@l‏ جين ا .1 ررطة ‎embarrassment (n.)‏
‎embassy (n.) ,.Jl_._‘,u., embryo (n.) g‏
تكوين الجنين ‎embryogeny (n.)‏ | يحصن. يعد للحرب ‎mbmhh’v)‏
‏ل يزين . يزخرف ‎embellish (v.)‏
تكين ¥ ل ب . ‎ember (n.)‏"	al-shamil-dictionary
186	"نشرة . إصدار, إطلاق  ‎emission(n)‏ | علم الاجنة ‎embryology (n.)‏
بصدر . ينشر . يقذف ‎et (v.)‏ | ررم حميد بالجنين ‎embryoma (n.)‏
ثملة ( 0001© | يصلح . يهذب. يقرم. ينفح ‎emend (v.)‏
ملين. مرطب ‎emollient (adin)  -‏ | إصلاح.تهذيب ‎emendation (n.)‏
مرطب للبشرة زمردى-زمرد (لصازفة) ‎emerald‏
‏إيراد. أجر. تعويض  ‎emolument(n)‏ | يبزغ. يبرر. يظهر 0 ‎emerge,fom (v.)‏
عاطفة . انفعال. ‎emotion (n.)‏ | بزيغ. نشوء. اناق 0 ‎emergence (n.)‏
إحساس. تاثر اضطرار . طارئ م ‎emergency (n.)‏
عاطفى . مثير العواطف ‎emotional (adj.)‏ | باب الطرارئ ‎__door‏
‎ot‏ بأوتاد () ‎empale‏ اجتماع . فو العادة (مستعجل) 71660018 —
امبراطور ‎emperor (n.)‏ | هيرط اضطرارى ‎__landing‏
‏امبراطورية ‎o0 | empery (n.)‏ ¢ متقاعد. مستقيل ‎cmeritus (adj.)‏
تاكيد . تفخيم . تشديد اللفظ ‎emphasis‏ | صنفرة ‎emery (n.)‏
يشدد اللفظ . يؤكد  ‎cmphasize (v)‏ | حجر جلخ ا
سلطنة . امبراطورية ‎empire(n)‏ | ررق صنفرة ‎——_papers‏
‏دجال ‎empiric(n.)‏ | فىء ‎emesis (n.)‏
تجرييى ) على 1 ‎empric (adj.)‏ | مقئ ‏ دراء ‎emetic (adj.n.) ke‏
الملاحظة والاختبار) ل ‎emprical (adj)‏ | مهاجر ‎emigrant (n.)‏
يوظف . يستعمل . خدمة ‎emigrate (v.) e | employ(va)‏
المرظف. الاير ‎employee (v.)‏ | هجرة ‎emigration (n.)‏
صاحب ‎eminence (n.) L employer (n.) ١‏
‎s‏ ب ‎employment (n.)‏ وفعة. شهرة. صيت. عار ‎eminency (n.)}‏
عمل . وظيفة فضيلة «الشيخ» ‎His Eminence‏
يسمم .يقد ‎empoison (v.)‏ شاه .رفع الشأن. شهير  ‎eminent (adj)‏
مركز تجارى. سونى مركزى ‎emporium (n)‏ | أمير ‎emir (n.)‏
يعطى اللطة. يفون ‎CMPOWET (V)‏ | مبعوث.رسول ‎emissary (n.)‏
أمبراطورة )( ‎empress‏"	al-shamil-dictionary
187	"نزيف بالغ ‎encephal omhagia (n.)‏ | خلو. فراغ . جهل . غرور ‎(n.)‏ 60810855
يسحر. يفن ‎enchant(v.)‏ | نارغ .خال ‏ يفرغ. بصب ‎(adj.v)‏ 60101
يضع أر يدخل ضمن - ‎enclose (v)‏ | صفر البدين  ‎empty handed (adj.)‏
يسيج . يسور بليد ‎empty headed (adj.) k=‏
مادح .مداح ‎encomiast (n.)‏ | يحم . يصب باللون ‎empurple (1) oY1‏
نام مح ‎empyema (n.) &% | encomium (n.)‏
يحبط . يطوق . بشمل ‎encompass (v.)‏ ساود رفيع .سمارى ‎empyreal (ad).)‏
نزال . معركة . مصادمة ‎encounter (n.v.)‏ | سام. جنة ‎empyrean (adjn.) s, bl‏
- يقابل . ينارل الأمو: نعامة أسترالية ‎emu (n.)‏
يشجع. يستحث ‎Ly | encourage (v.)‏ ينافس. يناظر ‎emulate (v.)‏
تشجيع . مساعدة ‎cncouragement (n.)‏ | مناظرة. منافسة ‎emulation (n.)‏
يعتدى. يتجارز على يتهك ‎(V1)‏ 600008601 | تحلب. يحول إلى ستحلب ‎EMUlSify (v)‏
يربك . يثفل . يتعب  ‎encumber (v.)‏ | بمكن من ‎(v.)‏ 08516
عام .منشور ‎cmoyelic, __al(adi)‏ | يشرع. ين قانونًا. ينجز ‎enact (v.)‏
عام. عمومى سن القوانين والشرائع ‎enacting (n.)‏
داثرة معارف + 1 ‎encyclopedia (n.)‏ تشريمى . تضالى ‎enactive (adj.)‏
موسوعة ‎encyclopaedia (n.)‏ تشريع ‎enactment (n.)‏
نهاية . ‎G b‏ (:,8) 600 | المشرع. واضع القوانين ‎enactor (n.)‏
يتمم. يقضى على مينا. الأسنان. مينا - ‎enamel (n.v.)‏
يعرض للخطر . يخاطر ‎endanger (v.)‏ يطلى بالمينا. يزخرف
يعزر .يكرم )( ‎endear‏ | يتهدى .يفن ‎enamour (v.)‏
تحب . تودد ‎endearment (n.)‏ | لان ‎encage (v.)‏
مسعى . سعى . همة  ‎(V)‏ 87062707 | يخيم . يقيم مخيمًا. يعسكر ‎encamp (v.)‏
‎St -‏ يصرف أر يقبض ‎encash (v.)‏
مديون ‎endebted, see indebted (adj.)‏ «قيمة ورقة ‎WL‏
‏الأمراض الترطة ‎endemic 01562565 (n.)‏ | دماغ .مخ ‎encephalon (n.)‏
خامة . نهاية ‎ending (n.)‏ | النهاب الخ ‎encephalitis (n.)‏"	al-shamil-dictionary
188	"ضعيف ‏ يبضعف ‎enfeeble (adjv)‏ | لا نهاية له. أبدى ‎endless (adj.)‏
يحضن . يطوق ‎enfold(v.)‏ | بالطول.على طول ‎endlong (adv.)‏
يجبر . يرغم ‎enforce (v.)‏ | بادئة معناها: 00 ,_ ‎endo‏
‏إرغام . إلزام . تنفيذ ‎enforcement (n.)‏ | غشاء القلب الداخلى ‎endocardium (n.)‏
يروز ‎enframe (v.)‏ | الجلد الداخلى ‎endoderm (n.)‏
يعقد خطبة على . يخطب. ‎|oengage(v.)‏ طفيلى داخلى ‎endoparasite (n.)‏
يستخدم . يتكفل . بقاتل يظهر 2& . يصادق على ‎endorse (v.)‏
متورط .مشغول . ‎engaged (adi)‏ | منظار البطن ‎endoscope (n.)‏
مخطوبة الامتصاص الداخلى  ‎endosmose (n.)‏
خطوبة. مثا . استخدام ‎(M)‏ 60888600601 | الاندرسيرم . ‎endosperm (n) sy‏
يول يتولد. يحدث  ‎engender (v)‏ | بمنع .ينعم على . يقف ‎Yo‏ على )( ‎endow‏
‏آلة. محرك . قاطرة ‎engine(n)‏ | هبة.تبرع.رتف ‎endowment (n.)‏
مهندس . يهندس ‎engineer (n.v.)‏ | وقف خرى ,__ ‎religious‏
‏هندمة ‎engineering (n.)‏ | رزا الأرتابف ‎Ministry of Endowment‏
إنجلئرا ‎England (n.)‏ يملح ‎endue, see endow (v.) N‏
إنجليزى . الإنجليز. اللغة ‎English (adinv.)‏ | محتمل. يطاق ‎endurable (adj.)‏
الإنجليزية - يترجم إلى الإنجليزية تحمل . احتمال. جلد . بقاء )1( ‎endurance‏
‏المزمار الإنجليزى 7 - | يصبر على . يكايد. يتحمل )1( ‎endure‏
‏يلتهم . يتلم ‎engorge(v)‏ | حقنة شرجية. سائل ‎enema (n.)‏
يطعم ‎engraft (v.) G‏ يحفن من الشرج
ينقش . يحفر ‎cngrave(v.)‏ | عدد. خصم ‎enemy (n.)‏
يحتكر. يشترى بالجملة.  ‎(V)‏ 6885055 | عدو مين .80019060
يتوعب عدو لدود ,_ ‎bitter‏
‏يزيد . يرفع الشمن . يعظم ‎enhance (v)‏ | فعال. منشط . مؤثر 0 ‎energetic (adj.)‏
لغز () 01808 .| يعمل نشاط. يمتحث.بنشط ‎energize (v.)‏
يشترط . يمنع . ينهى . يأمر ‎Bl | ©0008 (V)‏ همة . حماس ‎energy (n.)‏
يوصى. يفورض يرهن يضعف. لبط مس"	al-shamil-dictionary
189	"يمكن . يغرس ‎what is right and for- enroot (v.)‏ __ 10
مثال. رذع ‎ensample, sec example‏ | يأمر بالمعررف 0 ‎bidwhatisevil‏
‏يلطخ بالدم ‎ensanguine (v.)‏ ويلهى عن المنكر
يخلى . يحجب ‎ensconce (v)‏ | يأمر ‎to __ righteousness A4‏
يكفن ‎enshroud (v.)‏ | أمر .وصية ‎enjoinment (n.)‏
بيرق . علم . شعار ‎ensign(n)‏ | يمع ب . ‎enjoy (v.) Sl‏
علف مخزون ‎ensilage (n)‏ | فرح .سار ‎enjoyable (adj.)‏
يستعيد ‎enslave(v)‏ | متم .سرور ‎enjoyment (n.)‏
استعباد ‎enslavement (n.)‏ | يوسع.يكبر ‎enlarge (v.)‏
يكفل . يمن . ‎ensureseeinsure (v.)‏ | ينور يوضح ‎enlighten (v.)‏
يتأكد من يقيد اسم . يجل . يجن ‎enlist, i (v.)‏
يعرقل . يعقد . يحير ‎entangle (v.)‏ | تجبد ‎enlistment (n.)‏
يدخل . يدون ‎enter(v.)‏ | عداوة. خصام ‎enmity (n.)‏
معوى ‎enteric (adj.)‏ | برقع القدر. يعظم يشرف ‎ennoble (v.)‏
حمى معوية . حمى ‎fever syl‏ | سآمة. ملل. ضجر ‎ennui (n.)‏
‎entevilis (n)‏ | ضخم. هائل ‎enormous (adj)‏
نزلة معوية . التهاب الأمعاء الدفيقة كاف ‎enough (adj.advn.)  _ LG‏
مسعى . عمل . مشروع . (:71.7) ‎enterprise‏ مقدار واف
مؤمسة تجارية. إقدام - يقدم ‎enquire see inquire (v.) Loy, iy‏
على. باشر يثير الغضب . يهيج ‎enrage (v.)‏
عقدام. ساحب  ‎enrapture (n.) o | cntemprising (adi)‏
مشروعات عظيمة . جرئٌ يفن يع بيع 0[ ‎enravish (n.)‏
‎it‏ ب. يضيف . ‎١ 6012080 (V) ok‏ يغلى. يلقف يخصب ‎enrich (v.)‏
مادبة . يسلى . يستضية + يلبس. يكو ‎enrobe (v.)‏
‎s‏ الحفلة ‎TR‏ | بدرج. يدون دنى سجل 3( ‎ol‏
‏ومشرفها تدوين. تسجيل ‎enrollment (n.)‏"	al-shamil-dictionary
190	"يلف . يربط . يجدل 1 ‎entwine (n.)‏ | تسلية ‎k.‏ . رليمة . ‎entertainment (n.)‏
‎entwist (n.) -‏ ضيافة
يحب .يعد . يحصى ‎enumerate (v.)‏ | يأسر.يتبعد ‎enthral (v.)‏
إحصاء .عد ‎enumeration (n.)‏ | يتوج . يجلس على العرش ‎enthrone (v.)‏
سلس البول ‎١ enuresis (n.)‏ عيد الجلوس ).1( ‎enthronement‏
‏التبول الليلى ‎Nocturnal ٠‏ على العرش . حفلة التريج
يغلف . يغطى . يطوق )1( ‎ENVEIOD‏ | يحمس.يتحيس ‎enthuse (v.)‏
مظررف . ظرف . غلاف. ‎envelope (n.)‏ | حماس . حمية ‎enthusiasm (n.)‏
غشاء يحرض . يغرى . يغرى ‎entice (v.)‏
يرغر الصدر. سمم . ‎envenom‏ | تام.كابل. صحيح ‎entire (v.)‏
يملا القلب بالحقد كلية. بأسره ‎entirely (adv.)‏
مُشتهى . مطموع أو ‎envinble (ady)‏ | يُلقب. يخول. يغرصس ‎entitle (v.)‏
مرغوب فيه . باعث على الحسد يدفن. بقبر ‎entomb (v.)‏
حاسد. سود 1 ‎envier(n)‏ | علم الحشرات ‎entomology (n.)‏
‎envious (n.)‏ | نات طفيلى ‎entophyte (n.)‏
يحيط ب ‎environ (v.)‏ | أحشاء. أمعاء. جوف ‎entrails (n.)‏
بيئة. محيط ‎environment‏ | يركب القطار. يقطر - ‎entrain (v.)‏
ضواحى . أطراف المدينة. نواحى 60010005 | يستقبل القطار
‎oy )8( AL, Gy i‏ | دخول اعرد 0 ‎enance(n)‏
‎il I 1 R‏
يفيظ. يفار من غير ‎entrancement (.n,) I‏
يحيط ب.يطوق ‎cnyhee (v,)‏ | يدقع فى شرك . يصطاد يفخ ‎entiap(v)‏
‏يقلف .يلف ‎enwrap (v.)‏ يلتمس . يتوسل إلى ‎entreat (v.)‏
"" يال ‎reathe (v)‏ السققعا ما لامعا
يطرق. ‎entrench see intrench (v.) G‏
ألزية . خميرة ‎e | T‏ .وغول تدرين 5 )("	al-shamil-dictionary
191	"صرع. مرض الصرع  ‎epilepsy (n)‏ | علم الإنزيمات ‎Jl‏ الخمائر (.8) ‎enzymology‏
‏يخجم المقال ‎epilogize (v.)‏ | الكتفية «شريط مقصب ‎epaulet, __te‏
خائمة . ختام . يختتم المقال (.8) ‎epilogue‏ يتدلى على كتف السثرة العسكرية؟
سلسلة احداث . حادثة هامة (:8) ‎episode‏ | إناء ثمين لزينة المائدة 0 ‎cpergne (n)‏
لزيف الانف ‎epistaxis (n.)‏ | شىء سريع الزرال. ‎ephemera (n.)‏
رسالة رسمية . تحرير . مكترب ‎epistle (n.)‏ ذبابة مايو. يعيش ‎Tty Gy‏
عبارة مكتربة على ريح )1( 600:80 | سريع الزوال. فان. ‎ephemeral (adj)‏
أو قير ابن ساعته
أوج . شدة. منتصف الشىء (.8) ‎epitasis‏ | مطبوعات دورية . ‎ephemeris (n.)‏
أغنية المُرس  ‎epithalamium (n.)‏ تقريم فلكى
كمادة. لزقة. لبخة ‎epithem (n.)‏ | الايفود (ثوب أحبار اليهود) )1( ‎ephod‏
‏رصفى . نعتى ‎epithetic (adj.)‏ | بطولى . ملحمى . مختص ‎epic(adjin)‏
‏مختصر . مجمل . خلاصة )1( 01108008 بير الأبطال. شعر قصصى
يختصر. يُجمل . يلخص )( ‎epitomize‏ | ملحمة قصصية ‎__novel‏
‏حقبة . عصر. زمن ‏ عهد ‏ (-0000)8© | ملحمة شعرية #-
ملحمة. شعر ملحمى ‎epos(n)‏ | كاس الزهرة الخارجى  ‎epicalyx (n.)‏
ملح إنجليزى )( ‎epsom salts‏ | ختلى . مشترك. الجنس ‎epicene‏
‏معادل ومساو . متعادل . (24[:5.7) ‎equal‏ | رباثى سائد. عام ‎epidemic (adjn.)  -‏
‎e‏ نظير. كفؤ - عرض وبائى
يسارى. بضاهى علم الأوبئة ‎epidmiology (n.)‏
كفو للأمر ‎__to the occasion‏ | طبقة الجلد الظاهرة.  ‎epidermis (n.)‏
يسوى. يعادل. بوازن ‎equalize (v.)‏ البشرة. آدمة
هدوه. لات رباطة جاش ‎cquanimity (n.)‏ | قم المعدة ‎epigastrium (n.)‏
يعدل . يوازن بين ‎equate (v.)‏ | لان المزمار ‎epiglottis (n.)‏
تسوية . معادلة «جبرية» ‏ (.8) 8008000 | عبارة مقنبسة. تضمين ‎epigraph (n.)‏
خط الاستواء ‎equator (n.)‏ شعار . عبارة منفوشة
استوائى ‎equatorial (adj)‏ | دراسة النقوش )( ‎epigraphy‏"	al-shamil-dictionary
192	"ممحاة. مساحة. أستيكة ‎___telescope (n.) Lo, | eraser(n)‏
‎erasing (n.)‏ | ساس ‎equerry (n.)‏
‎erasure (n.) } e‏ | تارس .خيال  ‎cquestrian (madi)‏
قبل أن . قبلاً. قبل ‎ere (conjprep)‏ - فروسى
معندل. متب يشيد. يقيم ‎oerect(adiv)‏ | فارسة.امرأة. ‎equestrienne (n.)‏
انتصابى ‎erectile (adj.)‏ ماهرة فى ركوب الخيل
تشييد . بناء . انتصاب ‎erection (n.)‏ | 4@ معناها: متاو ‎equi‏
‎Y‏ بعد قليل ‎erelong (adv.)‏ | متساوى الزوايا ‎equiangular (adj.) ١‏
جهار ريم القلب ‎ergocardiograph (n.)‏ | تشارى الأبناد  ‎cquidistant (adj)‏
بمد الجهد شارى الاضلاع ‏ (زقه) ‎equilateral‏
‎daly‏ متعبد ‎eremite (n.)‏ | بعادل.يرارن ‎equilibrate (v.)‏
آليات سعر الصرف ‎ERM‏ | يجهز . يحضر. يلبس ‎equip (v.)‏
يقرضر . ينحر . يبرى . يتآكل . ‎erode(v)‏ | لوازم . مهمات. حاشية ‏ (00) ‎equipage‏
‏نحر . تفتت . تآكل ‎erosion (n.)‏ | معدات. عاد حربى  ‎equipment (n)‏
غزلى . غرامى . ‎_al(adi)‏ , 0000© | تعادل. موازنة ‎equipoise (n.)‏
شهوانى . جنى أنصاف . عدل. استقامة ‎equity (n.)‏
يخطئ. يزل . بخطئ ‎erm(v.)‏ | عادل.منصف ‎equitable (udj.)‏
مأمورية . مهمة . خدمة ‎enand (n)‏ | بالمعروف ‎on__term‏
‏شارد . ‎J‏ جوال ‎equivalent (ad,.n.) ewant‏
‎Loy‏ ضلال ‎(n.)‏ 7801© | معادل مساو ل. عرض . بدل
اخطا غلطات. سهو 0 ‎emata(n)‏ | غامضر ذر ثمنين ‏ ( ر4ه) ‎cquivocal‏
‏شارد . مجروف بفعل ‎crratic(ading‏ | يراوغ. يقول كلام ‎equivocate (v.)‏
نهر جليدى - شخصى . غريب يحتمل معنين
الأطوار. صخر مجروف بفعل ‎s‏ عهد . زمن. عصر 2
نهر جليدى يبيد . يفنى . يتاصل ‎eradicate (v.)‏
غلطة . زلة ‎erratum (n.)‏ | استتصاد. إيادة ‎eradication (n.)‏ ,
1 يمحر . يسح .يزيل )( ‎erase(v)‏ |"	al-shamil-dictionary
193	"ering (adj.) ‏مخطئ.تائه. ال‎ | © _ the deceased to his final
error (n.) ‏خطأ.زلة‎ resting place ‏يشيع الجنازة‎
erst (adv.) ‏أولا. فيما مفى‎ |. esculent (adj.) SN ‏صالح‎
‎erstwhile (adv.)  قباس ‏مابقًا.‎ %3 | escutcheon (n.) ‏شعار النبالة.‎
eruct (v.) ‏غطاء ثقب المفتاح يتجشاً‎
eructate (v.) 0 esophagus (n.) 734
eructation (n.) } ‏دز‎ esoteric (adj.) ‏خفى . مستور . محر‎
erudite (adj.) ‏علامة. أديب‎ | oespalier(n)  ةشرعم ‏تعريشة . شجرة‎
erudition (n.) ‏براعة. علم. اطلاع‎ | eparto, _grass(n) o
erupt (v.) ‏يطفح الجلد‎  قفدتي‎ | especial (adf) . ‏من نوع خاص . استنائى‎
‏خصومى يفور ريقذف كالبركان‎
erysipelas Gkt ‏مرض‎ | especially (adv) ‏خصوصًا. خاصة.‎
escalade (n.v.) ‏لا سيما تسلى الأسوار بالسلالم‎
‏يلق‎ - espial 1 ‏تجسس. مراقبة‎
escalator (n.)  كرحتم ‏سلم كهربائى‎ | espionage ‏استطلاع - جاسوسية‎
‏صعود ار هبوطا‎ esplanade (n.)  ةبحر‎ . ‏مبدان. مساحة‎
escallop (n.)  ةفدص‎ , ‏سمك محارى‎ | 800058[)8.( L ‏خطية. زواج . مناصرة‎
‏على شكل مروحة‎ espouse (v.) ‏يخطب . يزوج . يزيد‎
escapade (n) 0 ‏يتطلع. يلمح () لازو | هروب.تملمن . قرار‎
escape )7.0.( ‏يهرب. يفر - هروب . قرار‎ | €SQuire (n) ‏سيد . محترم‎
G ‏الانقاذ من‎ = essay (mv.) . ‏مقال. مقالة. إنشاء  فحص‎
escapement (n.) ‏الساعة. إفلات‎ 2 S0 ‏يختبر . يجرب. يحاول‎  رابتخا‎
escarpment (1) ‏خندق . انحدار . ميل‎ essayer (n.) ‏فاحص المعادن الثمينة‎
eschew (v.) ‏يتعد عن.يتحاثى‎ | essence (nv) - ‏عطر . خلاصة‎
escort (n.v.) ‏جوهر . عنصر - يعطر مرافق . حفر - يرافق‎
‏يقصد الحرامة‎ essential (adjn.) . ‏جوهرى . ضرورى‎
| ‏أساسى - ميادئ. عنصر أساسى‎
."	al-shamil-dictionary
194	"حمام بخارى. مصب النهر ‎(n)‏ ل0030قع | جوهريًا. ضروريًا  ‎essentially (adv.)‏
بهتاج . يثور غفبًً ‎estuate(v.)‏ | يؤسس. يقيم. يوطذد.  ‎establish (v.)‏
طمع. جوع ‎esurience (n.)‏ يرهن
‎etc(adv.) 7‏ | يقيم الصلاة ‎prayer‏ __ 10
إلى أخره. وعلم جرا ‎establishment (n.) .S—-r-: etcetera (mn)}‏
يحفر «كليشيه. . ]3( يطيع ‎etch (vn.)‏ تأسيس. مخزن, استيطان
فى الذاكرة ‏ محلول كيميائى عقار . ملك . شأن. حالة ‎estate (n.)‏
اللقش على المعدن. كليشيه ‎Ll | etching (n.)‏ شخصية __ ‎personal‏
‏أبدى . ‎s | eteral(ad) LA‏ ملك ابت __ ‎real‏
‏دائم . سرمدى اعتبار . احترام . تقدبر ‎esteem (n.v.)‏
القيوم امن أسماء الله الحنى) .7868 | يحترم. يقدر. يحب
الصمذ لمن أسماء ‎The E____ Absolute‏ | فن الجمال رالذوق ‎esthetics (n.)‏
الله ‎et‏ محترم . يستحق التقدير ‎estimable (adj.)‏
أبديًا. إلى الأبد ‎ctemnally (adv.)‏ | تفدير. قيمة - يقدر ‎estimate (n.v.)‏
أبدية. خلود. سرمدية ‎eternity (n.)‏ القيمة. بعد. يستنتج
يؤيد . يخلد ‎eternize (v.)‏ تثمين . تقدير القيمة ‎estimation (n.)‏
موستى ‎etesian (adj.)‏ احترام . رأى
أثير . الفضاء . هواء . ‎ether(n)‏ | تقديرى ‎estimative (adj.)‏
السماء. الأثير المخدر مشمن . مقدر الثمن ‎estimator (n.)‏
عاقل . ادبى . أخلاتى ‎__al(adi)‏ علطا | ‎estival (adj.) e‏
.مختص بعلم الآداب يصطاف. يُصيف ‎estivate (v.)‏
علم الاخلاق ‎ethics (n.)‏ | اصطياف ' ‎estivation‏
‏. الفلسفة الادبية . علم الآداب منصة. تخت . ساحة ‎(n.)‏ ماوع
‎iy | ethnic, _al(adj)‏ .يعد ‎estrange (v.)‏
سلالى . جنسى . عرفى تور . تباعد . إعراض ‎estrangement (n.)‏
التنظيف العرتى ‎ethnic cleaning (n)‏ | ضالة . حيران تائه ‎estray (n.)‏
نسخة طبق الأصل ‎estreat (n.)‏"	al-shamil-dictionary
195	"قتل المريض بقصد راحته (.8) ‎cuthanasia‏ | الأثنرغرانيا. ‎ethnography (n.)‏
‎Y,‏ سهلة وطبيعية ‎eutocia (n.)‏ رصف الشعرب وأخلاتها
دراء ملين . مسهل . (.[7800801)0.80© | الاثنرلوجيا: علم الأعراق )1( ‎ethnology‏
‏يهجر . يترك . يتبرز + (1) ‎evacuale‏ البشرية. علم أجناس البشر
يبول . يجلى (عن منطقة) روح الشعب . نفسية المجتمع ‎ethos‏
‏إخلاء. جلا. تفربغ . تغوط )1( ‎evacuation‏ | علم أسباب الأمراض ‎ctiology (n.)‏
يتهرب من . يقلت ‎evade v‏ | آداب السلروك. ‎etiguette (n.)‏
يقدر . يثمن ‎evaluate (v.)‏ علم الصرف أو الاشتقاق. ‎etymology (n.)‏
تقييم . تثمين . تسعير ‏ )( ‎evaluation‏ علم الاتيمولوجيا
يبيد . يفنى . يزول . بتلاشى  ‎(v)‏ 89008502 | أصل الكلمة ‎etymon (n.)‏
إيادة. فناء . زوال  ‎evanescence (n)‏ | شجرة الكافور .( ‎eucalyptus‏
‏فان. سربع الزوال ‎evanescent (adj.)‏ | اليوجينيا: علم نحين  ‎eugenics (n.)‏
إنجيلى ‎cevangelical (adj.)‏ السلالات. دراسة نحسين السلالات
مبشر بالإنجيل )( ‎g | evangelist‏ على ‎culogize (v.)‏
يشر بالإنجيل . ينصر  ‎evangelize(r)‏ | يؤبن اليت
بتلاشى . يزول . يفنى ‎evanish (v.)‏ | مدح .ثناء. تأبين ‎eulogy (n.)‏
تبخر . يتحول إلى بخار ‎evaporate (v.)‏ | حسن الجماع ‎eupareunia (n.)‏
تبخير. تبخر ‎evaporation (n.)‏ | سهولة الهم ‎eupepsia (n.)‏
مراوغة. تحايل . تملص ‎evasion (n.)‏ | مهضم. مرح . متفائل ‎eupeptic (adj.)‏
حواء. أم البشر ‎Bve(n)‏ | حسن التعير )( ‎cuphemism‏
‏ليله . ماء. وشك . قرب ‎cuphonium (n.) dy | eve(n)‏
حتى . ولو أن. أيضنًا. مستو. ‎even(advy)‏ | عذوبة الصوث ‎cuphony (n.)‏
مط - يسوى ييسط. يسنوى بمهد صوت عذب
عدد شفعى (وتر) ‎١ nuamber‏ ير القن ‎eupnea (n.)‏
منصف. مقط ‎even handed (ad))‏ | قارة أورريا ‎Europe (n.)‏
عادل أوروبى ‏ شخص أرررى ‎European (adjn.)‏"	al-shamil-dictionary
196	"يخلم عن . يجرد من. ‎evict(v)‏ | ماء. ليلة. سهرة.عشية  ‎evening (n.)‏
يطرد. يخرج بالتساوى . بالعدل . بمساواة ‎evenly (adv.)‏
طرد. إخراج . نزع الملكية )( ‎eviction‏ | ساكن البال. رصين ‎even - 010888 (6dj.)‏
دليل . شهادة. بينة 0 (870) ‎evidence‏ | سكون البال. ‎evenness (n.) .Gk,‏
- يرضح . يبرهن . يقدم دليلاً اعتدال . استراء
بين الأيدى . موجود ‎in__,‏ | حادث. واقعة. أمر ‎event (n.)‏
دليل قاطع ,___ ‎conclusive‏ | على كل حال ‎arall _s‏
بين . راضح . جلى ‎evident (adj.)‏ | فى حالة ما كه ‎inthe‏
‏شر . إثم . آفة-فاسد . نحس (.[0.80) ل01© | خطير. كثير الحوادث  ‎eventful (adj)‏
فاعل الشر . مذنب ‎—doer‏ والوقائع
حسود.عين حاصدة ‎١ __eye‏ مساء. أصيل. وقت ‎eventide (n.) oLt‏
‎May __ befall him 4G‏ | أخير . متوقع .نهائى  ‎eventual (adi)‏
اغتياب ‎evenwally (adv.) i\ . (sl | speaking‏
الشرير . إيليس . الشبطان 076 ‎The‏ | فى رقت ما ‎ever (adj.)‏
سىء الظن. حقود ‎(adi)‏ 011-1000080 | منذ ذلك الوقت --_
ايبين. يثبت ‎evinee (v.)‏ | إلى ‎Jor . LY‏
بيان. إثبات ‎evincement (n.)‏ | دائم الاخضرار. ‎evergreen (adj.)‏
يمكن إثباته ‎evincible (adj.)‏ دائم الحضرة
يمكن تجنبه أو ‎evitable (adj.)‏ | دائم . ستديم. ثابت (4ه) ‎everlasting‏
‏التخلص منه الحى دمن أسماء الله ‎The E___ ¢t‏
يتحضر «الارواح» يستدعى ‎eVOKe (V)‏ | على الدوام.دائمًا 0 ‎evermore (adv.)‏
منشئ المتحنى «المحلل  ‎١ evolute (n)‏ بقلب .يمك ‎evert (v.)‏
الهندسى ‎S‏ الانحثاء؟ كل . كل واحد .كل ‎every (adj.)‏
تطور . تبدل. إظهار . نشوء. )1( ‎__now and then Gt | evolution‏
مناررة حربية . استخراج الجذور كل راحذ. كل شخص ‎everybody (pron.)‏
‎A‏ يخرج . يسط. يتطور ‎(v‏ 7098 | كل شىء ‎everything (pron.)‏
اقلم . استتصال )( ‎evulsion‏ | فى كل مكان ‎everywhere (udv.)‏"	al-shamil-dictionary
197	"يبرع فى . يتقدم على ‎excel (v)‏ | شا نمجة ‎ewe (n.)‏
+ يبرز. يتفوق فى إبريق. كوز ‎cwer (n.)‏
براعة . تقدم . تفوق 0 ‎oxcellence (n)‏ | بهيج.يثير ‎exacerbate (v.)‏
حسن . تفوق . تفاضل (.8) ‎excellency‏ | شدة . ثوران. تفاقم ‏ (.7) ‎exacerbation‏
‏صاحب السعادة أو العزة ‎His__ HE.‏ | مضبوط . صحيح . مدفق  ‎(adj.v.)‏ 1381©
فاخر . عظيم . ممتار . ثمين ‎excellent (adj)‏ يفرض. يفتصب. يستلزم
‎v‏ بخرج ‎١ except (v.)‏ سلب . ابتزار . نهب ‎exaction (n.)‏
‎excepl, ___ing (prepconj.)‏ | ضبط. إحكام.دقة ‎exactness (n.)‏
سوى . ماعدا - لولا. غير . إلا يعظم .يالغ ‎exaggerate (v.)‏
أستناء. معارضة . اعتراض (.8) ‎exception‏ | مالغة . مغالاة.غلو ‎exaggeralion (n.)‏
اقتباس . يقنبس + ‎excerpt (nv)‏ | يمجد. يرفع من شان ‎exall (v.)‏
يتشهد ب. يقطف ممجد. رفيع ‎exalted (adj.)‏
منتخبات . مقتطفات ‎excerpta (n.)‏ | العزيز لمن أسماء ‎Exalted in Might‏
اقباس (م) ‎excerption‏ الله الحسنى؟
زيادة. تجاوز  ‎excess (n.adj.)‏ | بمتحن. يفحص . يحقق مع ‎CXAMINE (v.)‏
باق (فى الرياضة). نَضلَةَ قاضى التحقيق )1( ‎examining judge‏
متجارر الحد. زائد  ‎excessive(adi)‏ | مثال نموذج ‎example () i85,‏
زمهرير ‎Jor . S | __cold‏
صرافة. بورصة ‎exchange (mv.)‏ | نيت .عديم الحياة  ‎exanimate (adj.)‏
مقايضة . مخزن تجارى . يغضب .يثير ‎exasperate (v.)‏
يصرف . يقايض يحفر . ينقب . ينبش  ‎(v.)‏ 7621/16
حوالة مالية ‎bill of exchange‏ | حفر . إخراج المدفون  ‎excavation (n.)‏
بدلأ من ,عط | حفارة.آلة حفر ‎excavator (n.)‏
صراف. مقايض ‎exchanger(n.)‏ | يزيد عن . يكثر من. يجاوز ‎exceed (v.)‏
بيت المال . ديوان ‎exchequer (m) U‏ | للغاية . إلى الدرجة ‎exceedingly (adv.)‏
يدنع عليه ضرية أر رسم (.[084) ‎excisable‏ القصرى . جد"	al-shamil-dictionary
198	"يب . بشتم . بشجب ‎EXecrate (v.)‏ | ضرية. رسوم - يفرض 0 ‎(MV.)‏ 6158م
ينفذ . يتمم . يقضى على ‎execute (v.)‏ ضريية على. يزيل. يتامل
يعدم استفصال. قطع ‎excision (n.)‏
تنفيذ . إتمام . قتل . إعدام (.0) 88001108 | سريع الاضطراب والتاثر ‎excitable (adi.)‏
منفذ الحكم ‎gt | €XcCUtioNET (1) (VY‏ يستفز ‎excite (v.)‏
جلاد إثارة. نهيج . شغب ‎excitment (n.)‏
تنفيذى . إدارى ‎executive (adj.)‏ | يهتف . يصيح . يتعجب ‎exclaim (v.)‏
الوصى . منفذ . وكيل تركة )1( ‎eXeCUIOr‏ | هتاف . صياح , تعجب )1( ‎exclamation‏
‏الرصية . منفذة. وكيلة )1( 0008© | يطرد. يمنع. يستلتى ‎exclude (v.)‏
على تركة طرد منع . استناء ‎exclusion (i.)‏
تفسير «الكتب الدينيةة )1( ‎exegesis‏ حائل . مائع . مستثن ‎exclusive (adj.)‏
.تاريل يدرس . يتفكر . يستنبط  ‎excogitate (v.)‏
تفسير القرآن الكريم ,__ ‎S Qurianic‏
قدوة. مثال. نسخة )( ‎exemplar‏ | تفكر . اختراع. تمعن )1( 80080141100
يقتدى به . موذجى ‎exemplary (adj.)‏ مقشور. لوخ . ‎excoriate (adj.v.)‏
يضرب مثلاً. يوضح بمثل ‎exemplify (v.)‏ يلخ يكشط. يقشر
معفى . مستثنى ‎g, | exempt(adiny) L‏ غائط .ررث ‎excrement (n.)‏
المعفى - يعفى من خراج .دمل . زائدة ‎excrescence (n.) iy‏
تمرين . ممارسة . استعمال - ‎eXerCise (nv)‏ | يتبرز . يفرز . بيخرج ‎excrete (v.)‏
يدرب . بمارس . يجرى . ينفذ براز . نفاية . إفرازات ‎excretion (n.)‏
يجتهد . يكد . يسعى . يذل ‎exert (v.)‏ «الجسم)
اجتهاد . كد . سعى ‎exertion (n.)‏ | يعذب.يزلم ‎excruciate (v.)‏ ا
الزفير )( ‎exhalation‏ | يامح.يعثر ‎exculpate (v.)‏ ا
ينتشر البخار . يعبق . بفوح ‏ )( ‎oexhale‏ | نزهة. فسحة . غارة. ‎excursion (n.)‏ ا
يزفر هجوم. شرود
‎e‏ يتعب . يفرغ 0 ‎eXBAUSE(V)‏ | اعتذار. سماح . صفح ‎XCUSE (MV.) L‏ |
العادم يسامح . يعذر |"	al-shamil-dictionary
199	"امتداد. سعة . مدى ‎expanse (n.)‏ | تتعب.منهك ‎exhausted (adj.)‏
‎expansibility (n.) } o‏ | انهاك. تعب.تفريث ‎exhaustion (n.)‏
‎expansibleness (n.)‏ | بيدى . يبين . يعرض - بيان: ‎exhibit (V.n)‏
قابل للتمديد أر  ‎expansible (adj.)‏ عرض الشىء المعروض
التوسيع معرض . عرض . إظهار )1( ‎exhibition‏
‏اتساع . تمدد. توسيع ‎expansion (n)‏ | يفرح يهج ‎exhilarate (v.)‏
منتشر . تمددى . مد ‎(adj.)‏ 800205008 | فرح. سرور. إتعاش (.) ‎exhilaration‏
‏يسهب. يطنب ‎expatiate (v.)‏ | بحث. يعظ. ينبه ‎exhort (v.)‏
يطرد. ينفى . ‎expatriate (v.) Oy‏ | وعظ. نصح. حث ‎exhortation (n.)‏
نفى . تغرب ‎expatriation (n.)‏ | ينبش. يخرج & من القبر ‎exhume (v.)‏
يتوقع . ‎exigence (n.) | 00801 ( gl‏
مب ‎i‏ 0 بسع ضرودة حاجة ‎exigency {n)}‏
ترقب ‎expectance (n.)‏ | ستعجل. ضردرى ‎exigent (adj.)‏
متوقع. ‎iz,‏ آمل ‎expectant (adj.)‏ | ينفى . يطرد ‏ نفى . المطرود ‎exile (vn)‏
مترسط العمر التوقع ‎expectation of fe‏ | يوجد. يكون.يظل ‎exist (v.)‏
منخم . مساعد . ‎expectorant (adjin)‏ | وجود. كيان . بقاء ‎existence (n.) il‏
على التخلص من البلغم . منفث مخرج . مكان الخروج - يخرج ‎EXIL(RV.)‏
‏- دواء مساعد على التخلص من رحيل .هجرة ‎exodus (n.)‏
البلغم (منفث) يبرئ. يحور . يفك ‎exonerate (v.)‏
يصق . ينخم ‎expectorate (v.)‏ | يرقى . يعزم. يطرد الارواح ‎exorcise (v.)‏
ضرورة. لزوم ‎expedience (n.)‏ الشريرة
| مناسية.لياقة } ‎expediency (n.)‏ | رقية. تعزيم. تعويذة ‎exorcism (n.)‏
| ملائم. مناسب. ‎expedient (adj.)‏ | مقدمة. فاتحة. استهلال  ‎exordium (n.)‏
نفعى . وسيلة . حبلة خارجى . ظاهرى . معلوم ‎exoteric (adj.)‏
يعحل .يرسا بسرعة. بعث ‏ () 806018 | غريب . أجنى . دخيل ‎exotic, __al(adj)‏ |
‎expedition (n) ki b |‏ | يمند يبط ‎expand (v.)‏ |"	al-shamil-dictionary
200	"حشوى. تعويضى  ‎expletive (adin)‏ | ينفى . يطرد. يخرج ‎expel (v.)‏
كلمة مدسوسة أو زائدة نافث. طارد ‏ دواء مسهل ‎expellent (adj.n.)‏
قابل للشرح والتفسير ‎iy | explicable (adj.)‏ يتهلك. يذل ‎expend (v.)‏
‎explicate, see explain‏ | نفقة. مصروف . كلفة ‎expenditure (n.)‏
تفسير. إيضاح . شرح (.8) ‎eXplication‏ | مصروف.نفقة )1( ‎expense‏
‏ظاهر . واضح . صريح . قاطع ‎explict (v)‏ | غال. مكلف . ثمين  ‎expensive (adi)‏
صراحة. وضرح ‎explicitness (n.)‏ | خبرة. تجربة - = ‎experience (n.v.)‏
يتفجر. يفرقع . يرفض  ‎explode (v.)‏ .يجرب. يكتشف
يستغل . يستظمر. يسخر ‎ -‏ (0) 7101© | محنك.مختبر.مجرب ‎experienced (adj.)‏
ماثرة. عمل بطولى تجريى . اخبارى  ‎experiential (adi.)‏
استغلال. استثمار. ‎exploitation (n)‏ | تجربة . اختبار - ‎cexperiment (n.v.)‏
يكتشف. ينغب . يجوب ‎eplore (v)‏ | تجريى ‎experimental (ad.)‏
فرقعة . انفجار ‎explosion (n.)‏ | خبير ‏ الخبير ‎expert (adj.n.)‏
تايل للانفجار . متفجر ‎explosive (adj.)‏ يكفر عن ‎expiate (v.)‏
‎L‏ (فى الجبر) . دال  ‎exponent(n)‏ | تكفير . كفارة. استغفار ‏ (.8) ‎cxpiation‏
‏أسى . إيضاحى  ‎exponential (adj)‏ | كفارة عن إثم ‎__forasin‏
‏يصدر السلع ) ‎export(v.nadi)‏ | انتهاء. نهاية . وفاة ).( ‎expiration‏
‏الخارج ‎o‏ صلعة مصذرة . تصدير - فيه كفارة ‎expiatory (adj.)‏
تصديرى صوم كفارة ‎__fast‏
‏تصدير ‎exportation (n.)‏ | ينتهى . ينقضى . يموت ‎expire (v.)‏
صادرات ‎exponts (n.)‏ | انتهاء. نهاية. انقضاء مدة الشىء  ‎expiry (n)‏
يعرض . يكشف ‎١ expose 10 (v.)‏ يستطلم .يكشف ‎expiscate (v.)‏
عرض . شرح ).1( ‎exposition‏ يكتشف بحيلة
كشف.تفير يوضح . يفسر . يشرح . يعلل ‎)١(‏ (تقام©
المفسر. الشارح ‎expositor (n.)‏ إيضاح . . شرح ‎explanation (n.)‏ ٍ
إيضاحى 5.5 ‎cxplanatory (adi)‏"	al-shamil-dictionary
201	"مصاب بفقر الدم ‎exsanguine(adj)‏ | ينذر. يعترض على . ‎expostulate (v.)‏
يبتر . يقطع . يحذف . يفصل ‎exscind (v.)‏ يمنف. يعاتب
ينتو. يبرز ‎exsert(v.)‏ | إنذارى . تبيهى . ‎expostulatory (adj.)‏
اتئ. يبارز [ الس احتنجاجى
ينشف . يجفف ‎kS exsiccate (v.)‏ تعويض. نضح ‎CXPOSUTE (V.)‏
باق موجود ‎i | extant(adj)‏ يشرح . يسط .يعبر ‎expound (v.)‏
(فعلاً أر ‎(e‏ كائن حى الرئيس السابق ‎ex-president (n.)‏
يرتجل ‎extemporize (v.)‏ راضح . ظاهر. صريح - ‎express (adjn.)‏
ميد . يسهب . يسع . يذيع ‎extend (v.)‏ رسول خصوصى . قطار سربع
يلحق ب . يثمن. يكبر. يذيع. ينشر رسالة ‎L‏ . شركة خدمات
امتداد . سعة . امتداد. ‎o o | EXIENSION () 3a‏ يظهر. يرضح . بصور  ‎(V)‏ 601855
إطالة. مد . مهلة نقل الطرود بالإكسبريس (.0) ‎expressage‏
‏اتساع . امتداد . مقدار . درجة ‎exient(n)‏ | تعبير. إيضاح ‎expression (n.)‏
. حجم . نطاق أسلوب التعبير . كمية جبرية
يخفف . يلطف . يوهن . ‎(V)‏ 881800318 | موضح . معبر . تعبيرى ‎(d].)‏ 81018551178
‎extenuating (adj.)  فطلم . i‏ | بالقصد . علانة . قد ‎expressly (adv.)‏
ظاهرى. خارجى ‎exterior (adj) b‏ | يصادر . ينزع الملكية  ‎expropriate (v.)‏
الزارية الخارجية +8 __ | مصادرة الملكية. 0 }.( ‎expropriation‏
‏ييدد. بفنى . يمحت , بهلك ‎exterminate (v.)‏ تزع اللكية
إيادة . قناء . ‎extermination (n.)‏ | طرد. إخراج. نفى ‎expulsion (n.)‏
إعدام . إهلاك يحذف . بشطب.اسمه ‎expunge (v.)‏
تلميذ خارجى . ظاهر. ‎extem (n.adj.)‏ يلغى . يحرمه من مزاولة عمله
خارجى ينقح . يطهر ).1( ‎expurgate‏
‏خارجى . برانى . عرضى ‎extemal (adj)‏ | متقن . فاتن . مار ‎exquisite (adjin.)‏
يبين. يظهر ‏ . )1( ‎extemalize‏ بعناية . حاد - شخصى . متائق
أمور عالمية . الظواهر )1( ‎externals‏ جذا. شخص ‎Gl‏
‏منطفى. هامد . منفرض  ‎extinct(adi)‏ | يستنزف الدم ‎exsanguinate (v.)‏"	al-shamil-dictionary
202	"110001000 (1)  ضارقنا‎ . ‏انطفاء . همود‎ | extremely (adv.) ‏للغاية‎ e
extinguish (v.) ‏على وشك الموت. .18 ,820587015 | يطفئ. يخمد. يمحت‎
extinguisher (1) ‏آلة إطفاء الحريق . مزيل‎ A ‏بحالة‎
‎extol (v.) ‏يمجد. يجل. يعظم‎ | extremity () ‏حد . طرف. نهاية.‎
to __Allah ‏حاجة قصوى يمجد الله ويثتى عليه‎
extort (v.) ‏يغتصب. سلب‎ | extricate (v.) ‏ينقذ . ينشل . يخلص . يفك‎
extortion (n.) ‏اغتصاب. سلب‎ | extrinsic (adf) ‏عرضى . غير جوهرى.‎
68178 (adin) ‏خارجى رائد. إضافى . متا - ثمن‎
‏إضافى . مستخدم إضافى‎ extro__ ‏بادثة معناها: خارجى‎
‏5301لا‎ (nv.) ‏ملخص . خلاصة . اقتباس‎ | extrovert(adin) ‏الشخص‎ . sl
extradition (n.)  براهلا ‏تليم المجرم‎ extrude (v.) ‏يدنع . يقذف . بخرج . يقصى‎
‏إلى حكومته‎ extrusion (n.) ‏دفع . قذف . إفرار‎
880 0 ‏معاهدة تسليم للجرين‎ | cRUDerance (n) 1 ‏وفرة . غزارة . امتلاء‎
extrados (n.) ‏المنحنى الخارجى اللمتدة‎ | exuberancy (n) ‏بالحيرية ار الحماس أ‎
extramundance (adj)  .ىداب ‏غير‎ | exuberant(adi) 0 ‏كثير . غزير . فائق.‎
‏ملىء بالحيوية ار الحماس خارج عن حدود العالم المادى‎
extraneous (adj.) ‏غريب. دخيل‎ | CRObERAC (V)  ةيويح ‏يفيض . يمتلىء‎
extraordinary (adj) ‏غير مالرف. شاذ.‎ | exudation(n) ‏إفراز. رشح تتح .ارتشاح‎
St ‏فوق العادة‎ exude (v.) ‏يفرز . يرشح . يسيل‎
extravagance (n.) | . ‏يتهج . يفرح () الفا | إسرافءتبذير‎
extravagency (n.) } ‏تطرف. تداع‎ | exultant(adj) ‏معتز . مبتهج‎
extravagant (adj.) G s | 830018008 (1) ) e ‏اعتزاز. ابتهاج‎
| ‏طرب | متطور. متهور‎
| extreme fadjn) - ‏شديد. صارم. نهائى‎ | ©01091816 () (V) ‏ينلخ من جلده‎
| ‏نهاية. أقصى . غاية. حد‎ | YY)  سيلوب‎ . ‏عين بصيرة . عروة‎
‏ل سرى- يحدق . براقب بدقةٌ ا‎"	al-shamil-dictionary
203	"eyeball (n.) ‏مقلة العين‎ | eyeslave (n) s
eyebolt (n.) ‏مسمار ذو عررة‎ | eyeshot(n) ‏مدى البصر‎ . B ‏مرمى‎
‎eyebrow (n.) ‏حاجب العين‎ | oeyesight(n) 0 ‏إيصار . مدى البصر‎
eye glasses (n.) ‏نظارة‎ | eyesore (n) ‏مؤذ للعين‎
‏علا©‎ 125085 (n.) ‏رموش «العين». أهداب‎ | eyestrain )8.( ‏الإجهاد العينى أر البصرى‎
eyeless (n.) ‏ضرير. أعمى. بلا لقب‎ | eyewink (n) ‏غمزة بالعين‎
eyelet (n.) ‏ثقب.عين صغيرة‎ | eyewitness (1) ‏شاهد العيان‎
eyelid (n.) ‏جفن دالمين»‎"	al-shamil-dictionary
204	"Vil
[
Fof ‏الحرف السادس من حروف الهجاء‎ | to__upto ‏يواجه ببسالة‎
‏الإنجليزية‎ tppullormakea__, ‏يكشر. يبس‎
fabaceous adj.) facetiae (n.) ‏فكاهات . طرائف‎
‏من الفصيلة القرنية . فولى . كالفول‎ | facetions (adf.) ‏طري . ظريف . فكه.‎
P2 facial (adj.n.)
fabian (adj.) ‏وجهى . متعلق بالوجه  تدليك‎
‏حذر. متان. متجب الاثباك في‎ ١ __ 8080 (n) ‏الزاوية الوجهية‎
) ’ ‏معركة‎ facile (adj.)
fable (v.n.) ’ ‏وديع . هين . مطارع . سهل الطباع‎
‏خرافة‎ LS ‏يلفق . يختلق . يدعى‎ | facilitate (v.) ‏يسهل.يسر‎
‏أسطورة‎ facility (n.) ‏سهولة . يُسر . براعة‎
fabled (adj.) ‏خرافى . أسطورى‎ | facing (n)
fabric (1) ‏دوران. طلاء. مؤنة . تبديل الإتجاه نسيج . قماشى . مصتم . ينام‎
fabricant (n.) ‏صاحب المصنع‎ | fucioplasty () ‏تجميل الوجه فى الطب؛‎
fabricate (n.) ‏يعمل . يصنع . يلفق . يركب‎ | faciopledgia () ‏شلل الوجه‎
fabrication (1) ‏صنع. تلفي . تزوير‎ | facsimile (n) . ‏الأصل‎ b ‏صورة‎
‎slanderous __, ‏إرسال المكائبات آر الصور محض إفتراء‎
fabicator(n.) ‏سلكيا أو بالراديو. تقليد ناسخ . صانع . صاحب مصنع‎
fabulist (n.) ‏مؤلف أساطير‎ L dition ‏طبعة مثيلة‎
fabulize (v)  ةروطسأ ‏يؤلف أد ييتكر‎ | fact(n) ‏حادثة. مر حقيقى او‎ ik
fabulous )00(.( ‏واقعى خرافى . غير قابل للتصديت‎
facade (n.) ‏داجهة المبنى‎ | S ‏فى داقع الأمر‎
1266)8( 0 ‏ععالهوم | دجه.هيئة. منظر - يواجه‎ 0) _ , e ‏أمر‎"	al-shamil-dictionary
205	"افشل. إفلاس. قصور ‎failure (n.)‏ | شقاق. شغب. حزب ‎faction (n.)‏
راغبًا . مسرور - باشتياق ‎fain (adj.adv.)‏ «سياسى». شيعة. طائفة. فرقة
ضعيف . باهت . خافت - ‎faint (adjv)‏ | مشاغب. تعب. ‏ (زفة) ‎factious‏
‏يبهت لونه ‏ يغمى عليه محب الخصومات
خفوت . ضعف . إغماء ‎factitious (adj.) faint (n.)‏
‎fair (adjin.)‏ | صناعى . مصطنع . مزور . مقلد
جميل . حسن . عادل . أشقر. نقى - عامل . وسيط تجارى . المورثة  ‎factor (n.)‏
معرض دورى . سوق دورية (الجينة) ‎el‏
‏يصفو ‎b‏ بوضرح. . (08)7.807 | يحلل إلى العوامل الاصلية ‎factorize (v.)‏
مباشرة .تماما مصنع .تعمل ‎factory (n.)‏
نسخة العرض ‎١ copy‏ خادم يعمل كل عمل ‎(n.)‏ 186100070
يقبل النقد ‎game‏ | كلية . ثقابة. كفاءة.قرة.  ‎facully (n)‏
مساواة. عدل ‎__play‏ استعداد. سلطة
الجخس اللطيف ‎the _sex‏ | صلاحية . عمدة ( مدرسة أو ‎@S‏
‏جنية ‎facundity (n.) faiy (n.)‏
قصص خبالية ‎tale‏ | فصاحة . بلاغة. طلاقة. اللمان
مذهب إيمان . اعتقاد ‎faith (n)‏ | زى . بدعه. هرى ‎fad (n.)‏
أركان الإيمان ,_ ‎١ articles of‏ يذيل . يذوى . يضعف. بيهت (لونه) ‎fade (v.)‏
ابسوء نية ,10030 لايذيل . ثات ‎fadeless (adj.)‏
بحسن نية ,_ ‎ingood‏ | تعب . كد . جهد ‏ يتعب. ‎fag (n.v.)‏
استنادًا إلى ‎onthe __ of‏ يكد. يجتهد
‎faithful (ad).)‏ | فحوى . جملة ختامية 5 ‎fag-end(n)‏
‏مخلص . وفى . أمين. صادق طرف الشىء. شثرابة
أمانة. صدق الإخلاص ‎faithfulness (n.)‏ | حزمة حطب - يحزم ‎fagot (n.v.)‏
ملحد . غير مؤمن . كافر (.(84) ‎faithless‏ | يفشل يقصد فى . يرسب فى ‎fail(v)‏
‎iS‏ الحاد. غدر 0 ‎faithlessness (n.)‏ الإمتحان أر الفحص . يفلس ."	al-shamil-dictionary
206	"fake (v.n.) fallacy (n.)
‏ضلال . غرور . مغالطة . فكرة خاطئة يزيف . يلفق . يلف الحبل حلقات.‎
‏يتظهر ب - حلقه (من حلفات‎ fallen past part ,of fall (adj.)
‏هابط . متخرب . رذيل الحبل ). شىء مزيف . دجال‎
‏عله‎ (adj.) ‏زاثف . كاذب . ملفق‎ ١ Fallible(ad)) ‏غير معصوم . قابل للخطا‎
falcate , __d (adj) fallow (v.n.)
‏بدون زراعة لإراحتها هلالى . معقوف كالمنجل‎ oW1 ‏يترك‎
‎falchion (n.) G yine ‏أرض زراعية تترك موسم سيف قصير‎ -
‏كامل بلا زرع لإراحتها عريض الشفرة‎
falcon (n.) ‏صقر .بارز.مدفع قديم‎ | fallow (ad].) ‏راقد‎
‏مربى او مدرب الصفور  (.860082)0؟‎ | fallow deer (n.) AN
faldstool () ‏كرسى يطوى‎ | falsc (adj.adv.)
fall (v.n.) - ‏زائف . مصطنع . مستعار‎ S
٠ ‏على نحوخ غادر يسقط . يقع . يتدهور , يشحط . بهبط‎
‏اينخفض . يسكن - سقوط . وقعة‎ falsehood (n.)
‏بهتان. كذبة . شىء كاذب هبوط. انحطاط‎ S
-_- ‏نفاق يغلبه النعاس . ينام‎
— back ‏يتقهقر. يرتد . ينكث الوعد‎ | falsification (n) ‏تقليد . تشويه . تزوير‎
_ © ‏يتح . يحل ميعاد دقعه‎ | falsificator (.) ‏مزيف . مزور‎
1185 ‏يخفق. يعجز عن إحداث أثر فى‎ | falsify )( ‏زيف . يذور . بقلد‎
‏الف‎ falter (V1) - ‏يتلعم . يتردد . يضطرب‎
| 180000 0 ‏تلعثم. ترد يصادف. يلتقى مصادفة‎
055. ‏يساقط (الثمار). بتلاشي. يرول‎ | fame () ‏شهرة . سمعة . صيت‎
‏يحب يمرن‎ famed )04[(  تيصلا ‏معروف . ذائع‎
1 ‏ينقص. بقل عن‎ | fumiliar, to (adj.n.) {
fallacious )04( ( ‏ا مالوف عادى . أنيس . خليل - رفيق مضلل . خداع . كاذب.‎
‏وهمى . قائم مغالطة‎"	al-shamil-dictionary
207	"‎familiarity (n.) fantasy (1)‏
وهم . نزوة . يال جامح - يتخيل الفة. عشرة . وداد. عدم تكلف
بعيدا ‏ بعيد ‎for (adv.adj)‏ | يجمله مالونًا ‎familiarize (v.)‏
الفاراد. وحدة السعة الكهربائية ‎farad (n)‏ | عاثلة . أسرة. نب عاتلى (.11.64) ‎family‏
‎B‏ مهزلة . حشو (من لحم (8600)8؟ | مجاعة. نقص. تحط ‎famine (n.)‏
مفررم وتوابل ) بمرت جوعًا. يهلك جوعًا  ‎famish (v.)‏
هزلى . مضحك ‎famous, for (adi) gt | farcical (m)‏ |
أجرة السفر أر الركوب ‎fare(nv)‏ | مررحة - يهوى . يذرى. يثير  ‎fan(nv.)‏
‏طعام - يسافر. ياكل منارة ‎fanal (n.)‏
اد سبيت أن د ‎fanatic, _al‏
وداع - مصحوبا بالسلامة - أخير شخص ‎s‏
‏رداعى تحمس . تعصب ديثلى ‏ )1( ‎fanaticism‏
‎famed (adj.)‏ - 147 | يتعصب . يجمله متعصبا ‎FANANCIZE (V)‏
زائع الصيث . مشهور ‎T‏ الهاوى .غارى ‎fancier (n.)‏
دقيق . نشا ‎fanciful (adj.) farina (n.)‏
مزرعة - يزرع . يحرث - (.8:0) 1800 | متخيل . كثير الأوهام. كثير الزخرفة
مزارع. فلاح ‎farmer(n)‏ الى د ندا ‎fancy (nadj)‏
مسكن المزارع ‎e‏ دوار ‎farmery (n.)‏ خبالى . مزخرف -
الأبعد. الأقصى ‎farmost (adj.)‏ يذعم . يتخيل . يتصور
مزرعة عزبة ‎farmstead (n.)‏ | رقصة أسبانية أر مرسيقاها ).1( ‎fandango‏
‏حوش المزرعة. دور 0 (20200)0) | هيكل.كنية.معيد ‏ مزار 0 ‎fane(m)‏
‏سباخ بلدى . ‎١ 0188058 sl‏ جذر السن. ناب. مخلب ‎fang (n.)‏
علط ‎١ famago(n) e‏ النافذة المروحية ‎fanlight (n.)‏
طيب بيطرى ‎farrier (n.)‏ لحن موسيقى متحرر من ).0( ‎fantasio‏
‏الطب البيطري . محل البيطار )1( ‎farriery‏ قيود الشكل التقليدى
صغار ‎farrow (n.) ,«:)L‘»‘‏ رزله) أن _ . ‎fantastic‏
‏ٍ وهمى . خيالى . تصورى غريب"	al-shamil-dictionary
208	"يثبت . يربط . يوصد ‎far - sighted (adj.) fasten (v.)‏
‎fastidious (ads )‏ | مُتبصر بر ‎Sl‏
‏سريع الغضب . شديد الحساسية اضراط .ريح . يخرج ‎fat(nv.)  Guy‏
صائم ‏ صوم. صيام  ‎adv.) fasting (adjn)‏ - زفة) ‎farther‏
‎fastness (n.)‏ | أقصى. أبعد ‏ إلى درجة أبعاد
رسرخ . ثبات . أمانة. حصن . معقل الأبعد. الأقصى ‎farthest (adj.)‏
سمين . بذدين . مخصب . ‎fat(adjn.)‏ | على الأكثر .اله
خصب. تريح - ذمن. شحم وحدة العملة الإنجليزية  ‎fathing (n.)‏
ميت . مهلك . قدرى . مقدر ‎fatal (adj.)‏ (مليم) شىء زهياد
‎fatalism (n.)‏ | غلاف. رباط . قماط ‎fascia (n.)‏
الإيمان بالقضاء والقدر . القدرية يفتن . بحر . يبهج ‎fascinate fv.)‏
المؤمن بالقضاء والقدر (.) ‎fatalist‏ | افتنان. سحر. بهجة  ‎fascination (n.)‏
‎i‏ . شوم . قضاء وقدر ‎fatality (n.)‏ أ حزمة اغصان أو قغبان  ‎fascine (n.)‏
مصير . كارثة . موت . بخت . القدر )1( ‎fate‏ الفاشية ‎fascism (n.)‏
قضاء مبرم ‎fashion (n.v.) inescapable ٠‏
مُقدر .(مكتوب). محتوم  ‎fated (0d))‏ | زى. أصلوب. هيثة .كسم مط -
فاجم . خطير . متحوس  ‎fateful (adj.)‏ يضع . يعدل . يصور . يصرعٌ
أب . والد - يتبنى (:) ‎١ famer‏ على غير ‎outof _, LN‏
الآب عند التصارى ‎fashionabe (adj.n.) Heavenly Father‏
‎١ father -in - law (n.)‏ علم المرضة. عصرى. مهذب -
أبو الزوج أو الزوجة شخص أثيق
وطن . مسقط الرأس  ‎fatherland (n)‏ | يصوم - صيام.صوم ‎fast (v.n.)‏
يتيم. بلا أب ‎fatherless (adj.)‏ | بسرعة. بثبات ‏ ثابت . (.زفة.٠0ة) ‎fast‏
‎fatherly (adj.) sl‏ اسريع. واعر. منغمس فى
‎iy‏ يبحث . يبلغ - ‎fathom (v.n.)‏ الملزات
فراسة . إدراك- مقياس لعمق مستغرق فى النرم ‎__asleep‏
‏المياة. قامة متقلب. على تحر ماكر ‎_andloose‏ |"	al-shamil-dictionary
209	"موهوب. تفضيلى  ‎favoured (adj)‏ | لا قرا له. لايسبر غوره ‎fathormless (adj)‏
شىء مفضل _ محبوب (./0.04) 18700018 | تعب . مشقة . اجهاد ‎fatigue (n.v.)  -‏
محاباه. محسوبية  ‎favouritism (n.)‏ يتعب . يجهد. يرهن
القرعة ( مرض جلدى ‎faVUS(R)  )‏ | معلوف.سمن ‎fatling (n.)‏
‎Gley‏ يتودد. غزال صغير. ‎AWR(VR)‏ | سمن. دهن . شحم ‎fatness (n.)‏

ولد ‎il‏ يعلف . يسمن . يخصب ‎fatten (v.)‏
جنية ‎fay(n)‏ | سمين. دهنى ‎fatty (adj.)‏
ولاء. إخلاص ‎fealty(n)‏ | حماقة. بلاهة ‎fatwity (n.)‏
اخوف. خشية ‏ يخشى. 0 ‎fear(nyv)‏ | احمق. ابله ‎fatuous (adj.)‏

يخاف. يتفي ضاحية. حى ‎faubourg (n.)‏
ات الله ! ‎Fear Allah‏ | الحلق . الحلقوم ‎fauces (n.)‏
خوفا من ‎for_of‏ | حنفية.صنبور ‎faucet (n.)‏
مخيف (4ه) ‎fearful‏ | خطأ. عيب. تصدع أو تشقق ‎fault (m.v.)‏
خوف ‎fearfulness (n.)‏ فى طبقات الأرض - يصدع.
شجاع .جور ‎fearless (adj.)‏ يذنب. يخطىء

(.4ه) ‎feasible‏ | ذو عيوب أر نقائص . مذنب ‎faulty (adj.)‏

ملائم . عملى . معقول. ممكن اجراؤه فون ‎o))‏ الحقرل رالقطعان ‏ (.7) ‎faun‏
‏عيد . وليمة . مأدبة ‏ يعيد. ‎feast (nv.)‏ عند الرومان )

يقيم مادبة أر وليمة حيوانات (منطقة أر زمن ‎fauna (n.) (L‏
يوم عيد ‎favour (n.v.) —day‏
براعة . رشاقة . عمل باهر رمجيد (.8) 7681 | عطف . محاباه. استحسان. تحيز.

‎feather (nv.)‏ | ياعد. يحن.يكرم

‏ريشه .ريش . كسوة . حبس . مزاج .' نعم الله ‎Allah's _s‏

‏يكو بالريش ‎e‏ لصالح ‎in_of 0t‏
ملامح . منظر. هيئة ‎feature (n.)‏ | بغيض . مكروه ,_ ‎outof‏
‏مضاد للحمى ‎febrifugal (adj.)‏ بإذنك ,__ ‎with your‏

‏ملطف أو مزيل للحمى مرافق . محابى . مؤيد ‎favourable (adj.)‏"	al-shamil-dictionary
210	"febrile (adj) ‏محموم امصاب بالحمى»‎ | fecling (n.adj.)
February (n.) ‏إحساس. شعور - حاس. شفوق شهر فبراير . شنباط‎
feces (n.) ‏ثقل . رسوب. براز. حثالة‎ | feet(n) ‏أقدام . ارجل‎
feckloss (adj)  ميقع. ‏يتظاهر ب .يلفق. يفزع - (.18626):0 | عاجز. ضعيف‎
feculence (n.) ‏ذعر. قلق تفل . راسب . تعكر‎
feculent (adj.) ‏عكر . وسخ. موحل‎ | feint(vn) ‏خدعة‎  عدخي‎
| fecundate (v.) ‏يخصب. يلقح‎ | felicitate (v.) ‏يهنىء. يعد‎
fecundation (n.) ‏تلقيح . إخصاب‎ felicitation (n.) g
fed past , pastpart, of feed felicitous (adj.) 3 yo. ‏سعيد‎ . S50
‏مغذى . ممن . معلوف‎ felicity (n.) ‏هناء . غبطة . سعادة‎
__upwith ‏متضايق من‎ | feline (adj.) ‏ماكر . سنورى‎
federal (adj.) fell (v.n.) ey N ‏يقيل . يصرع‎
‏فدرالى . اتمادى . اقطاعى . تعاهدى‎ | fell (adj) ‏قاس . ظالم . جائر‎
0 01 ‏حكومة اتحادية‎ ١ fell pastof fall (v.) ‏وقع‎
‏تحالف . مؤاخاة )م اسح‎ | fellow (nadj) L ‏رفيق . شخص . انان‎
federation ‏تماثل . مرافق إقطاعية . تعاهد‎
fee, __s ‏أتعاب. اجرة.رسم‎ | fellowship (n.)
feeble (adj.) ‏صداقة . رفقة . صحبة . زمالة دراسية ضعيف . راهن‎
feeble - minded (adj) ‏ضعيف لعفل‎ | fely (adjadv.)
feed,on with ‏إطار (العجل) الخارجى - بقساوة‎
‏علف . رجبة - يطعم . يشبع . يعلف‎ felo - de - se (m.) ‏انتحار‎
‎feeding (n.) ‏طعام . مرعى . غذاء‎ | felon(n) ‏محرم. مذنب‎
_ 018 ‏زجاجة الرضاعة‎ | 18001005 (adi) ‏اجرامى . شرير جدا‎
fee ‏انعاب. رسم اناد‎ | felony (1) ‏خيانة عظمى . جاية كبرق‎
fecl (V). ‏لباد - يكسو باللباد. يليد 0 (6801)870 | يشعراب. بحسن با. إحسامر‎
‏ملس‎ felt, past. past part of feel |
| ‏إ اس . شعر موس قن الحشرة سدم‎"	al-shamil-dictionary
211	"نبات السرخس . خنشار «نبات» ‎fem(n)‏ | فلوكة. ررق شراعى ‎felucca (n.)‏
مفترس. ضار ‎ferocious (adj.)‏ | انثى - مؤنث. اتسرى  ‎female (n.adj)‏
ضراوة. توحش . شراسة . ‎ferocity (n)‏ | أنوثة. الجنس اللطيف ‎femininity (n.)‏
‎ferret (n.v.)‏ مزنث . أنثوى . رقيق  ‎feminine (adj)‏
إين مقرض . حيوان بشبه ابن عرس فوط صحية ‎towels (n.)‏ .
- يخرج المدفون. يقلق مبدا مساواة المرأة بالرجل ‎feminism (n.)‏
بادثه معناها : حديد 1 | فخذى . مختص بالفخذ ‎femoral (adj.)‏
أجرة عبور النهر بمعدية. ‎ferriage (n)‏ | عظم الفخذ )1( ‎femur‏
‏النقل بمركب استقم ‎fen (n.)‏
حديدى ‎(adji)‏ 1016 | سور .مبارزة .سياج - يحيط ‎fence (n.v.)‏
أسمنت مسلح ‏ (.8) ‎ferro - concrete‏ بور. يسور يحطب
حديدى ‎ferrous (adi)‏ | يلعب بالسيف أو بالعصى )1( ‎fencing‏
‏كعب «العصا» . حلقة حديد ‎(n.)‏ 600016] التحطيب. لعب باليف أر
معدية - ينقل بمعدية ‎ferry (n.v.)‏ بالعصى . سياج . مراوغة فى الكلام
مخصب . مشر . خصيب (./20) ‎fertile‏ | يتجنب . يصون. ياعد ‎(v.)‏ 100
خصوبة . امار )0م ‎fertilencss‏ | رسيلة واقية. صدام ‎fender (n.)‏
كثرة الإنتاج ‎fertility‏ | كوة. فتحة صغيرة ‎fenestra (n.)‏
يخصب. يمد. يلقع ‎fertilize (v)‏ | الشمار (نبات) ‎fennel (n.)‏
سماد . مخصب ‎fertilizer (n.)‏ | ستنقى ‎fenny (adj.)‏
يضرب بالعصا ‎ Las.‏ (.80016)78؟ | نبات الحلبة. وبذرة 00 (.) ‎fenugreek‏
‏العلم. مقرعة مخصب. شر ‎feracious (adj.}‏
غيرة. حماس . شوق ‎fervency (n)‏ | وحشى . برى .مرحش ‎feral (adj.)‏
احتفالى . عيدى ‎festal (adj)‏ | برى. متوحش ‎ferine (adj.)‏
قرحة .دمل , يتفيح . يفسد  ‎fester(n)‏ | يخمر. اضطراب - ‎ferment (n.v.)‏
‎festival (n.adj.)‏ يتخمر. بخمر. يضطرب .نير
مهرجان . فرح - مهرجائى ‎fermentation (n.)‏
احتفالى . مفرح . سار ‎(adi)‏ 185016 | تخمر . تخمير. اضطراب. غلياد"	al-shamil-dictionary
212	"المخطوبة. خطية ‎fiancee (n)‏ | عيد.وليمة ‎festivity (n.)‏
عدم توفيق . فشل ‎festoon (n.) fiasco (n.)‏
أمر . حكم . إجازة. فليكن ‎fiat(n)‏ | عقد من زهور أو أغصان للزبئة
يلفق . يكذب - أكذوبة ‎fib(va)‏ | جنينى. خاص بالجنين ززفه) ‎fetal‏
‏كذاب. ملفق ‎fetation (n.) fibber (n.)‏
ليفة. ليف . نيج ا ‎fiber‏ | الحمل .تكوين الجنين فى الرحم
قوة. نشاط ‎fibre‏ | يذهب ويحضر. يفتش عن . ‎(V.n)‏ 18160
ورم حميد فيبرينى ‎fibroma (n.)‏ يأنى ب . يقتل ل خدعة ‏
إيزيم . مشبك ‎fibula‏ تتهيده. شبح
شال ,53 لعثق المرأة (الفيشة) ‎feticide (adj.n.) fichu (n.)‏
متقلب ‎fickle (adj.)‏ | مجه ض١قاتل‏ الجنين» ‏ إجهاض
قابل للتشكيل .0 فخارى ‎fictile (adj)‏ | - يقيد . يكبل ‎fetter (n.v.)‏
الأدب القصصى . قصة. ‏ )1( ‎feule (n.v.) fiction‏
رواية. تخيل ترتيب . إصلاح - يصلح . يرتب
خيالى . تصصى ‎fictional (adj.)‏ | جنين ‎fetus (n.)‏
يجمل فى قالب رواثى ‎fictionalize (v.)‏ | عداء . ذراع. إقطاع ‎feud (n.)‏
مفترض . خيالى . رائف ‎fictionist (adj.)‏ | اقطاعى . عدائى . التزامى  ‎feudal (adj.)‏
راف . تخيلى . افتراضى  ‎fictive (adj.)‏ نظام الإتطاع ) 1 باب
افج . وتد. خابور ‎eudal - system fid (n.)‏
‎fiddle (n)‏ | حمى . سخونة . قلق . اضطراب ‎fever (n.)‏
كمنجة . ربابة ‏ يعزف على الكمان حمى ‎__and ague LA‏
كلام فارغ. هراء )1( ‎fiddle - faddle‏ | حم ‎peurperal _, A‏
عازف الكمان. الملاهى . العابث )1( ‎fiddler‏ | محموم . ساخن . ‎feverish (adj.)‏
اخلاص . ولاء.استقامة  ‎fidelity (n)‏ | قليل (العدد) - قلة. بضع ‏ (.20(.8) ‎fow‏
‎fewness (n.) W | fidget(nv.)‏
قلق . اضطراب - يضطرب . يتململ طربوش ‎fez , tarboosh (n.)‏
بثس .تيا .يا للعار ‎١ fie (interj.)‏ خاطب.خطيب ‎fiance (n.)‏"	al-shamil-dictionary
213	"حرب . مشاجرة . مفاح ‎ -‏ (80) 5800 | حقل . ساحة. معركة . مع ‎(n.adi)‏ 5810
يحارب. يتشاجر - حقلى . ميدانى
تلفيق . خرافة . بدعة ‎figment (n.)‏ | يوم الإستعراض العسكرى أر  ‎—day‏
‏عصفرر التين ‎figpecker (n.)‏ الرياضى.
استعارى . ‎figurative (adi) s‏ | منظار اليدان ‎__glasses‏
‏رقم .عدد. شكل . منظر. ‎marshal A figure (nv)‏ __
انشبيه - يحسب. يُشبهه . يصور الرحلات التعليمية ‎trips‏ _
مجار ( فى علم البيان ) ‎s Of speech‏ | العمل الميدانى .الدراسة الحقلية 056
رئيس صورى ‎figurchead (n.)‏ | عفريت .عدو لدود ‎fiend (n.)‏
ليفى . ذر ألياف ‎filaceous (adj.)‏ | شرس.عنيف. قاس ‎fierce (adj.)‏
‎filament (n.)‏ | عف.قارة 0 لم ‎fierceness‏
‏حامل السداة (مستودع اللقاح) 12 فظاظة ‎(n.) by,‏ 5680855
شجرة البندق. بندق ‎fiery (adj.) filbert (n.)‏
يختلس .يرق ‎١ fileh (v)‏ نارى . متقد . شرس . قاتل للإلتهاب
‎١ file (nv)‏ الفيفا «الإنحاد الدولى لكرة القدم؟ ‎Fifa(n.)‏
‏ملف . مبرد. شخص ‎Sl‏ دوسيه ناى . أداة موسيقية ‎fife (n.)‏
- يضع ‎LAY‏ فى ملف .يبرد خمة عشر ‎fifteen (n.)‏
(بمبرد). يهذب. يقف فى الصف الخامس عشر زقه) ‎fifteenth‏
‏بنوى مختص بالتبنى ‎filial (adj)‏ | خامس ‎fifth (adjn)  سماخلا e‏
بنوة ‎filiation (n.)‏ | خامنًا ‎fifthly (adv.)‏
مغامر عسكرى (قرصان) (.8) ‎filibuster‏ | الحمسون. جزء من خسين ‎fiftieth (1.0d].)‏
مصاغ مخرم. تثقيب ار ‎filigree(n)‏ | خرن ‎fifty (n.)‏
تخريم. كل ما هو بالغ الدقة مناصفة . بالتسارى  ‎fifty - fifty (adv.)‏
الفلبينى (أحد أبناء الفلبين) ‎Filipino (n)‏ | شجر التين أو ثمره ‏ 2 66. )1( ‎fig‏
‏يملا. يردم . يحشو (الأسنان). ‎R‏ | كاء
بطلى بالذهب . يشحن . يعبىء - فى احسن مظهر . فى أتم حله . ‎infull‏
‏شع . حشوة. الشيع الى حاله ‎ingood _, b‏"	al-shamil-dictionary
214	"‎Sl‏ ختامى . حازم ‎s | final (adji)‏ الفراغ بالكتابة أ
نهاية . ختام ‎finale (n)‏ | بلا شىء للآخر. يطفح ملا
شىء نهائى )( ‎toeatone’s _ &= | finality‏
أخيرًا. فى النهاية ‎finally (adv.)‏ | داعرة. نت الهوى ‏ )1( ‎fille de joie‏
ماليه . إيراد ‏ يساعد بالمال ‎fillet (n.v.) finance (n.v.)‏
وزارة المالية ‎Ministry of‏ | عصابة للرأس . شريحة طرية من
‎financial (adj.) Ju‏ لحم ‎A‏ حلية معمارية -
‎Sl‏ 5 _ يزين . يزخرف على غلاف
‎financialist‏ الكتاب. يقطع إلى شران

‏سنا ا ا | ‎o‏ اي الم ‎fillp‏
‏التمويل ‎financing (n.)‏ الأصبع . اضافة زهيدة - ينقر
عصفور مغن ‎finch (n.)‏ بطرف الاصبع

‎filly ‏يم‎ e | find(vn) ١
film (n.v.) ‏يجد.ييتدع.يبلغ - اكتشاف . لقطة فيلم . طبقة رفيقة جدا.‎
‏يككشف . بستتج . يجد له _ م | غشاوة على العين  يفشى. يصنع‎

‎١ ‏لط‎ findings (n)
— projector ‏أدوات الصانع .لفط (جمع ]( آلة عرض مرئية‎
filmy (adj.) ‏غشائى .5 غشاء‎ ١ fine (adjn.v.)
filter (n.v.) - ‏جميل . ناعم . ذكى - غرامة مالية - مرشح . مصفاة‎
‏يصفى . ينعم يرش . يترشح‎ Y
filthy (adj.) ‏وسخ. قذر‎ | _ans ‏الفنون الجميلة‎
filtrate (v.) ‏بالاختصار . خلاصة القرل 10 يصفى . يرشع‎
filtration (n.) ‏تصنية. ترشيح‎ | finedraw (v.) ‏يرفو الثوب. يرتق‎
fin(nr) | ‏زعنفة المك  يمد بما يشبه‎ fineness (n.) ‏دقة . رقة . ذكاء‎
‏يع‎ ( e ‏الزعائف‎ ١ finery () ‏خلى . ادوات الزيئة‎
) ‏الزعائف من السمكة‎ finesse (n.v.)

‏لبافة . مكر ‏ دهاء ‏ يخدع. يحثال مستحق الغرامة ‎finable (adj.)‏"	al-shamil-dictionary
215	"أسلحة نارية ‎fircarms (n)‏ | أصيع .مؤش يمن ‎finger (n.v.)‏
رجال المطافىء  ‎fire-brigade (n.)‏ بأصابعه. يعزف
‎fire - engine (n.)‏ | الحروف البارزة ) للكفيف ) 880008 _
سيارة الإطفاء. آلة أطفاء الحريق له دخل فى المسئلة ‎havea __in‏
‎fire - escape (n.)‏ | ظفر ‎finger nail (n.)‏
سلم النجاة ‎١‏ من الحريق 8 أنامل ‎finger - tops (n.)‏
مطفئة الحريق ‎fire extinguisher (n)‏ | النهائية. قمة البرج ‏ قمة  ‎finial (n)‏
‎fireman (n.)‏ السطح المزخرف
الإطفائى . رجل أصفاء الحريق زاه. متحذلق ‎finical (adj.)‏
صك التامين ‎fire - policy (n.)‏ | 325 تصفية (المعدن بالصهر) ‎(n.).‏ 50108
لا تؤثر فيه ‎fire - proo=f (adj) Wi‏ تغريم (مالى)
العاب نارية ‎fire works (n.)‏ | بوتقة (لصهر المعدن ) ‎—pot‏
‏حازم ثابت . رزين ‎fim adiny)  -‏ | ختام نهاية ‎finis (n.)‏
شركة ‏ يوطد. يرسخ ينهى . ينجز . يصقل - ‎finish (v.n.)‏
‎firmament (n.) ol‏ نهاية . تلميح . صقل . إنجار
السموات ‎s‏ | حدود. نهائى . مناه ‎finite (adj.)‏
الموات الع 7065000-45 | الحصار. فمن د تام ‎finiteness (n.)‏
فرمان (مرسوم) 58060 | ‎e iy‏ (4 ال
بحزم. بيات ‎finny firmly (adv.)‏
حزم. ثبات ‎firmness (n.)‏ | خشب التنوب ‎fit (n.)‏
ولا - أول - الأول ‎first(advading‏ | نار . حريق.غضب. ‎fire (n.v.)‏
أسعاف أولى ‎first - aid (n.)‏ حماسة - يشعل. يثير. ينير
بكرة أول نتاج ‎firstling (n.) L2‏ يثرر . يسخن . يعزل
أولا - فى أول الآمر ‎firstly (advaadj)‏ | السعير ,_ ‎blazing‏
‏(.[0ة.201) ‎١ first - rate‏ ملتهب مشتعل حب
من الدرجة ‎P‏ جيد جدا ينبر ( المشاعر ) إلا
مضيق. مصب النهر فى البحر )( 680 | بشعل ‎make __ DU‏"	al-shamil-dictionary
216	"متقلب )0 ‎١‏ ماليه . بيت المال . خزانة الدولة  ‎fisc(n.)‏
‏لياقة. ملاءمة. ‎(n.)‏ 10655 | مالى . أميرى - طابع مالى ‎fiscal (adj.n)‏
لرارم . متعلقات () ‎fitings‏ | سمكة. سمك ‏ يصطاد سما ).1.9( ‎fish‏
‏ابن غير شرعى الملك أو امير) ‎fiz(n)‏ | طعم السمك الفط _
خمة ‎five (n)‏ | تفص لصيد السمك ‎__pot‏
‎five fold )207.20[(‏ | نماك . صياد سمك .حيوان ‎fisher (n.)‏
خمسة ‎P‏ خمامى من فصيلة ابن عرس «الدلق»
إلفايفس . لعبة شبيهه بكرة اليد (:8) 51965 | غواص اللؤلز ‎pearl ٠‏
‎G, 55‏ عسكرية رفيعة ‎five - star (adj)‏ | 800 صياد السمك ‏ )1( ‎fisherman‏
‏يثبت . يركز . يحدد . يعين ‏ . (.8)7.3 | سمكة صغيرة ‎fishet (n.)‏
حيرة. ورطة صنارة سمك (شص) )1( ‎fish-hook‏
‏بيت . تركيز ‎iyl | fixation (n.)‏ صيد الك عالقا _
ثابت . محدود )0 | رصلة قضبان سكة الحديد ‎fish joint (n.)‏
حقيقة راسخة ‎fact‏ | بائم السمك . سماك  ‎fishmonger (n.)‏
ثبات . رسوخ . تماسك ‎fixity (n)‏ | لرح وصل «فى قضبان )1( ‎fishplate‏
‎fixture (n.)‏ السكك الحديدية ؟
حدث رياضى . تركيب. ‎pl‏ ثابت ‎Lai‏ ملفقة ‎fish story (n.)‏
أزيز . صوت الفوران. ‏ حيوية. (022)87 | متشقق. متخ ‎fissile (adj.)‏
‎i‏ فوار - يفور. يئز تشقق إنقسام ‎fission (n.)‏
أريز - يخفق. بز ‎fizzle(nv)‏ | يتشقق ا شق ‎fissure (v.)‏
يذهل . يصعق ‎flabbergast(v.)‏ | قضة اليد .لكمة ‏ يلكم  ‎fist(nv)‏
‏ترهل . ضعف . رخاوة  ‎fibbiness (n)‏ | خط جميل _ ‎anice‏
‏مترهل . ضعيف . رخو ‎Mlabby (adi)‏ | ملاكمة ‎fisticuffs (n.)‏
علم . راية. سوصن برى - 0 (.088)8.0 | ناسور. أثبوب. ‎fistula V)‏
برقع رابة. يضعف يسترخى . ناصور . ماصسورة ‎fistule‏
‏يتدلى . حجر كبير لرصف الشارع مناسب.لاثى  ‎fit (adj.v.n.) b‏
يجلد. يضرب بالسوط . ‎Magellue (v)‏ | يكيف. يزرد - دور لوية"	al-shamil-dictionary
217	"الحشوة المعدنية (لوقاية  ‎flashing (n)‏ | ناضح. شائن ‎flagitious (adj.)‏
بعض زوايا البنى ) إيريق . قنينة كبيرة ‎flagon (n.)‏
تفرد مزيفة ‎flash - money (n.)‏ | سارية العلم ‎flagpole (n.)‏
لامع . زاء. خاطف للبصر . (./284) ‎flashy‏ | مدرعة أو سفيئة اميرال ‏ (.8) ‎flagship‏
‏بلا طعم (أمير) الاسطول
وعاء . قنيئة .دورق ‎flask (n)‏ | صارى العلم ‎flagstaff (n.)‏
‎flat (nadjv.adv)‏ | مدرس أو مدقة الحنطة. ‎flail (n.)‏
سطح منسطة. ستو صريح قشرة. قشارة - يتنائر . يتقشر ‎flake (nv.)‏
ييسط. يطح تماما. أفقيا إسيداج ايض ‎flake -white (n)‏
‎flat-cap(n)‏ | تشعل. عل شمعدان كير )( ‎flambeau‏
‏إنجليزى من ‎0N‏ قبعة مستديرة ثار .لهب . هيام .عشيقه - ‎flame (n.v.)‏
شبه مسطحة. لابس هذه يلهب. يتدلع
القبعة. لندنى البشروش . طائر ‎flamingo (n.) (o)‏
شاحنة مسطحة مكشوفة ‏ (68:)8اة8 | ريع الاقتمال  ‎flammable (adi)‏
(من شاحنات السكة الحديدية ) ثنبة . شفة يزود الشىء بشقه ‎flange (n.v.)‏
قدم محا أو رحاء ‎flatfoot (n.)‏ بطرق . يلامس . يتاخم . ‎flank (v.n.)‏
يطح . يجمله مطح يسوى ).1( 1181168 يقارب ‏ جنب . طرف . جناح
يطوى . يتملق . ‎flatter(vn) LGk‏ | فائلة. صرف ‎flannel (n.)‏
مطرفة مسطحة يدل . يرفرف . يقذف بعنف (7.0) ‎flap‏
‏منافق . متملق ‎flatterer (n.)‏ شفة. لسان. ثنية. طرف
إطراء . مداهنة . تملق )( ‎flattery‏ | وميض.بريق.انفجار ‎flare (n.v.)‏
ريح آر غاز البطن ‎flatus (n.)‏ غضب شديد - ينير . يسطع .
لذيذ الطعم ‎flavorous (adj.)‏ يلمع . ينفجر بالغضب
طعم . نكهه - ينكه. بطيب (.8) 088003 | ‎oW Gy‏ . وعيض . (.[0.7.80) ‎flash‏
‎flaw (n.v.)‏ ابتسامة. نكتة ‏ يلمع يبرق -
خلل . صدع .ربح - يتصدع مترهج . عامى. زائف. مفاجى*"	al-shamil-dictionary
218	"شهوانى . جسدى . حبوانى ‎fleshly (adi)‏ | بلااعيب.سليم ‎flawless (adj.)‏
بدين ‎oA | fleshy (adj.)‏ الكتان ‎flax (n.)‏
‎(n.)‏ كنا - ‎fleur- de‏ | يلخ . يخدش. ينهب ‎flay (v.)‏
زهرة الزنيق . حلية . شعار فرنسى برغفوث ‎flea(n.)‏
‏طار .هرب ‎flew pastof fly‏ | قرصة برغوت ‎flea - bite (n.)‏
يثى. يلوى - نبة . لتى (0) 068 | بقعة. رقطة - ييقع.يرقط 0 ‎fleck (n.v.)‏
مرونة .ليونة. قابلية ‏ )1( ‎flexibilty‏ | خال من البقع ‎fleckless (adj.)‏
الإنثناء أو الإلتواء هررب . فر ‎past 03310811 , 0) flee‏ , 1160
0 سهل الإلتراء ‎flexible (ad))‏ | يريش . يكو بالريش ‎fledge (v.)‏
التواء . انثناء ‎flexion (n.)‏ | يهرب. يفر ‎flee (v.)‏
عضلة قابضة ‎flexor(n.)‏ | صوف الغنم.جزة ضوف ‎fleece (nv.)‏
الحناء . حضوع . ميل ‎flexure (n.)‏ - يقص . يلب
يضرب ‏ نقرة بالاضيع 0 ‎flick(n)‏ | صوفى ‎fleecy (adj.)‏
‎(v.n.adj.) flicker (v.n.)‏ 066
يخفق . يرفرف - خف . رمضة يتلاشى . ينطلق بسرعة ‏ جدرل.
خاطفة . النقار (طائر أميركى) ساقية . أسطرل بحرى أو جوى-
‎b‏ هارب . طائر ‎flier (n.)‏ قافلة سيارات ‏ سريع. زائل +
طيران . رحلة . سرب ‎flight (1) .yl‏ رشيق
فرار. هررب العاجلة ‎fleeting life, the‏
خفة عقل . طيش . توهم ‎flightiness (n.)‏ | سرعة. رشاقة الحركة ‎fleetness (n.)‏
الهجرة ‎The Flight‏ | لحم . الجد. الطبيعة البشرية . ‎flesh (n.v.)‏
زائل . طائش . طيار ‎flighty (adj.)‏ شحم الاثمار - لب الاثمار
رث.سخيف . ريك ‎flimsy (adj)‏ يشيع . يغمد فى الجسم. يعطم
يرمش . يجفل .2 يُحجم ‎flinch (v.)‏ لحم
شظايا ‎flinders (n.)‏ أكل اللحوم ‎eating (adj.)‏ - 60و10
‎Q_ﬂ ١‏ برشق ‎fling (vn) 4k‏ بنانه ‎fleshiness (n.)‏
يهزم. يعير - رشقة رم تعيير شهوات الجد () ‎fleshliness‏"	al-shamil-dictionary
219	"رغب ‎floceule (n.)‏ | يشتت. يعثر. ينثر ‎__about‏
‏سرب . قطيع . فوج - بحتشد (:0.7) 110816 يرمى. يطرح عنه ل[ -_-
[ يخرب . يهدم ‎—down‏
‏قطعة جليد طافية على الماء ‏ (.08)8! | يهرب من وناك
يدفم . يجلد ادس ا ا ا
تاديب. جَلْدَ ‎flogging (n.)‏ | حجر صوان ‎flint (n.)‏
فيضان. طرفان. طمث.  ‎fl00d(ny)‏ | صوانى ‎flinty (adj.) o‏
حيض - يغمز. يغرق ‎flippancy (n.) i‏
أرضية . أرضض الغرفة أو ‎floor (n.v.)‏ ثرثار ‎flippant (adj.)‏
البيت. طابق . مصطبة - ‎e‏ الحوت ‎flipper (n.)‏
‎g‏ يبلط أر يخشب دلوعة . غنجة . هزة ‏ يغازل. )( 808
‎bt‏ يداعب يري ب
تبليط أرضية. تخشيب  ‎flooring (n.)‏ دلال. ننج . مغازلة . هزة ‎flictation (n.)‏
يرتقع وينخفض . بأرى (.1.8.807) 1108 | يسبح . ينطلق. يحفق ‎flit (v.)‏
إلى الفراش يقلب (الصفحات) جنب أو خاصرة خنزير ملح (8) ‎flitch‏
‏نجأة وبعنف - هبوط مفاجىء يرفرف . يخفق بجناحية ‎flitter (v.)‏
(فى الأسعار). شخص أر شىء رطراط ‎flitter - mouse (n.)‏
مخف اما متبدل . متغير . طائر . خفقان ‎flitting (adj.)‏
فندق رخيص (7) 0000056 | يطفو. يعوم. بشرع في عمل. ‎(Vi0)‏ 08
فلورا : إلاهة الزهور. الحياة ‎flora(m)‏ يؤسس . يتردد - طرفً. عوامة
النبانية (فى أقليم ‎A‏ يؤسس شركة ‎__acompany‏
‏عصر معين) تعريم. طرح سندات  ‎floatatioon (n.)‏
نباتى . خاص بالازهار 0 (047) 8008 | مالية فى السوق
‎floating (adj.) e florescence (n.)‏
الإزهار . نفتح الزهور. تزهير ‎floating dock (n.)‏
منور. مزهر باو ‎OS] 1y‏ | حوض عانم لإصلاح السذن
زهيرة؛ زهرة صغيرة 060 | علد .يلد كيد ‎flocculate (v.adj)‏"	al-shamil-dictionary
220	"florid (adj.) ‏مزخرف. مورد. وردى .بديع‎ | flovrishing (adj.)
Roridity ol bl ‏نضير . زاهر . ناجح . مترعرع بريق‎
floridness ‏تررد. فصاحة‎ flout, at (v.)
floriferous (adj.) ‏يسخر من . يتهكم على - إهانة مزهر. منور‎
florin (n.) ‏عملة أورية‎ | flow )+8(
florist (n.) ‏يتدفق . يغمر . تحيض (لمرأة) . يرتفع بائع الزهور‎
floss )8.( ‏كثرة. صيل . مد البحر مشاقة الحرير  حرير محلول‎
‏(لاشغال التطريز)‎ flowage (7.) ‏طوفان. فيضان. سيل . تدفق‎
flossy (adj.) ‏زغبى . أنيق . فاتن‎ | flower (n.v.) ‏نبثة مزهرة‎  ةرهز‎
flotage (n.) ‏انخبة . صفوة . بزدهر. ينمو مادة عائمة‎
flotation (n.) ‏تعريم. طفو. أسلوب التعويم.‎ | — of youth ‏شرخ الشباب‎
‏طرح سندات ماليه في السوق.‎ flowerage (n.)  روهز ‏تزهير - إزهار.‎
‏تاسيس شركة‎ floweret (n.) ‏زهيرة‎
‎flotilla (n.) ‏أسطول صغير‎ | flower - pot (n.) ‏أصبص . شالية‎
flotsam (1) ‏حطام السفينة أو حمولتها‎ | flowery (adj.) ‏مزهر - نضير‎
‏الطافى على سطح الماء بعاد‎ flown past part of fly ‏طارٌ‎
‏غرق السفينة‎ fluctuate (v.) ‏يتمرج . يتقلب . يترد‎
flounce (v.n) - ‏ينتفض. يتخيط.‎ | fluctuation (n) ‏وج . تقلب . تردد. تجول‎
‏انتفاض . تخبط . هدب‎ flue ):(  ةكبش‎ , ‏مدخنة . أنبوب . رغب‎
000: (1v.)  - ‏لميد المك طحين. دقيق. مسحوق‎
‏يطحن. يسحن‎ fluency )8-(  ةسالس. ‏اللان‎ G
flour - mill (n.) ‏طاحونة. مطحنة‎ | fluent (adj.) ‏اللسان. سيال‎ ik
flourish (v.n.) fluently (adv.) ‏بطلاقة . بلاسة‎
‏يزدهر . يكون فى حالة نشاط أو‎ 101 (n.v.)
‏زغب . شىء تافه - يزغب . يتتفخ إنتاج. يتباهى. يزخرف - فترة‎
‏ازدهار .تباي‎ fluffy (adj.) - ‏الزغب . كالزغب‎ 25
‏(رقيق وخفيف)‎"	al-shamil-dictionary
221	"حياء . محجل . تورد - يتدفق ‎flush (nv)‏ | سائل . مرن. مائع - السائل (.0.زقة) ‎fluid‏
‏نجاءُ. يتورد (اخجلا) يسبل سيولة . مروثة . ‎fuidity (1) o g‏
يانم . واف . غنى . متيسر ‎flush (adjadv.).‏ سلاسة. رشاقة
ناغير - باستواء . مباشرة ‎fluid mechanics (n.)‏
يربك . يثير - قلق . تشويش ‎fluster (V)‏ | ميكانيكا السزائل او المرائع
‎fluke (n.) flute (n.v.)‏
الفلرت. صفارة . ثنية محزرة في السمك المفلطح . حظ .سن المرساة
ثوب امرأة ‏ يحزز. يعزف على سيل ماء. ماء شديد ‎flume (n.)‏
العود ) لإدارة الطواحين وأمثالها)
خفقان . اضطراب . إرتعاش ‎flummery (n.) flutter (n.v.),‏
تشويش - برتعش. يرفرف خييصة (حلوى) . هراء .كلام فارغ
(العلم). يرفرف بجناحيه يذهل . يحبر ‎flummox (v.)‏
يصفق ‎flung past, past part. of fling‏
جريان. (وبخاصة اسهال)؛ ‎flux (n.v.)‏ مرمى . ملقى
تدفق ‏ يصهر . يذيب يرسب فى الإمتحان. 08600.80
ذبابة . طيران - يهرب . يطير . ‎Ay (nv)‏ رسوب فى الإنتحان ‏ إخفاق
قدا يذج 0 "" ) سيد
ورقة بيضاء فى أو كتاب أو آخره م188 | خم ‎flunky‏
‎fuoresce (v.) __in the face of‏
طيار - طائر ‎""yfns (nadi)  Gles‏ الإستشماع. التفلرر  ‎fluorescence (n)‏
طائرة مائية )( 5021 1008 | ‎sul) glali‏ للكشف ‎fluoroscope (n.)‏
مطار ‎flying field (n.)‏ عن التكوين الباطنى للجسم
مهر - ولدت . انتجت ‎foal (n) . i‏ الحى بواسطة أشعه أكس
) رغوة. غقب - 0 ‎foam(nv.)‏ تساقط ثلج خفيف . 5& ‎fumy (nv)‏
يرغى . يزيا مطر. اضطراب -
مكو بالزيد . رغوى  ‎foamy (adj)‏ يضطرب . يبر . يحبر"	al-shamil-dictionary
222	"يلف . يطوى . كف ‎fold (v.n)‏ | جيب الساعة في البنطلون - ‎fob(mv.)‏
‎bring somebody into the‏ 10 | يضم فى جيب الساعة .
‎_.of Islam‏ يغش. يخدع . يطرح ‎Clr‏
‏يدخل شخصا فى كنف الإسلام ) ‎F.O.B ( frec on board‏
حافظة للأرراق. نشرة مطبوعة )( ‎folder‏ | فوب ( تسليم ظهر السفينة )
مطوية بؤرى . مركزى ‎focal (adj.)‏
باب قابل لللى  ‎focalize (v.) folding door (n.)‏
‎foliaecous (adj)‏ | يركز . يجمع فى نقطة مركزية
ورقى ( شبيه بورق الشجر ) بؤرة . نقطة الاحتراق . ‎focus (n.v.)‏
ورق النبات أو الشجر  ‎foliage (n.)‏ مصدر ‎i‏ مركز
‎N4 | foliate (v.adj.)‏ العدر - يركز»
يورق . يرقق (المعدن). يصفح + يجمع فى لقة.يتركز
يسقى (المرآة) - مورق علف . عليق ‏ يعلف ‎fodder (n.v.)‏
‎foliation (n)‏ | خصم ‎foe (n.) s‏
توريق . تصفيح . ترقيق (المعادن) عدر ( فى الحرب ) ‎foeman (n.)‏
ورقة . رقم الصفحة أو الورقة. ‎fog (n.v.) folio (n.)‏
حافظة أوراق ضباب . تشوش . اضطراب . حيرة -
قوم جماعة. أناس. (8.241) ,1016 | يكسوار يلف بالضباب. يجمله
الناس . عشيرة - شعبى غامضًا أر محبراً .يشوش
‎Mustim common __,‏ 7018 | مكو ار مكتتف بالضباب ‎fogbound (adj.)‏
عامة المسلمين كثير الضباب ‎foggy (adj.)‏
‎١ folkolore (n.)‏ الرجعى . المحافظ ‎fogy (n.)‏
عادات شعب وتقاليده . حكايات نقيصة. عيب أو نقص (فى  ‎foible (n)‏
شعبيه . الفولكلور الأخلاق)
جراب. غمد () ‎follicle‏ | طبقة معدنية ‎G5,‏ شيف ‎foil (nv.)‏
يبع يلاحن. يبلك ‎follow (nv)‏ رفيع مثلم . بطانة اللجوهرات -
يتعقب - تتبع . ملاحقة يهزم. يعبق . يزخرف بنقوش"	al-shamil-dictionary
223	"كرة القدم ‎footbel (n.)‏ | التابع المرافق ‎follower (n.)‏
ذو أقدام ‎footed (ad).)‏ | طيش ‎folly (n.) Gus.‏
رلة قدم . عثرة . وقع أقدام ‎(n.)‏ 10017801 | يثير. يهيج . يضع الكمادات ‎foment (v.)‏
أساس. أجل . مشى ‎(n.)‏ 100008 | إثارة. تهيج . كمادة  ‎fomentation (n.)‏
يلهو . بعبث 1000600 | مغرم ب. مولع ب 0 ‎fond of (adi)‏
حاشيه أو شرح في أسفل ‎footnote (n.)‏ | يدلل . يلاطف. يدلم ‎fondle (v.)‏

الصفحة. ملاحظات هامشية المحبوب . اللعشوقة ‎fondling (n.)‏
رصيف المشاة ‎footpath (n.)‏ | بهيام . ولع . بحنان ‎fondly (adv.)‏
علامة أو أثر القدم ‎footprint (n.)‏ | هيام. ولع . حنان ‎fondness (n.)‏
جندي مشاه ‎foot soldier (n.)‏ | طعام ‎food (n.)‏
‎ks‏ نهج ‎footstep (n.)‏ | مراد غذائية ‎fooodstuff (n.)‏
حقير. تافه ‎fool (v.adj.n.) footy (adj.)‏
شخص تانق فى مله ‎fop(n)‏ | يدد. ‎g‏ بهرج . يعبث ب -
مرف فى الإناقة . مقررر ‎foppish (adj)‏ غبى . أحمق. مجنون. مغفل -

‎for (prep. sonj.)‏ المففل . الاحمق
ل . لاجل. لمدة.عوضا عن - ‎__away a4y‏
لان نظرا يغش . يحثال على , ‎makea _of‏
رغما عن 8 حماقة ‎foolery (n.)‏
إلى الايد ‎foolhardy (adj.) _ever‏
‎example 9‏ | مجازف . متهور. طائش
‎_instance S‏ | أحمق.غى ‎foolish (adj.)‏
لولا ‎but‏ | غباوة. حماقة ‎foolishness (n.)‏
أما بالنسبة لى - أما من جهتى ‎foolscap (n.) as__me‏
‎forage (vn)‏ | ورقة فولسكاب (من القطع الكبير)

‏يعلف . ينهب . يغزو يبحث عن - قدم. القدم (فى القياس). سفح . (0.00) 1001

‏علف. عليف؛علف ماشيه أسفل - يرجل. يمشى . يحتفر
علاف .كلاب ‎١ forager (n.)‏ سيرا على الاقدام ‎on__‏"	al-shamil-dictionary
224	"جبرى. قسرى ‎forced (adj)‏ | . يغزر. يغير على . ‎foray (v.n.)‏

قوى . فقال ‎forceful (adj.)‏ غارة. غزوة

forbade past of forbid (v.) ‏مع تهى‎ | force majeure (n.) ‏سبب قهرى‎

forbear (v.n.) forceps (n.) ‏ملقاط . جفت‎

الزامى . قومى . مؤثر  ‎forcible(@di)‏ | يتحلى بالصبر » يدفعه يتانى

مخاضة .نهر . مجرى ‏ يخرض (08080 | سلف.جد

forebearance (n.) fordable (adj.)  Jo VU ‏يمكن عبوره‎

بادثه بمعنى سابقا. سلقًا. مقدمًا ©:0] | الجلد. الرفق. الإحتمال. الحلم

to show __ and forgiveness forearm (n.) ‏ساعد‎

بتشاءم. ينذر. يتوقع 2( ‎forbode (v)‏ | يعفو ويصفح

يتنبا. يدرك نبوءة , احتياط(.7.8) ‎forecast‏ | حليم. سامح ‎forbearing (adj.)‏

The Forbearing forecastle (n.)  .ةنيفسلا ‏أعلى مقدم‎

مركز المراقبة فى السفينة الحليم 3 من أسماء الله الحستى ©

المذكور سابقًا ‎forecited (adj.)‏ | ينم . يحرم ينهى ‎forbid (v.)‏

يمن . يصد . يحجب ‎foreclose(v.)‏ | لاسمحللهالاقدراللها! !6080©

forbiddance (n.) g | forefather (n) e

forbidden (adj.) —.s ‏آباء‎

أصبع السبابة )( ‎forefinger‏ | مَحرم. منهى عنه. ممنوع .حرام

القائمة الامامية للحيران )( ‎forefoot‏ | المحظورات ‎_things‏

forbidding (adi) . ‏وعر. يفيض‎ @S | forego(v) e ‏يتنارل عن . يصفح‎

يستغنى عن ‎v‏

جبين. جبهة ‎forehead (n.)‏ | قوة. قدرة. جيش - ‎force (n.v.)‏

اجنبى . خارجى ‎foreign (adj.)‏ يجبر . يقتحم . يغتصب

in__ foreigner (n.) ‏الأجبى‎
‏سارى الفقول } ان‎ | foreknowledge (n.)

علم الغيب . معرفة سابق بالضرورة ,_ ‎of‏

أرض داخلة فى النحر  ‎foreland (n.)‏ يُخرج بالقوة لاه _ 10"	al-shamil-dictionary
225	"ينبا ب ‎forelock (n.) foretell (v.)‏
‎forethought (n.adj)‏ | 2 شعر مقدم ‎A‏ شوشه
بصيرة. تدبر - مُدبر. مُررى فيه رئيس العمال ‎foreman (n.)‏
الماضى . الزمن الماى  ‎foretime(n)‏ | صارى مقدم المركب ‎foremast (n.)‏
‎foretooth (n.) AU‏ | سالف الذكر  ‎forementioned (adj)‏
إلى الأبد.دائم ‎foremost (adj.adv.) forever ) (adi)‏
‎forevermore‏ | متقدم. ‎Yl  قبسألا. o3,‏
ايحذر. ينبه ‎forewam (v.)‏ | الإسم الأول الذى ‎forename (n.) Gy‏
تمهيد . مقدمة الكتاب _ (.8) ‎foreword‏ اسم العائلة
التصوير. التقويم ‎forenoon (n.)‏
‎forfeit (n.v.adj)‏ | قبل ‎it‏ نئحى ‏ الضحى
'جزاء . غرامة . رهن - بخسر. يغرم - صلاة ‎the __ prayer ol‏
يصادر - مُصادر ‎forensic (adj.n.)‏
غرامة . تغريم . مصادرة )1( ‎forfeiture‏ | جدلى . شرعى . قضائى ‏ مناظرة
يحمى - يصون. بمنع ‎forfend (v.)‏ | الطب الشرعى 01606106 __
‎forge (nv.)‏ | الجزه الأمامى . صدر فترةما ‎forepart (n.)‏
كور الحداد. مصهر - يصهر. يزيف الربع الأمامى من الذبيحة ‎forequarter (n.)‏
مزيف . مُزُور ‎forged(adj)‏ | يبن ‎forereach (v.)‏
اقول الزور ‎١ statement‏ مقدم الشاطىء ‎foreshore (n.)‏
يدلى بشهادة زور 5181601001 ‎togive‏ | يرب . ينبا ب ‎foreshow (v.)‏
المزور . المزيف . الحداد ‎forger(n)‏ | تدبر العواقب. بصيرة  ‎foresight (n.)‏
تزوير » تزييف . حدادة ‎forgery (n.)‏ | القلفة. غلفة ‎foreskin (n.)‏
يسى . يتغاضى عن. يصفح عن (7) 105861 | .حرج ‎forest (n.)‏
كثير النسبان. مهمل . (.24) ‎forgetful‏ | غابى . مختص بالغابات ‎forestal (adj.)‏
نيان ‎forgetfulness (n.)‏ | بسب .يتقدم على . يحتكر ‎forestall (v.)‏
‎forget - me - not‏ | الحتكر ‎forestaller (n.)‏
زهرة أذن ‎SN‏ حارس الغاية أو ساكنها 0 (.8) ‎forester‏"	al-shamil-dictionary
226	"فيما مضى. ‎formery (adv) Gl‏ | يعفوعن. يسامح ‎forgive (v.)‏
تتميل . تخدير ‎formication (n.)‏ | الصفح .المففرة. العفو )1( ‎forgiveness‏
‏مخيف. مريع ‎formidable (n.)‏ | كان ,_ سال ‎toask for‏
تشكيل . تكرين ‎forming (n.)‏ | غتور. نابح ‎forgiving (adj.)‏
غير منتظم ‎formless (adj.)‏ | يضيع فرصة.يمننع عن ‎forgo (v.)‏
‎forgotten past part of forget formuta (n.)‏
قانون . دستور معادلة شوكة. مذراة. تفوع. تشعب. )1( ‎fork‏
‏يستبط. يصيغ ‎formulate (v.)‏ شعبة. مفرق طوابق. ملتقى
يزتى ‎fornicate (v.)‏ نهرين . فرع - يتشعب . يذرى
مقرس . مقبب ‎fornicated (adj.)‏ بمذارة
5 زناءً. الزنى 0 ‎fomication(n)‏ | متفرع. متشعب ‎forked , forky (adj.)‏
يهجر. ينبذ. يتخلى عن )( ‎forsake‏ | مهجور . بائس. مهمل  ‎forlom (adj.)‏
منبوذ. متروك ‎forlorn hope (n.) forsaken past part, of‏
‎forsake‏ مجازفة . مخاطرة . مهمة خطرة
هجر .ترك ‎form (n.v.) forsook past of forsake‏
حقا. بكل تاكيد ‎forsooth (adv.)‏ | نموذج . شكل . قالب . كيفية .رسم
يمنم . يحرم ‎forspeak (v.)‏ مثالى. صف مدرسى . قانون -
خائر القوى. مضنى  ‎forspent (adj.)‏ ينظم . يرسم . يتشكل . يرتب
يقسم كاذبا - يحنث بيمينه ).1( ‎forswear‏ | بحالة ‎e i‏ كن
حصن . معقل - ‎formal (adj.} R (n)  ram‏
براعة . شطارة . مهارة ‎١ forte (n)‏ ظاهرى . رسمى . بتكلف . عرنى
‎fonh (adv.)‏ | قاعدة. نظام .رسم . مظهر ‎formality (n.)‏
وهلم ‎o‏ إلى آخره. فصاعدا يجعله رسييًا () ‎formalize‏
‎formation (n.) forthcoming (udj.)‏ !
قادم. على رشك الظهور نأسيس . تركيب . انشاء . تكوين ‎i‏
‏فى الحال . علي الفور (.207) ‎forthwith‏ | سابق. متقدم. سالف 0 ‎former (adj.)‏"	al-shamil-dictionary
227	"إلى الأمام ‎forwards (adv.)‏ | الأربعون. جزء من أربعين (/24) ‎fortieth‏
‏همة. إقدام . جرأة ‏ (.8) ‎forwardness‏ | تحصين . استحكام . تقويه ‎(n.)‏ 801105681100
‎fortify (v.) fosbury flop (n.)‏
قفزة فوسبرى ( أسلو من ‎At‏ يحصن 6 يقيم الإستحكامات
‎i‏ العالى ) جلد. عزم .لات ‎fortitude (n.)‏
مجزرر . محندق . خزان المرحاض (.0) 0558؟ | أسبوعان. نصف شهرى ‎fortnight (n.)‏
شىء متحجر. نبات  ‎fossil (nadi)‏ | مرة كل أسبوعين ‎fortnightly (adj.adv.)‏
أر حيوان مستخرج من حفريات قلعة. حصن - يحصن  ‎(m.V.)‏ 1000855
الارض - مستخرج من ‎SN‏ اتفاقى . عرضى ‎fortuitous (adj.)‏
بالحفر .حفرى ‎fortuity (n.) Balas‏
‎fossiliferous (adj)‏ | محطوظ. عد ‎fortunate (adj,)‏
فيه بقايا آثار عضوية. ‎e‏ لحن الحظ ‎fortunately (adv.)‏
‎fOSSliZE (V)‏ | نصيب . حظ » ثررة . بخث . ‎fortune (n.v.)‏
يغذى . يرضع . يحتضن . يرعى ‎(V)‏ 05162؟ | طالب الثراء بالزواج ‎fortune hunter (n.)‏
أخ فى الرضاعة ‎brother‏ — | العراف . فاتح البخت ‎fortune teller (n.)‏
أب بالتربية ‎forty (n.) syt | — father‏
حارب . قائل 015801 , 001 0851 00806 | السنة.نوم قصير أثثاء النهار ‎forty winks‏
(.0[.0ة) ‎fOUl‏ | ندرة. منبر للمناقشة . منتدى . ‎forum (n.)‏
بذىء . ‎S‏ . فاسد. شنيع . عنيف - اجتماع لمنافشة قضية ماء
عفونة. مخالف لاصول اللغة - برنامج إذاعى أر تلفزيرنى
بذىء اللسان  ‎foulmouthed (adj.)‏ من الخبراء. حلقة بحث
وساخة. دثاءة. بذاءة  ‎foulness (n)‏ | وقح . جرىء. سابق . ‎forward (adj.adv.)‏
رجد ‎found past, past part of find‏ أمامى - إلى الامام
أصل .أساس . تأسيس . ‎foundation (n)‏ | الاعب هجوم - ‎forward (nv.) ey‏ |
قاعدة. ‎Loy‏ يعزز. بشحن"	al-shamil-dictionary
228	"— stone (n.) ‏حجر الاساس‎ | fracas (n)
founder (n.v.) ‏شغب . نوضى . مشاجرة‎ ol
‏مؤسس. منشىء .سباك يعرج‎ | fraction (n.) ‏كسر .كسرة. شظية‎
‏يغرق . ينهار‎ fractious (adj.) ‏الغضب . شرس‎ gy e
foundling (n.) ‏طفل لقيط‎ | fractose (n.) ‏سكر الفاكهة‎
foundry (n.) ‏سبك .هر‎ | fracture (n.)
fount (n.) i ‏شق - يكسر. يشق‎ S ‏شجة.‎
‏مطبعية. مصدر. منبع‎ Gy | 0588016 (adf) ‏هش‎ LSOV ‏سهل‎
‎fountain (n.) fragment (n.) ‏شظية . كسرة‎
‏نافورة.عين ماء.سبيل للشرب‎ | fragrant(ad).)  ةحئارلا ‏عر طب‎
_pen(n) el | 801 )8.04[ ‏سلة - هش ضعيف . عاجز ل‎
four (n.) ‏اربعة‎ | frailty (n.) ‏ضعيف الإرادة‎
four fold (adv.adj.) ‏أربعة أضعاف . رباعى‎ | 08006 (v.n)
fourfooted )84/.(  عبرالا ‏بإطار - إطار من ذوات‎ N ‏يصرغ‎
‎fourteen (n.) ‏هيكل . قاعدة. صورة أربعة عشر‎ o
fourteenth ‏الرابع عشر‎ | framework (m) ‏بنية. نظام . دعام . برراز‎
fourth (adj.n.) @ ‏هيكل. إطار الرابع‎
fourthly (adv.) Gty | franc (n) ‏رحدة العملة الفرنسية. الفرنك‎
1091)0.0(  .ةجاجد‎  رويطلا ‏يصطاد‎ | franchise (ny)
‏امتيار. رخصة . حرية .عت - فرخة. لحم الدجاج‎
fowler (n.) ‏يعتق . تمنح إمتيازً  يحرر صائد الطيور‎
0 ‏اب‎ | Franciscan (adjn)
foxglove (n.) ‏فرنسيسكانى - راهب فرنسيسكانى زهرة كف التعلب أو‎
‏زهرة الأجراس‎ Franco - ‏معناها : فرنى‎ sl
foxhound (n.) ‏الكلب السلوقى‎ | Francophile (n.adj.)
foxtail (n.) At ‏محب لفرنسا . فرنسى الميول تبات ذيل‎
foxy (adj.) ‏ماكر . تعلبى اللون‎ | frangible (adj) ‏سريع الإنكسار‎"	al-shamil-dictionary
229	"frank (adj.) ‏حر . صادق . صريح . معتى‎ | frecbooter (n.)
‏قاطع طريق . نهاب . قرصان من اجرة البريد. متهتك‎
frankly (adv.) ‏بصراحة‎ | frecbom(adi) ‏حر المولد أو السب‎
frankness (n.) ‏صراحة‎ | freedom(n) ‏حرية . إعفاء‎
frantic (adj.) ‏غضوب. مجنون. مسعور‎ | 086-0800808 )247( 5 s
fratal (n.) ‏الدائرى 0 شكل دائرى‎ S0 | free hearted (adj.) ‏حر كريم الطب‎
+ ‏يصنعه الكمبيوثر‎ freemason (n.) ‏الماسونى‎
‎fratemal (adj.) ‏أخرى‎ | free minded (adj.)
fratemity (n.)  ةيوخأ ‏مرتاح الفكر . مطمئن البال جمعية ؛ أخاء.‎
frantemize (v.) ‏يتصادف مع .يتأخى مع‎ | freeze (v.) ‏يتجيد‎
‎frawicide (n.) - ‏اجرة نقل البضاعة 0 (80) 88801 | قتل الاخ أو الانحت‎
‏شحن . بضاعة. حمولة - قائل أخيه أر أخته‎ .
fraud )8.(  لاثحملا‎ . ‏يحمل . بشحن تزوير . خداع . نصب‎
fraudulence (n.) ‏خداع . تدليس . نصب‎ | — train ‏قطار بضائع‎
fraught (adj) ‏عم . مشحون. ثلاث‎ | French )84[3( ‏اللغة الفرنسية‎ s
fraulein (n.) ‏آنسة المانية‎ | —bean Ly
fray (n.v.) - ‏معركة . عراك. شغب‎ | hom oAl ‏البوق‎
‏يرعب . يخرف . يبرى‎ 16816 gl ‏يهرب . ذهاب بدون‎
frazzle (v.n.) ‏ينهك . تقلق  إراهاق . بلى‎ frenzied (adj.)
freak (n.) ‏مختل العقل . معتوه. مجنون وسواس .دهم . فلئه‎
a_ofnatre ‏من فلتات الطبيعة‎ il | frenzy (n) ‏جنون. مس خبل‎
freakish (adj.) ‏متقلب. ترسوس‎ | froquence (n) ‏ازدحام. جمع , حش‎
freckle (n.) ٠ ‏البشرة‎ e | frequency (n) ‏تكرار . توا ال‎
freckly (adj.) ‏النش‎ | frequent (adjv.)
free (adjadv.v) . ‏متكرر . كثير الحدوث - يتردد مجانى . طلب .غير مشغول‎
‏من الصريية.سخى. مجانا.‎ e | 0800800 )207( ‏بصفة متكررة مرا‎
‏بحرية - يعفي من . بحل . يحرر‎"	al-shamil-dictionary
230	"احتكاك . حك . فرك . خلاف ‎fresco (n.v.) friction (n.)‏
احتكاكى ‎frictional (adji)‏ | تصوير على حائط .برسم لوحة |
يوم الجمعة ‎Friday (n.)‏ على حائط أو متف
مقلى أو محمر بالسمن ‎fresh (adj.adv.n.) fried past of fry‏
صديق . مساعد )1( ‎friend‏ | عذب. طارج. ‎Gl‏ غض ‏ حديثا.
يتصالح . يصاحب مع , 1000 5 ‎make‏ منذ لحظات - ينبوع . طوفان
‎friendly (adjadv.)‏ | هواء منعش. هواء نقى ‎_air‏
‏ودود . صدوق . حبى . سلمى - يجدد . ينعش . يرطب ‎freshen (v.)‏
بمحبة . بمودة طوفان. سيل ‎freshet (n.)‏
مودة . محبة . صداقة  ‎friendship(n)‏ | بنضارة. بنشاط . ديعا (01ة) ‎freshly‏
‎frieze (n.)‏ | طالب فى الصف الأول ‎freshman (n.)‏
أفريز. حلية معمارية . صوت خشن الجاممى . المبتدىء
بارجة . سفينة حربية . فرقاطة ‎frigate (n)‏ | نضارة . طراوة. حداثة 0 ‎freshness (n.)‏
وف . رعب . ذعر )( ‎fright‏ | نخر . قلق . خرم. نكد  ‎fret (n.v.)‏
يخوف . يرعب.يفزع ‎frighten (V)‏ يضطرب؛ يقلق . يبلى بالحك.
مخيف . مرعب . تفزع (زلة) ‎frightful‏ يزخرف . بطرز. قبعة
متجمد. جامد .يارد ‎frigid (adj.)‏ حريمى . عتب العود أو القيثارة
بارد جنسيا. فارس مضطرب . نكد. شرس ززهه) ‎fretful‏
‏المنطقة القطبية المتجمدة ‎gone‏ | تبرم.مضايقة ‎fretfulness (n.)‏
الثلاجة ‎(n.)‏ :لفقي | منشار لصنع الدمى من )1( ‎fretsaw‏
‎i‏ برودة. فتور ‎frigidity }m.)‏ الخشب. منشار الزخرفة ا
‎frigidness‏ | اش ‎friable (adj.)‏
‎il - s e U‏ راهب ‎friar (n.)‏
يرجف . يجمله له هدب (يهيد) دير الرهيان ‎friary (n.) Ly‏
ان أل د لس ,
إضافى . يهدب يزين ا لمي
ميزات مضافة للأجور ‎o Sy fringe benefits‏ اللحم ريحمر»"	al-shamil-dictionary
231	"الباب الممومى أر الاساسى | ‎frippery (n.) —door‏
يتقدم » يرقى ,_ ‎١ Cometothe‏ أناقة متكلفة . شىء قديم. نجارة
أمام . تياء 10 الأشباء القديمة ار مكان بيعها
واجهة البناء ‎frontage(n.)‏ | بفتش شخصا.يدتق. ‎frisk (v.n.)‏
أمامى . مختص بالجبهة (.20(.0) ‎frontal‏ | يتنطط ‏ اثبشاط. مرح
- واجهة مبنى مرح . خفيف الررح . ‎frisky (adj)‏
العظم الجبهى ‎bone‏ | مصب نهر فى بحر ‎frith (n.)‏
‎frontier (n.adj)‏ | فطيرة مقلية وتحتوى على ‎fritter (nv.)‏
. نخم . حد . حقل جديد للبحوث - فاكهة أو لحم - بفتت. يبعثر.
مجارر. باحث ‎oty‏ يتضاءل
عصابة الجبين ‎frontlet (n.)‏ | سخافة . طيش . استهتار  ‎frivolity (n.)‏
حلية فى الواجهة الامامية ‎frontone (n.)‏ | سخيف . طائش . مستهتر ‎frivolous (adj.)‏
‎frost (nv.)‏ | يجعد (الشعر) ‎friz, _z(v.)‏
صقيع . جليد - يكسر بالثلج أو يقلى . يحرق ‎frizzle (v.)‏
الصقيع إلى الوراء - من ‎fro (adv.prep.)‏
مغطى بالجليد ‎frosted (adj.)‏ | ذهابٌ وإيابًا ,_ ‎toand‏
‏زجاج غير شفاف ( خشن ) ‎_glass‏ | عباءة . رداء الراهب . ثوب 0 ‎frock (ny.)‏
رغرة . ‎by‏ تشدق - ُرغى . ‎froth (nv)‏ نسائى - يلبسه عباءة .
يكو لزيد ‎T‏ ضفدعة. ضقدع .بحة ( فى )1( ‎OB‏
‏مزيد . كثير الرغوة. ركيك ‎frothy (adj.)‏ الصوت ). عررة الحزام. مقص
عاص . عند . متمرد  ‎froward (adi)‏ فى الكة الحديدية
عصيان. عناد ‎frolic (n.adj.v.) frowardness (n.)‏
عبوس . تقطيب الوجه ‎ -‏ (-) 7:00 | مزاح . لهو - مسرور - بمزح. يلهر
يعبس. يقطب وجهه عن . من . منذ .من عند 0 ‎(prep)‏ 500
اشعث. أغبر ‎frowzy (adj)‏ | خوصة. سعفة النخل ‎frond (n.)‏
متجمد ‎frozen (acki)‏ | جبهة. جيين.أمام ‏ يستقبل. ‎front(n.v.)‏
‏يثمر ‏ يجعله مشمرً )1( ‎fructify‏ يواجه . يتحدى"	al-shamil-dictionary
232	"وقود ‎fuel (n.)‏ | الفركتور: سكر الفاكهة والعسل ‎fructose (n.)‏
زائل . هارب . ) ‎fugitive(adi)‏ | مشمر. مربح. متج ‎fructuous (adj.)‏
مهاجر. لاجىء آبق اقتصادى . رخبص . مقتصد ‎frugal (adj.)‏
عبد ‎_slave G‏ | إقتصاد. توفير (فى الإثفاق) ‎frugality (n.)‏
ينجز. يتمم . يتم . يكمل . يفى )( ‎ulfil‏ | بإقتصاد ‎frugally (adv.)‏
يفعى بالمهد ‎to__acovenant‏ | فاكهة. لمر. محصول.غلة 0 ‎fruit(n)‏
‏نقطة إرتكار ‎fulerum (n.)‏ | خفاش ضخم آكل الفاكهة ‎fruitbat (n.)‏
‎L3t‏ روثق . ‎fulgency )8.( oWl‏ | بائع الفاكهة ‎fruiterer (n.)‏
ممتليء. تام. كامل .ملان  ‎fullof (adh)‏ | مثمر . خصيب. تريح (ز4ة) ‎fruitful‏
‏القصار ‎Fuller (n.)‏ | هناء. نعيم . إثمار .عتيق ‏ (.8) ‎fruition‏
‏كمال . امتلاء ‎fullness (n.)‏ (أمل وهدذ)
الفلمار «طائر؟ ‎fulmer (n.)‏ | سُدى. بلاثمر ) جدرى ‎fruitless (adi)‏
يرعد . ينفجر . يقصف. ‎fulminate (v.)‏ | ثبط العزم. يلغى . يبطل ‎frustrate (v.ad)‏
بحرم. بشجب بمنف المفعول. يخيب - سدى . باطل
أصفر غاسق ‎fulvid (n)‏ | إحباط . فشل.خية ‎frustration (n.)‏
احمر مصفر رزقه) ‎fulvous‏ | شكل ناقص . مقطرع 0 ‎frustum (n)‏
دخان . بخار . ثورة - يتبخر . 10( 50138 ‎AN‏ مخروط
يتقد غيظا يحمر . يقلى - محم ‎fry (nadjv)‏
‎e‏ أر ذو بخار ‎fumid (adj.)‏ مقلى - شغب . اضطراب
‎fumigate (v.)‏ مقلاة ‎frying pan‏
يطهر بالتدخين . يعطر . يبخر ‎0y‏ إرجوانى ضارب إلى ‎fuchsia (n.)‏
بحدة.بغصب ‎fumingly (adv.)‏ الحمرة. الفوشيه . نبات ذو زهر
‎fumy (adj.)‏ أحمر وإرجواتى
كثير الدخان. كثير البخار . مدخن نوع من المطحالب ‎fucus (n.)‏
لهو. مزاح . مرح ‎fuddle (v.) fun (n.)‏
يهزا ب ‎make _of‏ | بسرف فى الشرب . يشوش . يربك
يلفق . يفش - تلفيق . اختلاف ‎fudge (v.n.)‏"	al-shamil-dictionary
233	"الحبل السرى ‎funambulate (v.) funiculus (n.)‏
‎funk )1(‏ | يرقص أر يمشى على الحبل
جبان - يخاف , يخشى . يجحم عن عمل . شغل . وظيفة . ‎function (n.v.)‏
أنبوب. مدخنة القطار أو ‎funnel (n.)‏ مناسبة اجتماعية . يزدى عملاً
الباخرة. قمع يعمل . يقوم بعمله ‎functionate (v.)‏
هزلى . مضحك ‎funny (adj)‏ | وظيقى.عملى ‎functional (adj.)‏
عظمة الكوع ‎funny bone (n.)‏ | الرظف ‎functionary (n.)‏
فراء . فرو. طبقة بيضاء مرضية ‎fur(mv)‏ | ذخيرة . اعتماد مالى . سندات )%( ‎fund‏
‏تكسو اللسان ‏ يكسو ‎A‏ - يرصد ‎e‏ يجمع
يزركش . يكشكش ‎oy | furbelow (vn)‏ مصرفية.سندات ‎fands (1) s‏
يهدب ‏ هدب . ثوب نسائى الحكوية ‎١‏
‏يلمع . يصقل ‎fundament (n.) furbish (v.)‏
‎furcate (adjv)‏ | إست . شرج. مبدا.اساس
مشعب. ذو شعب - يتشعب ‎fundamental (adj.n.)‏
‎furious (adj.)‏ | أساسى . جرهرى ‏ قاعدة
مهتاج . غاضب . شديد . قوى أركان الإسلام } ‎—s‏
‏يلتف . يلف - لفة ‎furl (v.n)‏ 0451 واصول ‎—sofIslam‏
‎fundamental law (n.) furlong (n.)‏
الفرلنغ : مقياس طول ‎VA=)‏ القانون الاساسى. الدستور
ميل أو ٠7؟‏ ياردة ) جنازة - جنازرى ‎funeral (adj.n.)‏
‎furlough (n.v.)‏ | موكب الجنازة ‎procession‏ _
إذن بالغياب . إجازة ‏ يمتح أجارة فطريات ‎fungi (n.)‏
‎iy‏ فرن ‎furnace (n)‏ | أشياء عييه. أغياء  ‎fungibles (adj.)‏
يمد ‎UYL‏ . يجهز . يفرش ‎furnish (v.)‏ متهلكة. منقولات
اثاث. مفروشات ‎fumniure (n)‏ | ميد فطر ‎fungicide (adj.)‏
‎furor(n) b gl s‏ | سلكى ‎funicular (adj.) o‏
اعجاب حماسى ‎furore (n)‏ | سكة حديد معلقة ‎—railway‏"	al-shamil-dictionary
234	"المتصهر (اداة أمان ). شريط ‎fuse (my)‏ | مبطن أو مكسو بفرر ‎furred (adj.)‏
النار. فتيل المفرقعات - يدمج ‎٠‏ تاجر الفراء أو مجهزه . قراء ‎furrier (n.)‏
يصهر. ينصهر صناعة أو تجهيز الفراء ‎furriery (n.)‏
‎furrow (n.v.) fuse (n.)‏
فتبل ‎WAl‏ بكرة زنبرك الساعة شق . اخدود. خط المحراث. حقل -
جسم أر هيكل الطائرة ‎Gty fuselage (n.)‏ الأرض بالمحراث . يخطط .
قابل للإنصهار ‎fusible (adj.)‏ يجمد
مغزلى الشكل ‎furry (adj.) fusiform (adj.)‏ ||
بندقية قديمة الطرار ‏ مغزل . ‎fusil(n)‏ | مكسر بالفراء - ذو فرو أو وبر
‎further (adv.adj.v.) fusileer‏
جندى مشاة با ‎fusilier‏ | إلى مدى وحد ابعد. أيضا. علارة
‎fusillade (n..)‏ على ذلك بآخر . أبعد ‏ إضافى
وابل من الرصاص (طلقات نارية) - يعضد . يناصر - يؤيد
عديد من الإنتقادات أو الأسئلة ‎furtherance (n.)‏
- يهاجم بوابل من الطلقات ترويج . تأييد . مناصرة
النارية . ‎furthermore (adv.)‏
صهر . مزج . انصهار . سك )1( ‎fusion‏ | وزيادة على ذلك. وإلى هذاء
قنبلة هيدروجينية  ‎fusion bomb (n.)‏ فضلا عن ذلك
ضجيج . ضرضاء. شجار ‎A  -‏ الاقصى . الأبعد تفال ‎furthermost‏
‏يشكو . بجادل. يثير ‎furthest‏
‏متمق . نكد. سريع الإهتياج (.[24) ‎FSSY‏ | مسروق. مختلس . ماكر ‎furtive (adj)‏
‎fustian (nadj)‏ | دمل . خراج ‎furuncle (n.)‏
قماش قطن خشن. إطناب ‏ تاقد عنف . هياج . احتدام . امرأة حقود ‎fury (n.)‏
‎furze (n.) fustigate (v.)‏
يضرب بعصا (جرارة ‎ )‏ ينتقد الرتم ( شجيرة شائكة ‎a3‏ برا )
بحدة معتم . داكن . اسمر ‎o6‏ (.[ل40) 1050005
‎e‏ معفن محافظ . رجعى (.[44) لإا5نا]"	al-shamil-dictionary
235	"أحداث المستقبل .المستقبل (8) ‎futurity‏ | عبث ‎Y‏ فائدة منه ‎futile (adj.)‏

fuility (n.) ‏جدرى .عبث‎ Y | fuz(ny)

وبر . زغب . هباء - يتنائر . يجعله المستقبل ‏ مقبل ‎future (n.adj.)‏

futureless (adj.) ‏لا مستقبل له‎ Gy
fuzzy (adj.) ‏واضح . مشوش . غامض‎"	al-shamil-dictionary
236	"706
LS

مجموعة . قطيع . جماعة ‎gaggle (n.)‏ الحرف السابع من حررف الهجاء ‎G,g‏
‏مرح . انبساط . سرور . إنشراح ‎gaiety (n.)‏ الإنجليزية
بإيتهاج . بفرح . بإنشراح . (207) لالفقع | يترثر. يهذر - لرثرة ‎gb(vn) G‏
كسب مكب.ريح - (8) تفع | ‎PG‏ منين. نطف ‎gabardine (n.)‏
يربح . يكسب . يحصل على أو جبه من الجبردين
‎it‏ أرباح. فوائد 00 ‎gainings(n)‏ | ينطق بكلام غير مفهوم. ‎gabble (wn)‏
يكذب. يقارم . يخالف  ‎gainsay (v.)‏ يهذر ‏ لرثرة
مشية . تخطر . نسبة الإنتاج ‎gait(n.)‏ | الجمالرن ‎gable (n.)‏
جرموق. طماق. حذاء  ‎gaby (n.) AN | gaiters(n)‏
احتفال . مهرجان . عيد ‎galafn)‏ | قضيب إزسيل ايتكع. | ‎gad(nv)‏
‏خاص بالمجرة. مَجَرى ‎galactic (adj)‏ يحول. يدور
تكون اللبن ‎galactopoiesis (n.)‏ | طواف. جوال ‎gadder (n.)‏
وأدرارة ذبابة الخيل والماشية ‎gadfly (n.)‏
سكر ‎galactose (n.) ol‏ | خطاف لرفع الاسبماك الثقيلة . ‎(n.v.)‏ 855
المجرة. حشد من أشخاص (.6) ‎galaxy‏ عادة سيئة (فى السلوك
بارزين الإجتماعى) بصطاد بالخطاف
عاصفة. نوة. ربح شديد ‎gale (n.)‏ . يخلع. عارضه بمدد عليها
التويج . القلنسوة ‎galea (n)‏ راس الشراع
السعد ( نبات من ‎galingale (n.)‏ رجل امين. شيخ ‎gaffer (n.)‏
الفصيلة السعديه) يسكت .ينقيا.يد. يكمم - ‎BBV‏
‏ضغينة . حقد. قرح جلدى. ‎(nv)‏ ال88 كمامة . يقيد حرية الرأى.
الحرصلة الصفراوية - يتفرح يكم
بغيظ . يثير . يزعج . مقياس رهن . عبار . ضمان. 0 ‎gage(n)‏

رمز للتحدى"	al-shamil-dictionary
237	"لعبة . مبارة. يقامر . لحم ‎game (nvadi)‏ | أثيق. باهر. سامى ‎gallant (adjn.)‏
الصيد ‏ يقامر ‎o‏ مختص . الاخلاق ‏ السامى الأخلاق.
مصمم. ثابت العزم الشهم
حارس غابة الصيد ‎U, | 88008 - 1066087 (n)‏ شهامة . مروءة  ‎gallantry (n.)‏
لاعب الميسر. مقامر - ‎BAMeStEr(n)‏ | الحوبصلة الصفراوية ‎gall - bladder (n.)‏
ولد متشرد ‎gamin(n)‏ | الغلياس ( سفينة ‎galleass (n) Ly‏
بنت متشردة ‎gamine (n.)‏ فى القرن 17,11
لعب القمار ‎(m)‏ 88008 | الغليون ‎gelleon (n.)  ةيراجت i)‏
‎gammon (n.v.)‏ وحربية شراعية )
مَرْس ( في لعبة الطاولة ). نخذ صالة عرض للآثار الفنية. ‎gallery (n.)‏
خنزير مدخن . أو مقدد ‏ يقدد قاعة كبيرة. ستدير المصور
اللحم . يخدع . يغلب ‎o‏ مطبخ السفيئة. سفينة ند ‎galley(n)‏ |
الطاولة ) لوح الطباعة
تناسل. تكاثر ‎gamogenesis (n.)‏ | دجاجى ‎gallinaceous (adj.)‏
‎BaMogenetic (adj.) s‏ | بعرضة أمريكية كبيرة ‎gallinipper (n.)‏
متحد البتلات ‎Bamopetalous (adj.)‏ | الجالون ) مقياس للسؤال ) ‎gallon (n.)‏
مظلة. شمسية )1( 8300 | حمالة البنطلون. مشتقة ‎gallows (n.adj.)‏
يشكع يتجول ‎gander(vn) Oy‏ - مستحق الإعدام ‎G‏
‏هدف ‏ ذكر الاوز . المغفل حصاة صفراوية ‎gallstone (n.)‏
طقم . عصابة . جماعة . عصبة ‎(M)‏ 8888 | يطلى ‎galvanize (v) . Ll‏
‎e‏ [ 78 -- المعادن بالكهرياء
للعبور عليه ‎plank‏ | يقامر. يلعب القمار ‎gamble (v.)‏
الفرغرينا. تسرس ‎gangrene (n.)‏ | لاعب القمار ‎gambler (n.)‏
العظام . قاد الجروح بِِ قمار ‎gambling‏
‏معبر . تمشى ‎Bangway (n)‏ | يقفر. يلب - قفز. وثب  ‎gambol (v.n.)‏
‎Pl‏ بحرى 71 | السقف المتكسر كل ‎gambrel roof (n.)‏
ونش متنقل ‎(n.)‏ لماصقع اجانب من جانيه ثنائى ‎LY‏"	al-shamil-dictionary
238	"حجرة على النطح + ‎gaEL(n)‏ | حبس.سجن ‎gaol (n.)‏
حجرة علويه سجان ‎gaoler (n.)‏
ساكن فى غرفة على ‎gameteer(n)‏ | ثغرة. نقص . خلل ‎gap(nv.)  -‏
معسكر . موقع عسكرى. ‎١ 8851500 (M)‏ ينشق. يفتح فمه . يثاءب - (.008) 8808
حصن ‎R‏ فجوة. تئازب
الدولة العسكرية  ‎state (n.)‏ 8851500 جراج . مخزن سيارات ‎garage (n.)‏
الرثرة ‎garnulity (n.)‏ | مظهر . حلة. بدلة رسمية ‎(nv.)  -‏ 88:0
‎garrulous (adj.) L‏ بكر
رسام الساق (وسام انجليزى) ‎garter (n.)‏ فضلات اللحوم. نفاية . ‎garbage (n)‏
الزنبرك الطوقى - ‎garter spring (n.)‏ كلام ‎G‏
‏غار. تبجح . بنزين - يزود ‏ (8) 885 | ينخل . ينقى . يشوش . يغريل ‏ )1( 885016
بالبنزين . يسمم ‎AR W‏ بستان. حذيقة عامة ‏ متعلق )1( ‎garden‏
‏يتسمم بالغاز بالحدائق. عادى
تفاخر. تبجح - 0 ‎gardener (1.) et | gasconade(nv)‏
يتفاخر . يتبجح زراعة الحدائق ‎gardening (n.)‏ ا
غازى . بخارى ‎gaseous(ad))‏ | يتغرغر ‏ غرغرة. ‎gargle (v.n.)‏ |
جرح كبير ‎gash(n.v.)‏ سائل للغرغرة |
يجرح جرحا ‎St‏ مزخرف بشدة. زاه ‎garish (adj.)‏
التحول إلى 5 )( ‎garland (n.) T st | esification‏ |
يُحول إلى ‎garhic (n.) o5 | sesify(v) e‏
لهث ‏ يلهث ‎BaSP(nY)‏ | ثوب .لباس. حلة ‎garment (n.)‏
معدئ. مختص بالمعدة ‏ (.ز24) ‎gastric‏ مستودع حبوب . شونة - 0( ‎Bamer‏
‏سرطان ‎—carcinoma(n) il‏ | يشون.يخزن
التهاب المعدة ‎gastris (n.)‏ | عقيق ‎gamnet )( ol‏
‎EaStronome-rin) e dsst‏ | حلية. زخرفة ‏ يزخرف. ‎gamish (nv.)‏
شراهة. لهم )1( ‎gastronomy‏ يزين"	al-shamil-dictionary
239	"غزال . ظبى () ‎gazelle‏ | منظار معدى. منظار ‏ )1( ‎gastroscope‏
‏جريدة رسمية . إعلان فى ‎sl gazette (n.v.)‏
جريدة رسمية ‏ يعلن فى جريدة ‎dly‏ صمام. تمر ‎gate (n.)‏
رسمية المنضدة المطوية ‎gateleg table (n.)‏
قامرس جغرافى ‏ الصحافى )( 832011607 | يحشد. يجمع . يفهم . يضم ‎(V)‏ 881067
جهاز . ناقل الحركة. ترس - ‎gear(nv.)‏ - كرمشة. تجمع . طيه
يعشق بالتروس. يعدل . يعد. جمع . حشد. اجتماع. ‎gathering (n.)‏
‎B‏ بريص ‎gathers (n.) gas Ll | gecko(n)‏
أوز )80686 | مزين ‏ حفل ستوى  ‎gaudy (adjn)‏
جيلاتين . غراء .هلام )1( 8 , 880808 | مقياس .عبار . قياس .سعة ‏ (08 88086
جيلاتيثى . هلامى ‎(adj)‏ 8618110005 - يقدر. يعين . سعة الشىء
‎geld(v) S~‏ | مقدر الضرائب .كيال . قياس ‎gauger (n.)‏
‎gelding (n) o‏ | الفرنى .بلاد الغال ‎Gaul (n.)‏
بارد. متجمد ‎gelid (adi)‏ | (زناتيي |
جوهرة .ره حجر كريم. ‏ (80) 8000 | ‎i‏ هزيل. كالح ‎gaunt (adj.)‏
برعم . يرصع بالجواهر قفاز طويل ‎gauntler (n.)‏
«الجوزاء 0 80001 | الشاش . نسيج حربرى شفاف ‎(n.)‏ 880026
ذو براعم ‎gemmate , - d (adj.)‏ اعطى ‎past of give‏ 8016
تبرعم ‎gemmation(n)‏ | مطرقة خشية ‎gavel (n.)‏
, متالق. ساطع ‎gemmy (adj)‏ | ماح هندى ‎gavial (n.)‏
اشرطة . جندرمة ‎Bendarme (n)‏ | يحدق بيله. الفنل ‎gawk (v.n.)‏
جس ( لمذكر او ‎gender(n)‏ | غير لق شخص 0 ‎gawky @ding‏
""ازنك فى ‎(il‏ قليل الخبرة
سلالى ‎Bemealogical tadi) s‏ | سار مبهج مرح زاد ‎(adj)‏ رقع |
مختص ‎LY‏ سس ‎١‏
‎genealogy (11 Al‏ يتفرس - حسلقة"	al-shamil-dictionary
240	"شهامة . جودة . سخاء  ‎generosity (m)‏ | أصتاف. أجناس. فصائل 0 ‎genera(n)‏
‏سخى . كريم ‎generous (adj)‏ | عمومى . مطل .عام ‎general (adjn)‏
توليد . خلق . سفر التكوين ‎genesis (m)‏ جنرال ‏ الرئيس العام قائد
فى التوراة الجيش
(/04) له ,8808008 | بوجه عام ,ال
تكوينى . تناسلى . مختص بالتوليد » قائد عام ‎generalissimo‏
‏تطررى شخص 5 مواهب )1( ‎generalist‏
‏علم الوراثة . ‎genetics (n.) S‏ ركفاءات متعددة
الورائى أمر عام . أغلبية . جمهور ‎generality (n.)‏
شراب مسكر ( الجنيف ) (.860872)8 الناس.عمومية
مياق جنيف ‎Genevaconvention (n.)‏ | تعميم. مدا عام ‎generalization (n.)‏
(خاص بأسرى الحرب) يسم ‎generalize (v.)‏
الصليب الأحمر ‎Genevacross(n)‏ | عادة. غالبا ‎generally (adv.)‏
‎S‏ . أتيس . عبقرى.  ‎genial(adf)‏ | ضابط ذو رتبة كبيرة ‎general officer (n.)‏
خاص بالذقن ممارس عام. ‎general practitioner (n.)‏
جنى . عفريت ‎genie (n.)‏ طبيب عام
خاص بالاعضاء ‎genital (adj.)‏ | الأركان العامة ‎general staff (n.)‏
التناسلية . تتاسلى قيادة.رتبة الجترال  ‎generalship (n.)‏
أعضاء التناسل ‎genitals (n.)‏ أ اللراء
حالة المضاف إليه - ‎genitive (nad)‏ | باعث.مبب ‎generant (adj.)‏
جرى. إضافى ‎g s‏ يحدث. ينتج 0 ‎(v)‏ 86051
‎genitor(n) Ty‏ | ذرية .امة.جيل. ‎generation (n.)‏
عبقرى . نابغة. برع ‎genius (n.)‏ جنس. تناسل
التركيب الوراثى ‎genotype (n.)‏ | مولد (كهربائى). ‎generator (n.)‏
جماعة . عشيره ‎gens (n.)‏ منتج .مولد ,
شخص رجل ‎gent(n)‏ | جنسى .نوعى - ‎generic _al (adj.)‏
شامل"	al-shamil-dictionary
241	"مهندس . رياضى  ‎geometrician (n.)‏ | لطف. أثيق . مهذب ‎genteel (adj.)‏
يهندس . يعمل بالطرق ‎١ 8800080128 (v.)‏ الجنطيانا ( نوع من الزهر ). (.0) ‎gentian‏
‏الهندسية جانيانا
علم الهندسة ‎gentile (adj.) s | geometry (n.)‏
البندسة التحليلية ) ,ب لمتقرامته كياسة . رقة . لطف ب ‎gentility‏
‎coordinate __‏ وديم . كريم . رقيق ‎gentle (adj.)‏
الهندسة المستوية. ,___ ‎plane‏ دث الاخلاق
هندسة التطوح محثرم . فاضل . نبيل 0 ‎gentleman (n.)‏
الهندسة الفراغية. .ناد ‎١‏ اسياد.افاضل ‎gentlemen (n.)‏
هندسة الجسمات الوجهاء . الاعيان. ‎gentry (n.)‏
الجيومورفولوجيا ‎geomorphology (n.)‏ طبقة الاشراف
(دراصة تضاريس الارض ) أصلى . حفيقى ‎genuine (adj.)‏
الجيوفيزياء ‎BeOPhysics (n.)‏ | جنس.نوع. فصيلة ‎genus (n.)‏
علم طبيعة الأرض مختص بمركزية الأرض ‎geocentric (adi)‏
‎ol‏ أرضى (براعمه  ‎Ul | geOphyte(n)‏ التطيقية ‎geodesy (n.)‏
تتمو نحت سطح الارض ) العالم بالجغرافيا ‎geographer (n.)‏
سياسة حكومية مبنبة )1( ‎geopolitics‏ الجغرافى
على مدى تأثير العوامل علم الجغرافيا ‎geography (n.)‏
الطبيعية على ترزيع السكان جيولوجى . متعلق ‎geologic - al (adj.)‏
زراعى . مختص بالزراعة ‎geoponic (adj.)‏ بعلم طبقات الأارض
علم الزراعة )( ‎Beoponics‏ | الجيولرجى ‎geologist (n.)‏
قماش حريرى- ‎(n)‏ 860801 | جولرجيا ( علم ‎geology (n.)‏
الكريب جورجيت طبقات الأرض )
علم ‎geoscience (n.)  ضرألا iy‏ ضرب الرمل. فتح ‎geomancy (n.)‏
الانتحاء الأرفى ‎geotropism (n.)‏ البحت بالتخطيط
أبرة الراعى ‎geranium (n)‏ | مهندس (ماح) ‎geometer (n.)‏
نبات الحبيزة الأفرنجى هندسى ‎geometric - al (adj.)‏"	al-shamil-dictionary
242	"يتقدم . يتحسن ‎_along‏ | نبات من الفصيلة المركبة 0 ‎gerbera(n)‏
‏يحصل على ‎_a‏ (الجربارة)
ينصرف .يفلت ‎١ J | away‏ حيوان من ) ‎gerbil‏
‏يسترد. يصيد. يرجع ا فصيلة الفار) ‎gebille‏
‎A‏ يفحسن ‎١ better‏ طب الشبخوخة )( ‎geriatrics‏
‏يحفظ عن ظهر فلب ‎_byheart‏ | جرثومة. أصل . نطفة. ميكروب ‎gem(n)‏
‏يتملص . ينجو ‎clearof‏ | قريب ( من الدرجة  ‎german (adj.)‏
يدخل ‎—in‏ الاولى). شتيق
يهرب ‎German (nadj) . ju 0N | _off‏
يجادى. يساير ‎on with‏ — اللغة الالمانية - ألمانى . جرمانى
يستخرج . يذهب 0 _- | عشب. حشيشة الغبراء ‎germander (n.)‏
يتغلب على . يشفى من ‎_over‏ | ماسب تلائم ‎germane (adj.)‏
يتعد ‎ready‏ _ | الحصبة الالمانية  ‎gennan measles (n.)‏
يتخلص من ‎_ridof‏ | ميد ‎germicide ).( ol‏
يعبر يجتار ‎through‏ — | جرثوى ‎germinal (adj)‏
ينهض . يرتب © | ينبت . ‎germinate (v.) EA‏
يلحت . يدرك ‎—upto‏ انبات. تفريخ ‎germination (n.)‏
أمر تافه أو زهيد ‎gowgaw (n)‏ | اسم الفاعل ‎gerund (n.)‏
جهاز لغلى الماء ‎geyser (n.)‏ الجستابر . المخابرات ‎gestapo (n.)‏
فوارة ماء حار الألمانية . البوليس السرى الألمانى
اصفرار الوجه - 0 )( ‎ghasthiness‏ | تحمل ‎gestate (v.) Y‏
شحوب مدة الحمل ‎gestation (n.) G‏
أصفر الوجه ‏ شاحب ‎ghastly (adi)‏ | يومىء ‎gesticulate (v.)‏
سلسلة جبال. تهامة ‎gesture (nv.) .y i ١ ghaut(n)‏ |
خيار 15 صغير | ‎oghorkin(m)‏ | يدرك .يحصل على يطفرب.  ‎BOUV)‏
‏للتخليل يستلم ياخذ ِ
خيال. شبح . طبف ‎١ ghost(n‏ بتغلب على ‎__advantage of‏ |
‎s‏ سس"	al-shamil-dictionary
243	"زهر المتثور ‎gilly flower (n.)‏ | خالى . طيفى . كشبح اليت ‎ghostly (adj.)‏
مذهب. مطلى بالذهب  ‎ghoul (n.) J | giltladi)‏
‎gimlet (v.n.adj)‏ | الارد. العملاق ‏ عملاق ‎giant (nadj)‏
يثقب . مثقاب . بريمة ‏ ثاقب وند . قذة ‏ يملح السمك ‎gib(n.v.)‏
‏شريط حريرى. ‎Sl‏ (:8) 80010 | برطعة. تمتمه ‏ بيرطم . يتمتم ‎gibber (n.v)‏
‎gibbet (n.v.) G  ةقنشم ١ gin(nv.)‏
جن . محلج القطن. يحلج القطن الجبون ) من فصيلة القرود ) )1( 810008
زنجبيل - ينشط . ينعش  ‎oginger(nv)‏ | محذب. متررم ‎gibbous (adj.)‏
‎g | gingham(n.)‏ .هزه - يسخر ‎gibe (n.v.)‏
قماش من القطن والئيل مخطط الأعضاء الداخلية للدجاجة )( ‎giblets‏
‏مختص باللثة ‎gingival (adj.)‏ ) قوائص)
التهاب اللثة ‎gingivitis (n.)‏ | دوخة. دوار ‎giddiness (n.)‏
غجرى ‎gipsy (n.)‏ لباب بالدوار . ‎giddy (adj.) o‏
زرافة ‎giraffe (n)‏ | هبة. نعمة. عطية . ‎gift(n.v.)‏
‏ثريا . مثارةٌ ‎girandole (n.)‏ ينعم على. يهب
اتعنيف . تشديد . تهكم - 0 ‎gid(n)‏ | مرهوب.ذكى ‎gifted (adj.)‏
ينهكم. يسخر من قارب سباق .دوكار . عربة  ‎BB‏
‏. يحزم . يطوق يجرها حصان. حربة لصيد
يستعد للأمر - ‎loins‏ 186[ المك . يصطاد. ينخس
يشمر عن ساعده . ‎gigantic (adj.)‏
جر .عارضة ‎girder (n.)‏ | حرب العمالقة  ‎gigantomachy (n.)‏
حزام . إطار - يحزم ‎(nv.)‏ 8101 | يضحك - يقهقه - رم ‎giggle‏
‎s girl (n) ey‏ استهزاء
فئرة شباب البنات ‎١ girhood (n)‏ بطلى بالذهب ‎gild(v)‏
‏مرشدة. كشاقه ‎girl scout(n)‏ | يمطاد ‎g K‏ بم ‎gill‏
‏خلاصة. تحرى ‎gistin)‏ اخبشدوم. غبب الطير
يعطى .يمتح ‎give (v)‏"	al-shamil-dictionary
244	"_away ‏يهب‎ ١ glandular 4 il ‏شل‎ o
— back ‏يعيد . يرد. يرجم‎ | glandulous ‏كثير الغدد‎
__chaseto ‏يطارد. يلاحن‎ | glans (n.) ‏حشفة القضيب للذكر‎
—ground ‏بحب‎ | glare(ny)  قيدحت‎ . ‏رغللة . لمعان النور‎
‏بسب‎ , B8 ) ‏لامع . شهير . براق رزوم‎
_of Gl ‏بخرج.‎ | Blary
_onto S | 81833 )8(  جاجزلا ‏كوب . رجاج. مادة‎
_over ‏ياس‎ | glass - ware (n) ‏آنية رجاجية‎
—up ‏يقلم عن.يكف عن‎ | glasses(n) ‏نظارة‎
‎gizzard (n.) iy ‏قائصة.‎ | glassy(adi) ‏رجاجى‎
‎glabrous (adj.) ‏املس‎ | glaucoma (1) (e ‏جلوكوما (مرض‎
glace (adj.) ‏الماء الأررق (فى العين ). بارد. مثلج‎
glacier (n.) ‏مغطى بزغب . أخضر (/24) 8180005 | نهر متجمد‎
glad (adj.) ‏يلون البحر . أبيض مزرق مسرور‎
gladden (v.) ‏طلية رجاجية. يقطى 0 (8828)80 | يفرح‎
glade (n.) ‏بالزجاج . دهان الخزف - مر فى غابة‎
gladiator (n.)  فيسلاب ‏يصقل . يلمع . يركب الزجاج مصارع . مقاتل‎
gladiolus (1) ‏الجلاديولس.نبات من‎ | glazier(n)  جاجزلا ‏زجاجى . مركب‎
‏فصيلة السوسن‎ glazy (adj.) ‏كالزجاج‎
‎gladness (n.) ‏ومضة. لمعة. وميض - 0 (0.7) 81680 | انشراح. فرح. سرور‎
glair__,e(n) A ‏يبرق . يلمع . يومض زلال‎
‏ينين (ة) تلامتتفاع‎ oy ‏يدرك. يجمع الحب (0) 1680 | سحر . فتنة.‎
glance (n.v.) ‏نظرة. محة. ريض‎ | gleanings (n) ‏نضلات الحصاد‎
‏بريق - يلمح يغمز. ينظر‎ glebe (n.) . ‏الكنية‎ )
gland (n.) ‏تربة . أرض غدة . عقدة‎
glede (n.) ‏حدأة‎"	al-shamil-dictionary
245	"مكرر . مكبب - ‎glomerate (v.)‏ | انشراح . إنبساط . مرح . طرب  ‎glee(n)‏
‏يكرر . يكبب ‎gleed (n.) [y‏
تكوير . ‎glomeration (n.) K‏ طرب .مرح ‎gleeful (adj.)‏
‎gloom (mv)‏ | إفرازر مرض اليلان ‎gleet (n.)‏
‎S‏ دُجى .غم - يكتلب . يعتم ‎e sl‏ ل الس
ظلام. كدر ‎_,\,_.v._.l,'u gloominess (n.)‏ & (قبعة ‎glengarry (n.)‏
كنيب. قاتم. مظلم - ‎gloomy (adj.)‏ أسكتلندية مصنرعة من الصوف)
يمجد. يعظم . يجل ‎glib(adj.) gl ١ glorify (v.)‏
بهى . فاخر. جليل  ‎(adj)‏ 81086005 | بهولة . بطلاقة لان ‎glibly (adv)‏
مجد. بهاء. تشامخ )( ‎glory‏ | جريان. انزلاق. انياب ‎glide (mv.)  -‏
لمعان. بريق . تفسير . شرح . (070) 80055 يجرى. يزلق .ساب
تلميح - يعلى . يصقل . يفر طائرة شراعية ‎glider (n.)‏
قاموس إيضاحى ‎glossary (m.)‏ | نظرة خاطفة . ضوه. بصيص ‎glim‏
‏شلل ‎glossoplegia(n.) oL‏ | بصيص .ريض - ‎glimmer (n.v.)‏
موه لامع ‎glossy (adj.)‏ ايضىء بنور ضعيف. يلوح ‎٠‏
‏مزمارى ‎glottal (adj.)‏ يشقشق
فتحة ‎ol‏ المزمار ‎glottis (n)‏ | نظرة. رمضة ‏ يلمح ‎glimpse (n.v.)‏
قفار يكو بقفار ‎0l | glove (nv.)‏ بريق ‏ يلمع . ‎gliter (nv.) Y%‏
يتوهج . يتورد . ينقاء - وهج ‎glow (v.n.) ٠‏ | مالق . براق . متلالىء  ‎glittering (adj)‏
تورد. اتقاد الفسق ‎gloaming (n.)‏
مداهنة. تملق - يداهن.  ‎gloze(nv)‏ | تقرس - يحدق ببصرة 0 ‎gloat(nv)‏
‏يتملق يشمت به ‎gloat over (v.)‏
الجلوكوز. سكر العتب  ‎glucose (m)‏ | عالى. شامل .كررى ‎global (adj.)‏
سكرى ‎١ glucosic (adj.)‏ كررى ‎globate ,. (adj.)‏
صمغ . غراء عادة غروية. ‏ (0) عناع | الكرة الأرضية .كرة أرضية  ‎globe (n)‏
لذاق - يصمغ . يغرى سمك كررى ) ‎globefish (n‏
غراية ‎por‏ __ | فقاعة. بقلولة. كرة صغيرة (.8) ‎globule‏"	al-shamil-dictionary
246	"يذهب . بيلك . يرحل 0ع | لزج.غردى ‎gluey (adj.)‏
يتجول. يطوف ‎about‏ | تكد.عبوس ‎glum (n.)‏
افر للخارج ‎abroad‏ | وفرة. زيادة. بلعة. تخمة ‎glut(nv.)  -‏
‎__after %‏ يتخم . يلتهم . يُغْرق (الأسواق
ينطلق. يتقدم. يسير ‎_aheat‏ باللم)
ينفصل . نسحب ‎__aside‏ | خاص بالإلية ‎gluteal (adj.)‏
ينوه ‎_astray‏ | الجلوتين ( المادة الغروية  ‎gluen(n)‏
‏يكفل . يتكثل ‎bail for‏ _ المفذية فى الحبوب) . مادة غروية
‎s‏ يغضب كثيرا ‎glutinate (v.) GG | _mad‏
يموت . ينفجر ‎—of‏ | غروى. لزج ‎glutinative (v.)‏
يستمر ‎—on‏ | غردى. لزج ‎glutinous (adj.)‏
يجتاز . يقرأ ‎through‏ | النهم.الشره ».حيوان دبي (.8) ‎glutton‏
‏منخس . منيه. عضا مدبية - ‎o 8080 (m.V.)‏
ينخس. بحث انهم . شره. أكول ‎gluttonous (adj.)‏
هدف . أمنية . قصد ‎goal(n.)‏ | جلرين ‎glycerin __,e (n.)‏
حارس المرمى ‎goal keeper (n.)‏ | البول السكرى ‎glycosuria (n.)‏
عنزة. ماعزة ‎goat (n.)‏ النقش آر الحفر على الحجارة ‎glyptics (n.)‏
‎i‏ صغيرة فى أسفل الذقن )1( ‎goatee‏ الكريمة. النقش على الجواهر
راعى الماعز ‎goatherd (n.)‏ | بز لفى الخشب) - يلوى. يشو ‎gnarl (nv.)‏
شهوانى . كالماعز ‎goatish (adj)‏ | صرير الأسنان ‏ يصر ‎gnash (n.v.)‏
مثل التيس على أسنانه. يقرص
يحمجم .يلتهم ‎gobble(v) iy‏ | بعوضه. برغشة ‎gnat(n.)‏
‏يكركر (الديك الرومى) يقضم . يفرض . يبرى ‎gnaw (v.)‏
وساطة . واسطة . (.8) 880880 - 80 | عفريت المناجم ‎(n.)‏ 006
وسيط . السمسار العلم الروحانى ‎gnosis (n.)‏
| كاأس قدح )( ‎goblet‏ | التبتل (حبوان أفريقى مس ‎gnu (n.)‏
- عفريت . غول ‎goblin (n.)‏ فصيلة البقر الرحشى )"	al-shamil-dictionary
247	"نظارات لوفاية النظر من )1( ‎gogEles‏ | القوبيون (سمك) ‎goby (n.)‏
الشمس والغبار مشاية للأطفال .عربة خفيفة ‎gocant (n.)‏
لة. جرة صغيرة ‎goglet (n.)‏ مكشرنه
مير . ذهاب ‏ ذاهب. ‎١ going (nad)‏ الله ‎God (n.)‏
سائر اللهم !,__ ‎Grear‏ 0
تضخم ‎goiter (00( s‏ | معاذ الله. لاسمح الله 0 /_
‎goitre‏ | إن شاء الله ‎Gramt‏ _
ذهب . لون ذهبى . مال . ثروة ‏ (.8) 8010 ‎__Bless yau!‏
أصفر كالذهب . ذهبى  ‎(adi)‏ 801068 | برحمكم الله التشميت ‎AW‏
‏القاعدة الذهبية ( عامل ‎The _rule‏ | إن شاء الله ‎Willing‏ _
الناس كما نحب أن يعاملرك به) معبود. إله.رب ‎God (n.)‏
الحسون ) عصفور ‎goldfinch(n)  )‏ | جميلة. ممشوقه ‎goddess (n.)‏
سمك مرجان ‎goldfish (n.)‏ | عراب اشين ‎godfather (n.)‏
صائغ ‎goldsmith (n.)‏ الوهية.ريوية ‎godhead V)‏
لعبة الجولف ‎godhood golf (n.)‏
جالوت ‎Goliath (n)‏ | عرابة. اشينة ‎godmother (n.)‏
غدة تناسلية ‎gonad(n)‏ | مدفن. ساحة الكنيسة. ‎god'sacre (n.)‏
زورق ‎gondolan) G,y o‏ قرافة
مستطيل وضيق بستخدم عطاء . هبة. مصادفة سعيدة )1( ‎godsend‏
‏للنزهة. شاحنة لنقل تونيق . نجاح . رحلة موفقة )1( ‎godspeed‏
‏الأسمنت . عربة سكة حديد السائر . الذاهب. الكثير ‎goer (n.)‏
‎g‏ البضائع الذهاب إلى
‎ey | BONC (ad))‏ تجعيده ‎goffer (v.n.)‏
مضى . زائل . ميت . مفلس . مرهق ياجوج ‎Gog (n.)‏
جرس فرص نحاسى ‎Bone(n)‏ | باحوج وماجوج ‎__and Magog‏
مرض السيلان ‎BOMOTTRER (n)‏ | يحملق ‏ حافظة ‎goggle (v.adj.)‏
الفول السودانى 80001 | جاحظ العينين  ‎goggleeyed (adj)‏"	al-shamil-dictionary
248	"أورى.أبله. أحمق )@( ‎good (adj.n.adv.) goosey‏
العوبص . المعقد . العضل . ‎gordian (n)‏ | حسن . جيد. صحيح.
حلق . حلقرم. كثلة تسد (87)ع6م0ع | جذاب. لذي بارع .صالح -

مجرى .مر ضيق .بين جبلين - فائدة. مفيد. نافع -

ياكل بنهم. يلم المحسنون ‎the doersof ٠‏
زاه. بهى . فائق الجمال (.(24) ‎gorgeous‏ لله درء .يا للعجب ! ‎heavens‏ __
‎o‏ ديع لرقاية الصدر  ‎gorget(n)‏ | يا سلام.عجب ! ! ‎gracious‏ —

والعنق. طوق زينى للمنق خلو رجل ( عن مكان للإيجار ).!100..
امرأة بشعة جدا ‎gorgon (n.)‏ معروف
الغوريلا. قرد أفريقى 0 ‎gorilla(n)‏ | كمثل. كانه ‎as__as‏
‏يأكل بنهم ‏ يلتهم  ‎Jor _, G- Gl | gormandize (v)‏
شجرة شائكة (كثيرة الشرك) ‎good - bye (interg.) gorse (n.)‏
‎gory ad)) .l . 2‏ | استودعكم الله..مع السلامة
البار (اصقر يصاد 4( )1( ‎Good - Friday (n.) goshawk‏
أوزة صغيرة ‎pogling (n.)‏ | الجمعة الحزينة (عند المسبحين )
‎g‏ بشرى . بشاره () ‎gospel‏ | بشرش ‎humoured‏ ادمع
‎(n.) SV‏ عط , ‎Gospel‏ | مناسب.عظيم. لطيف. ‎goodly (adj)‏
لشو . القيل والقال . ‎gossip (nadi)‏ رسيم

فضولى . الإنجيل إحسان. طيية . صلاح . الخبر ‎(n.)‏ 80000655
حصل على ‎past of get‏ ادع | دث الحلق  ‎good tempered (adj.)‏
البربرى . الهمجى ‎Goth(n)‏ | ربة البيت ‎good wife (n.)‏
بربرى . همجى ‎Gothic (adj.)‏ | بضائم. سلم ‎goods (n.)‏
أزميل مقعر. مقورة ‎gouge (n.v.)‏ | شخص سليم القلب والنية ‎goody (adj.)‏

الضفرة - يظفر. يبتز ‎YU‏ يقلع أوزة. وزة ‎goose (n.)‏

العين بالاصيع كزيرة أفرنحية. عنب الديب (.5) ‎gooseberty‏
‏قرعة . قلة ماء ‎gourd (n.)‏ | الفشعريره. انكماش الجلد ‎gooseflesh‏
‏النقرس . داء اللفاصل . لطخة دم (.8) 8001 من البرد أو الخوف"	al-shamil-dictionary
249	"عن طيب خاطر ,. ‎١ withagood‏ مصاب بالنفرس ‎gouty (adj.)‏
السنة اليلادية _ ‎vearsof‏ | يتحكم. يلط على . يقبط ‎(v.)‏ 80160
ظريف . لطيف الشمائل ‎graceful (adi)‏ | قيادة. إدارة. ضبط ‎governance‏
‏فاسد.عديم الكياسة ‎graceless (adj)‏ | زرجة الحاكم . مربية أولاد ‎(n.)‏ 807600855
أر الرشاقة. شرير حكومة. حكم ‎govemment (n.)‏
‎o5‏ جواد . رحوم.  ‎gracious (adj.)‏ إدارة . دولة
رذورف . ربانى حكومى . إدارى ‎governmental (adj.)‏
‎most Gracious (n.)‏ 116 حاكم . وال . اداة ملحقة ‏ (.80760002)7
الرحمن « من أسماء الله الحستى + بآلة للتحكم فيها
مرحلة . مرتبة . درجة. درجت ا.8) 88208 | ديران المحافظة . المحافظة ‎(n)‏ 801760003316
تحدر الطريق - يدرج. يُرقى . ‎i,‏ الحاكم أن ‎govemorship (n.)‏
يصنف. يتدرج. يحتل درجة أر المحافظ أر الوالى
منزلة معينه. يمهد طريقًا جبة . قفطان . عباءة . الرداء )1( 8088
الممهّدة (آكة لتمهيد التربة). ‎grader (n.)‏ الجاممى أو المهنى
المصنف. المدرج ملكى (غير عسكرى ). )( ‎gownsman‏
‏درجة الميل أو التحدر.  ‎Bradient(n)‏ | من يرتدى زيًا يشير إلى مهنته
نسبة التغير فى درجة الحرارة ‎Gl‏ أداة لرقع الأحمال - ‎grab (n.v.)‏
تدريجى . كتاب الترائيم ‎gradual (adjn.)‏ يخطف
‎ity | gradually (adv.) [‏ على ‎grabble (v.)‏
‎graduate (n.adj.v.)‏ بطنه . ‎ey‏ بتلمس
خريج جامعة أو كلية ‏ انبوبة أر فضل . ماح . نعمة . إحسان . ‎8race (1v.)‏
مخبار . مدرج . حامل شهادة رشاقة معروف. جمال.
جامعية . ذو علاقة بالدرامات كياسة . حسن - بزين . بشرف
العليا . مقسم إلى درجات بفضل الله ورحمثة ‏ ,_ ‎byAllah's‏
‏(مدرج) - يدرج . يقسم إلى بنعمة الله 4 ___ ‎bythe‏
‏درجات . يمنح طالب شهادة ‎Al‏ المهلة القانونية .__ ‎daysof‏
‏جامعية . بتخرج من جامعة ‎Gy‏ شجاعتة ‎take heartof ١‏"	al-shamil-dictionary
250	"حفيدة ‎granddaughter (n.)‏ | تدرج . درجة. حفلة )1( ‎graduation‏
‏عظمة. أبهه ‎grandeur (i)‏ تخرج فى جامعة . تخريج
جد ‎grandfather (n.)‏ | تطعيم البنات. عم يعظم ‎graft (nv.)‏
جدةٌ ‎grandmother (n.)‏ البنات. يثز مال
سلف . جد ‎grandsire (n.)‏ | قمح . بذره. منبت. أصل.  ‎grain(nv.)‏
‏ابن الإبن أو الإبنة . حفيد ‎grandson (n.)‏ الياف النبات ‏ مقدار ضئيل +
مدرج النادى او ‎grandstand (n.)‏ ينزع الشعر. يعرف الرسم.
الاستاد. مدرج مسقرف يتحبب. بيحببا
مقر الجمعية الزراعية . مبانى (-8) ‎grange‏ | معرف. مجزع.بلون 0 ‎grained (adj.)‏
الزراعة. دور الخشب. محبب . ‎OB‏
‏عضنو جمعية زراعية ‎granger (n.)‏ حبوب ‎grains (n.)‏
حجر صوان. حجر الجرانيت )( 888016 | جام ) وحدة الا ل
آكل حبوب ‎gramme granivorous (adj.)‏
جد امرأة عجوز ‎granny (adj)‏ | % .على ‎gramineous (adi)‏
يفرض . يجيز. يهب . يخوله (.0) 87081 | علم النحو والصرف . (-8) 80800085 |
| (حنًا). يرخص.يلم ب قواعد علم ما. قواعدة اللغة !
هبة . منحة . إجازة. ترخيص . النحوى. العالم بالنحو (.7) ‎grammarian‏
‏تحويل مليكة لشخص ما والصرف. معلم قواعد ‎Wl‏
‏ملم ية. مخول له ‎pranted(adi)‏ | لقون. تحرى.  ‎grammatical (adj.)‏ ,
على فرض .لاب لتواعد اللغة ا
‎Ny‏ يفرضر . يفترض _ ‎take for‏ | فونرغراف . ‎gramophone (n) S‏
الموهوب له ‎graniee (n)‏ | شونة .مخرن حبوب ‎granary (n.)‏ ’
‎grant--in--aid (n) o |‏ | إجدلى . كبير . عظيم . ‎grand (adj.)‏
الوا 10 ‎granter‏ جليل . رائم . حاسم
‎&S | granor 2‏ علماء المسلمين ‎Grand Ulema‏
حال مسب ‎ogaanulac. _yd))‏ | جدة امرأة عجوز ‎grandma (n.)‏
رمد ‎e‏ | حفيد . حفيدة () ‎grandchild‏"	al-shamil-dictionary
251	"ذر مذاق علبى وخمرى ‎BTApY (adf.)  .‏ | يخشن . بيحبب ‎granulate (v.)‏
عبى . حب صغيرة. هام ‎granule (n.)‏

مسكة. ‎i‏ - إدراك. فهم - ]0( 8850 | ‎granulous (adj.) e‏
يمك . يقبض على . يلب . حبة عنب . قنبلة عنفودية 0 ‎grape(n)‏
‏يفهم . يدرك . يعائق عب . ‎grapes‏

bunch of _ ‏عتقردعتب‎ | rASHIng (ad)  عامط. ‏جع ييل‎

عشب , رعى - يرعى الماشيه . ‎grapefruit (n.) 87355 (nv.)‏
يربع عشبا الجريب فروت . اليمون الهتدى

زرجة منفصلة عن زوجها . ‎_widow‏ | قنبلة عنقودية ‎grapeshot (n.)‏
أمرأة روجها غائب عنها ‎Gy‏ بذرة العنب ‎grapestone (n.)‏
الطلقة رسم بيانى ‏ يمثل ‎graph (n.v.)‏

المطلق . المغيب ‎widower‏ — برسم بيانى

مغطى بالعشب (001) 810180 _ ‎grass‏ | مقن . واضح . دقيق - ‎graphic, _al‏

نواع من الجراد ‎grasshopper (n.)‏ | خاص بالنقش على الحجر أو
دب المعدن أو الخشب

مغطى بالعشب. ‎١ grassy (adj.)‏ الفنرن التخطيطية ‎graphic arts (n.)‏
كثير العشب بجلاء. بدتة. برضرع ‎graphically (adv.)‏

كانون. موقد. شباك ‎grate (nv.)‏ | الجرافيت (.م) ‎graphite‏
‏حديدى - يشر. يحك . فن دراسة الخط لمعرفة ‎graphology (n.)‏

سن . متشكر .مرضي . ‎grateiul (adi)‏ | كة لقياس الزوايا )1( 800008187
شاكر الجميل 4 لنقل الصوت ‏ (8) ‎graphophone‏

مبشرة. إداة للبشر والحك  ‎ograter(n)‏ | مرساة. هلب . خطاف ‎grapnel (n.)‏

هناء مكافاة. إشباع ‎١ gratification (n.)‏ الجرابا (شراب إيطالى سكر) ‎grappa (n.)‏

grapple (nv)  فاطخ ‏مصارعة. قبضة.‎ | gratify () gy , ‏يشيع‎ i
‏يرايهج - يصارع . يتشبث . يتمسك ب‎

شالك حديد. حاجز حديدى ‎T Y‏ مرساة ‎grappling (n.)‏"	al-shamil-dictionary
252	"شيخ . رجل عجوز  ‎graybeard (m)‏ | مجانًا ‎gratis (adv.)‏
كلب البحر (سمك)  ‎grayfish(n.)‏ عرفان الجميل . امتنان.  ‎gratitude (n.)‏
كلب سلرقى (للصيد) )( ‎grayhound‏ شكر. عرفان
ضارب إلى الرمادى  ‎grayish(adi)‏ | شكر لله ‎out of --- to God‏
سمك نهرى ‎grayling‏ | مجاتى .بلا ميرر  ‎grawitous (adj.)‏
يجلط . يكشط ‎graze (v.n.) et‏ هبة . عطية . انعام . مكافأة  ‎gratuity (n.)‏

يرعى الماشيه - رعى . كشط تحية . ‎e‏ تهنثية ‎gratulation (n.)‏
راعى الماشية ‎grazier (n.)‏ أساس الشكوى ومذارها ‎gravamen (n.)‏
مرعى ‎(n.)‏ 082008 | يحفر . ينقش . يفرس  ‎grave (vading‏
دهن . شحم - يزيت . يشحم ‎(n.v.)‏ 876856 فكرة ‏ قاتم . مميت . خطير . هام - قبر
تشحيم , تزيت ‎greasing (n.)‏ | كفن ‎graveclothes (n.)‏
‎o~‏ (.زفه) ‎greasy‏ | حصاة. حصوات كلوية  ‎gravel (n.v.)‏

‎great (adj.adv.)‏ | مثانة - يربك . يلير . يفرش

‏متسع. حل .حامل ‏ بنجاح إرميل ‎graver (n.)‏
كركبة الدب الإكبر ‎Great-Bear(n)‏ | شاهد القبر ‎gravestone (n.)‏
بريطانيا العظمى ‎Great-Britain(n.)‏ | مقبرة. جبائة , قرافة ‎graveyard (n.)‏
ابن الحفيد  ‎great - grandehild (n.)‏ بادلة معناها : ثقيل ‎gravi‏
‏بوسع . يكبر ‎greaten (v.)‏ حامل . حبلى ‎gravid (adj.)‏
عبد الاضحى ‎GreaterBairam (n)‏ | ينجذب.يجذب ‎gravitate (v.)‏
ارقعة . عظمة . سمو (.8) 86815655 المركز الارض)
مع الأرجل ‎greaves (n.)‏ الجاذبية الارية.انجذاب  ‎gravitation (n.)‏
الخطاس (طائر مائى ) ‎grebe (n.)‏ ثقل . أهمية . جاذبية الثقل . ‎gravity (n.)‏
اغريقى . يونائى ‎Grecian (adj.)‏ هيبية. ‎Sy‏
‏بلاد اليونان ‎Greece (n.)‏ صلصلة. مرق ‎gravy (n.)‏
طمع . شاهة .نهم ‎greed (n.)‏ رمادى. أشيب . كيب ‎gray (adjn)  -‏

‏اللون الرمادى"	al-shamil-dictionary
253	"رامى القنابل ‎grenadier (n.)‏ | يطمع. ‎greedily (adv.) o+t‏
‎growpastofgow () Ut‏ | طمع . شراهة. جنع ‎greediness (n)‏
رمادى . أشيب - ‎grey (adin)‏ | طماع. شره. جشع ‎greedy (adj.)‏
اللون الرمادى اللغة اليونانيه . اليونائى - ‎Greek (n.adj.)‏
السلوقى ‎١‏ من كلاب اليد ‎greyhound (n.)t‏ يونانى . اغريقى
لوح المركم ( فى البطارية ). ‎grid(n)‏ | أخضر. خضرة. ساذج.  ‎(adjn)‏ 87560
قطب كهربالى بسيط ‏ اللون الأخضر
صاج الكمك ‎griddle (n.)‏ | عمله ورقيه ‎greenbacks (n.) (LK)‏
مشواة ‎green - eyed (adj.) sy | gridicon (n.)‏
غم . حزن. كرب ‎grief (n.)‏ | البرقوق الاعضر ‎greengage (n.)‏
غم . ضيق. ظلم. ‎١ grievance (n.)‏ الخضرى.بائع الخضر ‎greengrocer (n.)‏
شكوى. مظلمة والفاكهة
يحزن. يكدر ‎grieve (v.)‏ | عديم الخبرة ‎greenhomn (n.)‏
محزن. مفجع ‎grievous (adj.)‏ | الصوبة الرجاجية ‎greenhouse (n.)‏
لعتقاء. يوان عرانى زيم 8058 | الزاعة الباات)
‎griffon‏ | اتفاح الأخضر ‎greening (n.)‏
يحتال. يكسب الاء بالغش - ‎grift(vn)‏ | مخضر. ارب ‎greenish (adj.)‏
الإحتيال إلى الحضرة
مشراة. لحم مشرى ‏ بشوى (..8) 8:0 | اخضرار. سذاجة. نشاط ‎greenness (n.)‏
الشبكية (مراد لتأسيس | ‎grillage (n)‏ | غرفة استراحة الممثلين ‎greenroom (n.)‏
بناء فى أرض رخوة ) يحبى . يرحب ب ‎greet (v.)‏
عابس . شرس ‎grim (adj)‏ | تحية. ترحيب ‎greeting (n.)‏
أقذر. وسخ - بوسخ ‎grime (mv.)‏ | اللام . التحية ‎greetings (n.)‏
يكشر - تكشير ‎grin(vn)‏ | بن السلام ,__ ‎return the‏ 10
يطحن. يجرش . بصر ‎(v.n)‏ 80008 | تطيعى . سربى . اجتماعى ‎gregarious (adj.)‏
باسنانه. يكدح . يدرس باجهاد. يضطهد - قنبلة يدوية ‎grenade (n.)‏
طحن. جرس .كدح"	al-shamil-dictionary
254	"بخشونة , بإفراط . بسماحة (.801) ‎grossly‏ | حجر الجلخ ار ‎grindstone (n) o‏
خشوئة . حسامة . ضخامة )( 880580855 | مسكه ‏ يتحو على ‎ .‏ )وضع
غريب الشكل. ‎grotesque {adj.)‏ يقبض على

مفضحك. ‎e‏ خبالى انفلونزا .ركام ‎grippe (n.)‏
كهف . مغارة . جبلاية ‎grotto(n.)‏ | . هائل ‎grisly (adj.)‏

(فى حديقة ) طحين .ربح ‎grist (n.)‏
أرض . قاع . الارض - يرنطم ‎ground nv.)‏ | غضروف ‎gristle (n.)‏

gristmill (n.) ‏يقع على الارض مطحتة . طاحرنة‎ s N
‏زمل.حصى.يُرغل .جريش 0 تع‎ | goumd(n) 00 ‏مبور .سيب حجة‎
grizzle (nv.) 0 - ‏اللون الرمادى. شيب‎ | withourany ٠. ‏يدون مبرر‎
‏يشبب. يجعله ضاربًا إلى الرمادى‎ | floor  ىضرالا ‏يعتمد . الطابق‎
groan (n.v.) ‏يتاره. يئن  انين‎ | above ‏حى يررفق‎

grocer (n.) ‏بقال‎ | ground past part ‏أه‎

مطحون. مسحوق بقالة ‎grocery (n.)‏
راسخ . مؤسس . مبنى ‎grounded (adi)‏ | شراب مسكر, مخمر ‎grog(n) gy‏
اقول سودائى ‎groundnut(n.)‏ | خمارة. حائة ‎groggery (n.)‏
ثبات مداد ‎ground - ivy (n.)‏ | أعلى الفخذ. ملتقى عقدين ‎groin (n.v.)‏
اجماعة . جمهور. حزمة. (..8) 8:00 متقاطعين ‏ يزود بحنابا

صر - يكوم. يتجمع سايس (الخيل). عريس . ‎(nv.)‏ (008:ع”
شكرى. الطيهوج ‎grouse (n.v.) bt‏ يوس الخيل. يصقل

من فصيلة الدجاج ؟ ‏ يشكوى كمكمة الزفاف ‎groom's cake n.)‏
جريش . فريك . ثفل ‎grout(n)‏ | الاشين ‎groomsman (n.)‏
حرش . غابة ‎grove‏ | اخدرد. حر يخطط . )( 860076
يدب يحيو يتيطح على () !8078 | ‎(St‏ بجسس.يتلمس ‎(V) o‏ 8006

الأرض غلبظ . سمين. بدائى . ) ‎gross (adjn‏
‎ey‏ يكبر. ينجح . ‎BOW (V) S‏ فظ . رخيص - المجمرع

يدغ يرن الإجمالى - يربح"	al-shamil-dictionary
255	"growl(vn) ‏ع لي ب‎ | the Etemal guardian
‏القيوم لمن أسماء الله الحسنى» تذمر. هدير‎
growth (n.) ‏_نمر . تقدم. ازدياد‎ | guardianship (n )il . ‏وصاية‎ il
grub (v.n.) ‏يستاأصل ينبش . يكدح‎ | guava(n) ) ‏جوافة ( فاكهة‎
‏ينقب عن - دودة‎ guerdon (n.v.) - ‏جزاء . مكافأة . تعويض‎
‏صغيرة. الكادح‎ S
grubber (n.) ‏حرب العصابات (.8) 808118 | عزاق. حفار‎ iyt
grude (mv.) 0 ‏ضغينة. حقد  بحقد.‎ | guess(vn.) ‏يخمن - تخمين‎
‏يحد‎ guest (n.) ‏ضيف . نزيل‎
10 have - against somebody guidance (1) ‏هدى . هداية . إرشاد . توجيه‎
‏يحقد على شخص ما‎ | divine __, ‏الهداية الإلهية‎
gruel (nv.)  .بقاعب‎  باقع‎ . ‏قصاص‎ | guide(v.) ‏يهدى. يرشد  دلبل .مرشد‎
‏ينهك‎ guided (adj.) ‏مهتد‎
‎gruff ‏فظ جزاه)‎ | therighly __, ‏المهتدون‎
‎gruffly (adv.) ‏بنطاظة . بخشوئة‎ | the rightly ___ Caliphs
grumble (vr)  رمذت‎ - ‏الخلفاء الراشدون يتضجر . يتذمر‎
grumbling (n.) ‏تضجر . تذمر‎ | 801080 missile  ةيخوراصلا ‏القذيفة‎
‎80001 (1Y) ‏الموجهة لاسلكى صوت الحنزير  يقيع الخنزير‎
guarantee (n.v.) _ ‏ضمان . كفالة. كفيل‎ | 801000 (n.) ‏راية صغيرة لتميز‎
guaranteed (adi)  لوقكت ‏طائف. جمعية .مجمع 0 (8000)8 | مضمون.‎
guarantor (n.) ‏الضمان . الكفيل‎ guilder 0) ‏عملة هولندية‎
guaranty (n.) ‏ضمانة. كفالة‎ | gilder
guard (nv.) Gl ‏حراسة .حارس‎ | guile(n) ‏على غدر‎
‏حماية - يحرس يصون‎ guileful ‏غدذار بكار نحتال  (برفه)‎
| ‏رصى .قيم. ولى أي 00 (00 7 منج‎ | ullelesstadi) ‏صادق. سادج صريح‎
706 0/00 00008 0 ‏كاقل الينيم‎"	al-shamil-dictionary
256	"guillotine (n.v.) ‏عا | آلة قطع الورق‎ Skl
‏مقصلة - يقطع الرأس باللقصلة‎ gumbo (n.) ‏بامية‎
‎guilt, _ness(n) ‏اثم . جرم. معصية‎ | gumboil (n.) ‏خراج فى اللثة‎
guilty (adj.) I3 ,,..:g.‘n"" ‏رزيم | كمسج‎ s
guinea (n.) ‏جنة انجليزى‎ | gummy
guinea fowl ‏دجاج حبشى (م)‎ | gumption(n) 0 ‏حذق . ذكاء. مهارة‎
guinea pig (n.) ‏خنزيرا غينيا.‎ | gumshoe (n) ‏شرطى سرىء‎
‏شرطى مباحث الخنزير الهندى (حيران قارض‎
) ‏يشبه الارنب‎ gun (n.v.) - ‏بندقية . مدفع . بارودة‎
guise (n) k. i . ‏يصيد ببندقية شكل . سلوب‎
guitar (n) ‏جيتار. قيثارة (آلة مرسيقية)‎ | gunbamel(n) . ‏يطل النار/ ماسور.‎
gulch (n.) ‏البندقية أو المدفع رادى عميق ضيق‎
Bulf (nv) ‏خليج . درامة. ممر ضيق بين‎ | gunboat(n)  ةيبرح ‏مدفعية . سفيئة‎
‏يغمر‎  نيلبج‎ gun dog (n.) ‏كلب صيد‎
great ‏م‎ gun lock (n.) ‏تنك البندقية . رناد البندقية‎
G ‏الصائد ببندقية . غارب المدقه[.») :20008 | خلاف مستحكم. هوة كبيرة‎
gulfweed (n.) ‏طحلب بحرى‎ | gunnery (n) ‏علم المدفعية‎
gull (nv) ‏دجاج لماء.حيلة. مكيدة.جامل.‎ | gunpowder (n.) ‏بارود‎
‏النورس - يحتال على . يخدع‎ gunshot (n.) . ‏مدى البندقية أو المدفع‎
gullet (n.) ‏طلق نارى بلعوم. حلق‎
gullible (adj.)  عادخنإلا ‏ساذج. سهل‎ | gunsmith (n.) ‏صانم الاسلحة‎
gully (n.) ‏أخدود.اثر المياة الجارية بعد‎ | gunstock (n.) ‏دبشك البندقية‎
‏البندقية) امطر . خندق. جرف‎ )
gulp (vn) - ‏يتجرع . يخمد . يزدرد‎ | gunwale (n) ‏حافة الفينة‎
ol gurgle (nv.) 0 - ‏غرغرة . فرقرة. بقبقة‎
80000 )8.( ‏يغرغر . ييقبق لئة الأسنان .صم - يصمغ.‎
‏يلزق. يغرر. أسنان المنشار. مضع‎ gurglet (n.) ‏قلة الماء . وعاء ماء‎"	al-shamil-dictionary
257	"مسخرة. اضحوكة . حبل ‎guy (mv.)‏ | خرير الماء .بقبقة الماء ‎gurgling (n.)‏
‎AL‏ ليت - بثبت ‎٠‏ يسخر من أو غرغرته
يفرط فنْ الشرب ‎(v.)‏ 802216 | يتفجر .يتدفق  ‎gush (vn.) P‏
احتفال رياضى )( ‎١ gymkhana‏ تدفق بغزارة ‎gushing (n.)‏
‎T‏ معناها مجرد. ‎gymn b‏ | .قياض الشعور. ‎gushy (adj.)‏
‎gymno ‘‏ متدفق العاطفة
صالة الالعاب الريافسية )( ‎gymnasium‏ | بطانة (الثوب). وصلة ‎gusset (n.)‏
الاخصائى بالرياضة  ‎gymnast(n)‏ قماش لتوسيع الثوب
الجمبازية عصفة . هية ربح . نفخة (.م) ‎gust‏
‏رياضة بدنية . العاب ‎gymnastics‏ | الذوق. حاسة الذوق ‎gustation (n.)‏
رياضية. جمباز متعلق ‎L‏ | #التقاقاع
العارى البذور  ‎gustatorial Py gymnospermous (n.)‏
(خالى من البذور) ذرقى ‎gustatory (adj.)‏
بادثة معناها :مبيض .امرأة ) 8 | ابتهاج. حيوية. لذق ‎gusto (n.)‏
‎gyno‏ | راعد.عاصف ‎gusty (adj.)‏
احكومة ‎gynarchy (m) Ly‏ | احشاء . بطن . معى . عمر ‎BU(MY.) .G‏
(تنحكمها امرأة) اشرنقة. حرير. ونز -
بادثة معناها : مبيفض . امرأة ‎gyne‏ يقر يجوف . بخرج الأحشاء
مختص بلمرأة. نسوى ‎gynecic (adi)‏ | جبان. مخلوع القزاد.  ‎(adj)‏ 8000865
سيادة النساء فى 0 ‎gynecocracy (n.)‏ عديم الحيوية
السياسة. حكم ‎S‏ مزراب . مجرى ماء. ‎gutter (n.v.)‏
طبيب أمراض النساء )1( ‎gynecologist‏ بالوعة - يجوف . يقعر. يزود
علم أمراص ‎gynecology (n.) WL‏ عزراب. ييذيب
جس.جس ‎(n)‏ ص توووع | . مختص بالحلقى. ‎guttural (adj.)‏
‎o‏ ا لخ ار
‎gutturalize (v.) G- 24 ١ Gipsy‏
يحوم . يدور .يبرم ‎gyrate (v.)‏"	al-shamil-dictionary
258	"نوت 256 ل
الجيروسكوب ‎gyroscope (n.)‏ | دورة. حركة دائرية . درران ‎gyre (n.)‏
( أداة لتحديد وحفظ الترارن ) البرصلة الدوارة ‎gyrocompass (n.)‏
معتوه. مجنون ‎gyte (adj.)‏ | مقياس لسرعة الدوران ‎gyrometer (n.)‏
يقيد . يكبل - قيد . رثاق  ‎gyve(vn)‏"	al-shamil-dictionary
259	"—-
‎am |‏
‎JH|‏
‏شعر عنق. مشط القنب ‎(nv)‏ 080 | الحرف الثامن من حروف الهجاء ‎Hoh‏
‏أو الكتان. ريش عن الديك - الإنجليزية
بمشط القنب أو الكتان. يمزق صبحة تعجب ‎interj.)‏ !قط
اسائق سيارة أجرة أو دابة (.88) 1100100130 | أمر بالمثول أمام 0 (.8) ‎habeas corpus‏
عاهرة . متذل . يحذل. ‎hackney fadj. v.)‏ الحكمة
يكثر استخدامه - عربة أجرة محل لبيع الخردوات . )1( ‎haberdashery‏
‏منشار حدادى ‎hack-saw (n.)‏ أشياء زهيدة
كان عندء ‎had past of have (v.)‏ بارع ماهر ‎habile (adj.)‏
سمك بحرى من جنس  ‎haddock (n)‏ | كاء. ثوب . رداء ‎habiliment (n.)‏
الرنكة عادة. طبع . سلوك. ثوب. ‏ )1( ‎babit‏
‏حديث ‎hadith (n.)‏ لباس - يكسر . يبس
كب الحديث ,_ ‎Collectionsof‏ | يكن .مالع للسكن ‎habitable (adj)‏
بركة .مستنقع ‎haff(n)‏ | ساكن. مقيم ‎habitant (n.)‏
متبض .يد. نصاب )ةط | مارى. سكن ‎habitation (n.)‏
يصنع ‎A‏ معتاد. مالرف ‎habitual (adj.)‏
شمطاء . امرأة عجرز. ساحرة. (.08 0[ | يعود. يدرب يروص 0 ‎habituate (v.)‏
عرافة . ‎L‏ تعيد . تدرب ترويض )1( ‎habituation‏
‏سمك مفترس ‎hagish(n)‏ | عادة. تعد ‎habitude (n.)‏
منهك . بشع . شاحب ‎iy | 0888808 (adin)‏ ضيعة. مزرعة 00 ‎hacienda (n)‏ ,
| اللود. صقر شرس فأس . حصان البحر ‎hack (n.v.)‏
بشع ‎;s‏ الشمطاء ‎(adi)‏ 888150 سيارة أخرة. سعال متقطع -
يساوم يشارط . ساون ‎haggle (vn)‏ يقود. يقطع يعزق |
الجزء الثالث من التوراة ).12( ‎Hagiographa‏ الأرض . يقرم. سعال |"	al-shamil-dictionary
260	"فن صيد المك ‎halieutics (n.)‏ | سير القديين ‎hagiography (n.)‏
رائحة النفس الكريهة  ‎halitosis(n)‏ | نداء. تحية. سلام - يرد.  ‎hail (1v.)‏
ردهة . صالة . قاعة . بهو ‎halt (n.)‏ يحبى . يسلم. تمطر برد
يبارك . يقدس ‎hallow (v.)‏ | حياك الله. السلام عليك ‎hail (interj.)‏
عيد جميع القديسين )1( ‎Hallow mass‏ | صاحب.نديم ‎hail-fellow (adj.)‏
يهلوس . يُهذى ‎hallucinate (v.)‏ | حبة برد ‎hailstone (n.)‏
إيهام القدم ‎hallux (n)‏ | عاصفة البرد ‎hailstorm (n.)‏
هالة . هالة القداسة. ‎halo(nv.)‏ | شعر.وبر ‎hair (n.)‏
دارة القمر. طفاوة الشمس - أرعن . خفيف العقل ‎hairbrained (adj.)‏
يكون هالة امرعب. مثير (ز4ه) ‎hair-raising‏
‏نبات ينمو فى تربة ملحية )1( ‎halophyte‏ | كثير الشعر رزفه) ‎hairy‏
‏موقف . محطة. توقف ‎halt(nv)‏ | مسرور. مطمئن.  ‎haleyon (adj.n.)‏
- يتوقف. يعرج . يتلعشم هادئ - طائر ماتى
مقود. حبل المشنقة . ‎(n.v.)‏ :الفط | أيام الهناء والسرور ‎___days‏
‏المتردد - يعوق. يشت . يكبل يجر . يسوق. بسحب ‎hale (Vadi)‏
يشطر. ينصف ‎halve (v.)‏ معافى. سليم
حبل لرفع العلم أو الشراع )( ‎halyard‏ | جزتى. نصفى - ‎half (adj.n.adv.)‏
فخذ خنزير ملح رمقدد أن ‎ham (n.)‏ نصف ‏ جزيًا. نمنيًا
مدخن. ممثل غير بارع عنوان مختصر ‎—title‏
‎(adj.n.) hamburger (n.)‏ كلفط ‎half and‏
مشطيرة من لم بر[ ‎(n)‏ ا مناصفة -شىء متناصف
قرية صغيرة. كفر ‎hamlet(n)‏ | هجين. مجنس ‎half-breed (adj.)‏
شاكرش ‏ يدق ‎hammer (n.v.)‏ | ينكس لعلم ‎half-masted (v.n)  -‏
بقرة رعنف ‎hammer and tongs (adv.)‏ تتكيس العلم. منتصف السارية
مك ابو مطرقة. )1( ‎<t ١ hammerhead‏ من احد ‎half-sister ()t‏
أارجوحة من الشبك  ‎hammock (n)‏ | مدرعة نصف مجنزرة  ‎half-track (n.)‏"	al-shamil-dictionary
261	"hamper (n.v.) ‏عائق.البت.قفة‎ | handmaid (n.) | ‏خادمة. وصيفة‎
‏يشوش. يكبع. يعرفل‎ handmaiden (n.)

طاحونة ‎handmill (n.) ok‏ | عرقرب.يمرقل - ‎bamstring (n.v.)‏
نشرة مجائية. حَسْنةَ ‎handout (n.)‏ | خطاف. الكُلاب . صنارة ‎hamulus (n.)‏
درابزين ‎handrail (n.)‏ | يد . مقبض . مشر . عقرب ‎hand (m.v.)‏
استفتاح . أول بيعة . عربون. ‎(n.)‏ 880561 الساعة. خط . فائدة. مصدر.

هبة (بخاصة فى رأس ‎Gl‏ منبع . أسلوب ‏ يناول. يقود.
التليفون المركب ‎handset (n.)‏ يلمس
مصافحة ‎handshake (n.)‏ | قريب . بالقرب اه
ظريف . جميل . لطيف ‎handsome (ad).)‏ | فى كل ‎onall ___s, U4‏
فرز يدوى ‎hand sorting (n.)‏ | حالاً. انتهى .بطل ,_ ‎outof‏
‏عتلة ‎handspike (n.)‏ | يتحد ,__ ‎join‏ 10

Shake 8 ‏بصائح‎ | hand 10 hand (adv.adj.)

التحاميا (فى القتال). يدا بيد دليل السباح .كتيب ‎handbook (n)‏
‎mouth (adj) i Y) s‏ 10 0200 | عربة اليد ‎handcart (n.)‏

بحاجات المعيشة الضرررية)"" ‎G‏ يمنع يدري ‎handeraft (nv)‏
خط . كتابة ‎handwriting (n.)‏ | 43 لليد. يقد. يكيل (م) ‎handeuff‏
‏سهل المنال. قريب . ملاتم ‎handy (adi)‏ | اشتباك بالايدى ‎handgrip (n.)‏
يعلق . ينشق . ينكس . يدلى  ‎handicap (nv.)  قوعي  ةبقع Gl | hang(v)‏
يتخلف . يتردد ‎handicapped (adj.) oW | __ back‏
‎down Ju‏ | حرفة. صفة يدرية )( ‎handicraft‏
‏يفهم مضمون الشىء ‎Getthe __of‏ | باتقان. بسرعة .بسر ‎handily (adv)‏
يسك ب .د راد لسلست
يتحدرن 100206 __ | تقيض يعالج موضوعا. ‎handle (n.v.)‏
حظيرة الطائرات . معلاق ‏ )1( ‎Ranger‏ يعمل . يقود. يسوس ‎L‏

.حمالة أو تعليفة الثياب شل يد . صناعة بدوية ‎handmade (adj.)‏
تعاليق . ستائر ‎hangings (n.)‏"	al-shamil-dictionary
262	"عزم. قوة. بسالة ‎hardihood (n.)‏ | جلاد. الشائق ‎hangman (n.)‏
رقاحة . شجاعة. سيق )( ‎hardiness‏ | أظفر مدورحس ‎hangnail (n.)‏
.تعب. حرمان يتوق (تركًا ‎hanker (v.) (a2‏
بالكاد. بشق الانفس. . ‎hardly (adv)‏ | يغطى . يعثر على شىء مصادفة. ‎hap(vn)‏
‏تادر ما يحدث ‏ كاء.غطاء. حدث
ضبق . تعب . حرمان ‎harship (n.)‏ | مصادفة . اتفاق. حدث ‎haphazard (adj.)‏
‎it‏ سيء الحظ . متحوس  ‎hapless (dj.)‏
المكاره ‎Formsof ٠‏ لعل .ريما يمكن . بالمصادنة ‎haply (adv.)‏
الادوات المعدنية 5 ‎happen (v.) e hardware (n.)‏
الحاسب «مجموعة الأجهزة؟ حادث . راقعة. حدوث ‎happening (n.)‏
جرئ. جسور . شجاع . وقح (.[24) ‎hardy‏ | ببعادة .لحن الحظ  ‎happily (adv.)‏
أرنب برى ‎hare (n)‏ | معادة ‎happiness (n.)‏
طائش . أرعن ‎harebrained (adj.)‏ | سعد ‎happy (adj.)‏
الشفة الأرنية ‎s 3t | harelip (n.)‏ للحظ ‎lucky (adj.)‏ - مع - ‎happy‏
‏الحريم . جناح ‎haremn) b‏ | يضايق. يزعج ‎harass (v.)‏
قصر كير ميناء. ملجا  ‎harbor (n.)‏
يخنة الفاصوليا. ناصوليا  ‎haricot(n)‏ | يخفى. يؤوى. يلجأ ‎harbour (n.)‏
يصفى . استمع . أنصت 0 ‎hark1v)‏ | ضيافة. إبواء. ملجا 0 )( ‎harbourage‏
‏زانية . عاهرة ‎harlot (n.}‏ صعب . صلب . شاق. ‎hard (adj.adv.)‏
‎ol‏ زتى ري ‎harlotry‏ صارم. جاف - بصعوبة . يجد
أذى . ضرر . تلف - ‎harm (n.v.)‏ باطمثتان ‎—and fast‏
يؤذى . يضر عملة صعبة ‎—_currency‏
‏ضار مؤذ ‎harmful (ad).)‏ | الاشغال الشاقة 007 -_-
غير مؤذ ‎fadj)‏ 0800168 | فى ضنك.ممر ا
أ تآلفى . موسبقى ‎—__waler sl | harmonie (wding  .‏
ا إيقاعى ‎ke‏ الثوايتية يُصلب .يبت .يقر ‎harden (v.)‏
! ديع يل ‎hardfisied (adi)‏"	al-shamil-dictionary
263	"أيل . وغل . ذكر الغزال (0) ع ‎١‏ الهرمونيكا فكة مرسيقية» ‎harmonica (n.)‏

harmonics (n.) 0 ‏علم قواعد الالحان‎ ١ hartebeest (n.) ‏ثيتل أفريقى‎

ماء التشادر . قرن الغزال ‎hartshom (n.)‏ آر وزن الأتغام

الحصاد. موسم الحصاد  ‎harvest (nv)‏
محصول - يجنى . يحمد متتاسق الأجزاء  ‎harmonious (adj.)‏

‎i‏ الحصاد () اوعضو ‎١‏ تتاغم. جم

‏يشوش .يربك . يضرم . يقطع )( زيمي ‎١‏ القدمية & من لم) ‎harmonium‏
‏- حشوة. لحم مفروم الأرغن؟

‎harmonize (v.) o ‏يوفق‎ ١ hashish (n) st ‏الحشيش. القنب‎

‏رزازية لتعليق ‎hasp (n.v.) B‏ يعزف بطريقة إيقاعية

‏مشاحة. قتال. يشاحن. يدي عإويوم ‎١‏ انسجام الالحان. ملام ‎harmony (n)‏
يتشاجر توافق. علم الإيقاع . ‎T‏

‏مسند للقدم. كرسى 0 (م) )معيو | عدة اليل .طقم ‎oA‏ زثري) 0801655
للارجل . مجلى . حزمة عشب عدة الحرب . يطقم الفرس

‏سنائى الشكل اا الاح

‏سرعة. عجلة ‏ يسرع يتعجل (يم) ‎g‏ طقم الفرس.عدة الحرب ‎harness (mv.)‏

‏سرعة.عجلة )1( ‎hastiness‏ - يطقم الفرس. يسخر

‏طائش ‎e‏ ذو ‎TG | g ) e‏ موسيقية زور مقط

‏قبع وظيفة . منصب ‎iy‏ يعزف على ‎e‏

‏فقس .تفريخ . فتحة صغيرة ‎(m)‏ عزوم | حربة لصيد الحيتان ‎harpoon (n.)‏
بين غرفتين - يفقس . يفرخ المقتصب . ‎harrier (n.)  فاطخلا DLl‏

‏المفرخة. الفقس ‎(n.)‏ وفعيو ‎١‏ كلب صيد

‏معزفة . قدوم . بلطة صغيرة | جرافة - يجرف ‎harrow (n.v.) A‏

‏يصالع يعتد ‎the b‏ ويم مر | يسلب . يعذب ‎(v.)‏ لاصقط

‎harsh (adj.) ‏عنيف . قاس . خشن‎ 10 1016 up the -- ‏بيحارت‎

‎gl‏ لأكاذيب ‏ .__ 1008016 جاف. جلف"	al-shamil-dictionary
264	"عقار . ملك ‎having (n.)‏ | باب مسحور ‎hatchway (n.)‏
خراب . دمار . غزو . إيادة - ‎(MY‏ ©0370 | بغض .مقت .كره ‏ بكره.بمقت  ‎hate (vn)‏
يخرب . ييد كربه . تمقرت ‎hateful (adj.)‏
ثبات الزعرور. سياج 0 (80) 080 | ‎hatred (n.) s‏
يراوغ . يتلعشم صانم أو بائع القبعات )( ‎hatter‏
‏صقر - ‎P‏ يبيع ‎hawk (nv)‏ | عجرفة.غطرسة ).( ‎haughtiness‏
‏بالدوارة والمناداة ‏ يصطاد . متعجرف. متغطرس | ‎haughty (adj.)‏
بواسطة الصقر المتكبرون ,__ ‎The‏
‏صائد الطيور ‎(n)‏ :08 | يحب .يجذب ‏ طرحة  ‎haul (V)‏
بالصقر. سريح (بائع متجول) شبك. سحبة قوية. حمل
حاد البصر رزفه) ‎١ hawkeyed‏ تن (م) ‎haulm‏
‏أعقف الانف . أقنى ‎(adj.)‏ 086-000 | عجز. ورك .كفل .ريف 0 ‎haunch (n.)‏
حبل. حبل طويل ‎awser(n)‏ | يتردد على . يلازم شخصًا  ‎haunt (vn.)‏
دريس . حشيش مخفف ‎hay (n.)‏ ينتاب. ‎ks‏ - مثوى . مأوى.
كوم عشب جاف ‎haycock (n.)‏ سكن
‎haunted (adj.) oS | hayloft(n) )‏
مخزن الديى 0 [ ‎haymow (n)‏ | بلك ريحوز ‎have (vn.)‏
مصادفة . صدفة ‏ يجازف ب (.8.0) 82880 | يشكو م
خطر ‎hazardous (adj)‏ | له علافة ب ‎with‏ م4 ‎to‏
‏شابورة. ظلام. ‎The __sand 05 haze (1) s‏
- يغيم. يضايق الأغنياء والفقراء
شجرة البندق. لون ‎(nadj)‏ !©0582 | غطاء لنقبعة يتذلى على ‎havelock (n)‏
البندق . بندقى اللون ‎k=l‏
‎By‏ بندق ‎hazelnut(n)‏ | مرسى. بارى. ثامن ‎heven (n.v)‏
التباس . غموض إكقرار . ‎=B haziness (n.)‏ يحمى . يزرى
غشاوة حقية المزونة (لمافر 0 (00) ‎haversack‏
‏| الجدى. الكشاف)"	al-shamil-dictionary
265	"سماعة الرأس ‎headphone (n.)‏ | 2 غامض .مبهم . مكتهر ‎hazy (adj.)‏
خوذة. ذكاء. عقل 0 ‎headpicce(m)‏ | مع . اصل. راس - 0 (0.2[.7) ‎head‏
‏المركز 331 ‎headquarters (n)‏ ارئيسى .رئيس - يضرب بالرأس.
(الشركة أو مؤسسة) يترأس على . يقود. يتصدر
منصب الرئيس . زعامة )1( ‎headship‏ | كرسى بمند للراس ا
ينبوع. عين ماء )( ‎headspring‏ | بيت القصيد. الفرض . ‎__andfront‏
‏شاهد الضريح ‎headstone (n.)‏ | المطلوب والمهم
‎G | headstrong (adj.) s‏ باستعجال. ‎__over heels‏
متدفع .عند متهور  ‎heady (adi)‏ رأسًا على عقب
يتعافى . يشفى . يلتم الجرح ‏ (0) 588 | يتشاورا ‎lay - together‏
صحة. عافية ‎health(n)‏ | صداع ‎headache (n.)‏
‎health - resort (n.)‏ | خمار ‎headcloth (n.)‏
مَصح .مكان للاستشفاء تهور . عناد. اندقاع 0 (8) ‎headiness‏
‏صحى. نافع للصحة. (ز24) ‎healthy‏ | مَطلب. عنوان.تروية ‏ )1( ‎heading‏
‏سليم . قوى لان من الارض داخل  ‎headland (n.)‏
كومة. كوم - كوم ‎heap(nv)‏ | فى البحر (اللان)
حشد. يكرس عنوان مقال فى ‎headline (n.v.)‏
يسمع . يشهد حفلة ‎hear (v) s 5t‏ 'جريدة.عنران ضخم فى أول
حاسة السمع. مع ‎hearing (n.)‏ صفحة. التروية . العنوان
يصغى ‎hearken (v.)‏ الرئيسى . يعلن فى مكان بار
إشاعة . تقولات. خبر ‎hearsay (n)‏ | طائش. متهور.  ‎headlong (adj.adv.)‏
نعش . عربة نقل الموتى . ‎hearse (nv.)‏ شديد التحدر - يطيش. بتهور
ضريح - يكفن . ينقل بوبة الموتى مدير أو ناظر المدرسة ).1( ‎headmaster‏
‏قلب. جوف. الكوبة ‎heart (n)‏ | مديرة أو ‎headmistress (n.)‏
) ورق اللعب) . ذاكرة. انية. ناظرة المدرمة
بالة .ميل الاول. المتقدم ‎headmost (adj.)‏
الأكثر تقدمًاً"	al-shamil-dictionary
266	"يجعله ‎heathenize (v.) Gy‏ | فى أعماق النفس والقلب. فى ‎at__,‏
‏نبات الخلنج . ‎heather (n.adj.)‏ الراقع
منقط بالوان مختلفة . أرقط عن ظهر قلب . ‎by‏
‏ضربة الشمس ‎heatstroke (n.)‏ | 5( رقالبً. ‎soul Ol‏ 0--
دفعة . فسحة. سحب ‎heave(vn)‏ | يحزن على. الى ل .101861010
جيشان. طرح - يدفع. هم . حزن. كرب ‎heartache (n.)‏
يحب .يتنهد. يجيش . يلهث نبضة قلب ‎heartbeat (n.)‏
السماء. نعيم . سعادة () ‎heaven‏ | مكور الخاطر . ذليل ‎heartbroken (adj.)‏
السماء الدنيا ,__ ‎lowest‏ 006 | سوء هضم . حرقان بالمعدة ‎(n.)‏ 80010000
الجنة الله . الفردوس ‎Heaven(n)  .‏ | يقوى. بشده العزم ‎hearten (v.)‏
دار السلام قلي . بإخلاص ‎heartfelt (adv.)‏
باللسماء د 800/4 | ماوى . مسكن .الموقد . مدقأة )( ‎hearth‏
‏فى سعادة قصوى . ب ‎seventh‏ 006 18 | بإخلاص . برغبة . بحماسة ‎heartily (adv.)‏
فى أوج السعادة همة . رغية. ود ‎heartiness (n.)‏
مقدس .سمارى -- ‎heavenly (adj)‏ | عديم الرحمة . جبان. فاتر ‎heartless (n.)‏
بثقل . بشدة . بثاقل ‎١ heavily (adj.)‏ لغط بالقلب ‎heart murmur (n.)‏
غم .كل . استرخاء  ‎(n)‏ 082910665 | معافى , قلبى . متشيع . مغذ بحا 016259
ثقيل . بطىء . بليد ‎heavy (adin)‏ | حرارة. حماس يحمي ‎heat(nv)‏
‏كثيف . شديد .مل - ممثل دور المحرك ‎heat-engine (n.) Sl‏
شرير . دور مسرحى . ملاكم من سخان. دفاية ‎heater (n.)‏
الرزن الثقيل ‎il‏ بور . نبات الخلنج ‎heath (n.)‏
سبعة. سبعة أيام. أسبوع  ‎By | 180000028 (n.)‏ متمدن - ‎heathen (adjn.)‏
‎o‏ زززفه) ‎١ hebdomadal‏ الرثى. الكافر
يبلد يلد ‎١ heperate (v.)‏ الرثية ‎heathendom (n.)‏
عبرى عراتى ‎(adj.)‏ عتورميزر | همجى . وى 0 (ر4ه) ‎heathenish‏
‏الوثنية . عبادة الأرثان ‏ )1( ‎heathenism‏"	al-shamil-dictionary
267	"سيطرة. زعامة ‎hegemony (n)‏ | يهود ‏ يتهود ‎hebraize (v.)‏
هجرة الرسول محمد م ‎Hegira(n.)‏ | اليهودى . اللغة العبرانية ‎Hebrew (n.adj.)‏
من مكة إلى المدينة أ ‎Himhn)‏ | يهودى. عبرى
‎0١‏ عام ‎WY‏ الميلاد مجزرة. مذبحة ‎hecatornb (n.)‏
ابقرة #""صغيرة». عحلة ‎١ heifer (n)‏ يضايق بكثرة الاسثلة ‎heckle (v.)‏
واأصسفاه.آه. أف  ‎S | heigh-ho ! (interj)‏ = عشرة آلاف ‎hectare (n.)‏
علو . ارتفاع. سمو ).( ‎height‏ مثر مربع
يرف . يعلى . يبرز ‎heighten(v.)‏ | مصاب ‎hectic (adj.) b‏
يزيد . يقوى هكتوجرامج ‎٠‏ جرام ‎hectogram (n.)‏
وريث . وارث ‏ يرث لماع البتكولئر * ‎٠٠١‏ لثر } ‎hectoliter (n.)‏
الوريث الشرعى  ‎hectolitre (n.) heir apparent (n.)‏
إرث . ميراث ‎hectometer heirdom (n.)‏
‎Ly‏ ري ويو رزو ‎hectometre (n.) AR ١‏
بلا خلف . بدون وارث ‎heirless (adj.)‏ المتوعد . المستبد ‏ يرهب. ‎hector (n.v.)‏
متاع مرروث )( ‎heirloom‏ | سور.سياج.يحيط ‎hedge (n.v.)‏
‎participle of hold‏ تفقم ‎held, past,‏ بياج يطوق. يصون
أمسك. موك القنفذ ‎hedgehog (r.)‏
شمى ‎heliac. _al (udj)‏ | مذهب المتعة ‎hedonism (n.)‏
تابع لنور الشمس أو القعرء يلتقت إلى التفات ‎heed (v.n.)‏
يختص بالشمس ‎heedful (adj.) e‏
لولبى » حلزونى ‎helical (adj)‏ | طائش .غافل ‎heedless (adj.)‏
يشبه القرحة . حلزونى ‎(nadj)‏ 0818108 | نهين . قهقهة. ينه . يقهقه ‎hee-haw (n.V.)‏
علاج القرحة ‎helicology (n.)‏ | كعب . مهماز. جترح. ‎heel (n.)‏
الهليكون (آلة موسيفية)  ‎helicon (n.)‏ ميلان. شخص حقير -
| الطائرة العمودية 00 ‎helicopler(n)‏ | ينحتى.يميل. يعدر
الهليكوبتر القل . أهمية - رقم ‎heft (n.v.)‏
55 ثتيل ‎hefty (adj.) G‏"	al-shamil-dictionary
268	"مساعد. مفيد . معين  ‎helpful(adi)‏ | شمى ركز ‎heliocentric (adj)‏
معين . رفيق مساعد. زوجة ‎helpmate (n.)‏ | الهليوجراف ‎heliograph (n.)‏
سكين .لا تصير له ‎helpless (adj.)‏ (تلسكوب لتصوير الشمس)
المساكين ,__ ‎The‏ | الحوف مرفي ‎heliophobia (n.)‏
المستضعفون من ‎The _believers‏ من الشمس
المؤمنين لولب .حلزون. حافة الاذن  ‎helix (n)‏
‎helter-skelter (n.adv.adj.)‏ الخارجية
افوضى - فى هرج ومرج . فى مكان لعب القمار ‎hell (n.)‏
حالة فوضى - مندقع جهنم . دار البوار ‎Hell (n.)‏
مقبض آلة أو أداة ‎١ helve(n)‏ امرأة مشاكسة. الساحرة ‎hellcat (n.)‏
السويسرى ‏ سويسرى ‎Helvetian (nadj.)‏ | وردة عيد الميلاد ‎hellebore (n.)‏
حافة. هدب .فيل - ‎hem (n.v.)‏ الخربق (نبات)
يهاب . يتتحنح الحضارة الإغريقية 0 ‎Hellenism (n)‏
يدث ‎s‏ دم | ‎hem - grhemo‏ | خاص بثقافة رتاريخ  ‎Hellenistic (n)‏
‎hema- or haema‏ رفن الإغريق
مقياس ضغط الدم ‎١ hemadynameter (n.)‏ شيطانى. شرير ‎hellish (adj.)‏
مبحث الدم ‎hematology (n.)‏ | رئاسة . إدارة. مركز الإدارة. (.0.7) ‎helm‏
‏البول الدمرى ‎hematuria (n.)‏ مقبض دفة السفيئة. خوذة. يوجه
الورم الدموى ‎hematoma (n.)‏ دفة السفيئة . يزود بخوذة
الطفيلى الدموى  ‎hematozoon (n)‏ | خوذة (حديدية) )1( ‎helmet‏
‏بادثة معناها : نصف ‎helminthology (n.) hemi‏
بنج نصفى ‎١ hemianesthesia (n.)‏ علم الديدان الطفيلية
‎hemic (adj) Sy‏ | مدير دفة السفية )1( ‎hetmsman‏
‏صداع نصنى )( ‎hemicrania‏ | عبد مارك ‎heiot (n.)‏
شلل نصفى ‎hemiplegiain)‏ | اعد يشقى.يعزز ا 0 لقم فاغط
نصف الكرة الأرضية ‎hemisphere (n.)‏ مساعدة. علاج. نجدة
‎bt‏ من بيت شمر ‎hemistich (n.)‏"	al-shamil-dictionary
269	"مقطع فى أرل الكلمة ماصع | استعداد وراثى للتزف ‎hemophilia (n.)‏
معناه: سبعة } ‎hept‏ الدمرى

شكل سباعى الزوايا ‎(adi)‏ 000138088 | نزيف دمرى. ينزف ‎hemorthage (n.v.)‏

الدولة أو الحكومة  ‎heplachy (m)‏ | مرض البواسير ‎hemorrhoids (n.)‏
السباعية «من سبع مقاطعات مانم للتزف.  ‎hemostatic adjn)‏
وسبعة حكام؟ ما يقطع النزيف

قصيدة مكونة من (8) ‎Hoptastich‏ | بات القنب. خيوط القنب. ‎hemp (n.)‏
سبعة أبيات حشيش (مادة مخدرة)

الأسفار السبعة الأولى ‎heptateuch (n.)‏ | من القنب ‎hempen (adj.)‏
من التوراة يطرز - تطريز ‎hemstitch (v.n.)‏

مير ملكية أو نصب ‎her (adipron)‏ | دجاجة. أنثى الطير ‎hen (n.)‏
أو جر للمفردة الغائبة من ثم . لهذا. لذلك ‎hence (adv.)‏

henceforth (adv.) ‏من الآن اعت[‎ herald (nv.) - ‏امعلن.الرائد البشير‎
henceforward (adv.) ‏يبشر‎ e

شعار . رمز . شعار النبالة ‎heraldry (n)‏ | تابع . خادم ‎henchman (n.)‏

عشب.كلا ‎herb(n)‏ | خن. بيت الدجاج ‎hencoop (n.)‏

hen-louse (n.) ‏فمل الدجاج‎ | herbaceous (adj.) | ‏عشبى . كالعشب‎

أعشاب. حشائش . بقول  ‎hetbage (n)‏ | الحناء. شجرة الحنا - ‎henna (n.v.)‏

متعلق بالأعشاب ‎herbal (n.adj.)‏ يخضب بالحناء
كتاب فى النبات ‏ عشبى قن . مزرعة . دجاج ‎hennery (n.)‏

عالم أو مداوىق ‎henpecked (adj.) herbalist (n.)‏
بالأعشاب الطبية خاضع لسيطرة وتحكم زوجئه

مكان حفظ الأعشاب. ‎herbarium (n.)‏ | بادئة معناها : كبد ‎hepat-or hepato‏
المعمشة كبدى . يشبه الكبد ‎hepatic (adj.)‏

حبوان بقنات بالاعشاب ‎herbivore (n.)‏ | غيوبة 448 ‎__coma‏

مقثات الاعشات ‎herbivorous (adj.)‏ | التهاب الكبد }.( ‎hepatitis‏

يعيش على النبات نحجر الرثة ‎hepatization (n.)‏"	al-shamil-dictionary
270	"55 (مرض) ‎hemia(n)‏ | هرفل ‎Hercules (n.)‏
بطل . جبار ‎(n)‏ 00:0 | سرب. قطيع - يقود. ‎s‏ )1( 58:8
لى . خم . لغة  ‎herder (n.) heroic (adj.n)‏
وه بتكاف مل راعى قطيع ‎herdsman (n.) }’ﬂ’”“‏
الهيروين (مخدر) ‎١ heroin (n.)‏ هنا ‎here (adv.)‏
بطلة ‎heroine (n)‏ | بالقرب من ‎hereabout (adv.)  ta‏
بطولة ‎heroism (n.)‏ | الدار الباقية . الآخرة 14
مالك الحزين. البلشون €2 ‎(m)‏ 06:08 | بعدئذ. فيما بعد ‎hereafter (adv.n)  -‏
قوبة . قوياء لمرض جلدى) ‎herpes (n)‏ الآخرة
متعلق بالقوباء ‎herpetic (adj)‏ | آنقا. ‎hereabove (adv.) Gl‏
‎herpetologic , __ al (adj.)‏ | الوراثة . انتقال الصفات  ‎heredity (n.)‏
علم البرمائيات الزحافات من الوالدين للأشياء
سمك الرنجة ‎herring (n.)‏ فيما يلى ‎hereinafter (adv.)‏
بتلعثم ‏ متردد ‎hesitate (adj.)‏ | بدعة.ضلال ‎heresy (n.)‏
تلعثم . تردد )( ‎hesitation‏ | منشق .مبتدع ‎heretic (n.)‏
وصية . أمر ‎hest(n.)‏ | المنشق عن عقيدة ما ‎heretical (adj.)‏
شاذ. الخارج على ‎heteroclite (adj.)‏ ضلالى. هرطقى
المالوف كرسى التعذيب ‎herisson (n.)‏
ابتداعى . مخالف ‎heterodox (n.)‏ | بورث .ينقل بالمبراث  ‎heritable (adj.)‏
لعقيدة ما إرث . ميراث ‎heritage (n.)‏
‎heterogeneous (adj.)‏ | التراث الإسلامى ,_ ‎Istamic‏
‏مختلف الجنس. غير متجانس . غير الوارث. الوريث ‎heritor (n.)‏
متجانس التركيب الوراثى ‎hermaphrodite ).( s‏
متغاير الأشكال ‎hermeneutic . __al(adj) ., | heteromorphic (adj.)‏
‎heterosexuality (n.)‏ شرحى
اشتهاء الجنس الآخر ناسك . متعبد ‎hermit (n.}‏
دير . ملاد ‏ ) صومعة )1( ‎hermitage‏"	al-shamil-dictionary
271	"يخفى . بحجب . يتوارى - (0808)00 | يتحت يبرى. يقطع ‎(v) ol‏ سعط
يضرب بالسوط . جلد الحيوان. يحفر. يلتزم. يصتل ‎P‏
‏جلد خام أو مدبوغ ‎B‏ معناها: ستة ‎hex _ o hexa‏ | شق ى سوالازاةٍ
لعبة الاستعماية )1( ‎hide - and - seek‏ | ينحس . يعلق تعويذة ‎hex (v.n.)‏ دق“
لعبة حاورينى ياكيكا يسحر - تعويذة . عرافة
ضيق التفكير ‎١ hidebound (adj.)‏ الشكل المسدس ‎hexagon (n.)‏
ملتصق الجلد باللحم سداسى . مسدس الشكل ‎hexagonal (adj.)‏
فيح الصورة. مشع ‎(adj ) it‏ 0108005 | سداسى الزرايا رزام) ‎hexangular‏
‏اخحتباء. مخبا ‎hiding (n)‏ | حشرة سداسية ‎hexapod (n.adj.)‏
أفراز العرق من الجسم ‎hidrosis (n.)‏ الأرجل . سداسى الأرجل
يرع . يتعجل . يعجل ‎i (v)‏ | صيحة للقت ‎hey (interj.) AV‏
شترى ‎hiemal (adj.)‏ والتعجب والاستفهام
فصل الشتاء ‎١ hiems (n)‏ هناء. لذة. مرح ‎heyday (n.)‏
بادثة معناها: مقدس . - ‎hier-orhiero‏ | شتائي . تمطر ‎hibernal (adj.)‏
كاهن . زعيم دينى ‎hietarch (n.)‏ | نوم ‎s‏ (الإسبات) . }.( ‎hibernation‏
‏درجات كهنوتية لاس أل
حكومة الكهنة. أساقفة دولة أيرلتدى . الإيرلتدى (.0.ز0ة) ‎Hibernian‏ ,
حرف ‎hieroglyph (n.) ke‏ | الخبيزة «من الفصيلة الخبازيةة ‎hibiscus (n.)‏
الهيروغليفية ‎hierogiyphy (n.)‏ رم ‎hiceup or hiccough‏
كثانة قدماء المصرين ) يفوق
أداة لإعادة إرسال ‎B0 ol‏ | شخص .ريفى . مزارع ‎hick (n.)‏
مطابق للأصل . الأمانة البالغة شجر من فصيلة الجرز 0 )1( ‎hickory‏
‏شمار مقدس ‎hierogram (r.)‏ . عصا لتأديب الأولاد
ا كاهن شهيد ‎of hide hicromartyr (n.)‏ 0ل .. ‎hid,‏
‎hicron () ke |‏ | مستور. مخفى. مخبوه ‎i‏
‏ا معد ‎e‏ للعبادةة ) 060080 ‎١‏ شريف أسبائى ).1( ‎hidalgo‏ [
ا يساوم بيع بالتجوال }.1( ‎higgle‏"	al-shamil-dictionary
272	"يختطف طائرة | ‎higgledy - piggledy hijack (v.)‏
يسطو على عربة. ‎high-jack(v.) T‏ | بفرضى. مشوش. بحالة  ‎(adv.adj)‏
‏يسرق . يكره يختلط فيها الحابل ‎Bl‏

الهجرة )( ‎Hijrah‏ | عال . مرتفع .شريف. ‎high (adj.advin)‏

يافر سير على الأقدام. ‎hike (vn)‏ صعب. شديد ‏ عاليًا. مكان
نزهة سير على الاقدام. ارتفاع سليمًا. سالا ‎_——anddry G‏

السفر سير على الأقدام  ‎hiking (n.)‏ على اليابة

بهجة . مرح. بشاشة ‎gl | hilerity‏ .حياة ترف ‎__life‏

هضبة .تل - يخفى ‎hill(ny)‏ | فى العلا فوق ‎on__‏
‏يحيط بكومة تراب الضوء الأمامى المالى ‎highbeam (n.)‏

تل صغير ‎hillock (n.)‏ فى السيارة (البعيد الملدى)

كثير التلال. شديد التحدر ‎hilly (adj)‏ | شريف المولد. ‎high born (adj.)‏

مقبض الخنجر أو السيف ‎hilt (n.)‏ شريف السب

ذر مقبض ‎hilted (adj,)‏ | خزانة ذات ادراج ‎highboy (n.)‏

highbrow ‏شخص رامع ( زفقة)‎ | hilum(n) e

نفه (ضمير) ‎himself (pron.)‏ العلم والمعرفة . رفيع الثقافة

أنثى الايل . غزالة . (زفة.ة) ‎hind‏ | الامانة البالغة  ‎high fidelity (hi - fi)‏
مزارع - خلفى هضبة . أرض جبلية . ‎highland (n.adj.)‏

يعوق. يمنع ‎hinder (v.)‏ جبلى

خلفى . الاعضاء الخلفية  ‎hinder(adj)‏ | حادثة 1 مشهد در ‎highlight (n.v.)‏

عائق . مانع . إعاقة ‎hindrance (n.)‏ أهمية كبيرة ‏ يركز ‎WY‏

مفصلة . محور ‏ يركب مفصلة ‎hinge (n.v.)‏ على . يؤكد

highway (n.) sl gt ‏طرق عام أو‎ | hinny (n.v.) ‏بغل - يصهل‎

تلميح . إيماء - يلمح ينوه 0 (.0108)8 | بعلو بسمو ‎highly (adj.)‏

أعلى الفخذ. إلية ردف. 0 ‎hip(ny)‏ قاطع طريق ‎high wayman (n.)‏
السنام - يسنم شديد الاتقمال (/24) ‎high - wrought‏"	al-shamil-dictionary
273	"عقدة. ورطة. صعوبة.  ‎hitch(nv)‏ | جيب البنطلون الخلفى 0 ‎__pocket‏
‏عقبة . الخدمة العسكرية - العظم الحرقفى ‎hip - bone (n.)‏
يعقد . يربط بإحكام . يشبك . مدة فرس النهر ‎hippocampus (n.)‏

يسافر مجانًا ‎hitchhike (v.)‏ | حراء ‎Hira,‏
‏(يرقف السيارات ليركبها) غار حراء __ ‎The cave of‏

الاشد قرب.الاقرب ‎hithermost (adj.)‏ | سقف ذر سطع تتحدر  ‎hiproof (n)‏

حتى الآن. حتى اليم (207) 0000680 | أجرة - يستاجر. يؤجر. 0 ‎(nv)‏ عتلط
خلية نحل - يذخر . يحتشد. )( ‎hive‏ يرشو ‏ يكافئ

يتجمعون بالنحل أجير . خادم ‎“hireling‏
‏مرض جلدى . بثور جلدية  ‎hives(n)‏ | الشراء بالتقسيط  ‎hire - purchase (n.)‏
أشيب - الصقيع ‎hoar (adjn.)‏ | كثير الشعر ‎hirsute (adj.)‏
مزونة. ذخيرة - يخزن. يكثز ‎(mv.)‏ 00880 | ضمير التملك للمفرد الغائب ‎his (pron.)‏

اسور خشبى مؤقت ‎hoarding (n.)‏ | أسبانى (.زهه) ‎Hispanic‏
‏لوحة إعلانات كبيرة شوكى . شائك ‎hispid (adj.)‏

صقيع ‎hoar frost (n.)‏ نيح + صفير - يفح .يصفر ‎hiss(vn.)‏

وقار. شيب ‎hoariness (n.)‏ | علم الأنسجة ‎histology (n.) &l‏
أجش الصرت ‎(ad).)‏ 0336 والحيوائية

بحة فى الصرت 0 ‎hoamseness(n)‏ | مؤرخ ‎historian (n.)‏

أشيب . وقور. قديم ‎hoary (adj.)‏ | 551 ا ل ‎historic (adj.)‏

يخدع ‏ خدعة. أضحوكة ‎RO (vn)‏ | تاريض ‎historical (adj.)‏
يعرج . يعوق . يقيد ‎hobble(vm)  -‏ | قصة تاريخية ‎historiette (n.)‏
ورطة . قيد [ ‎historiographer (n.)‏
أبلة . المراهق )( ‎١ hobbledehoy‏ علم التاريخ . حكاية ‎history (n.)‏
هواية ‎hobby‏ | سرحى ‎histrionic (adj.)‏ |
مارد. غول . بعبع )( ‎hODgOBin‏ | ضرية, صدية .عمل تاجح لم انط

‎s‏ لحبيت تعل ‎hobnail (1) Wik‏ اتفاق . مصادفة - بضرب.

‏لذو راس كبيرة) يصطدم. يصدم .ينقد بشدة"	al-shamil-dictionary
274	"hobson’s - choice (1) ‏قبول إجبارى‎ | holder (n.) A, e
hock (n.) ‏عرقوب‎ | holdfast(n) ‏خطاف . كلاب . قبضة فوية‎
hockey (n.) ‏الهركى‎ | holdings (i) ‏مقتنيات‎
‎hocks (n.) ‏كرابع‎ ١ bolefni) el . ‏القب. خرف‎
Rocus ‏ا(نقطة ضعف) - يثقب . يشق غشاش - يغش . يخدع  (0[ف2)‎
hocus - pocus (1.} holey (adj.) ‏ملقب . مخرم‎
‏احتبال. شعوذة. دجل‎ | holiday (1) ‏عطلة . عبد دينى‎
hod (n) 0 ‏قصعة لحمل لموئة (لملاط)‎ | bolily (adv.)  ةمادقب ‏بتقوى . بطهارة.‎
hoe (n.v.) o ‏معزقة - يعزق‎ | holiness () ‏طهارة . قدامة‎
hog (n.v.) B ‏اغنزير. شخض‎ | boller (v -y ‏يشكو . بتذمر.‎
‏صيحة . شكوى اصوف مجزرز. شخص‎
‏أنانى . يتقوس. يقوس‎ hollow (adj.v.) ‏فارغ . أجوف . كاذب.‎
hoggish (adj.) ‏منافق - يفرغ. يجوف . يثقب أثانى . قذر. شره‎
hogshead (n.) ‏برميل كبير‎ | hollowness - eyed (adj.) ‏غاثر العينين‎
hogwash (n.) ‏المطابخ . كلام فارع‎ 4 | hollowness (n.)  فيوجت ‏رباء . نفاق.‎
hoise (v.) ‏(شراعًا أر علم)‎ @z | holly(n) ‏شجرة عبد الميلاد‎
hold (n.v.) ‏مسكة. حوزة. قبضة‎ | hollyhock (n.) ‏خبيزة أفرنجية‎
‏يمك ب . يقبض‎  ةقاعإ‎ holm (n.) ‏أرض منخفضة‎
‏بجانب نهر . جزيرة صغيرة على . يمنع . يحجز . يعتقد‎
—_ameeting ‏بعقد اجتماعًا‎ | onolocaust (n) 0 ‏محرقة. نار عظيمة.‎
—by ‏ضحية تحرق يزيد . يسائد‎
-- 0 ‏بعصم‎ ١ holster (n.) ‏حرات المندس‎
‏تباعد عن. يتجنب له‎ ١ holy (adj) ‏مقدس . طاهر‎
—on &%= | H__ Communion ‏المقدس.‎ ‘._'u
—out e ‏المشاء الربانى‎
‏الروح القدسر . الأقنوم :14.0008 | يعوفا. يؤخر اود‎
holdback () ‏اناك عائق . إعاقة‎"	al-shamil-dictionary
275	"يخرج - فرص ‎honeycomb (vn)‏ | القرآن الكريم 11_00
العل. شمع ‎Gt Sl‏ خميس الصعود ‎H__Thursday‏
‏شهر العسل ‎honeymoon (n.)‏ | أسبوع الآلام ‎H__ Week‏
زهر العسل .غلبت (.8) ‎honeysuckle‏ | الكتب المنزلة. الأسفار ‎Ll‏ 11.1881
شهادة فخرية.  ‎homorary (nadi)‏ | وقار . سجود. طاعة. ولا )1( ‎homage‏
‏إكرامية . أتعاب - فخرى.. مسكن . ماوى.مرطن ‎home (n.)‏
إكرامى . شرفى الفنون المنزلية  ‎home 660000165 (n.)‏
عضو شرف ‎member‏ | الوطن ‎homeland (n.)‏
شرف . مجد. طهارة. ‏ (.7.0) ‎honour‏ | علم الوعظ والإرشاد  ‎homiletics (n.)‏
صسمعة ‏ بشرف. بمجد خطبة. موعظة ‎homily (n.)‏
رصيفة شرف ‎Maidof‏ | الحمام الزاجل ‎homing pigeon‏
على مشرف . إكرامًا ل /ه ‏ # | أكل لحم ‎hominivorous (adj.j i‏
وجيه . شريف ‎honourable (adj.)‏ مقطع فى أول الكلمة بمعنى - ‎homo‏ |
يحجب . يخفى . يستر ‎ -‏ (.0000)78 «نفس الشىء. متشابه» إ
قبعة . غطاء للرأس ‎Lty‏ التشابه. الانسجام 0 )1( ‎homogencity‏ |
كبوت السيارة. طرطور الكلمات المتالفة  ‎homographas (n.)‏
سفاح . قاطع ‎(n) i‏ 00007 شكلاً المختلفة فى العلى
يغمز . يفش ‎hoodwink (1) pasn.‏ | الكلمات التالفة ‎homophnes () Gy‏
يدوس. يمشى . حافر. ظلف ‎hoof (vn)‏ المختلفة معنى
ذو حوافر أو أظلاف  ‎hoofed (adj.)‏ تشابه فى اللفظ ‎homophony (n.)‏
كلاب . خطاف. ضارة ‎ook (vn)‏ | آل لت نا )1( ‎homoscxuality‏
‏منجل. شنكل ‏ بصطاد بصنارة أفراد منجانسة  ‎homozygous (adj)‏
جوزة. شيشة ثار جيلة )( 0080"" | بن حجر امن دين )1( ‎Bone‏ ا
معقوق. مقرس ‎hooked (udj.)‏ أمين صادق. عادل. مستقيم ‏ ([00) 000851
خاتم . طارة طرق - لسن د ذا انا ا
يطوق يضع طرق شهد. يحلى بالمسل 003) ‎honey‏
‎١ 00016 cough ()‏ عسل . شهد. يحلى بالعصل ‎i‏
‏السعال الديكى . الشهقة"	al-shamil-dictionary
276	"oo 274 Ho
hoopoe (n.) 44 ١ homfoot (adj.) ‏ظلفى . ذو حافر‎
hoot (m.v.) ‏آر أظلاف صرت البرم . صياح الاستهزاء.‎

أقرن . ذو قرون. ‎horny (adj.)‏ مقدار ضئيل - يطلق صرئنًا
0
فن صنع الساعات.  ‎horology (n.)‏ مسهزة
‎e‏ الوقت حشيشة الدينار . قفزة. وثية. ‎hop (nv.)‏
كشف الطالم ‎horoscope (n.)‏ ركوب مجانى - يئب. يحجل ‎٠‏
‏متصب.واقف (زهه) ‎e‏ بركب بالمجان. يخدر
نيع . بشع . } ‎(adi)‏ عزن زجوم | بأمل - يرجو - أمل . رجاء ‏ (78) ‎hope‏
‎١ 5‏ نشجم . مقعم بالآمل . ‎Hopefil (adjn)‏
مرعب . بغيض ‎(adj)‏ زيمي ‎١‏ مشجع .مقعم ‎D‏
‏بروع يخيف, يقزع ) متم ‎١‏ اعد - الواعد فى ‎BN‏
‏رعب. غوف )وجو ‎١‏ له مستقبل باهر
حصان. فرس . خيالة.  ‎(nv)‏ 06 | بلا أمل . ميؤرس منه. يائس ‎hopeless (adj)‏
«حصان خشبى للقفز من فوقه محارب من الرومان القدماء (.8) ‎hoplite‏
‏- يزود بجواد. يركب الفرس نطاط . قادوس الطاحونة )1( ‎hopper‏
‏سائس الخيل .) ‎horseman (n)‏ | لعبة الحجلة ‎hopscotch (n.)‏
افروسية ‎١ horsemanship (n.)‏ يحدث كل ساعة ‎horary (adj.)‏
هزار أو مزاح سمج (8) ‎horseplay‏ | حشد. جماعة. قيلة ‎horde (n.)‏
حدوة الفرس - ‎horseshoe (m.v.)‏ «من البدو الرحل»
يركب حدوة الافق . دائرة الافق ‎horizon (n.)‏
موعظة . وعظ. إنذار  ‎(M)‏ 0008000 | انقى . مستو. مواز للافق ‎horizontal (adj)‏
وعظى .تحذيرى . [ (4ه) 00013016 | نير 0350 - يجيل له (لم) 500
‎hortatory (adj.) g‏ ع
البساتين ) ‎ok b horticul‏
علم البساتين 0 (5)8 حب ابو قرن #طائر» ‎hombill (n.)‏
جورب . بنطلون 52 ‎TSt‏ | زر قرون ‎homed (adj.)‏
خرطوم مياة - يسقى بخرطوم ‎R‏
‏خرطوم الحريز ‎Fire‏ ادبور. شخص مكروه ‎(n.)‏ 00081
رمرم كريس — «حاد اللسانة"	al-shamil-dictionary
277	"ساعة زمانية ‏ 10 دقيقة 0 ‎hOUr(n)‏ | جورب قصير _ ‎half‏
‏الساعة ‎Hour, the‏ | تاجر الملابس الداخلية ‎hosier (n.)‏
الهزيع الاخير من الليل ‎Thesmall s,‏ | الملابس الداخلية ‎hoisery (n.)‏
الساعة الرملية ‎hourglass (n.)‏ | المضيفة. التكية ‎hospice (n.)‏
عقرب الساعة ‎hour - hand (n.)‏ | كريم. مضياف ‎hospitable (adj.)‏
حورية ‎houri(n)‏ | ستشفى. بلجا خيرى.  ‎hospital (n.)‏
كل ساعة . باستمرار  ‎hourly (adv.)‏ مارى
مسكن . منزل . عائلة. ‎house (n.v.)‏ | حسن الضيافة ‎hospitality (n.)‏
مسرح. مجلس تشريعى. يُدخله المستشفى للعلاج ‎hospitalize (n.)‏
مؤمة تجارية. يأوى. يقيم . المضيف . صاحب الضيافة.  ‎host (nv.)‏
اليت يت رسول 1& 15 ‎House, the‏ | «نبات أر حيوان» - يُضيف
أهل البيت ,_ ‎hostage (n.) i, | Peopleofthe‏
سمسار عقارات ‏ (.88804)8 - 00056 | صاحبة الضيافة. مضيفة 0 )( ‎hostess‏
‏تحديد الإقامة ‎house - arrest (n.)‏ عدائى . معاد . خصم ‎hostile (adj.)‏
* بالمنزل (الإقامة ‎(&bt‏ عداوة. خصومة ‎hostility (n.)‏
عوامة - مركب معد )1( ‎ol | 00056 DO‏ خادم الخيل ‎hostler (n.)‏
للسكن حار . انحن . حاد الطبع . ‎hot(adi)‏
‏أهل البيت . أسرة. ‎(nadi)‏ 000585010 | عنيف. سريع التهيج . حريف. لاقع
عاثلى . مالوف. بيتى ‎hot air (n.) LIS‏
علم تدبير المنزل  ‎hotel (n.) Gus | householdarts (n)‏
رب البيت )1( ‎oy | OUSCHOIdeT‏ 4 ,1 د ‎hot house (.ad))‏
الحرس الملكى (.88) ‎household troops‏ بالحرارة الصناعية - سريع
مديرة المنزل ‎housekeeper (n.)‏ التلف . رقيق
إدارة شئون المنزل. )1( 000586600108 | كلب صيد. ضارى ‎hound (n.v.)‏
| التدبير المتزلى شخص جدير بالاحتقار
يطارد ينعتب"	al-shamil-dictionary
278	"فلوكة . مركب صغير ‎house of correction (n.) hoy (n.)‏
محور . محور العجلة. ‎hub(n)‏ | إصلاحية الاحداث
الصرة .يد اللاح )1( ‎House of Commons‏
‎bubble - bubble (n.)‏ | مجلس العموم
شيشة . جوزة التدخين ضجيج ‎House of Lords (n.)‏
‎bubbub (n.)‏ | مجلس الاعيان. مجلس اللوردات
‎U‏ ضوضاء. هرج ومرج ‎House of Representative (n.)‏
بائع متجول أو ‎huckster (mv.) g‏ | مجلس النواب الامريكى
وكيل إعلانات ‏ يساوم ,& البيت . علبة الخباطة ‎housewife (n.)‏
رحام . ازدحام. تراكم - (8.0) ‎huddle‏ | العمل المنزلى ‎house - work (n.)‏
يحتشد إسكان. إيواء ‎housing (n.)‏
صبغة . لون. صياح ‎past part of heave hue (n.)‏ , 0176
غيظ . نوبة غغضب ‎MUl (nv)‏ | زرببة. كوخ خيمة ‎hovel (n.)‏
- يتفخ . يغيظ . يورم يرفرف . يحوم . يضطرب - ‎hover (V)‏
معائقة. حضن - يعائق ‎hug (n.v)‏ رفرفة . تارجح
يحفن الهوفركرافت أمركبة  ‎hovercraft (n.)‏
ضخم . جسيم . كبير (.ز4ة) ‎huge‏ تستطيع السير فرق الأرض والماء
ضخامة ).1( ‎hugeness‏ بواسطة محركات نفاسة|
مركب قديم. هيكل ‎oS‏ )1( ان | كيف. إلى أي حد. (.20*.600[.3) ‎how‏
‏غلاف . غطاء. قشرة البذرة أو (015) ‎hull‏ لمادا. بكم ‎L LS‏ للتعجب
التمرة - يقشر سؤال عن الطريقة. طريقة
طنين. همهمة . دندنة - 0 (80) 0ل | ما رأيك؟ ما فولك فى ...860017 _-
يطن . يهمهم هودج ‎howdah (n.)‏
إنسان - إنسائى . ‎however (conj.adv.) human (n.adg) T‏
الاتصال الحماهيرى ‎communicanon‏ | كيفما كان. ولكن. ومع ذلك
كريم مح . لطيف  ‎humane (adj.)‏ مدفع قصير وشديد ‎howitzer‏
‏ساسا إنسانية ‎humaness(n)‏ | تبح عر يع ‎sy‏ يولول ‎howl (nv.)‏"	al-shamil-dictionary
279	"فكاهة. بشاشة . طبع ‎humour (nv)‏ | الفلسفة الإنسانية ‎humanism (n.)‏
ممكنن. معكر المزاج ,اكه اله | محب للخير . ‎humanitarian (adj.n.)‏
سنام. يسنم ‎hump (n.v.)‏ الخير . اللحسن
نم محدب ‎humpy (adj.)‏ | العلوم الإنسانية ‎humanities (n.)‏
سنام. قنب - يحنى الظهر. ‎hunch (nv)‏ | الجنس البشرى. ‎humanity (n.)‏
يدقع الإنسانية . شفقة . العلوم الثقافية
ماثة ‎hundred (n)‏ | يهذب. يلطف. يمدن  ‎humanize (v.)‏
‎hundredfold (adv.ad).)‏ | الجنس البشرى ‎humankind (n.)‏
ماثة ضعف ‏ ضخم جد ذليل . متراضع ‎humble (adj.v.)‏
‎hundredweight (n.)  ىزيلجنإ s‏ - يذل. يقهر
‎hung past, past part of hang‏ | الخاشعوية ‎minded‏ __
‎gl‏ غشاشش . محثال ‎humbug (.v.)‏
جرع اشتهاء - يجوع ‎hunger (n.v.)  .‏ دجال - يغش. يخدع
يشتهى . يترق ثافة .عمل . يليد ‎humdrum (adj.)‏
جوعان ‎hungry (adj)‏ | عضد. ساعد . عظم الت ‎humerus (n.)‏
قطعة ضخمة ‎hunk(n)‏ | رطب.ندى ‎humid (adj.)‏
بخيل .ليم ‎hunks (adj)‏ | برطب.بندى ‎humidify (v.)‏
صيد ‏ يصطاد. ‎hunt(nv) 3ty‏ | رطوبة.بلل ‎humidity (n.)‏
صياد ‎hunter (n.)‏ | يخزى .يذل ‎humiliate (v.)‏
صياد. قناص ‎huntsman (n.)‏ | غرى. إذلال. ل ‎humiliation (n.)‏
سياج مزقت . حاجز ‎hurdle (n.v.) Sl‏ خضوع . ذل. تواضع ‎humility (n.)‏ |
العالى - يرشق . يرمى . يقذف الطائر الطنان ‎humming bird (n.)‏
سباق الحواجز 6# ‎١‏ أدب فكاهى . فكاهة ‎humor (n.v.)‏
هتاف تشجيع أ ‎hurrah (intery.n) ١‏ مزاح - يرارى . بلاطف
استحان = } ‎hurray (interj.n.)‏ فكه ؛ مضحك . هزلى (.[84) ‎humorous‏
‏حماسة . مرحى اب الفكاهة ‎___literature‏"	al-shamil-dictionary
280	"يدنع . يهز . يخضخض - ‎hustle(vn)‏ | إعصار . عاصفة . زويعة  ‎hurricane (n.)‏
‎il‏ نشاط . خداع ستعجل. شرع ‎hurried (adj.)‏
كوخ - يسكن فى كوخ 0 (004)8 | سرعة.عجلة ‏ يرع 0 ‎humy (nv)‏
قفص . صندوق . صحارة. قن (:8) ‎B‏ | يؤلم , يؤذى. يشر ألم 0 ‎hurt(vn)‏
‏مجموعة اكراخ. ‎hutment (n.)‏ . أذى. ضرر
مخيم . مسكر مضر. مؤلم. موجع  ‎hurtful (adi)‏
‎hurtless (adj.) i Y | huzzaGinteri)‏
‎e‏ .ابتهاج اي ‎huzzah‏ ل يوقر . ‎husband (nv.)‏
زهرة من الزنبقيات.  ‎hyacinth (n.)‏ يذخر . يقتصد
حجر كريم. ياقرت زعفراتى ‎o‏ ب ‎Intervening‏
‏هجين ‎hybird (adjn)‏ | توفير ‎husbanding (n.) k.‏
الحاسب الرقمى )( ‎hybrid computer‏ | مزارع ‎husbandman (n.)‏
التحليلى تدبير المنزل. اقتصاد ‏ )1( ‎husbandry‏
‏تهجين ‎hybridization (n.)‏ فى النفقة. فلاحة . رعاية
‎hybridize (v.) e‏ الحيوانات الداجنة
بريزة مياة . محبس مياة  ‎hush (vadjminter.)  .نكي.ادهي | hydrant(n)‏
‎hydraulic (adj.)‏ يقمع ‏ هادئ - سكون.
مالى . مختص بالسوائل والماثيات اسكوت . أسكت.صه
علم السوائل المتحركة ‎(n)‏ 07088001165 | رشوة. أجرة كتم السر ‎money‏ —
بادثة معناها (ماثى - سائل) ‏ - 898:0 | قشرة الثمرة أو البذرة ‏ يقش ‎husk (ny.)‏
طائرة مائية ‎hydro airoplane (n.)‏ | كثبر القشر . اجش ‎husky (adj.n.)‏
علم ضغط الرائل ‎hydrodynamics (n.)‏ (الصوت). قوى - شخص نوى
علم ‎s‏ (الهيدرولوجيا) )1( 09850108 | خبال. سوارى . جتدى ‎hussar (n.)‏
يحلل بالماء . بتحلل بالماء ‎(v.)‏ 30801928 | فتاة أو امرأة وقحة . فاجرة ‏ )1( ‎hussy‏
‏العلاج بالماء ‎hydropathy (n.)‏ | مجلى لانتخاب ‎hustings (n.)‏
داء الكلب ‎hydrophobia (n.)‏ أعضاء البرلمان. محكمة
‎hydrophyte (n.) A‏ محلية . منبر الخطابة"	al-shamil-dictionary
281	"مبالغة . إطئاب.غلو  ‎hyperbole(n)‏ | منظار قاع ‎hydroscope (1) i‏
إطنابى ‎hyperbolical (adj.)‏ | الانتحاء ‎hydrotropism (n.) Wi‏
‎hypercritic, __ sl (adj.)‏ | مالى ‎hydrous (adj.)‏
مبالغ فى الانتقاد الحيوانات المائية ‎hydrozoa (n.)‏
طول النظر | ‎hypermetropia (n.)‏ شت ى. شتائى ‎hyemal (adj.)‏
‎hyena (n.) & | hypermetropy (n.)‏
زيادة شهية الطعام  ‎hyperorexia (n.)‏ | مختص بالمطر ‎hyetal (adj.)‏
علامة رصل بين ‎hyphen (n.)‏ | مقياس المطر ‎hyetometer (n.)‏
كلمتين ‎(D‏ شرطة قصيرة علم حفظ الصحة ‎hygiene (n.)‏
‎e‏ يم المفناطيسى ‎s hypnotism (n.)‏ مختص ‎hygienic (adj.)‏
ينوم تثرمًا مغخاطيسيً  ‎hypnotize (v.)‏ بقواعد الصحة
‎hypochondriac (adj.n.)‏ | علم الرطرية ‎hygrology (n.)‏
مصاب بوسواس المرض. موهوم مقياس الرطوبة الجوبة ‎hygrometer (n.)‏
بالمرض (بأئة مريض) - المصاب بدنى . جسدى . مادى ‎hylic (adj.)‏
بوسواس المرض غشاء البكارة ‎hymen (n.)‏
رياء نفاق . مداهنة ب حت فق غشاء اعد[ ‎hymenectomy (n.)‏
مراء . منافق ‎hymenotomy (n.) hypocrite (adj.)‏
النسيج الضام ‎hymenorrhaphy (n.) hypoderm (n.)‏
«نحت الجلد؟ عملية تجميل غشاء البكارة
نحت جلدى.  ‎hymn (v.n.) hypodermic (adj.n.)‏
الجلدى ‏ الحقن تحت الجلد ‎i‏ تشيد وطق
‎hypogastrium (n.)‏ الجاز المرسل ‎hypallage (1) ¢yl‏
خثلة البطن .ما بين السرة والعانة بادثة معناها : إقراط أو ‎hyper ١0‏
سفلى . تحت 1 4 ‎hypogenous (adj.)‏ زيادة أو زائدة
مقيرة نحت ‎L N‏ )( 990086000 | القطع الزائد ‎hyperbola (n.)‏
سرداب. قبو «فى الهندسة؟. قطع مخروط"	al-shamil-dictionary
282	"الهبسوغرافيا ‎hypsography (n.)‏ | واقع نحت اللسان ‎hypoglossal (adj.)‏
(علم قياس مرتفعات مطح الغدة النخامية ‎hypophysis (n.)‏
الارض ووضع الخرائط لها تصور فى نشاط ‎hypopituitarism (n.)‏
مقياس الارتفاع . ‎hypsometer (n.)‏ الغدة النخامية
الهبسومتر ذر سقف مرتكز  ‎hypostyle (adj.)‏
‎hypsometry (n.)‏ على أعمذدة
قياس الارتفاع عن سطح البحر وتر المثلث ‎hypotenuse (n.)‏
ثغام. حشيشة الزوفاء ‎hyssop (n.)‏ (القائم الزاوية)
الرحم . الفرج ‎hystera(n.)‏ | يرهن (عقارًً مثلا)  ‎hypothecate (v.)‏
يستاصل الرحم ‎١ hysterectomize (v.)‏ رهن عقارى ‎hypothecation (n.)‏
استتصال ) ‎١ hysterectomy (1) o>‏ الفرورض ‎hypotheses (n.)‏
هيستريا (مرض عصبى). ‎hysteria(n)‏ | فرض . افتراض ‎hypothesis (n.)‏
هوس افتراضى . حدسى . ‎hypothetical (adj.)‏
‎hysterotomy (n.)‏ نظرى
العملية القيصرية . شتى الرحم ‎hypothyroidism (n.)‏
مضطرب العقل . مجنون  ‎DYt (@di)‏ | قصور. الغدة الدرقية
نقص النمو . المور ‎hypotrophy (n.)‏
|"	al-shamil-dictionary
283	"1 281 Ich
! I |
1 ©
-
Li 0 ‏الحرف التاسع من حروف الهجاء‎ 87601066  , ‏يستهل الحديث. يرفع‎
‏التكليف الإنجليزية. أنا. مير المفرد‎
‏امتكلم‎ __cream ‏جيلاتى . دندرمة‎
Tal (n.) ‏لغة جبرية دولية‎ | On__, ‏مضمون‎ 42
iamatology (1)  .تاجالعلا ‏فى موضع محفوف 0 .0080# | مطلب‎
‏بالمخاطر علم المادة الطبية‎
iamb (n.) ‏العميق أبحر عررفى‎ | iceberg (n.) ‏جيل جليد عاتم‎
‏مؤلف من مقطع غير مشدد‎ iceboat (n.) ‏مركب الجحمد‎
‏«للانزلاق على الجليد؟ التطى يتبعه مقطع مشدد النطق‎
iambus (n.) ‏بحر الرجز‎ | icebound (adj) ‏محاط بالجليد‎
‏علم العررض)‎ i) icebreaker (n.)  ةنيفس«‎ L3 ‏كارة‎
‎ianthine (adj.) ‏لتكسير الثلج المتجمد على أرجوانى‎
fatraliptic ‏سطح البحرة. بناء حجرى أو العلاج بالفرك رالتدليك ززفة)‎
i . o ‏خشبى لحماية الور من الجليد‎
iatric, ___al (adj.) ‏متعلى بالطب أو‎ e ‏محطة الجليد‎ g
‏.عي‎ icefloe (n.) ‏قطعة ثلج طافية‎
Toerian (n.adj.) ‏قوقارى . إيبيرى . أسبانى‎ ichnearmon () o
. i. ‏ماعز‎
‏معطا‎ (n) ‏عز جلى . الوعل‎ ichnology (n.) ‏دراسة آثار الأقدام‎
ibidem )1.( ‏فن الحفريات فى نفس المكان. فى نفس‎ 0
| ‏صديد رقي يخرج من روج ) الكتاب أر الفصل .ار الصفحة‎
pisn) ‏قرداة - أبو منجل‎  iinyalogy ) ‏علم الأسماك‎
168)0( - ‏جليد. حلوى مثلجة‎ 28|ty ophagous )24/.( . ‏مقنات بالأسماك‎
‏آكل للأسماك بتلج . يجمد. بكر بالثلج‎"	al-shamil-dictionary
284	"إصلاح . لهجة . تعبير خاص . (:7) 18000 | ببرود شديد . ببرودة.يتجمد ‎icily (V)‏
أسلوب برود شديد . برودة . تجمد ‏ (.8) 1000655
إصطلاحى ‎idiomatic, _al (adj)‏ | تليج . تلبيس بالسكر ‎icing (n.)‏
غريزة. فطرة . ‎idiosyncrasy (n.)‏ | تمثال ‏ أيقرنة. صورة قديس  ‎icon(n)‏
‏خاصية . فرط الحساسية لدواء عبادة التماثيل ‎iconolatry (n.)‏
معين مثلا مصاب باليرقان ‎icteric (adj.)‏
غريزى . فطرى ‎idiosyncratic (adj)‏ | البرقان ‎icterus (n.)‏
الاحمق . ‎idiot(n) WYL‏ | ثلجى .بارد ‎icy (adj.)‏
‎Bl‏ بلاهة. تعبير )( ‎idiotism‏ | فكرة. خاطر . معرفة. 81 ‎idea (n.)‏
.إصطلاح مثالى . نموذجى . تصورى. ‎ideal (adjn)‏
تافه. عاطل عن ‎(adj.v.)‏ 1016 دهنى - هدف. مثل أعلى
العمل . كلان. بدون عمل - المذهب المثالى . المثالية  ‎idealism (n.)‏
يعطل . بتكاسل المثالى - مثالى ‎idealist (n.adj.)‏
لغر له | بجعله ‎idealize (v.) Ol‏
بطالة. تعطل ‎Qo | idleness(n) S‏ .دمي ‎ideally (adv.)‏
كسلان. متراخ . كسول ‎idler (n.)‏ يكون فكرة. يتصور ‎ideate (v.)‏
العجلة الوسيطة 0 ‎(n)‏ #0681 :106 | متمائل . متطابق فاته (ارفه) ‎identical‏
‏«السائبة؟ الهوية. الشخصبة . (.8) ‎identification‏
‏صنم . وثن . تمثال ‎idol (n.)‏ إثبات الشخصية - تمائل . تطايق
محبوب . معبود. معشوق يطابق . يتطابق . يتمائل.  ‎identify (v.)‏
عبادة الأصنام ‎___worship‏ يلبت أو يحققى هوية الشخص
وثنى . عابد الأصنام . مُشرا البريسيس ال ا ‎identity (n)‏
55 عابدة الأصنام  ‎idolatress (n.)‏ 0 . مطابقة
.مشركة الكتابة التصويرية ‎ideograph (n.)‏
عبادة الاصنام . ولع . شغف () ‎idOlaly‏ | طريقة التفكبر والثقافة  ‎ideology (n.)‏
.حب أعلى لجماعة ما. الايديولوجية. فن
البحث فى الافكار والتصورات"	al-shamil-dictionary
285	"استتتاج (8) 111300 | 'يؤله . يحب بإفراط . يعبد  ‎idolize (v.)‏
فليل الأدب ‎ill - bred (adj.)‏ . يمارس عبادة الارثان
غير شرعى . حرام . ‎illegal (adj.)‏ | نشيد الرعاة. الانشودة الرعوية ‎idyl(n)‏
‏غير قانونى إذ. لو .ما إذا ‏ شرط .افتراض (.600[.3) ‎if‏
‏محرمة . مخالف للشريعة )1( ‎illegality‏ | كرخ الإسكيمو. | ‎igloo (n.)‏
د الشرع . بالحرام ‎illegally‏ مبنى على شكل قبة م ‎igh‏
‏لا يُقرا ‎S, | illegible (adj.)‏ نارى ‎igneous (adj.)‏
حرام .غير شرعى (./24) ‎illegitimate‏ | رهمى .باطل ,. )( ‎ignis - fatuus‏
سىء السمعة ‎ill - fomed (adj.)‏ فوسفورى. ضوء كاذب. سراب
منحوس. قلبل الخط ‎(adf)‏ 8060 - 111 | يوقد. يشعل . يلهب ‎ignite (v.)‏
بشع فيح الصورة ‎il - favoured (adj.)‏ | اشتعال. الهاب. إيقاد ‎ignition (n.)‏
سحت . مقتتى ‎ill - gotten (adj.)‏ | حقير . دنئ الأاصل ‎ignoble (adj.)‏
بالحرام , حرام رضيع المولد
‎L‏ جلف . ‎illiberal (adj.)‏ | عار . خزى ‎ignominy (n.)‏
غير مثقف جهل .عدم معرفة ‎ignorance (n.)‏
محرم. ممنوع شرعًا ‎illicit (adj)‏ | جاهل.عديم المعرفة  ‎ignorant (adj)‏
لا حدله. ‎illimitable (adj)‏ | يتجاهل . ينكر . يرفض الاعتراف ب ‎ignore‏
‏لا متناء. غير محدود الإغرانة «عظاية أمريكية  ‎iguana(n.)‏
‏الامية ‎illiteracy‏ استرائية ضخمة ‎AT‏ العاشب+
أمى .غير متعلم ‎illterate (adjin)  -‏ | إحرام ‎ihram (n.)‏
شخص ‎A‏ مريض . شرير . صعب (.2878.زف6) لذ
‎b‏ داء ‎illness (n.)‏ - بصعوية. باستياء
غير منطقى ‎illogical (adj.)‏ | مرض. محثة. سوء ‎__deed‏
‏فى غير وفثه ‎timed (adv.)‏ - 111 | مضطرب. قلق ‎__arease‏
‏مادة أو أداة مضيئة ‏ (.0) ‎illuminant‏ فظ.شرس ‎behavior‏ _-
يضىء. ينير . يزخرف . ‎lluminate (v)‏ | غل . شحناء. عدواة. حقد 560604 -
إضاءة . زينة بالأنوار ‎illumination (n.)‏ | شرأسة ‎humor‏ __"	al-shamil-dictionary
286	"عدم التوازن. اختلال  ‎imbalance (n)‏ | وهم . غرور. تخيل . خطأ ‎illusion (n.)‏
الترازن الوظيفى فى + ‎illusive (adj.)‏
الإننان - ‎o‏ عدل [ ‎illusory (adj.)‏
معتوه . أبلة ‎imbecile (adj)‏ | يشرح .يفسر .برسم . يرضح ‎iHustrate (v.)‏
يطمر . يدفن . يغطى ‎imbed (v.)‏ | ترضح .مضو بتر ‎illustrated (adj.)‏
يشرب نخب شخص . يتشرب ‎(v.)‏ 1700108 | رسم . رصف . إيضاح ‎illustration (n.)‏
اشرب الخماص  ‎imbibition (m)‏ | تصويرى. إيفاحى (ز4ة) ‎illustrative‏
‏يشجم ‎illustrious (adj.) )uArL.Am.: imbolden (v.)‏
زخرفة تراكبية . تراكب ‎imbrication (n.)‏ | عداوة. نفور ‎ill - will (n.)‏
لفط . سوه تفاهم . نشوش ‎(m)‏ 101008110 | بوء ‎illy (adv.)‏
يقلد. يتشبه ب. يزور ‎imitate (v.)‏ | تمثال. صورة. أيقونة . فكر - ‎image (n.v.)‏
تقليد . تشبه . محاكاة ‏ )1( ‎imitation‏ | يجد.يرز. يرم إلى. يمكس
تقليدى . تشبهى . رائف ‎imitative (adj.)‏ الصورة
مقلد . مقتد ب ‎imitator (n.)‏ | _تثال. تخيلات. تمائيل. 0 ‎imagery (n.)‏
طهارة. نقاء | ‎immaculacy (n.)‏ أصنام وصف راضح كالتصوير
‎immaculateness (n.)‏ | مدرلا يمكن إدراكة ‎imaginable (adj)‏
‎immaculate (adj.)‏ بالعقل . معقول
طاهر. بلا دنس . نقى تصورى . خيالى . وهمى ‎imaginary (adj.)‏
ررحى . غير مادى . ‎immaterial (adj.)‏ وهم . تخيل . ظن ‎imagination (n.)‏
قليل الاهمية تخيلى . رهمى ‎imaginative (adj.)  .‏
اللامادية (مذهب) (.0) ‎immaterialism‏ واسع الخيال
غير ناضج ‎immature (adj.)‏ | يتخيل .يتصرر ‎imagine (v.)‏
لاحد له لا يقاس ‎immeasurable (adj)‏ | التصويرية ‎imagism (n.)‏
البداهة . الفورية ‎immediacy (n.)‏ (انجاء شعرى حديث)
فورى . عاجل رأسًا. ‎١ immediate (adi)‏ الإنام ‎Imam (n.)‏
قريب. مباشر الإمامة }.1( ‎Imamate‏
‏ات [ ) ‎immediately (acv.‏"	al-shamil-dictionary
287	"ثابت .غير متقول.  ‎immobile(adi)‏ | لاأعتاء 4. ‎immedicable (adj)‏
جامد. لا يتحرك من مكائه لا سبيل إلى شفائه
‎ki‏ جمود .عدم حركة )1( ‎immObility‏ | سحي - منذ القدم ‎immemorial (adj)‏
يشل حركته . يجمد . () ‎immobilize‏ | غير محدود. ضخم ‎immense (adj.)  .‏
تطرف . تجاوز الحد. ‎immoderacy (n.)‏ انيح واسع
إفراط ضخامة.اتساع ‎immensity (n.)‏
متطرف . متجاوز  ‎immoderate (adj.)‏ جسامة . امتداد كلى
الحد. مفرط ‎immerge (v.)‏
‎١ dest (adj.)‏ بخط يقر } ‎immerse (v.)‏
بذىء .غير متواضع . قبيح مغمور. منهمك فى ‎immersed (adj.)‏
بذاءة. قبح ‎immodesty (n.)‏ | غمر. تغريق. ‎immersion (n.)‏
يضحى ب . يقدمه ‎it immolate (v.)‏ . انهماك
كذبيحة ‏ يقتل شبك . لحفن .عرفل ل ‎immesh‏
‏اضحية. تضحية  ‎immolation (n)‏ | بلا نظام أو منهج ‎immethodical (adj.)‏
‎The day of Immolation‏ معين . غير مرتب . غير منهجى
يوم النحر «فى عيد الأاضحى؟ المهاجر - مهاجر  ‎immigrant (nadj.)‏
لا أاخلافى . خليع . فاخر ‎immigrate (v.) el | immoral (adj)‏
خلاعة . فجور . دعارة ‎immorality (m)‏ | هجرة. جلاء ‎immigration (n.)‏
خالد. بانى . دائم . خالد (0.[ل20) ‎immortal‏ | علي رشك الحدوث ‏ )1( ‎imminence‏
‏الذكر ‏ شخص خالد الذكر قريب الحدورث
خلود . بقاء . دوام ‏ )( ‎immortality‏ | رشيك . قريب الحدرث ‎imminent (adj.)‏
يخلد . يجمله خالدًا ‎immortolize (v)‏ | يدنج مزج ‎immingle (v.)‏
غير قادر على ‎(adi) & i‏ 100000018 | غير قابل للامتراج ‎immiscible (adj.)‏
ثابت. جايد ‎immovable (adjn)‏ | غير ابل للتهدثة  ‎immitigable (adj.)‏
عديم التأثر - شىء راسخ مزج بشدة ‎immix (v.)‏
معتى . معلى . حصن( زا4ة) ‎immune‏ انتراج برج اسن
منيع ‏ المستثنى المعلى الحصين"	al-shamil-dictionary
288	"متقد . متحمس . ‎sl | 170035560060 (adj.)‏ . إعفاء . حصانة. ‎immunity (n.)‏
مغتاظ المناعة
لا يتالم . فاقد الحس ‎impassive (adj)‏ | يجعله ذا حصانة. ‎immunize (v.)‏
أو الوعى . لا يتأثر . ‎b‏ يحصن.يمنع
يمجن ‎impaste (v.)‏ علم المناعة (.1) ‎immunology‏
‏جزع. قلة صبر . ملل (.8) 100808068 | ولد شقى . شيطان. عفريت ‏ (.8) 10
عديم الصبر. ‎impatient (adj.)‏ | صدمة. اصطدام . تصادم - ‎impact (n.v.)‏
شديد التوق إلى يصدم. بدمج .يد .يملا .
يجرح . يشكك فى صحة ‎impeach (v.)‏ يغرز. يثبت ؛ يرص
شىء . يخون مرصوص . مغرو ‎impacted (adj.)‏
يرضع باللآلىء () ‎impearl‏ | بين عظم الفك وسن آخر
معصوم من ‎impeccable (v) Uikl‏ | يتلف.يفد. يضر . يعجز . يقلل ‎impai (v.)‏
يمن . بعرق . يعرقل . يصاد ‎impede (v.)‏ | تلف . فساد. ضرر . عجز ‎impairment (n.)‏
‎I~‏ عرفلة . تعويى . عائئى ‎impediment (n.)‏ | عدم إمكانية الح ‎impalpability (n.)‏
أثقال . عفش . أمتعة ‎impedimenta (n.)‏ أو الإدراك. عدم قابلية الحس
‎D0‏ مهمات اليش لا يدرك باللمس . ‎impalpable (adj)‏
يستفز. بحث . يرفع ‎impel (v.)‏ غير موس
يتوعد . يهدد. يوشك على ‎(v.)‏ 1010800 | يدرج الاسماء فى قائمة  ‎impanel (v.)‏
لا ينغذ. لا يُخترق. ‎impenetrable (adj)‏ .| تفاوت . اختلاف ‎imparity (n.)‏
أصم .لا يدرك يفشى . بفصح عن . ينقل . يذيع ‎(v.)‏ 1009851
لزامى . أمرى . أساسى (.24) ‎imperative‏ | منصف . عادل.ئزيه  ‎impartial (adj.)‏
إمبراطور . حاكم مطلق (.8) ‎imperator‏ .مسقط. عديم المحاياة
غير محسوس .1 ‎imperceivable (adj)‏ | إنصاف . عدل. نزاهة )1( ‎impartiality‏
‏لا يدرك ] ‎١ imperceptible (adj.)‏ غير قابل للتجزثة  ‎impartible (adj.)‏
ناقص .غير تام ‎imperfect (adj)‏ | لا مكن عيورة.  ‎impassable (adj.)‏
معاب .غير ملزم لا بلك
نقصان. عيب . نقص ‎imperfection (n.)‏ | يثير أر يحرك العواصف ‎impassion (v.)‏"	al-shamil-dictionary
289	"كفر . الحاد .عدم التقرى ‎impiousness (n.)‏ | نقص . عدم كمال (.8) ‎imperfectness‏
‏شيطانى . جلى ‎impish (adj.)‏ | ملوكى . إمبرطورى.  ‎imperial (adjn)‏
يوطد . يغرز . يثبت . يرسخ ‎implant (v.)‏ مهاب . مور . بالغ الامتبار. جليل.
فى الزهن . يزرع نيج ‎G‏ استبدادى ‏ امبراطور .
عدة .آكة-ينجز . يحقق ‎implement (n.v.)‏ سكوكة (لحية صغيرة فى نهاية
يورط : يوقع فى ‎implicate (v.)‏ الذفن). قبو
مورط . مشتبك .له ‎implicated (adj.)‏ | الاستعمار. ‎imperialism (n.)‏
‎s‏ فى الأمر الحكم الإمبراطوري
ترريط . اشتباك. تلميح ‎implication (n.)‏ | استعماري. ‎imperialistic (adj.)‏
ثايت . وطيد . داخل . ‎implicit (adj)‏ إمبراطورى
نحت. مفهوم ضما يعرض للخطر . يوقع فى خطر ‎imperil (v.)‏
ضمنا.بدون ‎il‏ ريب ‎implicitly (adv.)‏ | متغطرس. ستبد 0 ‎imperious (adj.)‏
ملهوم غيمًا. ضمنى  ‎implied (adf)‏ | الخلود. عدم ‎imperishability (n.)‏
ترسل. ابتهال ‎imploration (n.)‏ الفناء . اللافنائية
يتوسل . يبتهل ‎implore (v.)‏ | إمبراطورية.سلطة ‎imperium (n.)‏
يتضمن . يشتمل على . بقتفضى ‎mply (v.)‏ أو سيادة الدولة
ضما زفه) ‎impermanent‏
‏قليل ‎oI‏ (.زه) ‎By | impolite‏ . مزقت . غير دائم
قلة أدب ‎impermeable (adj.) impoliteness (n.)‏
يستورد . يفيد ضما . يعنى ‎(v‏ 1010051 | غير منفذ للماء. كتيم
يدل - استيراه . مضمون. أهمية مبهم . مجهرل . صيغة ‎impersonal (adj.)‏
اهمية . شان. اعتبار  ‎importance (n.)‏ الغائب المجهول (فى النحو)
هام .مهم ذر شان ‎important (adj)‏ | رقح.سليه (أزفه) ‎impertinent‏
‎١‏ استيراد ‎importation (n.)‏ | عنيف . متهور. متدفع ‎impetuous (adj.)‏
ملح .مزعج - يلح ‎importune (adj.v.)‏ | الحاد . كفر .عدم تقرى  ‎impiety (n.)‏
على . يزعج يهدم . يصدم . يلطم ‎impinge (v.)‏
الاح . ازعاج ‎importunity (n.)‏ | كائر . ملحد. عديم ‎impious (adj) il‏"	al-shamil-dictionary
290	"عدم احتمال حدوث ‎improbability (m.)‏ | يفرض . بتطفل على . ‎impose (v.)‏
أمر. استحالة يكلف ب. يفرض رسم أو

مستجيل الحدوث ‎improbable (adj.)‏ ضرية

استتكار .الطعن  ‎improbation (m)‏ | تكليف.ضرية. ‎imposition (n.)‏
بالتزوير . استهجان خدعة. احتيال. ملعوب

مرتجل - ارتجالاً ‎impromptu (adj.adv.)‏ | مستجل. غير ممكن ‎impossible‏
‏فور ضرية. رسم . جمرك ‎impost (n.)‏

غير مناسب . غير لاثق ‎improper(adi)‏ | محتال. دجال. نصاب  ‎impostor (n.)‏

عدم لياقة .عدم مناسبة(.8) ‎١ impropriety‏ احتبال , حيلة. نمب ‎imposture (n.)‏

يتحسن . يحن ‎(v)‏ 1000016 | عجز . وهن. | ‎impotence (n.)‏

تحن.نحين ‎improvement (n.)‏ ضعف القوة ‎impotency (n.)‏
. إصلاح . ترقية. تهذيب عاجز . واهن . ضعيف ‎impotent (adj.)‏

عدم تبصر . مجازفة )1( 1000001086006 | يضبط . يحجز ايحن ‎IMPOUNd (v.)‏
. مغامرة يلمن .يب ‎imprecate (v.)‏

impress (n.v.) ‏أثر. علامة. بصمة‎ | improvident (adj.) . Gjlau

يرتجل ‎improvise (v.)‏ يلزم . يشدد على . يختم

impression (n.) ‏تأثير. فكر.رسم‎ | imprudence (n.)  .ةقامح ‏مجارفة.‎

impressive (adj.) ‏مؤثر‎ | imprudent (adj) ‏مجارف . عديم الفطة‎

وقح . قليل ‎impudent(adi) ki‏ | إجبار. إلزام ).( ‎impressment‏

imprest (n.v.) sk - ‏صلفة . فرض‎ | impudicity (n.) ‏قلة حياء‎

imprimatur (n.) ‏تصريح بطيع‎ | impugn (v) ‏يكذب.يطمن‎

باعث . محرك . دافع . نبضة )1( ‎impulse‏ كتاب ) 3%( .

imprint (v.n.) gt ‏يطبع‎ | impulsion (n) 0 ‏نزوة. اندفاع . حافز‎

داقع . محرض ‎impulsive (adj.)‏ - اسم طابع الكتاب أو ناشرة
مندفع ‏ متهور يحبس . يجن . بحجز  ‎(V)‏ 1000508

حبس . سجن . حجز )1( 1018030001871"	al-shamil-dictionary
291	"impunity (n.)  تالفإ‎ . ‏إعفاء . حصانة‎ | inaccessible (adj.)
‏متعذر بلوغه . وعر المنال من عقوية‎
impure (adj.) ‏غير نقى. نجس‎ | inaccuracy (n) 0 ‏عدم دقة أر ضبط‎
impurity (n.) ‏عدم نقاء. نجاسة‎ inaccurate (v.)  طوبضم ‏غير دقيق أو‎
impute (v.) - ‏ينب إلى . يعزى إلى‎ | inactivate (v.) N . ‏يمل‎
‏ينهم ب‎ inactive (adj.)  ةكرحلا ‏ساكن .عديم‎
in(prepadv.adin) ‏ب . بواسطة. إلى‎ | inactivity )8.(  ةكرح ‏سكرن. عدم‎
‏داخل . على مقربة من. إلى أر‎ inadequate (adj.) ‏غير واف بالغرض‎
- ‏ناقص . غير كاف نحو داخل (بيت مثلا)‎
-y . ‏داخلى . حاكم ذو سلطة‎ inadmissible ‏غير مسمرح به . مرفوفض‎
‏لفوذ. صاحب السلطة‎ S
__advance Gz | inadvertence (n.) . ‏اتفصير. سهر‎
—caseof  رل.اذك ‏فيما.فى حالة‎ | inadvertency (n.) } ‏إهمال‎
‎- conclusion ‏بالنهاية. بالحتام‎ | inadvertent )64/.( ‏متهاون. غافل . مهمل‎
—_debr ‏مديون‎ | inalienable (adj.) ‏ملك موتوف.‎
-_ 6:01 of ‏غير قابل للتحويل. لاتنقل رغمًا عن‎
—fine ‏وبالاختصار‎ sl
—_Jorce ‏معشوقة . حبيبة . محبوبة )1( 103010212 | سارى المفعول‎
—front of ‏أمام‎ | inanimate (adj.) ‏جماد. عديم الحياة. يليد‎
860600 ‏بصفة عامة. على العموم‎ | 10200800 )8( LY gy s |
- 0800 0 ‏موجود.حاضر. فى اليد‎ | inanity (n) ‏تفاهة. فراغ‎
__regardto ‏بالنظر إلى‎ ١ inapparent (adj.) ‏غير واضح‎ |
8# ‏لا يخمد.غير  (.]80) 102008052016 | قيد الاستعمال‎
0# ‏قابل للتهدئة بلا جدوى‎ |
__viewof ‏الشهوة (للطعام) )1( 10000016006 | بخصوص‎ i
508801015 ‏تفاصيل . بواطن وطواهر‎ | inapplicable (adi) ‏عير ملانم .غير‎
inability ‏قابل للتطبيق . لا ينطبق قصور .عدم مقدرة‎"	al-shamil-dictionary
292	"مبخرة ‎bumer(n)‏ | غير بارع .غير ملائم ‎inapt (adj.)‏
مثير . مستفز . باعث  ‎(adj)‏ 10660076 | عدم ملاءمة . عدم براعة ‎inaptitude (n.)‏
مستثمر . متوال ‎incessant(adj.)‏ | إهمال. غفلة ‎inattention (n.)‏
الزنا بين الأقارب ‎incest(n)‏ | مهمل. غير 424 ‎inattentive (adj.)‏
المحرم زراجهم غير مسمرعغ ‎inaudible (adj.)‏
‎(S5,‏ الفحشاء فى (./04) 106850005 | افتاحى . تدشينى.  ‎inaugural (adj.n)‏
الحرم من النساء احتفالى ‏ خطاب التولية
بوصة ‎inch (n.)‏ (لرئيس الجمهورية)
غير كامل . مبدوء فيه ‎inchoate (adj.)‏ | يايع . يدشن . يتجح  ‎inaugurale (v.)‏
وقوع . سقوط . نقطة أو ‎incidence (n.)‏ رسميًا باحتفال
‎W‏ السقوط على سطلح تدشين ‎inauguration (n.) gl‏
‎AR‏ . حادث. ‎incident (n.adj.)‏ رسمى . مبايعة
عارض . مصادفة - ساقط . واقم غير مرفق . مشؤوم ‎inguspicious (adj.)‏
عرضى . بالصدفة  ‎incidental (adf.)‏ | فطرى . ورائى . خلقى ‎inborn (adj.)‏
‎G‏ يحوله إلى رماد ‎(V.)‏ 1061060218 | بحث . يحرض . يستنشق. ‎inbreathe (v.)‏
محرقة ‎incinerator(n) LU‏ | ينفخ فى
يحز . يحفر . ينقش ‎incise (v.)‏ | فطرى.غريزى ‎inbred (adj.)‏
إغراء. إثارة ‎incitation (n.)‏ | لابق .لا ,= ‎incaleulable (adj.)‏
يغرى. يثهر () 106016 | ساطع.مترهج  ‎incandescent (adj.)‏
إغراء. إثارة ‎incitement (n.)‏ عدم مقدرة ‎incapability (n.)‏
سماجة .عدم ‎incivility )8.( Gl‏ | غير قادر ‎incapable (adj.)‏
حازم . شديد . قاس ‎inclement (adj.)‏ | يعجز. يضعف ‎incapacitate (v.)‏
انحراف . حدور . اتحدار (--8) ‎INCHRE‏ | ضعف .عدم ‎incapacity (n.) sl‏
- ينحدر. ينعطف. يميل يجد. يجم .تتجسد ‎incamate (V.adj)‏
منحن. مايل .ميال راغب (280) 10600060 | ‎Gy~‏ جنائى. 0 ‎incendiarism (n.)‏
‎be less __ towards this‏ 10 الحرق عمد
يزهد فى الدنيا لا اذ ‎incense (nv.)‏"	al-shamil-dictionary
293	"inclined plane (n.)  لئاملا ‏المسترى‎ ١ incompetent (adj.)
inclosure ()  . ‏غير كفز .غير واف بالمراد حوش . حظيرة. سياج‎
‏الشىء الداخل ضمن آخر‎ incompliant (adj.) ‏عنيد‎
‎include (v.) . ‏يشمل . يشتمل على‎ | inconceivable (adj.) ‏لايصدق‎
‏يتضمن. يدرج‎ incongruity )( ‏تنافر‎
‎inclusion (1) ‏اشتمال. تمن . حص‎ | incongruous (adj) ‏متنافر . متضارب.‎
inclusive (adj.) ‏متناقض متضمن. شامل‎
incogito (adj.adv.)  - ‏مكر. تخف‎ | inconsequent (adj)
incoherence (n.) ru,.\s.. ‏تنافر‎ | inconsiderate (adj.) ‏غير مراع لمشاعر‎
‏الآخرين . طائش تناسق الكلام‎
incoherent (adj.) ‏متافر. متقطع . مشوش‎ | inconsistency (n.) | . ‏تنافر. تناقض‎
incombustible (adj.) ‏غير قابل للاحتراق.‎ | inconsistence (n.) J ‏لا ترابط منطقى‎
‏لا يحترق‎ inconsistent (adj.) . ‏متقلب . غير ثابت‎
income (n.) ‏دخل‎ Al
incommode (v.) ‏بزعج. يضاين‎ | inconsolable (adi) ‏لاعزام فيه‎
incommodious (adj.) inconsonance (n.)  ضقانت ‏تنائر.‎
‎.Gl . ‏غير موفق‎ | inconsonant (adj.) ‏متنافر. غير‎
incommunicable (adj.) ‏متناغم .غير مطابن‎
‏لا يقال. متعذر إبلاغه‎ | inconstant (adf) . ‏غير ثابت . متقلب‎
incommunicado (adv.adj.) inconsumable (adj.) ‏لا ينفذ . لايتلف‎
‏بدون اتصال بالآخرين  انفراديًا‎ | 1000018918016 (adj.) ‏لا يقبل الجدل.‎
incommunicative (adj.) ‏ثابت . محقق متحفظ . كتوم‎
incomparable (adj.) ‏لا يقارن. لا بل له‎ | incontinence (1) y ‏فجور . دعارة.‎
incompatible (adj.) ‏متافر مضاد. متعارض‎ | incontinency (n.) ‏عدم المقدرة نر‎
incompetence (n.) ‏ضبط النفس. سلس البول‎
incompeeney (n) ] 75 4"	al-shamil-dictionary
294	"آخذ فى النمو. متنام 0 (.8) 1005856601 | غير ملائم . مشعب . ‎inconvenient (¢dj.)‏
ينهم بجرمة . يجرم ‎incriminate‏ أذ
قشرة . طبقة خارجية. ‎inCrustation (i)‏ | غير قابل للتحويل ‎inconvertible (adj.)‏
تلبيس بقشرة خارجية. تغليف إلى عملة اخرى . لا يتغير
يفرخ . يفقس البيضر + ‎(v.)‏ 100000816 | يرحد. يدمج. ‎incorporate (v.)‏
يطور. يتطور يؤسس. يجساد
فترة الحضانة . حضائة  ‎incubation (n.)‏ | متحد. محدود  ‎incorporales (adj.)‏
‎o U‏ الفترة بين الإصابة (لشركة). مندمج
بالمرض وظهور أعراضة دمج .اندماج ‎incorporation (n.)‏
الحضانة.آلة لتفريخ  ‎ineubator(n)‏ | تجيد. تاسيس شركة أو ثقابة
البيض . حاضن . المحضن. جهاز ‎incorporeal (adj.)‏
لحضانة البيض أ تفريخه غير مادى. روحى . معنوى
كابوس . عفريت ‎(n.)‏ 1060005 | غير صحيح . خطأ ‎incorrect (adj.)‏
يطبع فى الذهن. يلقن (7) ‎inculcate‏ | عدم صحة. ‎(n.) Ut‏ 106056618855
يتهم خطأ ‎inculpate (v.)‏ | لا يقوم. لا سبل ‎incorrigible (adj)‏
تررط فى جريمة . تجريم (.8) ‎inculpation‏ لإصلاحه .لا يصلح
تنصيب . إسناد ‎incumbency (n.)‏ | لا يقبل الرشوة. ‎incorrupt (adj.)‏
واجب. تولى منصب ما أئزية. مستقيم
صاحب منصب - ‎(nadj)‏ 100000601 | غير قابل للرشوة. ‎incorruptible (adj.)‏
مستند. ضاغط على. متكئ:. غير قابل لاد
إجبارى . إلزامى. واجب يزداد. يزيد . يتكائر ‎increase (v.n) L‏
‎itis _ 001 every muslim 10 ...‏ ينتشر ‏ ازدياد . زيادة. غلة . ُو
راجب على كل مسلم أن .2 لايمدق ‎incredible (adj.)‏
| استحالة الشتفاء ‎incurability (n.)‏ اميل إلى عدم التصديق ‎incredulity (n.)‏
لا يشفى . غير قابل  ‎incurable (adj.)‏ عدم تصديق
| للشفاء. مستعص . عضال مرتاب. شاك ‎incredulous (adj.)‏
مرض عضال ‎disease‏ 4 زيادة. ربح علارة ‎increment (n.)‏
زر لاسا"	al-shamil-dictionary
295	"حز .ثغرة. شق . طلب  ‎indent(my)‏ | غير مهتم ب .غافل  ‎incurious (adj.)‏
- يجز . ‎Gy‏ يقدم طلبً. يطلب غارة.غزو ).( ‎incursion‏
‏انبعاج . فراغ يترك  ‎(m)‏ 1008013000 | ملوى إلى الداخل  ‎incurvate (adj.v.)‏
فى أول الفقرة. تضريس . معقرف ‏ يلرى . يعقف
نسنين . شرشرة يلوى إلى الداخل  ‎incurve () o‏
‎e‏ مشرشر ‎indented (adj)‏ | عظم السندان فى الأذن ‎incus (n.)‏
استقلال . حرية . } ‎independence (n.)‏ | مديون ‎indebted (adj.)‏
غنى ‎indebtedness (n.) o | independency (n.)‏
مستقل. مطلق.  ‎independent (adj)‏ | قلة حياء . بذاءة ‎indecency (n.)‏
حر. غير مرتبط غير محتشم .عيب ‎indecent (adi)‏
أتباع . شيعة . طائفة ‎independents (n.)‏ مناف للآداب العامة
لا بوصف .لا ‎indescribable (adj.)‏ | الفحش فى القول ‎An __ opinion‏
يمكن رصفه . يفرق الرصف دائم الاخضرار ‏ (/80) ‎indeciduous‏
‏عدم القابلية  ‎ol | indestructibility (n)‏ يتعذر ‎indecipherable (adj)‏
‎ety‏ فك رمرزه
‎Y‏ يزول. لا يفنى ‎indestructible (adj)‏ | تردد. حيرة ‎indecision (n.)‏
نكرة .غير محدد. (00) 1008180010216 | متردد. غير حاسم. غامض ‎indecisive (adj.)‏
غير معين ‎G‏ فعلاً. بالفمل ‎indeed (adv.)‏
غير محدد ‎indetermined (adj.)‏ | عجبًا. ياللعجب ‎indeed ! (interj.adv.)‏
فهرست . علامة . 230 ‎index (nv)‏ - أصحيح هذا؟!
أس . دليل - يفهرس دائم . أبدى .لا يفنى ‎indefectible (adj)‏
السبابة. أضيع السبابة ‎finger (n)‏ 10088 | غير محدد يهم 0 ‎indefinite (adi)‏
‎J5 | 10068 of refraction (n.)‏ الادب. غير محتشم ‎indelicate (adj.)‏
معامل الانكسار تأمين . تعريض  ‎indemnification (n.)‏
يلاد الهند ‎indemnify (v.) oy | India(n)‏
هندى ‎Indian(adj)‏ | عوض .تعويض . ,45 ‎indemnity (n.)‏
الهرارة الهندية . أداة يتريص بها 6008 __ أمان. تأمين"	al-shamil-dictionary
296	"| اللا اق اا
غير مهضوم (.04) ‎indigested‏ | الاذرة الشامية. ذرة 7 --_
عر الهضم  ‎indigestile(adi)‏ | دقيق ذرة ‎___meal‏
‏عر هضم.تخمة ‏ (.8) ‎indigestion‏ | المطاط. ممحاة ‎rubber‏ —
( زفه) ‎indignant, at, with‏ | يبين . يشير إلى . يدل على . ‎indicate (v.)‏
غضب . سخط . غيظ ‎(n)‏ 10018080000 | بيان. دلالة. إظهار.  ‎indication (n.)‏
إهانة . استهزاء . نحقير  ‎indignity (n.)‏ دواعى الاستعمال
اللون النيلى . نيلة ‎indigo(n)‏ | مين. نظهر. شير 0 ).1( ‎indicative‏
‏(مادة زرقاء للصباغة) إشارة. دليل . ‎indicator (n.)‏
غير مستقيم . ‎indirect (adj.)‏ عقرب الساعة . الدليل
غير مباشر. مخادع. مستتر ‎indices (sing.index) ot‏
بإنحراف . بالراسطة. ‎indirectly (adv.)‏ | يتهم ب يدعى ‎indict, for(v.) . e‏
باعوجاج ‎ol‏ .
مبهم . غامض . ‎(adj.)‏ 1001568001016 | غير قانونى. ‎indictable (adj.)‏
لائرى قابل للطمن أو الشكرى
عديم الانقياد أو ‎indisciplined (adj.)‏ | شكوى. إقامة الدعرى ‎indictment (n.)‏
الطاعة أر النظام عريضة الدهوى ‎Billof ٠‏
طالش .لا يحفظ ‎indifference , to (n.) indiscreet (adj.)‏
السر. عديم التبصر عدم اهتمام. لا ‎W‏
‏طيش . حماقة ‎indiscretion (n.)‏ | غير مبال. قليل. ‎indifferent (adj.)‏
‎indiscrimination (n.)‏ | الاهتمام. معتدل.لا يقدم ولا
عدم التمييز . اللاتميز يؤخر
‎indispensable, to (adj.)‏ | فقز. حاجة. عور ‎indigence (n.)‏
لا ‎B‏ عنه. أساسى . لايد مئه أهلى . رطتى . ‎indigene (adj.) ot‏
يربك. يمرض . ينفر من ‎indispose (v)‏ | اهلى. بلدى ‎indigenous (adj.)‏
نفرر. توعك . رعكة ‎indisposition (n.)‏ طبيمى . فطرى
معدم . فقير . مسكين ‎indigent (adj.)‏"	al-shamil-dictionary
297	"يحض على . بحث. ‎induce (v.)‏ | سلم به لايقيل ‎indisputable (adj)‏
حث , استمالة . باعث ‎inducement (n.)‏ | لا يذوب . لا يتحل . ‎indissoluble (adj.)‏
ينصب . يولى . يقدم . ‎induct (v.)‏ لا يتحلل
يسحب . يجند بهم . غير واضح ‎indistinct (adj.)‏
عدم القابلية للطرق  ‎inductility (n.)‏ | غير ‎5t‏ .غير راح ‎indistinctive (adj.)‏
أر اللحب ‎iy‏ يصنف.يملى على . ‎indite (v)‏
استتاج .استدلال. 0 ‎induction (n)‏ يرلف. بحث
استقراء . تجنيد . تنصيب فردى . معد لشخص ‎individual (adjin)‏
استقرائى . استتتاجى  ‎inductive (adj.)‏ واحد . مستقل . ذاتى - 35
موصل كهربائى . المنصب ‎e inductor (n.)‏
يقلد . يعين . ينصب . ‎oindue(v) ol‏ | تفرد. وحدة. ‎individuality (n.)‏
ينغمس فى . يمكف ‎indulge (v.)‏ ذاتية . شخصية
على . ينهمك فى . يشيع رغياته ييز . يفرد. يكيف . ‎individualize (v.)‏
‎To__in doubtful acts X‏ يخصص. ييز الشخصية
‎To— in suspicious )‏ | كل بترت تر 63 ‎individually (adj)‏
تساهل . رفق. تسامع ‎indulgence (n)‏ | خاصية عدم الانقسام ‎indivisibility (n.)‏
مشاهل . مامح ‎indulgent (adj)‏ أو ‎By‏
‏لطيف لا يتجزا ار ‎indivisible (adj) o‏
يقرى . يرسخ . يقسى . ‎InGUTRIE (V)‏ | بليد. كسول ‎indolent (adj.)‏
تصلب. نشوفة. ‎induration (n)‏ | لا يقهر .لا يغلب ‎indomitable (adj.)‏
صلابة الفؤاد داخلى . داخل البيث ‎indoor (adj.)‏
صناعى - ‎industial (adjn)‏ | فى البيت. إلى البيت  ‎indoors (adv.)‏
عامل صناعى يظهر ‎K2‏ يوافق على ... ‎indorse (v.)‏
يصنع ‎industrialize (v.)‏ يصادق
مجتهد . مجد ‎industrious (adj.)‏ | تظهير . موافقة. مصادقة ‎indorsement (n.)‏
صناعة . حرفة . مثابرة 0 )( ‎industry‏"	al-shamil-dictionary
298	"indweller (n.) ‏الساكن . القاطن . المقيم‎ | infallibility (n.)

عصمة . يقين . تنزه عن الخطأ سكير . سكران - ‎incbriate (adj.v.) Ky‏
معصوم. ‎infallible (adj.) G‏ غير صالح للاكل ‎inedible (adj.)‏

متنزه عن الخطأ بلا فائدة ‎inefficacious (adj.)‏ |
مخجل. شائن. ‎infamous (adj.)‏ | عدم التاثير ‎inefficacy (n.)‏

سىء السمعة عدم كفاءة ‎inefficiency (n.)‏
طفولة . القصور ‎infancy (n)‏ | سمج .غير أثيق ‎inelegant (adj.)‏
طفل رضيع - ‎infant (n.ad))‏ |. عبث.عديم الجدوى ‎inept (adj.)‏

متعلق بالاطفال ظلم. جور ‎Inegquity (n.)‏
قتل الأطفال ‎Y | infanticide (n.)‏ بمحى .لا يزول ‎ineradicable (adj.)‏
شلل الاطفال (.8) ‎infantile paralysis‏ | معصوم من الخطأ ‎inerrant (adj.)‏
الجنود المشاة. كتيبة مشاة ‎infantry (n)‏ | عديم الحركة. ساكن ‎inert (adj.)‏
حفلة عروسين ‎١ infare (n.)‏ القصور الذاتى ‎inertia (n.)‏
يفن . يسلب العقل ‎infatuate (v.)‏ | لا مقر مه .محتم  ‎inevitable (adj)‏
يعدى . بصبب بالعدوى .يفسد )1( ‎infect‏ | عنيد. لا يرحم ‎inexorable (adj.)‏
عدوى . تلوث. تلريث. ‎infection (m)‏ | عدم لياقة أر ملاءمة ‎inexpedience (n.)‏ |

إفاد. إصابة. ميكروب معد غشيم. ‎inexperienced (adj.)‏
معد . ملوث ‎infectious (adj.)‏ عديم الاخبار

يتتقل بَالعدرى غير ماهر أو متدرب . غير ‎(adj.)‏ 1080811
‎gy‏ بستخرج . يظهر ‎infer (v.)‏ حاذق. غير خبير
استدلال. استنتاج ‎inference (n.)‏ | لا يكفر عنه .لا يفتفر ‎inexpiable (adj.)‏ |
أدنى . أقل . ‎inferior, o (adjn)‏ | غامض. ‎inexplicable (adj.)‏

مرؤوس . وضيع . اقل شانًا - لايمكن شرحه |

المرزوس حصين.منيع  ‎incxpugnable (adj)‏
دناءة النوع . انحطاط  ‎(n)‏ 104600807 | فى الساعة الأخيرة. ‎inextremis (L)‏
خبيث . لعين شيطانى ‎infernal (adj.)‏ فى النزع الأخير
مجدب غير خصب ‏ (.ر84) 10468316 | معقد. لا يحل ‎inexuricable (adj.)‏"	al-shamil-dictionary
299	"منفرج . متفخ ‎inflated (adj.)‏ | يضايق . يزعج . يتلى ‎infest (v.)‏
مبالغ فيه . مغرور. متضخم الكافر. الملحد - ‎infidel (n.adj.)‏
انتفاخ , نفخ . (.0) ‎inflation‏ كافر. ملحد
التضخم ‎A‏ كفر . الحاد . خيانة زوجية ‎infidelity (n.)‏
إيعرب . يصرف . يثتى () ‎inflect‏ يرشح سائلا. برتشح ‎infiltrate (v.)‏
مُعرب . ملتوى ( زاءه) ‎inflected‏ | ترشيح . ارتشاح .تسلل ‎infilteation (n.)‏
‎inflection (n.)‏ | غير محدد. مطلق.  ‎infinite (adjn)‏
علم الصرف. تصريف . انثناء اضخم ‎Y‏ ينضب. لا نهاية -
عدم الانثناء . صلابة ‎inflexibility (n.)‏ شىء غير محدود . عدد لا
لا = صلب . عند ‎inflexible (adj)‏ يحمى
يفرض ضرية. يبتلى . ‎(v Gy‏ 180:61 | مصدرى. غير ‎infinitive (adj.n)‏
قصاصًا. ينزل عقوبة محدود ‏ صيغة اللصدر
‎dreadful torment on‏ 2 _ 70 | أبدية. اللانهاية. اللاعددية ‎infinity (n.)‏
يسومه سوء ‎somebody il‏ واهن . عاجز . مقع . ‎infirm (adj.)‏
‎infliction (n.)‏ غير حازم
القصاص . فرض ضرية . ابتلاء ملجا للمرضى والعجزة ‎infirmary (n.)‏
الإزهار . ساق زهرية ‎inflorescence (n.)‏ | اسقم . وهن. ضعف ‎infirmity (n.)‏
مزهر . ذو ‎inflorescent (ad)) gl‏ | بوطد. يغرس فى ‎infix (v.n.)‏
‎2t‏ نفوذ. سطوة _ )( ‎influence‏ الذهن . بفحم - ترطيد . غرس
يؤثر فى يلهب . يشعل . يهيج ‎inflame (v.)‏
‎influential (adj.)‏ .يغضب. يلتهب
مؤثر .ذو سلطة أو نفوذ سريع الاشتعال . ‎inflammable (adj.)‏
الإنفلونزا ).( ‎influenza‏ قابل للالتهاب. سريع الغضب
تدفق . الضباب . تغريق ‎١ influx (n.)‏ اشعال. التهاب ) ‎inflammation (n.‏
أ يلف . يطوى. ينلف ال | كار التهابى ‎inflammatory (adj.)‏
يعلم  ‎e‏ يبلع . يكون )1( ‎inform‏ | ينفخ. يتتفخ . يتضخم ‎inflate (v.)‏"	al-shamil-dictionary
300	"مغروس فى النفس | (.80[.7.3) ‎ingrain‏ | غير رسمى ‎informal (adj.)‏
متأصل . راسخ - بغرس فى معلوماث . معرفة . إعلام (.8) ‎infomation‏
‏النفس . يدبغ . بشرب . يصبغ رسائل الإعلام ‎media‏ —
قبل النسج - صفة ثابتة أو المعلومات السريعة ‎superhighway‏ _-_
متاصلة (من خلال الكمبيوتر)
‎ful (adj.)‏ ,1087316 | كر . نقف . نكث . مخالفة ‎infraction (n.)‏
ناكر الجميل أو المعروف. جاحد لا 54 .لا يخرق ‎infrangible (adj)‏
نكران الجميل ‎L‏ (.8) 108800308 | الاشعة تحت الحمراء 0 (.8) ‎infrared‏
‏اجحود. عقوق ندرة. قلة ‎infrequency (n.)‏
جرهر - عنصر ‎ingredient (n.)‏ | ناير ‎infrequent (adj.)‏
مدخل . دخول ‎ngress (n.)‏ | ينقض ‎infringe (v.) (aalas)‏
البادرة, النامية ‎ingrowth (n.)‏ . يخالف . ينتهك حرمة. بفسخ
ذر علاقة بالفخذ. أريى ‎infundibulum (adj.) s | inguinal (adi)‏
يجرف . يغمر . يغرقى ‎ingulf (v.) oy‏ يهيج . يفيظ ‎infuriate (v.)‏
يسكن. يقيم فى . يستوطن ‏ () 100851 | يفرس فى. ينقع. بكب ‎infuse (v)‏
إقامة . استيطان ‎inhabitancy (n.)‏ | خاصية عدم الاتصهار ‎infusibility (n.)‏
المقيم فى . القاطن - ‎inhabitant (adj.)‏ نقع . منقوع . تلقين . ‎infusion (n.)‏
الساكن صب.سكب
توطن . استبطان ‎inhabitation‏ | يجيع.يحمد () ‎ingather‏
‎inhalant (n.) R‏ بارع .حافق . مدع ‎ingenious (adj.)‏
شهيق . حركة الشهيق. )1( 108308008 | براعة. مهارة ‎ingenuity (n.)‏
استنشاق. تنفس صريح. صدرق. ‎ingenuous (adj.)‏
جهاز التخدير (البنج).  ‎(m)‏ :100206 | يتناول الطعام ‎ingest (v.)‏
والمستشق قالب لصب المعادن. سبيكة  ‎ingot (n)‏
تشويش. تنافر. ‎inharmony (n.)‏ | يطعم . يلقح . يغرس ‎ingraft (n.)‏
عدم تناظم أو تناسق"	al-shamil-dictionary
301	"inhere (v.) G2 ‏يلارم‎ | initiate (vading ‏يستهل . يدا. يلقن‎

- مستهل . مبدوء - الخبير . الملقن ملازمة . ملاصقة. ‎inherence (n.)‏
استهلال. بده . ‎initiation (n.)‏ اتحاد . رحدة

تلقين. الطفوس - | غريزى ملام ‎inherent (adj.)‏
المبادرة خطرة تمهيدية ‎initiative (n.adj.)‏ فطرى ‏ متاصل

- أولى تمهيدى 1
4 هه عطق1 70 يرث ‎inherit (v.)‏
يحقن. يدخل ) زم | 02 ‎inheritable (adj.)‏
حقن . ادخال. الحقنة ‏ (8) ووتيمهزيز | مبراث. ارث ‎inheritance )8( L,y‏
انذار قضائى . رصية ‏ )1( ‎injunction‏ أحكام ‎Lawsof . S‏
أرامر. تعاليم ‎s‏ | وارث ‎inheritor (n.)‏
يد يرن يجرح بصيب ‎V)‏ از وازثة. وريثة } ‎inheritress (n.)‏
أذى . جرح . إصابة ‎inheritix (n.) injury (n.)‏
‎f&:‘-,.-—‏ الحبر. يحبر ‎inhibit (v.) O B‏
‎o~‏ م مسولا منع . صد. كبت بد ‎mlnhfuen‏
‎advn) ot‏ زفة) ‎inland‏ رادع. عبط مائع ‎inhibitory (adj.)‏

داخل البلد ‏ فى الداخل - غير ‎inhospitable (adj.) ol‏

أرض داخل الوطن كا يعرف الراجب.هيف
نسيب (عن طريق الزواج) (م) وزوز | غير بشرى. ممجى  ‎inhuman (adj.)‏
حشوة للضرس . ترضيع أو )( ‎inlay‏ | همجية . بريرية . رحشية )1( ‎inhumanity‏

تطعيم للزعرفة ‏ يطعم. يرضع يدان ‎inhume (v.)‏
‎L‏ عتمم | ضار ب .غير مناسب  ‎inimical (adj)‏
أهل الثار ‎inmates of Hell‏ | لا ميل ل .لا يضامى ‎inimitable (adj.)‏
حانة. فندق صغير ‎inn (n.)‏ . فريد
الأحشاء. الأجزاء الداخلية ‎(m)‏ 1088805 | شر.ظلم. جور ‎iniquity (n.)‏
متاصل . فطرى ‎innate (adj)‏ | بوقم بالأحرف الأولى - (ز8.84+) افتاه
قريب من . داخلى ‎(adi.)‏ يعوو | حرف كبير. احرف الاستهلالى

أولى . ابتدائى . استهلالى"	al-shamil-dictionary
302	"105 300 118
مجنرن ز4ه) ‎insane‏ | الجزء الداعلى - ‎innermost (nadj)‏
غير صحى ‎insanitary (adj.)‏ داغلى
يكتب الإهداء . يهدى كتاب )1( 105008 | يزرع عصبًا. يبه عضر ‎innervate (v.)‏
الإهداء. نقش . حفر ‎inscription (n.)‏ ينشط . يثبر ‎innerve (v.)‏
حشرة ‏ حشرى ‎insect (n.adj.)‏ براءة. سذاجة . ‎innocence (n.)‏
عادة مبيدة للحشرات )1( ‎insecticide‏ ..
- طهارة من إلم
مادة مبيدة للحشرات ).2( ‎insectifuge‏ "" .
آكل الحشرات ‎ingectivore (n,)‏ | ساعد سعد سين
غير آمن .غير ‎insecure (ad)) 3y‏ | يجدد. يندع ييتكر ‎innovate (v.)‏
يخصب. يعشر. ‎inseminate (v.)‏ | تجديد. ابتداعغ ‎innovation (n.)‏
يبذر الحب ابتكار . بدعة
تخصيب . تعشير . ‎insemination (n.)‏ يلمح . يغمز . يعرض ‎innuendo (v.n.)‏
بذر الحب لفكرة. تلميح . علامة تفسيرية
غير مدرك . فاقد الحس ‎insensible (adj)‏ | مفذ ‎innutitious (adj.)‏
أو الوعى . غير حساس. غير يغرس فكرة فى الذهن ‏ )1( ‎inoculate‏
‏مصقول يلقح . يطعم
بلي الحس . غير ‎inoculation )8( ekt gl | 7 896 )08[:( A‏
لا يمكن فصله ‏ ملازم ) ‎o inseparable (adj‏
‎٠ ! :‏ | غير عضوى. اصطناعى ‎inorganic (adj)‏
يحشر. يقحم ‏ يدخل ‎inorganic chemistry (n.) insert (vJ‏
‎i‏ إحكام. ‎inscrtion (n.)‏ . 0
‎o‏ ٌ كيمياء غير عضوية
إدخال. إيلاج 2
| رديه ادال إضافة ‎(n.)‏ 100
يدرج - قناة. طفح . تدفق ‎gy | O‏ المعلونات فى ‎it‏
‏تجاه آر نحو ل ‎inshore (adv.adj‏ لاد
اطئ - تريب من و | ‎g‏ يقر .يال يحقق )1( ‎inquire‏
‏داخلى - ‘ ‎inside (adj.adv.prep.n.)‏ استفار . نحفبن . استعلام  ‎(n.)‏ 10910
داخليًا. فى الداخل - ضمن - بحث . ‎AL‏ . استعلام. (.0) 1091511100
الجزه الداخلى . باطن. أحشاء ‎I‏
‏استجواب"	al-shamil-dictionary
303	"تركيب. تيت ).( ‎installation‏ | مخادع. ماكر ‎insidious (adj.)‏
تنصيب . تجهيزات بصيرة. رؤية ‎insight (n.j‏
قط ‎instalment (n.)‏ | غير هام .غير ‎insignificant (adj.)‏
التضيط ,___ ‎Payment by‏ ذو شأن. تافه
«تقسيط الدين» يلمح يدس يقيز 0 ‎insinuate (v)‏
مرحلة. محاكمة - ‎nstance (my)‏ | تلميح. غمز ‎insinuation (n.)‏
يضرب مثلا ‎insist (v.) oy‏
اخذ مثلاً. مثلا ,ع0 | امرار. الحاح ‎insistence (n.)‏
إلحاح . فورية ‎١ instancy (n.)‏ يعرض أو يتعرض ‎insolate (v.)‏
الحالى . لحظة ‏ ملح . (.[0.84) ‎instant‏ للشمس. بشمس
حالى. مباشر تشميس. ضربة شمس ‎insolation‏
‏لحظى . فررى  ‎Jadi | instantancous (adj.)‏ الداخلى للحذاء ‎insole (n.)‏
فى الحال . قور . بإلحاح ‎instandly (adv)‏ | شخص تكبر ‎insolent (nadj)  -‏
يقيم . بعين ‎instate (v.)‏ مكبر . وقح
ترميم . تجديد }.( ‎instauration‏ | يصعب حله. مستعص ‎insolvable (adj.)‏
بدلا من ‎instead ""00 (prep.)‏ | المفلس . مفلس . مفسر ( ‎(n.adj‏ 105011601
سطح القدم. وشر الرجل  ‎instep(n)‏ | عدم النوم ليلا أرق ‎(n.)‏ 10001012
.مشط القدم بفحص. بفتش ‎insepect (v.)‏
يقطر ] ‎instill (v.)‏ | فحص . معاينة . تفتيش ‎insepection (n.)‏
‎١ instil (v.)‏ الفتش. ضابط شرطة ‎inspector (m.)‏
مفعم ب - غريرة ‎instinct (adjin)‏ | إلهام. وحى. شهيق ‏ (.8) ‎inspiration‏
‏موهة فطرية يلهم . يوحى . يشهق . يأخذ  ‎inspire (v.)‏
غريزى . فطرى ‎instinctive (adj.)‏ شهيق . بثبر. بحث
بشئ يبنى 3= (100) 10900018 | بيعث فيه روح جديدة.  ‎inspirit (v.)‏
جمعية ‎S‏ بثبت . ينصب )1( ‎install‏
‏ا يتقلد منصبًا أو مقاب } ‎instal (n.)‏"	al-shamil-dictionary
304	") عاص . متمرد - ‎insurgent (adj.n)‏ | مؤسسة. إقامة. تأسيس ‎institution (n.)‏
الخارج عن السلطة. العاصى .عادة .عرف متبع
عصيان أو تمرد سلح (.0) ‎insumection‏ | يرشد. يرجه . يأمر. يعلم  ‎instruct (v.)‏
بكر لم يمس سليم ‎intact (adj)‏ | تعليم . إرشاد. تلقين  ‎instruction (n.)‏
حفر أو نقش غائر ‎dying person intaglio (n.)‏ 0106
امتصاص . مص . اخذ.  ‎intake (n)‏ | تلقين المحتضر
‎Sl‏ أداة . وسيلة . آلة ‎instrument (n.)‏
الاسم التجارى  ‎intangible (nadj)‏ | علم ‎instrumentation (n.) YY1‏
الشركة - دقيق .غير ملمرس رتطويرها. تلحين
عدد صحيح أو غير ‎integer(n) g, s‏ | غير واقعى . خيالى ‎insubstantial (adj.)‏
‎insufficience (n.) o | integral (n.adj.)‏
تام . كامل . غير ‎S‏ التكامل “’""""""'""”} ‎insufficiency (n.)‏
يندمج . يدمج + يوحد  ‎integrate(v.)‏ | غير كاف ‎insufficient (adj.)‏
دمج . اندماج . تكامل ‏ )1( ‎integration‏ | برش يتفخ ‎insufflate (v.)‏
أمانة. نزاهة . استقامة . كمال (.8) ‎integrity‏ | مادة عازلة ‎insulant (n.)‏
كمال الخلق __ ‎insulate (v.) Jp | Moral‏
العقل ‏ ذكاء . فكر ‎intellect (n.)‏ | عزل.مادة عازلة ‎insulation (n.)‏
عقلى فكرى . المفكر ‎intellectual (adj.n)‏ | العازل الكهربائى ‎insulator (n.)‏
‎Jas‏ ذكاء . إدراك  ‎intelligence (n)‏ | يهين. يحقر - إهانة ‎insult (v.n.)‏
.داثرة استخبارات لا يمكن التغلب علي . ‎insuperable (adj.)‏
صحيفة. ناقل ‎intelligencer (n.)‏ لا يقهر
الأخبار. الجاسوس تأمين ‎insurance (n.)‏
ذكى . بارع .عاقل  ‎(adi)‏ :1801601888 | يزمن. يضمن ‎insure (v.)‏
واضح . ¢ ‎intelligible (adi)‏ | المؤمن عليه ‎insured (n.)‏
إدمان وبخاصة 0 ‎insurgence (n.) .| intemperance (n)‏
المسكرات . إفراط رد شب عميان [ ‎insurgency (n.)‏
‎intemperate (adj) 5, L,‏"	al-shamil-dictionary
305	"intend (v.) ‏ينوى . يقصد. يعنى‎ | intercede , with, for (v.)
to__toplease Allah &\ >y ‏يتشفع . يترسط لدى شخص أر من يريد‎
intendance (n.) ‏أجل شخص إشراف . إدارة‎
intendment (1) ‏واسطة . شفيع . وسيط  (-8) 101808086 | فحوى قانون ما. معثى‎
intense (adj.) ‏مجهد. فوى . كليف . شديد‎ | intercept(v.) ‏يرقف . يصد.‎
intensify (v.) ‏يعترض طريق شخص يكلف . يقوى . يشدد‎
‏يزيد .يالغ فى‎ intercepter (n.) ‏طائرة اعتراضية‎
intension (n.) ‏تكائف . شدة. كثافة‎ | intercession (n.) ‏شفاعة. توسط‎
intensive (adj) ‏مشدد .كثيف .مزكد.‎ | intercessor (adj.) ‏شفع . شافع‎
‏مركز . مبالغ‎ interchange (v.n.) + ‏يبادل. بقايض‎
intent (n.adj.) - ‏مبادلة . مقايضة نية . عزم . هذف‎
‏عازم على . منكب على‎ interchangeable (adj.)
intention (n.) . ‏قابل للتغيير أو التبديل . متعاقب النية . عزم . قصد‎
‏هدف . مرام‎ intercommunicate (v.)
good __ ‏ينبادل الاتصال. يتشاور النية الحسئة‎
‏السيئة الل‎ | intercostal (adj) ‏بين الاضلاع أر الضلوع‎
intentional {adj.) . ‏متعمد . تعمدى‎ intercourse (n.) ‏جماع. مخالطة معاملة‎
‏بالقصد. مقصود‎ Sexual ٠ ‏رث. جماع‎
intentionally ‏عمدا. عن قصد  (.ز24)‎ | interdict(v.) ‏يحظر . يحجر على‎
intently (adv.) ‏يحرم. ينهى عن بترو .عمد‎
inter (v.) ‏يقبر. يدفن. يطمر‎ | 101608161000 (n) 2 . ‏حظر. نهى‎
inter __ (prep.) ‏بع‎ commands and __s ‏الازامر والنواهى‎
interact (v.) ‏يتفاعل‎ ١ against the abominable
interaction (n.) ‏النهى عن المنكر تفاعل‎
interalia ‏ضمن أشياء أخرى‎ | interest (vn) ‏يثير انتباه . يرغب . بشرك‎
interbreed (v.) ‏فى الربح - ربا. فائدة. يزاوج . يهجن‎
‏اهشمام. سهم. منفعة‎"	al-shamil-dictionary
306	"شىء مترسط . ‎(nadiv)‏ 101607601018 | ربح مركب ‎٠‏ 60120100
‎SN‏ الوسيط - متوسط - قائدة بسيطة ‎Simple ٠‏
يترسط . يتدخل ميتم .راغب ‎interested (adj.)‏

الحياة البرزخية © | يتدخل. يعارض . يترسط  ‎interfere (v.)‏

جنارة ‎interment (n.)‏ | تداخل. تعرف . ‎interference (n.)‏
در لاللم ‎interminable‏ ترسط .تداخل

لاحدله غضون. خلال . فترة م ‎interim‏
‏هدنة . فترة . انقطاع ‎intermission (n.)‏ | فى أثناء ذلك _ ‎inthe‏
‏يوقف ‎Gy‏ يوجل ‎Intermit v.)‏ | فى غضون ذلك .مؤتت __ ‎per‏
‏يخلط . يمزج ‎intermix (v.)‏ | واخلى. أسامى ‎interior (adj.n)‏
يعتقل - يحبس . يعمل ‎(VL)‏ 101600 باطنى ‏ الشئون الداخلية لدولة

كطبيب مقيم فى مستشفى - ما. الصورة الداخلية لشىء ما

داخلى . باطنى ‎internal (adj)‏ | وزارة الداخلية ,___ ‎Ministryof‏

interject {v.) ‏يحشر. يقحم‎ | intermational (adf.) ‏دولى‎

مهلك . روس ‎(adi)‏ 10100066108 | حشر . إدخال. إقحام  ‎(n.)‏ 1016060008

طبيب أمرافس باطنة ‎internist (n.)‏ .أداة أر صرت التعجب

. الطبيب الباطنى يضفر . يجدل. يربط . بشبك ‎(v‏ 101601366 |
اعتقال. أسر )( ‎١ intenment‏ يخلط. يحثر ‏ يحتى زج )( ‎erlard‏ |

يتوسط ‎(v.)‏ 101600058 | يكتب بين الاسطر رجا عمنا 101 ا

يفر. باول. يشرح يترجم ‎(v)‏ 10180008 | يشابك يتشبك ‎interlock (v.1.)‏

تفسير . تأويل . شرح (.0) 101600186181400 بعشق - تشابك . تعشيق
ترحمة يتطفل . ينحشر . يندس ) ‎interlope (v‏
مترجم (.0) ‎interpreter‏ | يتدخل فى أمر غير ‎intermeddle (v.)‏
فترة خلو كرسى الملث ‎(n)‏ 101608801037 | واسطة . وسيط . ‎intermediary (n.adi.)‏
يستجوب. يستفهم . يأل ‎interrogate (v.)‏ متوسط
| استجراب استفهام ‎interrogation (n.)‏"	al-shamil-dictionary
307	"_ point large ___, ‏الامعاء الغليظة‎

- 7# intimacy (n.) ‏ألفة. مودة‎

أليف . مالوف. ‎intimate (adj.n.v.)‏ استفهامى . سؤالى ‎interrogative (adj.)‏
صدوق ‏ صدين حميم أر ردرد يعترض . يمنع . يعطل . ‎intermupt(v.)‏
‏- بوعز. يصرح . يخبر يقاطع الكلام

يرعب . يفرغ . يخيف. ‎intimidate (v.)‏ اعتراض . منع . ‎interruption (n.)‏
يرهب تعطيل . مقاطعة الكلام

رعب . فزع . إرهاب . )1( 1008008808 | ينصف. يقطع ‎intersect (v.)‏

لا يحتمل .غير محتمل ‎intolerable (adj.)‏ يتداخل . يتشابك

متعصب. لا يحتمل ‎intolerant (adj)‏ التقاء . نقطة التقاطع ‏ (.8) ‎intersection‏

intersexual (adj.) ‏يحمل‎ . | Intonate (v.) ‏يجود. يلحن. ينشد‎

تجويد . تلحين . إنشاد  ‎intonation (n.)‏ خصائص الذكورة والأنوثة مما

interspace (n.) Aol | intoxicant (adj.) ‏مسكر. مخدر‎

intersperse (v.) ‏ينثر‎ pa ‏يبذر.‎ All __ s are prohibited

كل مسكر حرام فترة. برهة . فترة فاصلة 0 ‎interval (n)‏

intervene, between (v.) ‏يتوسط بين‎ | intoxicate (v.) ‏يكر.يمم‎

مخمور ‎intoxicated (adj.)‏ يتداخل

سكر.تسمم ‎intoxcation (n.)‏ ترسط . تداخل . مداخلة (.) ‎intervention‏

بادثة معناها (فى . داخل) 0| مقابلة. معاينة ‎interview (n.v.)‏

داخل البطن ‎intra - abdominal (adj.)‏ استعراض . مراجهة - يجرى

داخل القلب  ‎intra - cardiac (adj.)‏ مقابلة . يتعرض . يعاين

فى العضل ‎intramuscular (adj.)‏ ينسج . يضفر. يمزج 0 ‎inerweave (v.)‏

intestate (adj.)  صرم ‏بلاوصية غير‎ intransigent (adj.) ‏عيد‎

intestinal (adj.) s A . ‏متعد )( 101720511018 | معوى‎ 2V

يحفر خندق. يز ‎intrench (v.)‏ | واخلى مصران ‎intestine (adj.n)‏

small __, ‏الامعاء الدقيقة‎ ١ intrepid (adj.) ‏شجام . مقدام‎

intricate (adj.) ‏معقد‎"	al-shamil-dictionary
308	"ذر قيمة كبيرة جذا. قيم ‎invaluable (adj)‏ | يدير مكيدة ‏ مكيدة.  ‎intrigue (v.n)‏
لا يتغير . ثابت ‎invariable (adj.)‏ 15 دسيسة
غزو. هجوم ‎invasion (n.)‏ | حقيقى. ‎intrinsic , _ al (adj.)‏
عدوانى . اعتدائى ‎invasive (adj.)‏ جوهرى . ذاتى
يهاجم . بسب . يندد ب () 10680 | يدخل. يقدم. يفتح . يجلب ‎introduce (v.)‏
. يحمل على إدخال . تقديم.تمهيد  ‎introduction (n.)‏
يسب الدهر ألا 0800881106 __ 10 | يدمج . يدخل. يحشر ‎intromit (v.)‏
‎cissitudes of time‏ انطوائى . شخص  ‎introvert (adj.v.n.)‏
يخدع . يغوى ‎inveigle (v.)‏ محب للعزلة ‏ ينطوى
إغراء - إغواء  ‎inveiglement(n)‏ | يعتدى على . يتطفل ‎intrude (v.)‏
يخترع , يحدث ‎invent(v.)‏ | يثق. يؤمن على ‎intrust (v.)‏
اختراع . إحداث ‎invention (n.)‏ | سرعة الفهم والإدراك ‎intuition (n.)‏
خلاق. مخترع ‎inventive (adj.)‏ يتضخم. ينتفخ ‎intumesce (v.)‏
مخترع ‎inventor (n.)‏ | تضخم. انتفاخ ‎intumescence (n.)‏
جرد ‎١ inventory (n.)‏ يغمر. يفيض ‎inundate (v.)‏
مخترعة ‎١ 107601855 (adj.)‏ غمر . فيضان. طوفان  ‎inundation (n.)‏
عدم استقامة ‎inveracity (n.)‏ | عديم النفع . لا جدوى منه ‎inutile (adj.)‏
يمكس .بقلب ‎inverse (vadi)‏ | يغزر ‎invade (v.)‏
معكوس . مقلوب يعيق . يجمله عاجرا - ‎invalid (v.adjin)‏
عكسيًا ار بالعمكس ‎inversely (adv.)‏ فاسد . ضعيف . مريض - المريض
عكس . تلب . انحراف. تحريل ‎inversion (n.)‏ | ينقض ‎invalidate (v.)‏
يحول . يقلب. يمكس . ‎invert (v.)‏ | ينقض الوضوء ‎ablution‏ __
ينكس مقلوب. منكس. ناقض . مبطل . مفسد ‏ )1( ‎invalidator‏
‏معكرس انواقض الوضوء  ‎__sofablution‏
‏يستثمر يمنح . يولى منصبًا  ‎invest(v.)‏ | ينقض الشهادة ‎a testimony‏ —
يتم حك أمرا. ‎s investigate (v.)‏ ,5 )م بوتقتلده
يتحرى مر ‎invalidness (n.)‏"	al-shamil-dictionary
309	"1 307 م
صلاة أو دعاء الاستسقاء ‎__forrain‏ | استقصاء . بحث . تحرى ‎investigation (n.)‏
دعاء الاستفتاح 1 0060708 706 | تحرى . استقصائى . ‎investigative (adj.)‏
يدعو . يتوسل . يتضرع . ييتهل ‎(v)‏ 1810.62 فحمى
استخارة ‎king Allah for guidance‏ __ | تنصيب . تفليد . تولية  ‎investiture (n.)‏
يستسقى  ‎To__Allahforrain‏ | استشمار . محاصرة.كساء ‎investment (n.)‏
يتضرع إلى الله ‎To___Allah's name‏ | مزمن . متأصل . راسخ ‎inveterate (adj.)‏
لا إرادية ‎involuntarism (n.)‏ | 2 للبغضاء ‎invidious (adj.)‏
اضطرارى . لا إرادى (./24) ‎involuntary‏ | يقوى . ينعش . ينشط  ‎invigorate (v.)‏
يلتف . يزول . يذبل . ‎involute (v.adin.)‏ | تقوية . انعاش . تنشيط . ‎invigoration (n.)‏

ينكمش . ملتف إلى الداخل . إحياء

invincibility (n.) ‏المندا حصانة. مناعة‎ ot
invincible (adj) ‏لا بتهك . حصين. منيع‎ | involution (n)  دقعت‎ . ‏روال. تقهقر‎
inviolable (adj.) ‏حرام. لا بجرزر‎ | 187016 (V) ‏يورط . يشترك فى . يتضمن‎
‏أن تتهك‎ invulnerable (adj.) ‏غير قابل للطعن‎
The I __ place of worship inward (adv.nadi) . ‏نحو الداخل‎

جوهر ‏ داخلى المسجد الحرام
‎inwardly (adv.) PN‏ | مصون. طاهر. ‎inviolate (adj.)‏
] .يجدل ‎inweave (v.)‏ لا تنتهك حرمته
يلف . يغلف . يورط ‎inwrap(v.)‏ | عدم ظهرر. اختقاء.  ‎invisibility (n.)‏
مقطع فى أول الكلمة __ ‎iod‏ احتجاب

معناه: يُود ] 1000 | غير مرنى ‎invisible (adj.)‏
يعالج بالدوأر يستخدمه | ‎odate(v)‏ | دعوة ‎invitation (n.)‏

invite (v.) ‏يدعو‎ | 100 ()

inviting (adj.) ‏شهى . مغذ. لذيذ‎ | iodine (n) ] ‏اليرد‎

يعالج باليود )1( ‎iodize‏ | يتهل . بتوسل . يتفرغ ‎invocate (v)‏
اليودرفورم ‎iodoform (n.)‏ يلس

يودى . متعلق باليود  ‎iodous(adi)‏ | ابتهال. توسل . تضرع ‎invocation (n.)‏"	al-shamil-dictionary
310	"طعنة خنجر أو سكين ,_ ‎١ inchofcold‏ الآيون ‎ion (n.)‏
كلبش. سلاسل . فيود ‎irons‏ | التاين. تحليل الذرة ‎ionization (n.)‏
مربوط أو مقيد ‎ironbound (adj.)‏ بالكهرباء
بالحديد . وعر يتأين . يحلل الذرة بالكهرباء ‎fonize (v.)‏
مدرع . سفينة حربية  ‎ironclad (adj.)‏ شىء ضئيل جذا. نقطة . ذرة .* (.1068)8
مدرعة. صارم إيونا (حرف الياء ‎(s‏
‏برادة الحديد ‎owe you"" 1600 - fillings (n.)‏ 1"" , .1.0.1
بخيل ‎fisted (ad).)‏ - 1008 | عبارة تكتب على إيصال وتعنى
متحجر القلب ‎iron - hearted (adj)‏ «أنى مدين ‎il‏
‏تهكمى . مال إلى ‎ironic, _al(adi)‏ | العراق ‎Irak, iraq (n.)‏
السخرية إيران ‎Iran (n.)‏
كى الملابس ‎ironing (n.)‏ | سريع الغضب ‎irascible (adj.)‏
تاجر الادرات الحديدبة ‎ironmonger (n.)‏ | سريع الغضب.غافضب ‎irate (adj.)‏
‎i‏ ومحل بيع ‎ironmongery (n)‏ | غضب.فيظ ‎ire (n.)‏
الأدوات الحديدية اتزحية العين . زهرة السرسن  ‎is(n)‏
‏الحداد ‎ironsmith (n.)‏ فوس نزح
انهكم . سخرية . شدة. تبيط ‎irony‏ | اللغة الأيرلندية. ‎Irish (n.adj.)‏
ينشر . ينير . بشرق. يزين  ‎(v.)‏ 15801316 الايرلنديون ‏ أيرلتدى
يعالج بالطاقة الملشمة يضايق ‎irk (v.)‏
إشراق . سطوع . تعرض ‎imadiation (n)‏ | تمل . متعب. مزعج ‎irksome (adj.)‏
للاشعة. إشماع حديد . مكواة - حديدى. ‎iron (n.adj.v.)‏
عمبق الجذور ‎irradicable (adj.)‏ قوى - يكوى . يكبل بالحديد.
يتعذر استئصاله يلل. يكو بالحديد
غير عاقل . لا عقلانى . ‎imational (adj)‏ | حديد خام ‎٠‏ قط
غير معقول. سخيف . ‎PR‏ حديد مطارع .اله
سخافة .عدم تعقل أو ييز )( ‎mationality‏ | بقعة ‎—_mould T‏"	al-shamil-dictionary
311	"لا يعالج . لا سبيل ‎irremediable (adj)‏ | تر ‎imeclaimable (n) o)‏
لعلاجه. عضال لا يتصلح. بصعب
لا يقر .لا يامح (زقة) ‎imemissible‏ استصلاحه. لا يسترد
لا يُصلح . لا يُموض ‎irmeparable (adj.)‏ - | متضارب. نتضاد. ‎imeconcilable (adj.)‏
لا ‎4k‏ .لا 4,¢ ‎imepressible (adj)‏ غير مسالم. لدود .لا يقبل
لا بعاب. طاهر ‎imeproachable {ad]’.)}‏ المصالحة
الذيل .مستقيم ‎imeprovable (adj.) J‏ | متعذر علاجه.  ‎imecoverable (adj.)‏
تسليم . عدم مقاومة ‏ )1( 1585152866 لا يعرض . لا يمكن استرداده
لا بقارم .لا يعائد ‎imesistible (adi)‏ | غير قابل للتغير. ‎itredeemable (adj)‏
‎o . e‏ . متردد الفكر ‎(adj.)‏ 1556501016 لا ترد قيمته باكملها
حيرة . تردد ‎imreducible (adj.) Y | imesolution (n.)‏
غير مسئول ‎irresponsible (adj.)‏ لا يقل التتقيص
& رعاية . وقاحة ‎irrefragable (adj.) ‘4ol | imeverence (n)‏
وقح .غير موقر ‎imeverent (adj.)‏ لا ‎Ay‏ متعذر إنكاره
لا يلغى . لا ينقض . ‎imeversible (adj)‏ | لا يقبل الجدل. - ززقة) ‎imefutable‏
‏لا يمكس لا ينقض
لا يسخ .لا ينقض. قطعى 176006001 | غير ‎oG‏ .كاذ ‎imegular (adi)‏
(لا يمكن الرجوع عنه) غير منتظم أو فانونى
طلاق بالن ‎divorce‏ | خلال عم ترتيب }[ ‎irtegularity (n)‏
يدوى. يسقى , يقل 0 ‎imigate (v)‏ نظام. شذوذ
رى . غل . سقى ‎(m.)‏ 1718800 | غير متصل. غير مرتبط ‎irrelated (adj.)‏
قابل للإثارة. سريع ‏ (240) 1705:8016 | غير متصل ‎imelevant (adj) - Ny‏
التهيج . سريع الغضب فى غير محله
حريف .مثر.مهيج . محرك ([04) 15701281 ‎S|‏ جحود ‎irreligion (n.)‏
يثيرء يغضب ‎١ imitae (v.)‏ كافر .لا ‎e‏ رزايم) ‎irreligious‏
‏انفعال . نهيج اتفعال ‎(n.)‏ 101181100 جاحد. معاد للدين
. التهاب"	al-shamil-dictionary
312	"خط تسارى الضغط الجرى (.8) 180837 | يغير على . يهجم على ‎irrupt (v.)‏
مار فى اللون ‎isochromatic (adi)‏ | غارة.هجوم. غزوة ‎irruption (n.)‏
مشارى ‎isochronal (adi) e‏ | مغير.غار ‎iruptive (adj.)‏
تسارى الزمن )( ‎isochronism‏ | إسحاق ‎e‏ السلام ‎Isasc‏
‏متاوى اللون ‎Isbn “Intemnational Standard isochrous (adj.)‏
متساوى الزرايا ‎(adj.)‏ 150808 | رقم الكتاب الدرلى 80010007005
خط التسارى فى ظاهرة ‎(n)‏ 1808800 | متعلق بالورك. وركى ‏ (ارفه) ‎ischial‏
‏ما (على خريطة) الورك ‎ischium (n.)‏
يعزل . يفصل . يبعد ‎isolate (v.)‏ | إيزيس ‎Isis (n.) WYY‏
عزل. فصل ‎isolation (n.)‏ الخصب والامومة المصرية)
مشارى القياس ‎isometric (adj.)‏ | اتحباس البول ‎ischury (n.)‏
التمائل فى الشكل (.8) ‎isomorphism‏ | الإسلام. الدين الإسلامى  ‎Islam(n)‏
‏التسارى أمام ‎isonomy (n) o g‏ | إسلانى ‎Islamic (adj.)‏
المتسار: ¢ ‎isopod (n,uvdj,) . ._J.',\/v‏ الشريعة الإسلانية | . ‎_law‏
‏حيوانات قشرية ذات سبعة ‎shariah‏ —
أرجل متساوية جزيرة ‎istand‏
‏متسازى المحيط ‎isoperimetrical (adj.)‏ | احد سكان الجزر ‎islander (n.)‏
«مثلث؛» ‎iSOSeles (1)l gl‏ | جزيرة صغيرة ‎isle (n.)‏
مسار فى درجة الحرارة ‎isOthermal (adi)‏ | جزيرة صفيرة ‎islet (n.)‏
النظير أراحد من عنصرين (.8) 1501008 | إسرائيل ‎Israel (n.)‏
أر عدة عناصر تحترى ذراتها ينو إسرائيل ,__ ‎Childrenof‏
‏على نفس العدد الذرى لكنها إسرافيل ‎Israfil‏
‏تختلف فى عدد النبوترونات! ‎“International Scientific‏ 150
نشر. إصدار . نسل . ذرية . غلة. ‎For Standardization” issue (mv.)‏
حادثة .متف مهرب. توليع - لنظمة الدولية للتوحيد القيامى
ينشر . يصدر . بنشر كتابا. يوزع + بادثة معناها مشابهة أو مساواة \180"	al-shamil-dictionary
313	"يعيد . يكرر ‎iterate(v.)‏ | على خلاف .على ‎S‏ .لط
إعادة. تكرار ‎(n.)‏ 11680000 نقيض . قيد البحث رالدراسة
‎ithyphallic (adj.) b2l‏ | بررغ ‎isthmus (n.)‏
‎itineracy (n.) | o‏ | هو.هى لغير العاتل ‎it(n) s}‏
‎itinerancy (n.)‏ المفرد الغائب لغير ‎it‏
‏منتقل من مكان لآخر . ‎itinerant (adji)‏ | اللغة الإيطالية. ‎Ralian (n.adj)‏
متجود شخص إيطالى . إيطالى
منتقل . متجول - ‎itinerary (adin)‏ | متعلى بإيطاليا  ‎Ttalic (adjin)‏
دليل المسافرين حرف طباعى ‎Jl‏
‏يتجول . يطرف ‎itinerate (v.)‏ | يطبع بالحرف المائل.يميل (.«) ‎italicize‏
‏صيغة الملكية لغير العاقل ‎١ its (adj.)‏ إيطاليا ‎Ttaly (n.)‏
نفسها. نفه (لغير العاقل) ‎(pron.)‏ 119816 | حكة . جرب بغضب ‎itch (n.v.)‏
مغطى باللبلاب زقه) ‎ivied‏ . يستحك . رعى . تلهف
عاج . لون الاج . ‎١ 1100 (nadi)‏ حكة. جَرب. شرق ‎itching (n.)‏
ناب الفيل ‏ عاجى. من العاج جربان. مصاب ‎itchy (adj.) oAl‏
نبات اللبلاب . نبات معترش ‏ (.8) 107 | بند. مادة. موضوع . جملة. نبا ‎item(n)‏
‏مرجز. ‎Gl‏
‏بعد قائمة ب . يعدد ‎itemize (v.)‏"	al-shamil-dictionary
314	"ال 7
بج

مزقت . هار . غير مستقيم ‎Jackleg(ad))‏ | الحرف العاشر من حروف الهجاء 0 1
مصباح الصيد ‎jacklight (n.) S‏ الإنجليزية
لمرفاع اللوبى )( ‎Jackserew‏ | يطعن. ‎jab(vin) 5l‏
يعقرب عليه السلام ‎Jacob (n.)‏ طعنة. لطمة . رشقة
مثبر ‎Gl‏ مؤامر. ‎jacobin(n)‏ | يثرثر . يرغى - ترثرة. رغى (00) ‎jabber‏
‏راهب دومينيكى غلباوى . ثرثار ‎jabberer (n.)‏
‎(adj.) e‏ 18605116 | البقمر (طائر يتغذى على ‎jacamar (n.)‏
الجاكونيت ‎jaconet (n.)‏ | الحشرات)
(قماش قطنى رقيق) مضطجع . شخص متمدد 0 ‎jacent(n)‏
‏نول جاكار ‎Jacquard (m)‏ | بحار . نوتى . بيرق . راية . رافعة . (.88.3) ‎Jack‏
‏اتفاخر. تبجح . تشامخ  ‎Jactation (n.)‏ عفريتة . مطواة (مدية) .
قلق . تمرغ . تمريغ . تبجح )1( ‎jactitation‏ الأعرج . برنيطة المدخنة
يطوح ‎N‏ . يقذف ‎jaculate (v.)‏ | على نياته. شخص بسبط ‎—a-lent‏
‏الرامى . القاذف ‎ot jaculatory (n.)‏
ينهك . يتعب - ‎gl | jade (v.n)‏ طراف ,__ ‎Cheap‏
‏امرأة سيئة السمعة ‎et‏ مدية . مطواة ‎knife‏ __
منهك . متعب ‎jaded (adj.)‏ | شخص مغرور ‎jackanapes (n.)‏
متمرد . امرأة فاجرة ‎jadish ١‏ طفل شربر قرد
القناص . الصياد )( هعور ‎١‏ المففل . الفى . حمار . جحش )( ‎jackass‏
‏طائر الكركر «يشبه النورس* حذاء عسكرى ثقيل ‎jackboot (n.)‏
شق . نتوء. طرب .حمل ‎ag me)‏ | نوع من التعالب . ابن آرى ‏ )( ‎juckal‏
‏صغير - بشق (ثويًا). يفعل الغراب ‎fackdaw (n.)‏
يطعن . بخز جاكيت . سترة. غلاف ردم ‎i jacket‏"	al-shamil-dictionary
315	"بواب. حاجب ‎jagged(adi) 1 0 0 janitor (n.)‏
شهر 08 ‎jagey (adj) } TSI January (n)‏
اليابان ‎Japan(n)‏ | 4 أمريكى مرقط ‎jaguar (n.)‏
مطلى بالك صمغ ‏ (.3(.0-7) 8083[ | سجن سجن ‎jail (n.v.)‏
الك - ورنيش يابانى يطلى يهرب من السجن ,__ ‎Break‏
‏بالك . يصقل أر يلمع بالك معتاد الإجرام ‎__bird‏
‏اللغة اليابانية - يابانى ‎jailer (n.) Japanese (n.adj.)‏
يسخر من نكتة. ‎jape (var)‏ سجان } ‎jailor (n.)‏
مسرحية هزلي شلل الإدمان ‎jake leg (n.)‏
جرة. بلاص . زير . هزة . شقاق . ‎jar(nv)‏ (من فرط الشرب)
خلاف . قعقعة . كركبة - يزعزع. بيت الخلاء. كنيف ‎jakes (n.)‏
برج برتج.يهز ببغاء أمريكى ‎jako (n.)‏
رطانة . جمجعة. رطانة ‎Jargon(m)‏ | حميرة ار قيش القباك  ‎jalousie (m.)‏
يجمجع . يرطن ‎Jargonize(v.)‏ | مربى . حشد. عرقلة . ورطة.  ‎jam(nv)‏
‏ياسمين ‎jasmine (n.)‏ انداد. ازدحام - شوش .
اليصب . اليب . حجر كريم )1( 25087[ يعرقل. يسحق. يصد.
يجعله متحامل على . ‎jaundice (vn)‏ يكيس . يملأ .
يصيبه بالبرقان - مرض اليرقان درع الرجل . عضادة ‎jamb (n.)‏
مصاب باليرفان. تعصبى (./24) ‎jaundiced‏ النافذة أر الباب
فسحة. نزهة. جولة. )( ‎SR‏ | مهرجان.احطال. ‎jamboree (n.)‏
يتنزه. بنجول. بطوف ‎L s,y‏ الا
خفة روح . مرح . نشاط ‎jauntiness (n.)‏ بحدث صرتًا ‎Gl‏
‏لطيف . خفيف الروح.  ‎(adi)‏ 180017 | يتشاحن ‏ ثرثرة. مشاحنة. ‎(n.)‏ 3081108[
'جزيرة جار . طير داجن ‎Java (n.)‏ مشاجرة. ضرضاء
الشعب الجارى ‏ الجاوى ‎Javanese (adjn.)‏ | انكشارى ‎janissary‏"	al-shamil-dictionary
316	"شق جراحى فى ‎jejunotomy (n.)‏ جريدة . حربة . نبلة . رمح ‎javelin (n.)‏

الامعاء الدقيقة ماء جافيل ‎Javelle water‏
يخثر . يجعله هلاميًا. يضعف ‎Jellify (v.)‏ (يتخدم كمطهر ار بيض)
الهُلام. تردد. خوف . جلاتين (.8) ‎elly‏ | فك .حنك . قم أحد ‎jaw (n.v.)‏
قنديل البحر ‎S jelly - fish‏ نفق - يوبخ . بشرثر
عثلة . عمود حديد . الغندور (.8) ‎jemmy‏ | طاحن. رس ‎—_tooth‏
‏درلاب للغزل . أثان ‎jenny (n.)‏ | العظم الفكى ‎jawbone (n.)‏
أثان. حمارة ‎jenny - ass (n.)‏ | كلمة يصعب التلفظ ‏ (.8) ‎jawbreaker‏
‏يعرض للخطر ‎jeopardize (v.)‏ بها. حلوى
مخاطرة )( ‎jeopardy‏ | غلبارى. كثير الكلام. ثرثار . رقح ‎jay (n.)‏
اليربوع (فار الغيط) ‎jerboa (n.)‏ . (أبو زريق)
مرثاة. المنشائم ‎jeremish (n.)‏ | يرقص على انغام مرسيقى ‏ (.00) ‎T2‏
‏يقذف. يقدد اللحم . يطرح. ‎(vn)‏ 6:86[ الجار بعزف. ينعش - موسيقى

يهز - قذفة. هزة. رجة. رعشة الجاز. هراء

عصبية غيور . حسود. ‏ (ز4ه) ‎jedlous , of‏
سترة قصيرة بدرن أكمام ‏ (-0) 80008[ متحمس . بقظ
لحم مقدد ‏ متقلب ‎(nadj)‏ 160107 | غيرة. حند. حماس ‎jealousy (n)  .‏
بناء غير ‎e‏ (24) 318 - 1807 | الجيب.سيارة للانتفاع العام ‎jeep(m)‏
‏كأس كبيرة. زجاجة 0 (.8) ‎jeroboam‏ سيارة جبب

اخمر كبيرة يسخر . يتهكم - ‎jeerat (vn.)‏
قميص صوف للبحارة. ‎jersey (n.)‏ اتهكم . استهزاء . حبل قلع

صرف ناعم . سلالة بقر لإنتاج المركب. ملاحظة ساخرة

اللين عريجى . سائق عربة ‎jehu (n.)‏
بيت المقدس . القدس  ‎Jerusalem (n.)‏ ركيك . فارغ . جائع . (.زهه) ‎jejune‏
‏يمزح . ‎gl oSy‏ مداعية ‏ (000) 880[ | تافة .غير مق
كتاب فكاهى . كتاب الدعابات ‎——book‏"	al-shamil-dictionary
317	"الشعب اليهودى. الى اليهودى (-8) 8807[ | مزاج . مداعبة ‎jesting (n.)‏
يتحرف . يجمع . بحرن - شراع ‎GO (M)‏ | احتيالى . دهائى. نفاقى ‎jesvilic,al (adi)‏

صغير . شراع مقدم السفينة دهاء .مكر ‎jesuitism (n.)‏
يغريل . يهزهز ‏ هزهزة. 0 ‎s | JBOM)‏ عليه السلام ‎Jesus (n.)‏

غربلة. رقصة سريعة يسوع المسيح ‎Jesus Christ (n.)‏
يهزهز . يتهزهز ‎o‏ تهزهز ‏ (08) 19816 | ثفاث . تدفق. انبثاق. ‎jetmy.)‏
‏منشار أركت. منشار  ‎jigsaw (mv)‏ | كهرمان أسود. نافورة ماء ‏

المنحنيات الطائرة النفالة ‎jet sirplane (n.)‏
جهاد فى سبيل مبدا. الجهاد )1( ‎jihad‏ | أسود قاتم ار فاحم. ‎jet - black‏
الغندروة. مخادعة ‎jilt(n.v.)‏ أسرد غطيس

فى الحب. تخدع محبربها نافورة. فمقية ‎jetdeau(n)‏
‏يخشخش .يرن الجرس ‎jingle )780.( L‏ | يقذف. ينبذ. يتخلص  ‎jettson (v.n)‏

يجلجل - جرس صغير . طنين من التخلص من الحمولة

‎jinnee (n.)‏ الزائدة بالسفينة بطرحها فى

‏الى } ‎inni(n)‏ | البحر خشية الغرق
الثقلان ,__ ‎humans andthe‏ 70 | رصيف فى البحر د ( زفف.8) ‎jetty‏
‏يجلب النحس. ينحس ‎ -‏ (.08) فاز اسرد قاتم أو فاحم

‏الجالب للنحس اليهردى - يهودى. إسرائيلى  ‎Jew (n)‏
حافلة صغيرة. أنوبيس صنير (.8) لإعتتااز ‎١‏ جوهرة. حجر كريم ‎jewel (n.)‏
يتعصب. يتدرفز. ‎jiter (v.) P‏ | الجواهرجى . الصالغ ‎jeweller (n.)‏
حالة عصبية شديدة. ‎jitters (n.)‏ | مرصع بالجواهر ‎jewelly (adj.)‏

‏نرفزة شديدة مجوهرات. | ‎jewellery (n.)‏
شديد العصبية أو الترفزة ‎jirtery (adj.)‏ مصوغات . الحلى ‎jewelry (n.)‏
يمزح . يرقص على أثقام 0 ‎JivE(vn)‏ | التحلى (ليس الحلى) 0 ‎Wearing‏

‏الموسيقى - مرسيقى فتاة يهودية . اليهودية ‎Jewess (n.)‏

‏خاصة. كلام احم يهودى .عبرى ‎Jewish (adj.)‏
ايوب عليه السلام ‎Job (n.)‏"	al-shamil-dictionary
318	"المؤلف ‎Jas | jointauthor (n) 8Ll‏ وظيقة .عمل - ‎job (n.v.)‏
رأس مال مشترك ‎joint stock‏ | بخلع. يزجر. يضارب. يسمر
شركة مساهمة ‎joine stock company‏ | الفساد الإدارى أو السياسى. (.8) ‎jobbery‏
‏ملك على المشاع ‎Jjoint property‏ استغلال الوظيفة للمصلحة
فارة النجار الكبيرة المسح ‏ (.8) ‎jointer‏ الشخصية
الخشب).  ‎jointing - plane (n)‏ | يركب جواد .يفش ‎jockey (v.n.)‏
رابوب . رابو يخدع ‏ راكب اليل (فى
‎G‏ بالتعاون مع بالانحاد . ‎(G jointly (adv.)‏ سايس. غشاش
بالاشتراك نادى السباق (الخيل) ‎jockey chub (n.)‏
عارضة تدعم أرضية أر ‎joist (n.v.)‏ مداعية . مزاح ‎jocularity (n.)‏
سقف الحجرة - من قبيل المداعية أو المزاح ‎jocularly (adv.)‏
تافة ‎IR‏ دعابة - ‎joke (n.)‏ مرح . فرح . مداعبة ‎jocundity (n.)‏
ينكت . بمزح . يداعب ٍ ‎(n.)‏ 000000855
جوكر فى ورق اللعب. ‎١ joker (n)‏ بنطلوب لركرب الحيل ‏ (.8) ‎jodhpurs‏
‏الفحك ‎e‏ يليه . هزة. تنبيه ‎jog (v.n.)‏
على سبيل المزاح . بمزاح (:801) 00087( | ‎by‏ يتلكا ا
مرح . مجون. تهبيص (.8) 10115880000 | مشى بيطئ. سير عمل 0 ‎JOgtOL(n)‏
‎A‏ يهيص («) ‎jollify‏ | يحي عليه ‎John(n) ey Sl‏
طروب . يهيج . مرح . خفيف (807) 101(9 | يوصل. يضم . بلتحق . يزوج . ‎Join(v)‏
‏الررح . بحبوح يرتبط . يشتبك فى ‎J‏
‏يربك . يرتج يتحرك بحركة ‎(vn)‏ ال0ز | نجار ‎joiner (n.)‏
مفاجئة . يسدد ضربة عنيفة - أعمال النجارة الدقيقة ‎joinery (n.)‏
ارجة. ضربة رصلة . توصيلة . مفصل . (.[0.7.80) ‎joint‏
‏يونس عليه السلام ‎Jonah (n.)‏ عفدة. لحم العضد أو الفخذ
نبات التسرين )( 001 ‎١‏ للشى. مزؤسة. مسكن . ملهى -
يوسف ‎W, ol‏ | بربطء يضم يجمع . يشرح اللحم
تبس ‎iy‏ لك تون ‎s‏ منضم. عام رديه"	al-shamil-dictionary
319	"ميهج .سار ‎joyous (adi)‏ | بهزا. يسخر . بنكت . لكتة  ‎josh(vn)‏
‏شديد الابتهاج . متهلل ‎jubilant (adj.)‏ يهز . يدقع بالمنكب . يزاحم . ‎jostle (v.n)‏
يفرح . بطرب . يهج . يتهج ‎jubilate (v.)‏ يصطدم ‏ تصادم
فرح ‎b‏ رقص ‎Jubilation (n) sy‏ | تصادم. تزاحم. تدائع 0 ‎jostiling (n.)‏
اليوبيل - عيد الخمسين سنة )1( ‎jubilee‏ بالناكب
اليوبيل المامى ‎Diamond ٠‏ | نقطة. ذرة. حرف رم ‎jot‏
‏(العيد الستينى) يكتب مذكرة |
اليوبيل الذجى ,__ ‎Golden‏ | مفكرة. مذكرة يسم ‎jouter‏ أ
(العيد الحمسينى) صحيفة . جريدة )1( ‎journal‏
‏اليوبيل الففى ‎i, Silver ٠.‏ البومية. دورية. مجلة
(عيد الخمسة وعشرين سنة) الصحافة.علم الصحافة (.8) ‎journalism‏
‏اليهودية . ديانة اليهرد ‎Judaism (n.)‏ | صحافى. صحفى ‎journalist (adj.)‏
‎oSou‏ ند .ا . ‎judge (vn)‏ لعا ‎Journalistic (adj.)‏
يفحص قاض رحلة . سياحة. سفر - 0 ‎journey (mv.)‏
منصب القافى ‎judgeship (n.) u-lu‏ يقوم برحلة. يافر
‎Sl‏ القضاء الإسراء ‎The Night - to Heaven‏
فضا حكم ) )( ‎١ judgement‏ عامل باليومية . أجير (.8) ‎journeyman‏
‎judgment (n.)‏ | عمل باليومية ‎journeywork (n.)‏
حكم غيابى ‎by default‏ | بارزة. يتصارع. يتتاقس  ‎joust(nv.)‏
‏قاعة الجلة ‎—hall‏ | يشرش. مرح. ضحرك ‎jovial (adj.)‏
يرم الحاب ‎The Day of  .‏ الفك . اللعقد ‎(n.)‏ 01
يعرض ‎Tobebroughtio‏ | .ابتهاج.سرور - ‎joy (n.v.)‏
(يرم الحاب) يفرح . يتهج
متعلق بالقضاء. تضائى ‎judicative (adj.)‏ | فرح . بهجة. لذة ‎joyance (n.)‏
قضائى - محكمة . ‎Judicatory (adjin)‏ | مفرح . مبهج ‎joyful (adj.)‏
مجلس القضاء . النظام القضائى يفرح ‎joyfully (adv.)‏
شرع . سلطة القضاه  ‎n)‏ 00081088 | فرح .ابتهاج ) ‎joyfalness (n‏"	al-shamil-dictionary
320	"يقفز . يثب . يفر من . يغادر (78) ‎Jump‏ | شرعى . قضائى . متعلق ‎judicial (adj.)‏
فجأة ‏ قفزة. وثية رحلة بالشرع . قانونى
قصيرة. تغير مفاجئٌ شرعى . ‎judiciary (adj.) S‏
ثرب من قطعة واحدة بدرن ‎jumper (n.)‏ | حازم . فطن. حكيم  ‎judicious (adj)‏
أكمام. فرس مدرب . مركبة حزم . فطنة. تر ‎judiciousness (n)‏
جليد. أداة تعمل بحركة رائبة لعية الجودر. مصارعة يابانية  ‎judo(n)‏
‏عصبية . نرفزة ‎Jumpiness (n.)‏ | إناء . كوز. إيريل ‎(n)‏ يز
نقطة بده سباق أر هجوم ‎jump-off (n)‏ | متعلق بالوجنة ‎jugal (adj.)‏
مقعد سيارة قابل ‎Jump - seat (1)l‏ أر الخد . وجنى. خدى
رئاب . سريع الاهتياج. ‎jumpy (ad))‏ | يشعرة. يخدع. ‎juggle (v.n.)‏
عمبى يحتال على - شعوذة . احتيال
الجنك «عصفور ‎JUCO (1) 4 Sl‏ | مشعوذ. محتال ‎juggler (n.)‏
نقطة اتصال . رباط . صلة. ‎junction (n.)‏ | شعوذة. احتيال ‎jugglery (n.)‏
ملتقى وداجى . علقى ‎jugular‏
‏مفصل . رباط . صلة . ‎juncture (n)‏ | الرريد المنقى أر الرداجى ‎—vein‏
‏نقطة اتصال تحر . أعلى الصدر ‎jugulum (n.)‏
شهر يونيو . حزيران ‎June(n)‏ | عصير.عصارة (:م) ‎juice‏
‏حرس .دفل ‎jungle (n)‏ | ناشف .بلا عمارة ‏ (زقم) ‎juicelbss‏
‏الأدنى ‏ أصغر . ‎junior (nadj)‏ . خال من المنعة أر الإثارة
الأصغر - أصغر. معد عصارة الفواكة ‎juicer (n.)‏
للمراهقين. أدنى منزلة أو مرتبة كثير العصارة. رطب . غض ‎juicy (adj.)‏
معهد عال (.) ‎junior college‏ | العناب . شجرة أو ثمر العتاب ‎jujube (n.)‏
المراهقة "" ‎junior miss (n.)‏ | شهر يولير. فور رم ووز 1
فريل رياضى جامعى ‎junior varsity (n.)‏ | شهر جمادى ‎Jumada (n.)‏
شجر العرعر ‎١ juniper (n.)‏ بخلط , يلخبط - ‎jumble fv.n.)‏
سلع مستعملة . محودة. ‎junk (n.)‏ خليط . اختلاط . لخبطة
سفيئة صيئية . حبال محلولة أو ضخم جد - ‎jumbo (adj.n.)‏
قديمة. لحم مقدد ‎ot‏ ضخم جد"	al-shamil-dictionary
321	"عدل. انصاف. قاص. مأمور (.8) ‎justice‏ | كعك بجبن . مأدبة. رحلة  ‎junket(n.)‏
‏قضائى. قاضى الصلح على نفقة ‎Uy‏ عيد.

أقر بفضله ‎__ofpeace‏ | عصبة. الزمرة. ‎junto (n.)‏

رزارة العدل ,__ ‎Do him‏ أعضاء حزب سياسى

يمكن تبريره - ‎Ministryof ٠‏ | كوكب المشترى. جريتر  ‎Jupiter (n.)‏
ير . يُعذر ‎justifiable (adj.)‏ | «كبير آلهة الررمانة

تبرير . عذر . حجة.  ‎justification (n)‏ | قانونى . شرعى ‎ Jas.‏ (أزفه) ‎juridical‏
‏تزكية. الشبط «الترتيب للحروف» ‎G‏ . الشريمة . علم  ‎jurisprudence (n.)‏

يرر . يؤيد . يزكى ‎Justify (v.)‏ الفقة. التشريع

بعدل . بإحكام . عدلاً 0 ‎justly (adv.)‏ | الفقة الإسلامى ‎Islamic ٠‏

jurisprudent (n.) ‏فقية‎ | justness (n.) ‏دفة . صحة . حق‎

يقبا. يبرز. ينشئ. ‎g‏ 0 انال | فقهى ‎jurisprudental (adj.)‏

نات القنب . ألياف القنب ‎jute(n)‏ | أحكام فقهية ‎rulings‏ ا
لصنع اليش فقية ‎jurist (n.)‏

jurisconsult (n.) ‏مستشار قانونى‎ | juvenescence (n.) ‏تجدد الشباب‎

Religious ___ s | juvenscent(adi) 0 ‏مجدد الشباب.‎
Juristic, __al (adi) ‏متصابٍ شرعى . قانوثى‎

صبانى . مختص . ‎Juvenile (adin)‏ | من يقسم بمين الولاء. ‎juror (n.)‏
بالارلاد أو الاحداث ‏ اليافع. محلف .عضو فى هيئة محكمين
الحدث القانون الدولى ‎gentium (n.)‏ كلاز

كتاب أطفال. أحداث ‎book‏ | حق التملك ).( ‎jus possession‏

مكتبة أطفال ‎___library‏ | صيغة الأمر ‏ أمرى ‏ (ز4ة.ة) ‎jussive‏

فترة . حدائة . ‎juvenility (n.)‏ | بالضبط . تمامًا . فقط . منذ ‎just (adv.adj.)‏
تصرفات الحداثة لحظات . مباشرة - مضبوط

يضع ‎G2‏ بجزار آخر  ‎(v)‏ 01680058 | صحيح. ستقيم. عاد

مبارزة بين فارسين للهو ‎just (n.)‏
ظهر حديثًا ‎published‏ __"	al-shamil-dictionary
322	"71

مبحث فى طبيعة ‎karyology (n)‏ | الحرف الحادى عشر من حروف 0 126
الصبغيات ‎L‏ الهجاء الإنجليزية

ثوة اليد ‎o s ::ryosomc (n.) .»:.u*,f‏ 1 مال طمما!
خصائص نواة الخلية ‏ (.8) ‎the aryotype‏ 1628
نفل ‎kava(n)‏ | الكمة المشرفة ‎The Holly ٠‏
ازورق أمريكى . ‎kayak (n.)‏ | القبلة ‎direction towards the ١‏
زررفى الإسكيمر قاض شرعى ‎kadi , cadi (n.)‏
ضربة قاضية م فيه | كوفية ‎kaffiyeh (r.)‏
الكاى «بغاء نيوزيلتدى» ‎kea(n)‏ | نفطان ‎kaftan (n.)‏
يحب مركب ‎kedge (vn.)‏ | خضار. نوع من ‎Kail , Kale (1) . S0‏
بالمرساة . هلب . خطاف لفت

سفينة , صندل . ‎keel(nv)‏ | فيصر ‎kaiser (n.)‏
زررق التويج ‏ يمخر عباب نظارة أاداة تعرض  ‎(n.)‏ 12061005608
البحر . يبحر . ينقلب . يقلب أشكال هندسية مختلفة الالوانأ

دسم ور السفن فى اليناء ‎Keelage(n)‏ | تقويم ‎kalender , calender (n.)‏
فطن . حاذق . حاد. ‎keen, of (adjvn)‏ | خليفة ‎Kalif, calif (n.)‏
رائع . ممتاز . شديد التوق. الكامالا مسحوق طارد للديدان ‎kamal (n.)‏
متحمس. ثاقب - يعويل . يندب الكاميرا.آلة التصوير ‎camera (n.)‏ , 140182
- ندب .عويل الكثغر احبوان استرالى؛ (.0) ‎kangaroo‏
‎ki‏ حدة ‎keenness (n)‏ | السلصال الصيتى )( ‎kaolin‏
‏بحفظ . بحافظ ‎keep (v.)‏ أيتخدم في صناعة 1 ‎kaoline (n.)‏
على . يصون . يلزم . يبقى . يحتفظ الخزف الصينى|

ينيم يضع . يحط . يشغل ‎١ 0l‏ الكاراتية أرياضة يابائية تعلم ‎karate (n)‏

نع بطرد. يعد ‎_away‏ _ الدفاع عن النفس بدرن سلاح|"	al-shamil-dictionary
323	"نظرة . منظر . مشهد . مدى  ‎ken(nv)‏ | يتخلف . يؤخر.يعيق ‎—back‏
‏البصر أو الإدراك ‏ يدرك يبقى بالقرب . يلازم ‎___close to‏
| يعرف.يفهم يصاحب . برافق. يغازل ‎with‏ 60/018017 ___
| نبات التيل. )( ‎Kemaf‏ | يقهر . يخند.ينقص 0
التيل (لصنع الحبال) ايفى ‎__Jaith ey‏
بيت الكلاب ‎s, | Kennel (n)‏ يخفى . ‎__jrom Lt‏
المادة القرنية م | يكنم يحجز ‎i‏
‏التهاب قرنية العين ‎Keratitis(n.)‏ | يكون على اتصال ‎__intouchwith‏
‏وشاح للعنق ‎Kerhief (1) L)‏ | ينجنب. يعد يتاخر ‎o‏
‏حجاب المرأة.عصابة للرأس بواظب . يسثمر. يتمسك ‎_on‏
‎G2‏ )@ عن استخدام المنشار) )1( ‎Kerf‏ أبتعد. بمنع ‎o‏
‏احتفال. سوق خبرية | بس ا يجارى العصر ‎__step‏
‏)( 00685 | يقى فى حالة جيدة .يدارم هما
حرف طباعة . شخص | ‎kem (n.)‏ يحافظ على . يتك
ساذج . طاحوئة يد ‎holy sunnah i), o, | Keme(n)‏ 16ص
يكون بذر . يبذر - نواة.  ‎kemel (vn)‏ الطهرة
نواة.لب. بذرة يحافظ على . ‎___up with ot‏
نيج صرفى ‎L kerseymere (n.)‏
خشن. الكشمير (قماش) يحافظ على حذاقتة 40104066
العوسق (صقر) )1 اث | ‎o iyl‏ . القيم ‎Keeper(n) . e‏
اسفينة شراعية ‎ketch (n.)‏ السجان
5 غلاية الشاى . غلاية  ‎kettle (n)‏ عناية . حفظ . صون . حراسة ‎Kkeeping (n)‏
طبلة ترتكزعلى أرجل ‎kettledrum (n.)‏ كما يجب مطابق .ملائم اا
لخبطة . ارتباك. تشريش ‎kettle of fish (n.)‏ غير ملائم ,__ ‎Outof‏
‏مفتاح. بياذ ‎s | XY (P30‏ تدكازية تذكار ‎Keepsake (m)‏
الصطلحات .دليل ابو وتد. يوميل صفير ‎keg (n)‏
تفسير نقمة عيزة - أساني: عشب البحر ‎(n.)‏ ماف
رئيسى - ‎e Gl‏ يناغم"	al-shamil-dictionary
324	"جوبية (سلة لصيد السمك) (.8) ‎kiddle‏ | لوحة المفاتيح ‎keyboard (n.)‏
يهرب مع . يخطف شخصنًا ‎Kidnap (v)‏ | الفكرة الرئيسية ‏ يلقى  ‎keynote (n.v.)‏
خطف أو سرقة 0 ‎kidnapping (n)‏ خطابًا ‎Gy‏

الاشخاص الآلة الثاقية ‎keypunch (n.)‏
كلية ‎Dikney (n.)‏ | محفظة جلدية للمفاتيح ‎keytainer (n.)‏
فاصوليا ‎__beans‏ | كلمة تساعد على ‎keyword (n.) i‏
مثلك . على شاكلتك ‏ ,__ ‎Ofyour‏ شىء صعب . الكلمة الدليلية
جلد الجدى ‎context ""0174 6"" | kidskin (n.)‏ مل ‎__augmented‏
‏برميل (سعة ‎VA‏ جالونًا) (:8) 1611088600 ‎١‏ الكلمات الدالة المضافة إلى السياق
يقتل . يذبح . يجزر . يعدم . ‎Kll(un)‏ (كواك)

يقثل . الرقت - قتل. ذبح + الكاكى . قماش قطنى سميك . ‎khaki (n.)‏

اجزر. فريسة . قتيل. لون أسمر ضارب إلى الصفرة
مرساة صغيرة (م) ‎Killick‏ | رياح الحماسين ‎khamsin (nadj)  -‏
قمين . قمينة . أنون - ‎kiln (n.v.)‏ خماسينى

يحرق أر يخبز فى 03 زعيم . أمير . الخان. فندق ‎Khan (n.)‏
كيلوجرام. ‎Kilo, kilogram (n.)‏ | الخديرى ‎khedive (n.)‏

ألف جرام ] ‎kilogramme (n.)‏ | مزرعة. جماعة يهودية 0 ‎kibbutz (n.)‏
كيلومتر . الف مثر 0 ‎kilometer(n)‏ | دلر. جردل ‎kibbie (n.)‏
كيلوستبر . الف متر مكعب(8) ‎Kilostere‏ | تشقق أو تورم القدمين ‎kibe (n.)‏
تنورة ‎s o}‏ الإسكتلنديون! ‎Kilt (n.)‏ من شدة البرد
ترتيب . انتظام العمل ‎١ kilter (n)‏ القبلة. قبلة المملمون فى الصلاة ‎kiblah (n.)‏
محدب . مقوس . ‎e‏ (/54) 10000 | يرنس . يركل . يضرب ‎kick (v.n.)‏
الكيمونو . ثوب نسوى يابانى )( 1001000 بالرجل ‏ رفسة . ركلة. ردة.
قرابة . أنباء . قارب ‎kin (n.)‏ دفعة .رد فعل السلاح . مقاومة
نوع صنف. جس ‎kind (nadj)  -‏ . شكوى . اعتراض

محسن . حنون . لطيف . كريم شجار . خناقة ‎kickup (n.)‏
حشانة أو روضة أطفال ‎(n)‏ 100080880080 | جدى. صغير الماعز. طفل. ولد ‎Kid(n)‏"	al-shamil-dictionary
325	"ملك . الملك ‎king (n)‏ | ,53 القلب. ‎kindhearted (adj.)‏
ملك الأهوال. الموت. ‏ 0/1607075_- حنون. شفرق
رسول المنايا يلتهب . يثير. يهيج . ‎kindle (v) Sy‏
فن إدارة وحكم ‎Kingeraft(n.)‏ | ملتهب. مشتعل مولع ‎kindled (adj.)‏
الممالك .سياسة املك مشعل . موقد . مثير الل
مملكة. سلطنة. ملكوت ‎kingdom(n)‏ | غير رحيم . قاس .غليظ (/44) ‎kindless‏
‏الخلود. الأبدية ‎come‏ | شفقة.رافة. لطف ‎kindliness (n.)‏
ملكوت السموات 0 ‎__ofheaven‏ | بلطف .برقة. بكرم ‎kindly (adv.adj)‏
ملكة الجماد ‎Mineral ٠‏ لطقًا. من صميم ‎I3‏ -
عالم الحيران ,__ ‎Animal‏ لطيف . كريم. رقي القلب
عالم ‎ol‏ ,068618016 71084 | رفق . لطف .منة. شفقة  ‎kindness (n.)‏
القاوند إطائر ‎Kingfisher (n) ol‏ | بر الوالدين ‎the parents‏ 10 __
بالأسماك| آل . أهل . أفرباء . ععشيرة . (.20[.8) ‎kindred‏
‏مذوكى . سلطانى . جليل. (.64) ‎kingly‏ شعب ذوو القربى - شقيق
سام. ‎Y‏ بملك الاقربرن ,_ ‎near‏
‏القارورة الخشبية (0) ‎Kingpin‏ | ذور الأرحام 4 -
|الهدف فى لعبة البولنغأ أبقار . بقرات ‎kine, cows‏
الدعامة الرئيسية ‎king post (n.)‏ | علم الحركة المجردة 0 (80) ‎kinematics‏
‏فى سقف جمالون العلاج بالرياضة  ‎kinesipathy (n)‏
الإنجليزية الفصحى )1( ‎King's English‏ الحركية
احكومة ملكية . ‎Kingship(n) iUt‏ | منشط . ناشط . ‎kinetic (adj.) .S~‏
مركز املك مفعم بالحركة والحياة
يتعقد. يرم . يلتوى . يفتل - (.070) ‎Kink‏ | الطاقة ‎kinetic energy (n.) LS4‏
ثزوة . تشنج فى الرقبة أر علم الحركة ‎kinetics (n.)‏
الظهر . عقدة.لية كاميرا تصوير ‎kinetograph (n.}‏
أهل . أقارب. أنياء 0 ‎Kinsfolk (n.)‏ الأشياء المتحركة
قرابة .نب ‎١ kinship (n.)‏ اهل . أنسباء. أقارب ‎kinfolk (n.)‏"	al-shamil-dictionary
326	"طائر «نيوزيلتدى؟ ‎kiwi(n)‏ | قاطع امرحم ‎__bonds‏ /ه 316707
اجتماع لتبادل الآراء أو | ‎Klateh (n)‏ | قريب. أحد الأقارب. ‎kinsman (n.)‏
الاحاديث غير الرسمية ل ‎Klatsch (n.)‏ اليب
منديل ورقى ناعم ‎kleencx (n.)‏ | قريية . إحدى القرييات . ‎(n.)‏ 1618500028
'جنون السرقة ‎kleptomania (n.)‏ النسبية
5 طفطقة ‎Klick (n.)‏ | كشك |تليفون. بيع جرائد. .| )( ‎Kiosk‏
‏براعة . مهارة . حيلة . موهية )1( ‎knack‏ | الكنكاج أحيوان ‎Kinkajou (n.)‏
بزّ. عقدة خشب , خابور . وتد ‎ok 1088 (n.)‏ أمريكى|
زالية. قمة. أكمة. بشذب. ‎knap(n) i‏ | عدب الكينا ‎kinkina (n.)‏
جربندية . حقيبة الجتدى . ‎kirk (n.) L5 | knapsack (n.)‏
مخلة الجندى عيد . وليمة . مهرجان ‎Kirmess (n.)‏
شخص وضيع . خادم.  ‎knave(n)‏ | يقبل ‏ قبلة ‎kiss (v.n.)‏
لثيم . المكار بدلة الجتدى . أمتعة الجتدى . ‎kit (n.)‏
خبيث . ماكر ‎knavish (adj.)‏ عتاد. جهاز. كمنجة. دلو .
حبك مكر () ‎knavishness‏ صندوق. العدة
يدلك . يعجن ‎knead(v.)‏ | تطبخ ‎kitchen (n.)‏
مدلك . عجان ‎kitchen cabinet (n.) i 33 | kneader (n.)‏
‎ik‏ العجين )( ‎١ kneading - machine‏ أوانى الطبيخ. ‎kitchenware (n.)‏
ركبة ‏ يضرب بالركية ‎knee (n.v.)‏ أدرات المطبخ
منهمك فى عمل ‎Kknee-deepladi)‏ | طائرة ورقية (لعية) . حداة. ‎(nv.)‏ عالط
أر مشغول. حتى الركبة كميالة صورية - بيطير. برقع
مرتفع إلى الركبتين ‎knee - high (adi)‏ يرتفع فجاة
ٍ مفصل ‎knee joint (n) S‏ | صاحب. أحد المعارف. قريب 0 ‎Kith (n.)‏
أ سابونة الركبة. رضقة ‏ (.8) ‎kneepan‏ | الأرحام. أقرياء ‎__andkin Wty‏
‎(S5‏ يسجد . يبرا - ركوع ‎kneel (wn)‏ | يصل الرحم ‎Todogoodioone’s‏
‎٠‏ وقاء الركبة ‎kneepad (n.)‏ | قطة صغيرة. قطيطة ‎kitten (n.)‏
صابوئة الركبة ‎kneepan (n)‏ | النورس ‎kittiwake (n.)‏"	al-shamil-dictionary
327	"ايرمى . يصرع . يطرح ‎down‏ | جرس الجنازة أو الموت. 0 ‎knell (va)‏
‎G‏ ضربة قاضية يقرع ناقوس الوفاة أو كارثة
يدق . يسمر . بدخل « | ركم ‎knelt.past part . of kneel (v.)‏
ينجز. يفرغ من 7 - | غرف ‎knew past of know‏
يعمل بغير إثقان اه | بنطلون حريمى تمير )1( ‎knickers‏
‏مقرعة أو مطرقة ‎knocker (n.) .Ul‏ فضفاض ومزموم عند ‎LS‏
‏يد الباب العربة. شخشيخحة ‏ )1( ‎knick - nack‏
الضربة القاضية ‏ (001)8- 160000 | سكين. مدية ‏ يطعن ‎(n.v.)‏ طلم
(فى الملاكمة) بكين آر بمدية
رابية . هضبة صغيرة. ‎(n)‏ 106011 | فارس .نبيل . صنديد . شريف ‎knight (n.)‏
طنين . صوت الجرس فارس متجول ‎knight - errant (n.)‏
زر . بروز . عقدة ‎knop(n)‏ | شهامة. فررسية ‎knighthood (n.)‏
برعم ‎knosp(n)‏ | بطولى . ثيل . ‎s‏ (زفة) ‎knightly‏
‏عقدة (أنشوطة). بز ‎knot (nv.)‏ | يلنحم . يتماسك. بقطب ‎knit (v.n.)‏
(فى خشب). مشكلة. ررطة حاجييه . برنى أو يحبك
أ ميل بحرى - بثبت الجرارب
بإحكام . يعقد . يتعقذ حياكة. عقد. التحام كير ‎Knitting (n.)‏
نات عصا الراعى ‏ (.7) ‎knot - grass‏ العظام
صعب . معقد | ‎Knotted (adj)‏ | تريكو ‎Knitwork (n.)‏
مبزز . ذر عقد ‎knotty(adf)‏ | اكرة. مقبض الباب عقدة 0 ‎knob(n.)‏
‏يجلد . يضرب بالكرباح - (.08) 00001 | ميزر . ذو عقد ‎knobbed (adj.)‏
سوط . كرباج . ئيلة كثير العقد ‎knobby (adj.)‏
يعرف . يعلم . يدرى ب )1( ‎KnOW‏ | خبطة. طرقة .نقد - ‎knock (n.v.)‏
يجامع امرأة ‎—_awoman‏ يخبط . بطرق . بضرب . ينتقد
دراية . معرفة ‏ عارف (.(0.80) ‎knowing‏ ينتقل يطوف 4 ---
عن معرفة. ‎(adv.)‏ 000008 | يعد.يطير _
بعلم . قصداً"	al-shamil-dictionary
328	"ابو ركبة «نبات؟ ‎kohlrabi (n.)‏ | معرفة.علم. ).( ‎knowiedge‏
‏الكرنب السافى دراية . اطلاع
‎e‏ قياس كمية ‎koniscope (n.)‏ | العلم الشرعى __ ‎Religious‏
‏الأتربة فى الجو ‎knowledgeable (adj.)‏
قارون ‎Korah (n.)‏ | ذكى . واسع الاطلاع
القرآن ‎known pastpart of know 160:80 the (n.)‏
القرآن الكريم ‎The Holly Koran‏ | معروف. معلوم. شهير
مصيدة الافيال. كثر. نجع .كوخ ‎(n)‏ 18841 | عقلة ‎Knuckle (n.v.) el - oMl‏
غاز الكربتون ‎krypton (n.)‏ يعمل باجتهاد
خرج (يوضع على ظهر الدابة) ‎kyack (n)‏ | يذعن. يضرع ‎__down‏
‏أداة تسجيل الضغط (8) ‎kymograph‏ | يعترف بعجزه 7 --
وضربات القلب زر .عقدة خشب.بز .لقا
تحدب . تقوس الظهر  ‎kyphosis (n)‏ | الكوال «حيوان استرالى؟ ‎koala (n.)‏
والعمود الفقرى آلة تصوير فوتوغرافى ‎kodak (n.)‏
بطن. معدة ‎kyte(n)‏ | الكحل ‎kohl (n.)‏
|
‎i‏
‏|"	al-shamil-dictionary
329	"عمل . شغل . كد - ‎labour (nv.)‏ | الحرف الثانى عشر من حروف ‎L.‏
‏مخاض . طلق ‏ يكد. يكدح. الهجاء الإنجليزية. رقم خمسون
يتعب . ياتيها للخاض ذبول . إضمحلال. ‎labefaction (n.)‏
عيد العمال ‎ol 5 __Day‏ انحطاط
آلام اللخاض ‎pains‏ | بطاقة. علامة . تكت ‎lable (nv.)  Geal‏
حزب العمال ‎__party‏ لبيان محتويات الشىء . حلية
اشغال شاقة __ ‎hard‏ معمارية زخرفية - يلصت نكت
, أجيز .عامل ‎labourer (n.)‏ أو رفعة على. يصنف شيئا
‎by‏ . مشكلة. المتاهة . ‎Iabia, labium major (n.) labyrinth (n)‏
رتبة ‏ الاذن الباطنئة الشفران الكبيران
كالتاهة. عويص. زيم ‎minor(n) Iabyrinhian‏ سا
معضل ‏ مُربك ‎labyrinthine‏ | الشفران الصغيران
‎Ry‏ عدا | شفوى. شقهى . ملفوظ  ‎labial (adj)‏
دنقلة ‏ قيطان. شريط مخرم. ‎lace (n.v.)‏ من الشفتين
رباط الحذاء . تخريم - يزركش نبات من الفصيلة ‎Iabiate (n.adj.)‏
ويخرم الشفوية ‏ ذو شفة
يشرمط. يمزق . بهتك 0 (0) 1866816 | غير مستقر. متغير ززفه) ‎labile‏
‏تهتك . تمزق ‎laceration (n.)‏ | حرف ينطق من ‎labiodental (adj)‏
عزق. مقطع ‎lacerative (adj.)‏ خلال الشفتين والأسنان
شبكية الجناح ( حشرة ) ‎(n)‏ 18088108 | جراحة تجميل الأسنان ‎labioplasty (n.)‏
دمعى . دامع . متعلق ‎lachrymal ) (adi)‏ | معمل كيبارى مختبر )1( ‎laboratory‏
‏بالغدد الدمعية سيل ‎s‏ . هه ‎laborious (adj.)‏
ميل للدبرع . ‎lachrymose (adj)‏ كاد . مثابر. مجتهد
محزن.بكاء"	al-shamil-dictionary
330	"سُلم نقالى ‎ladder (n)‏ | نكهة خاصة. شربط. ‎lacing (n.)‏
يحمل . يشحن . يرهق . يغرف ‎(v.)‏ 1806 رباط حذاء
مشحون. شحن. شحنة 0 ‎(ad)‏ 13088 | نقص.انتقار. عجز .عور ‎(nv.)‏ 166
تحميل . شحن. شحنة ‎lading (n.)‏ عدم وجود ‏ يحتاج إلى.
مغرفة . كبشة . كرنيب ‎ -‏ زلاي) ‎ladle‏ يعوزه. ينقصه كذا
يغرف بمغرفة متمنع التدم ار ‎lackadaisical (adj)‏
سيدة. هانم . زوجة 0 ,3 )1( ‎lady‏ المروءة . واهن
السيدة مريم العذراه ‎Lady (n)‏ | جملكة ( دمان ) ‎lacker (n.)‏
‎lady bettle‏ | يخدم. يداهن - قادم . تيع ‎lackey (v.n.)‏
أبر العيد. ختفساء 0 ‎ladybird‏ مختصر . موجز . مفتضب ‎laconic (adj.)‏
‎١ ladybug‏ باختصار ‎laconically (adv.)‏
عيد البشارة ‎Y0)‏ مارس) )1( ‎Lady Day‏ | إيجار. اختصار ‎laconism (n.)‏
معشوقة. الحبيبة ‎ladylove (n.)‏ | ورئيش الك . يطلى بالك ‎lacquer (n.v.)‏
‎Ll ol‏ وثعرة ‎lady's finger (n.)‏ الغاز امسيل للدمرع )( } ‎lacrimator‏
‏صاحبة النبل . مقام السيدة (6) ‎lachrymator lady ship‏
عف يده زيم ‎adyslipper‏ | اللكروس ؛ لعة قات )( ‎facrosse‏
‎lady's slipper o‏ مضارب طويلة ؟
يتمهل . يتلكا. يتقاعس () ‎١ lag‏ يفرز اللبن. الكلتات ‎lactate (v.n.)‏
علمانى . مدنى . عامى ‎_al (adj)‏ 1816 | افراز اللبن. إرضاع ‎lactation (n.)‏
النظام العلمانى ‎laicism (n.)‏ سن الرضاعة
‎past , past part. of lay‏ 1310 | . مساريقى ‎lacteal (adj.)‏
طريح . موضوع القنوات اللبنية ‎lacteals (n.)‏
ملازم الفراش ‎Y‏ لبنى. مثل اللبن ‎lacteous (ad).)‏
‎lain past, past part of lie‏ | مقيأس الثقل النرعى ‎lactometer (n.) U‏
مسند. متكىء. مضطج سكر اللبن ‎factose (n.)‏
عرين . ملجا. مضطجع )( ‎lair‏ | فضاء. فراغ. لقب ‎lacuna (n.)‏
ملك . سيد . مولى )( ‎laird‏ | غلام. صبى.رفيق ‎lad (n.)‏"	al-shamil-dictionary
331	"يهجو . بسخر. ‎١ lampoon (v) g3‏ العوام. العلمانيون ‎laity (n.)‏
طعن .5 بحيرة. لون فرمزى ‎lake (n.)‏
الهاجى . القادح  ‎lampooner(vm)‏ | بحيرة صغيرة ).( ‎lakelet‏
‏محل بيع الاصواف ‎lanary (n)‏ | حمل . حولى . خروف. ‎lamb (n.)‏
مثل الصوف .صرفى  ‎lanate (adj.)‏ الاذج. العزيز
رمح . حربة - يرش . يطعن ‎Jance‏ | يربخ . يلوم يضرب ‎lambaste (v.)‏
وكيل عريف  ‎lambative (v.) Gak. s | lance-corporal (n)‏
‎lanceolate, _d (adi)‏ | مرفرف . خافن . بخفة  ‎lambent (adj)‏
‎e‏ مسان. رمحى الشكل حولى . خروف صغير  ‎lambkin (n.)‏
رباج ‎(n.)‏ :18066 | كالحمل . لطيف .وديم (زفه) ‎lamblike‏
‏مقصد. مشر ‎lancet(n)‏ | فروة الخروف ‎lamb - skin (n.)‏
العقد ‎lancetarch (n) o‏ | مقعد ‎lame (adjv) . g el‏
يوخز. يجرح ‎lancinate (v.)‏ يضعف . يجعله أعرج . يعرج
أرض .بر اليابسة - ‎land(nv.)‏ | عرج. تصرر.عجز 0 ‎lameness (n)‏
ترسر. تهبط يندب . ينوح ‎lament (v.)‏
النوم. النعاس ‎b ١ _ofnod‏ يرثى له ‎lamentable‏
‏على قيد ‎_of living ik‏ 180108 | ماحة, ندب. ‎lamentation (n.)‏
وطن ,__ ‎native‏ عريل. بكاء
‎laminable (adj.) ! Bl 4G | see how the __lies‏
يطلع على مجريات الأمور الإنطراق أو التمدد
خراج ‎_tax‏ | 2% من منائع ,6 ‎laminar (adi)‏
سمار أراضى ‎agent (n.)‏ 1800 | مصفح . مزلف من ‎laminated (adj.)‏
عربة ركرب ‎landau (n.)‏ صفائح أو رفائق. مغطى بورقة
فيضان. طوفان ‎land - flood (n.)‏ شفاف
واضع اليد (على أرض) ‎machine (n.) landholder (n.)‏ 1871102110
هبوط . الطائرة. مرقأ (.0) 130010 ‎١‏ مكنة تجليد باللاستيك
رصيف المحطة. النزول للبر مصباح ‎lamp (n.) U‏"	al-shamil-dictionary
332	"سلم حلزونى  ‎stairs (n.)‏ - 180600 | صاحبة املك . مالكة ‎(n.)‏ 1400180
أرغب .له ‎lanuginous )84/.( iy‏ | رجل متشرد - صابع (.[0.80) ‎landloper‏
‏أن دبر صاحب الملك. مالك ‎fandlord (n.)‏
شقة . ذيل . ثنية . هدب . جحر. ‏ (10)08 | شاخص.علامة . ‎landmark (n.)‏
مهد. كتف. ولع لعق. لحس - علامة الحدرد
يطوى . يلف . يثنى . ينطوى + الإصلاح الزراعى © ‎land reform (n.)‏
يرتطم منظر عام . صورة طبيعية )1( ‎landscape‏
‏جرد كلب صغير ‎lapdog(n)‏ | جرف . انهيار قطعة رن | ‎landslide‏
‏ثَلِه. طية صدر الجاكيت ‎lapel (n.)‏ من الأرض ‎landslip‏
‏ملء الحجر أو الحضن ‏ (./54) 130001 | من سكان البر. الريقى  ‎landsman (n)‏
‎lapidac(v.) e‏ | ركيل المزرعة ‎land - steward (n.)‏
يرجم الشيطان ‎—Satan‏ | نحو او تجا ‎landward (adv.) i‏
رجم ا رلى ‎lapidation (n)‏ | رقاق.عطفة. مر ضيق. ‎lane (n.) G‏
حجرى. صليب ‎(adj)‏ 1201005 | منذ عهد طريل أو بعيد ‎langsyne (adv.)‏
حجرى . متحجر  ‎lapidescent(adi)‏ | لغة. لهجة.اسلوب 00 ‎language (n.)‏
تحجر تصلب 00 ‎lapidescence (n)‏ | اطلسن ‎__atlas‏
‏يتحجر . يتصلب ‎lapidify‏ | معامل ‎__laboratories Sl‏
حكاك ‎lapidary (nadj) Y‏ | راهن. ضعيف ‎languid (adj.)‏
فن قطع وصقل الأحجار يُضعف. يسترخى . يذيل ‏ (.0) ‎languish‏
‏الكريمة - مهندم استرخاء. ترهل . ضعف  ‎languor (n)‏
فرو الأرنب. أرنب ‎lapin (n.)‏ ضعيف . واهن . متراخ (.ز204) 12081008005
وصلة تراكب (.م) ‎lap joint‏ هزيل . نحيف . مترهل ‎lank (adj.)‏
لاحن . لاعن لفاف ‎l2pper(n)‏ | دهن الصوزف ب متاممي 1
طرف . ذيل . حاشيه ‎lappet(n.)‏ | فانرس.منور القف. ‎lantern (n.)‏
مرور . فوات . غلطة . هفرة. ‎St lapse (1v.)‏
زله - ينقضى . يقط حقه ‎lantern - jawed (adj.)‏
يزلق . ينتقل طويل الوجه والفكين |"	al-shamil-dictionary
333	"الحنجرة . ‎larynx(n)‏ | يهوى فى الرذيلة ‎__into vice‏
شهرة . دعارة. فجور ‎(n.)‏ 1501710050855 | مسن ‎lapstone (n.)‏
الليزر : جهاز تتبحث منه اشعة (1852)8 | سلب.سرقة.اختلاس )( ‎larceny‏
‏ضوئية اقوية ومبهرة. وهى يشحم . ينم . يستخدم لحم ‎(vn)‏ 13:0
اختصار للمصطلح العلمى الخنزير فى الطهر - دهن أو
«الضرء المعدل بالأنبعاث شحم الخنزير
التلقائى للاشعة ؟ مكان لحفظ اللحوم والماكولات ‎larder (n.)‏
اشعة اللبزر ‎(n)‏ تفع :قا | شريحة من لحم ‎lardoon (n) i‏
رمشى ‎Rl‏ | وامع .كير نيع ‎large‏
‏سوط . ضربةجلدة ‏ بوجه عام .علي الإطلاق.مطلق ‎al__,‏
‏2 ضرب . هجو . تعنيف )1( ‎lashing‏ على نطاق راسع ‎ona__scale‏
‏فتاة. حبية صغيرة 0 (.16)8 :1885 | ‎i‏ الغليط 0 ‎large intestine (n)‏
كسل. نراخ. فتور . ‎lassitude (n.)‏ راسع أفق ‎largeminded (adj.) il‏
المياه ترهل بانساع . بتوسع . بكثرة  ‎largely (adv)‏
هق ( حبل ‎n) BT‏ 18380 | كبر.إساع ‎largeness (n.)‏
أو حلقة لصيد الحبوانات) منحه .هية ‎largenss, __e (n)‏
يتحمل. يبقى .0 (9.30[.2070) 1450 | يله يمرح - له مزاح  ‎(vn)‏ ته
| يستمر . يدوم ماضٍ. طابق مشاكس ‏ شخص بشاكس ‎larrikin (adjn)‏
‎D |‏ حمولة. نهاية لكمة . خبطة . %5 يجلد )1( ‎T‏
‏أخيرا. فى الحتام ‎Y-‏ | برقة ‎larva (n)‏
‎legs‏ ا ‎i o‏ نزقه) ‎aryngeal‏
‏على رشك الإنهيار .على رشك مصاب بالتهاب  ‎laryngitic (adjn)‏
الإقلاص الحنجرة ‏ الصاب بالتهاب
باق متمر. دائم ‎lasung (adj.)‏ الحنجرة
فى الختام 1( ‎lastly (adv)‏ | الدهقة ‎laryngismus (n.)‏
التهاب الحنجرة ‎laryngits (n.)‏"	al-shamil-dictionary
334	"عريض الأدراق ‎latifoliate Vladi)‏ | مزلاج . سقاطة الباب ‏ يثبت ‎(n.v.)‏ 18:60
‎latifolious‏ بمزلاج. يمك ب . يدرك يفهم
عريض المنقار ‎latitostrous (adj.)‏ | رباط الحذاء ‎latchet (n.)‏
لانينى ‏ اللغة اللاتينية ‏ (20[.0) عثاها | متاخر. بطىء. مرحوم . ‎(adjadv)‏ 18:6
مجال . مدى . خط العرض ‎(n.)‏ 1880008 [
‎latitudinarion (n.adj.)‏ | بعد فرات الاوان (الونت) - 160
المتسامح . مسامح . مشاهل . مهارد سفينة ذات شراع مثلث (.زفة.6) ‎lateen‏
‏واسع . فسيح + ‎latitudinous (adj.)‏ الشكل شراع مثك الشكل
عريض حديثا . مؤخرا. قريب . أخيرًا (.07) ‎lately‏
‏مرحاض ‎(n)‏ 13160 | يؤخر. يعوق. يتاخر ‎(v.)‏ معتقا
الآخر . الاخير ‎(adj.)‏ 180162 | عدم ظهور. اختفاء. كمون (.8) ‎latency‏
‏مؤخرا. حديثًا ‎latterly (adv.)‏ | = مخفى. خفى ‎latent (adj.)‏
آخر الكل ‎lattermost (adj.)‏ | فترة الكمون (.) ‎fatent period‏
شبكية . نافذة شبكية ‎١ lattice (nv.)  _‏ فيما بعد. بعد ‎later (adv.adj.)‏
يزود النافذة بشعرية ذلك - متخلف
شبكى . متشابك . ‎latticed )24/.( e‏ | جانبى. جنى - ‎lateral (adj.n.)‏
يسبح . يحمد ‏ تسبيح . حمد ‎(V)‏ 1808 | كامن. مسر مخفى  ‎(adj)‏ 121656801
تبيح . حمد. ثاء. تبجيل )1( 18008008 | لبن الشجر .عصر ‎latex (n.) S‏
يضحك - ضحك ‎laugh (vn)‏ | لرح خب يكر ‎24l‏ ل ‎ath‏
‏مضحك ‎Taughable (adj.)‏ | مخرطة للمعادن أو ‎lathe (n.v.)‏
تهقهة. ضحك ‎laughter (n.)‏ الخشب ‏ بخرط
‎١ launch (nv.)‏ يرغى بالصابون. يزيد - ‎lather (v.)‏
زورق تجارى .( رفاص . الللش - رغوة الصابون. زبد
يشن هجومًا . يدا. ينزل إلى تكسي تلريخ ‎lathing (n.) Sl‏
الماء (يعوم). يدقع (على ‎A‏ مخبا. ‎o‏ كمين ‎latibutum (n.)‏"	al-shamil-dictionary
335	"قانون. شريعة . شرع . علم ‏ (810) 18 | إنطلاق. إطلاق ‎launching (n.)‏
الحقرق. فريضة ‏ يقاضى يفل أر يكرى الثباب. ‎(v.n)‏ 1200062
نحت المرافعة .اله حرض لفصل المعادن
يوم انعقاد المحكمة 7 _ | غل ‎Sy‏ الملابس ‏ مكان ‎laundry (n.)‏
الشربعة الإسلامية 0 __ ‎IslamicL‏ لفل وكى الملابس.مفضل
الشرع . الشريعة السمارية 1 ‎taundry room (n.) Jetime | Driven‏
حلال. شرعى . جائز ‏ (./24) ‎lawful‏ | يمجد. يكلل بالغار ‎laureate (v.)‏
المشرع. راضع )0م ‎law giver‏ شجر الغار. إكليل 0 ‎laurel‏
‏القرانين ‎laurus taw maker‏
حرام .غير جائز شرعا. ‎(adj)‏ 181855 | مجد. فخار. إكليل ‎laurels (n.)‏
محرم الفخر . شهرة
عصيان. ترد () ‎lawlessness‏ | ما يقذفه البركان (حمم ) ‎(n.)‏ 1278
القانون التجارى  ‎lawmerchant (n)‏ | وضوء. تنظيف. ‎lavation (n.)‏
شرج . مرج . شاش ‎S| lawn (n)‏
أخضر كالرج. مط . شاشى (040) ‎lawny‏ | مكان الوضوة. نجل 0 ‎lavatory (m)‏ |
دعوى قضائية. قضية  ‎lawsuit(n.)‏ الإغسال . مغسلة . مرحاض
محام. ‎lawyer(n) Al‏ | حقنة. ول ‎lavement (n.)‏
لين سائب . مرتخ . متهاود.  ‎lax (adj)‏ دوائى للمستقيم
سائب البطن يفل . ‎e‏ .َب - ‎lave (v.n.)‏
إسهال. ترهل . إرتخاء ‎laxation (n.)‏ تفل راسب
مُهل ملين ‎laxative (adj)‏ | نات عطرى ‎lavender (n.)‏
> رح داغ ‎laxator (adj.)‏ | طثت جرن ‎laver (n.)‏
اضطجع .رقد ‎lay pastoflie‏ | ينفق. يذخ.يدد ‎lavish (v.adj.)‏
بيس (الدجاجة ). يضم .مهد ‎lay (vn)‏ يبر - مرف . مبذر إ
بكسود. يعدا رتب ‎oy‏ بإسراف.بتبذير ‎lavishly (adv.)‏
يراهن - مخيا. قصيدة. نشيد. مهنة إسراف ‎lavishment i‏
سعر. ‎iy‏ خطة ‎lavishness‏"	al-shamil-dictionary
336	"كلان. كول ‎lazy (adj.)‏ | يضعه جانبًا. يعده ‎__apart‏
‏الملقط الكسول ‎lazy tongs (n.)‏ | يترك. يهمل ‎__aside‏
‏«الإلتفاط الاشياء عن بعد ؟ يستسلم . يرسم . يخطط ‎_down‏
‏المتشرد . الهائم ‎lazzarone (n)‏ | يترصد ا
بطاقات مكتبة الكونجرس  ‎LCeards‏ | يتشاورون ‎heads together‏ __
مرج . مرعى . روضة ‎lea(n)‏ | ينقطع عن العمل . يقلع عن ‎_of‏
‏يرشح . يصفى - وعاء ‎leach (v.n.)‏ يظهر. يفضح ‎__open‏
‏الترشيح . ترشيح بخطط . يصوف . يكفن . يكد --
معدن الرصاص. رصاصة. 25 . ‎(nv.)‏ 1680 يدخر . يلزم الفراش ‎—up‏
‏خردق ‏ يصفح بالرصاص. يرصص يدمر . يتلف . يعدم ‎waste‏ —
انينمون .1666© | يرقد الثبات. يتفصل ‎layer(vn) i‏
قلم رصاص 00-_-_ طبقات ‏ ترقيدة. مدماك ( صف
سلاقون. أكسيد الرصاص الأحمر ‏ 760 من الطوب فى جدار ) . طبقة
إسبيداج ,_ ‎white‏ | عملية الترقيد (فى النبات) ‎layering (n.)‏
يرشد . يقود . يعيش . يسدد . ‎(mv)‏ 1880 | متكبين .دمية لعرض الملايس ‎lay figure‏
ضربة - سبق تقدم»؛رياسة قثرة بطالة فى تمع - (يدة) فقا
يتعود . يتقدم ‎__along‏ يوقف العمل فى مصنع
يضل . ينره. يطوى ‎__astray‏ | تخطيط .تصميم . طريقة ‎layout (n.)‏
يرز . بخرج ‎forth‏ | تسيق شىء أو عرضه نمرذج ‎S‏
‏يدل ‎__into‏ | شخص مصاب بمرض ‎lazar (n.)‏
يفتح . يتدا ‎—off‏ معد . ابرص
يدعو إلى ‎_on‏ عد ‎—house oy o‏
قائم. رصامى ‎leaden (adj.)‏ الوياية ] تحمس ‎lazaret, ١0‏
زعيم . قائد. مرشد ‎leader (n.)‏
قيادة. زعامة ‎laze (v.n.) leadership (n.)‏
50 رئيسى . فيادى . افتتاحى )1( 1680108 ‎١‏ يتكاسل . يتقاعس . تكاسل . نقاعس
تت افتاحية. مقالة ‎s,‏ 4006 | كل تقاض ‎n.)‏ 120655"	al-shamil-dictionary
337	"ميل . نزعة . هوى ‎١ leaning (n.)‏ أمثلة إيجابية ‎__questions‏
‏نحافة. هال . ركاكة 0 ‎ol 5 | 18800655 (n)‏ رصاضى ‎leady‏
‎day‏ يقفز . يشب - وثية . قفزة ‎leap (vn)‏ ورقة نبات أو كتاب ‏ يتصفح . ‎teaf(v)‏ |
لعبة النطة ) ‎leapfrog (m.v.) i‏ يورق (النبات)
على ظهر أحد). يقفز ضلفة باب ‎__cfadoor‏ |
ماخور . بيت الفسى )1( ‎i turn overanew ___, leaping - house‏
أو الدعارة يبدا صفحة جديد فى حياته
سنة كبيسة (777 يوم) ‎year (n)‏ - 1680 | أوراق الشجر أو النبات  ‎leafage (n.)‏
يتعلم . يحفظ . يدرس ‎leam(v)‏ | برعم ‎leaf - bud (n.)‏
‎leamed past of learn (adj.)‏ | الحشرة النطالة ‎leaf hopper (n.)‏
تعلم ‏ متعلم ترريق. تكوين النبات  ‎leafiness (n.)‏
الأنشطة التعليمية ‎leamed activies (n.)‏ | ورقة لبات صغيرة ‎leaflet (n.)‏
البيئة التعليمرة ‎enviroment (n.)‏ 1680168 كتيب . نشره !
الأنشطة التعليمية )1( ‎leamed society‏ | قر أرراق .مورق ‎leafy (adj.)‏
متعلم ‎leamer )8( s‏ | يوحد. يتحالف ‏ حلت )( ‎leagee‏
‏يستأجر . يؤجر ‏ إيجار . عقد )1( ©1685 معاهدة. إتفاق . جمعية. فرسخ
الإيجار . مدة الإيجار حصار. مسكر. ‎leaguer (n.)‏
حياة جديدة بعد زوال ‎anew __oflife‏ عضو في جماعة ‎s‏
‏قلق أو توتر ‎e‏ بنسرب ‏ لقب .شق ‎Teak (V1)‏
الأجل . العمر ‎_oflife‏ | ترب.ئز. سيلان. ارتشاح ( )161086
يقيد. يربط يحل . حَيْل  ‎deash(vn)‏ | غير كتوم للسر . راشع ‎leaky (adi)‏
‎least (n.ad).)‏ | صادق. مخلص ‎(adj.)‏ انها |
الكمية الاقل . الأقل . ‎SN‏ جئة الخلد __ ‎lend of the‏ |
‎(vadin) e S | atleast‏ 1600
على الافل صمل ‎atthe‏ | بهزل ‏ لحم قليل الدهن. هزيل. عفيم
‎Gtk‏ أيدا. البثة __ ‎notinthe‏ | غث. فاحل. فتير (غذائيا) ‏ نحدر
مبل .هبر «اللحم فليل الدهن؟"	al-shamil-dictionary
338	"ال
منبر. منصة الخطيب )1( ‎common denominator lectern‏ .
| قراءة. القاء )( 10000 | المقام المشترك الأصفر
محاضرة. خطبة . موعظة . ‎lecture (v.)‏ | جلد مدبرغ ‏ يستخدم  ‎teather (n.v.)‏
تربيخ. يلقى محاضرة. يريخ ‎b‏ يكسو بالجلا. يجلد
56 المحاضرات  ‎lectureroom (n)‏ | كعب الجلد ‎teather binding‏
مجموعة محاضرات )1( ‎lecture series‏ | دباغ الجلرد.  ‎leather - dressing (n.)‏
قاد . أرضد ‎led past,, past part, of lead‏ دباغة 3
رف . سقالة. دفتر الحابات ‎(n)‏ 16086 | جلد مقلد ‎leatherettc (n.)‏
أ الجارية. عرف معدنى.سلسلة كالجلا ‎leathery (adj.)‏
| صخور نحت الماء يغادر . برحل . يترك ‎leave (v.n.)‏
سجل دفتر الاستاذ ‎ledger (n.)‏ يهجر. يقلع عن . يورق الثبات -
ملاذ. ماوى - محجرب  ‎lee(nadj)‏ إجازة. إذن
عن الريح إجازة ‎__of absence‏
عله (دودة على ). طفيلى . (870) 18628 | يتفوق على يسبق لا _
أ كرك ‎leck(n)‏ | يترك.يهمل ‎_ou‏
‏| ينمز . ينظر 050 نظرة خبيئة ‎leer(vm)‏ | ترك وحاله ‎__to oneself‏
‎lecry (adj) e |‏ | يرجىء التنكير فى 07_-_
ا لقل .راسب . عكارة عا | فى ‎onsick _. il‏
يمح بين يتخدم الخميرة. بمزج 0 )1( ‎leaven‏
‏| مهلة. متأخرات عمل . الوقت )1( ‎leeway‏ بالخميرة - خميرة
‎@l‏ الحراف السفيئة مع بقايا . رواسب . آثار ‎leavings‏
‏الريح لبنان. الجمهورية اللبنانية (.8) ‎Lebanon‏
‎Lebanese (adj.n.) i | leftpastpast part of leave |‏
| ترك. متروك اشهوانى . الشهوائى 0 ‎fecher (adin)‏
يار شمال . الجبة ‎left (n.adj.)‏ الشخص الداعر
‎s “‏"	al-shamil-dictionary
339	"يجمله شرعيا.  ‎legitimate (nadi)‏ | رجل . ساق. أحد ساقى الثلث. ‎leg (nv)‏
يُحلل ‏ شرعى . قانونى قائمة. يعدر . يترجل
ابن شرعى 8# | جيرة ‎—iron‏
‏قانونية. شرعية . (.8) 1680008160855 | على آخر رمق 5 00251831 08
إقرار او أعتراف ‎legitimation (n.)‏ | يخدع _ 00011675 ‎to pull‏
شرعى او قاترنى ميراث . إرث. تراث ‎legacy (n.)‏
يجعله شرعيًاً ‎legitimize (v.)‏ | حلال. شرعى . قانونى ‎legal (adj.)‏
بقول . نبات من البقوليات ‎legume(n)‏ | فترى ‎opinion‏ __
فراغ . بطالة . ملادمة. ‎leisure (nadj)‏ | وثبقة قانونية ‎document‏ __
فرصة سائحة ‏ غير مشغول اجراءات قانونية ‎procedures‏ __
عشيق. عشيقة ‎leman(n)‏ | شرعية. جواز ‎legality (n.)‏
قضية ‎lemman) iy‏ | يجيز. يحلل ‎legalize (v.)‏
عنوان. فرض تهيدى سفير . مبعوث . موقد رسمى (.8) ‎legate‏
‏ليمون - ليمرنى ‎(n.adj.)‏ 16008 | 8. سياسى . انتداب ‎legation (n.)‏
الليمرناده. شراب الليمون ‎(n)‏ 160000308 | اسطورة. خرافة ‎legend (n.)‏
الليمرر ‎١‏ حيوان من ‎lemur(n)‏ | شعوذة. حيلة ‎legerdemain (n.)‏
فصيلة القردة» خداع . خفة اليد
أدداح الموتى ‎lemures (n.)‏ راضح . ظاهر . جلى ‎legible (adj.)‏
يعبر . يلف . يقرض ‎lend (v.)‏ ممكن قراءته
إعارة . إقراض ‎lending (n.)‏ فيل . فرقة. حشد ‎legion (n.)‏
مكتبة إعارة ‎lending library (n.)‏ ين قانرنا أو يشرع ‎legislate (v.)‏
مقر . ملف . مائح 0 ‎lender(n)‏ | سن القوانين. ‎legislation (n.)‏
طول . مسافة . مدى ‎length (n.)‏ تشريع . شريعة
بإمتداد جسمه ,_ ‎A atfull‏ ذو سلطة (زفة) ‎legislative‏
‏بإسهاب . ‎I Ul‏ تشريعية. الهيئة التشريعية
‎LY‏ جهدا .سالاه 8010 | مجلس تشريى لاوط _
يطول . يمد ‎lengthen(v.)‏ | قانونية . شرعية. صحة )1( ‎legitimacy‏"	al-shamil-dictionary
340	"| ‏اله ادق الله‎ 338 Let
lengthily (adj.) ‏بإسهاب‎ | lesion (n.) ‏ضرر. آفة‎
lengthways | i) less (adj.) ‏أقل . أنقص . أدتى‎
lengthwise lessen (v.) ‏يقلل . ينقص . يخفض‎
I ‏متحرك ار موضيع‎ - J Yo | Lesser Bairam (n.) ‏عبد الفطر‎
lengthy (adj.) ‏طويل‎ | lesson(nv) 0 - ‏درس عبرة. توبيخ‎
lenient (adj.) ‏يعلم . يوبخ مشاهل. لين‎
lenify (v.) ‏يسكن. يخفف الالم‎ | lest (conj.) ‏خشية أن. لثلا‎
lenitive (adjn) ‏يدع . يترك . يسمح . يؤجر . يلزم (8) 181 | سكن مخف للألم‎
lens(n) gl ‏مانم . تأجير . بيت مؤجر عدسة.عدسة تصوير‎ -
lent past,past part of lend __alone ‏يتركه وشأنه‎
‏يقصد 4 .| أعار . مستعار . مقترض‎
1601 (1) ‏يُدلى. 4008 | الصوم الكبير ( عند السيحين)‎ G ‏يسقط أو يدعه‎
lenten (adj)  . ‏يخذل متعلق بالصوم الكبير‎
‏صومى. هزيل‎ N ‏يقذف. يشتم . يسدد ريه‎
lenticular (adj.) ‏عدنى‎ | —in ‏يغش . يقحم‎  عدخي‎
__screen ‏يسامح . يعتق . يحرر آله | الشاشة المتموجة‎
lentigo (n.) ‏كلف. فش‎ | lethal (adj.) ‏مهلك. ثميت‎
tentil (n.) ‏عدس.نبات العدس‎ | lethargy (n.) ‏نعاس. فتور‎
lento (adj.adv.) ‏بطىء. ببطء‎ | letter(nv)  .بوتكم ‏حرف. خطاب.‎
lentous (adj.)  ىطاخم ‏الآداب - يكتب . يطبع . ينقش لزج .رغرى‎
Leo (n.) ) ‏برج الاسد ( في الفلك‎ —avocatory (nn.)  ةيقئاثو ‏خطابات‎
‎leonine (adj.) ‏شجاع‎ 1 letterhead (n.) ‏ترويسة فى ورق‎
leopard (n.) A .) ‏الرسائل ( تتضمن اسم الشركة وعتراتها‎
leper (n.) ‏ميتلى . مجذوم . أبرص‎ letter of credence (n.)
leprosy (n.) - ‏أوراق الإعتماد (صفير) الجذام .بر‎
lesbianism (n.)  ةأرملا ‏خطاب اعتماد  (-8) 0088000 160162 | الحاق (جماع‎
‏للمرأة). المساحقة‎ letter - writer )0( 00 ‏كاتب عمومى‎"	al-shamil-dictionary
341	"فحشاء. دعارة. (8) 140885 | ‎(n.) At‏ ععتقاءا
فجرر. رفث نقصان . انقطاع ‎letup (n.)‏

شريعة . سنة . قانون سن ‎s‏ ا ل نم

leukocyto lexical (adj.) ‏معجمى . لغرى‎

ُقَرى . مؤلف قاموس (.8) ‎lexicographer‏ | الشرق. المشرق - يقر 0 ‎levant (nv.)‏

‎lexicography (n.)‏ أر يتهرب من دين

‏فن اشتقاق الالفاظ. تاليف المعاجم رافعة . عضلة رافعة ‎levator (n.)‏

‏علم مفردات اللغة  ‎lexicology (n)‏ | استقبال رسمى .زيارة 0 ‎levee (1.v)‏

‏كتاب لغة . معجم . قاوس ‎(n.)‏ 1650008 رسمية. تشريفة . رصيف الميناء .

‏وعاء ليدن (فى الكبمباء)(.0) ‎Leyden jar‏ سد لمنع الفيضان - يقيم مدا أو

‎I‏ . مسئول. مكلف ‎(adi)‏ اوتا | حاجزا

‏يقيم صلة مع . يرتبط زيم موتوزز | ‎level(nvadi) @l A‏

‏علاقة. ارتباط ‎liison(n.)‏ موازاة. مقارنة - يوجه. يزحف.

‏الكذاب. ‎iar (n.) L‏ يسوى. يمهد. يصرع. بصوب

‎7 ‏لله مهدا سطح.‎ ١ e ) Book (n) s i

‎levelheaded (adj)  فيصح ‏عزن‎ | oo ‏سكب .إراقة‎

‎lever (n.) ‏عتلة رافعة‎ el ) ‏يشهر - هج تشهير‎ e

‎leveret (n.) ‏أدتبا يري صفير‎ ١ ‏لبها‎ adin) s It

‏عضو فى حزب الأحرار. شريف. يصقل . ‎Gy‏ .ينعم 0 ‎levigate (v)‏

‎leviticus ‏غير متعصبا. سخ سفر الأحبار‎ 1S

‎levity (n.) @5 tberal education (1) ‏للمقل‎ s b1 ‏المي‎

‏يحرر العقل ‎ieralize (v) g,‏ | تجنيد. حشد الجود. تحصيل. (80) ‎VY‏
‎e‏ جاية «الضرائب» - يجند

‎lewd (adj.) liberate () | ‏يعتق . يحرر . يخلى‎

‏عنق. تحرير (م) ‎e ation‏ | يحشد الجنود. يجمع . يحصل

‏فسق. دجور ‎(n.)‏ وتون موز ‎١‏ يفرض ضرية. فاج . فاسق"	al-shamil-dictionary
342	"بتبعثر. بنشتت 0 __ | حرية. استقلال. رخصة . مزية ‎liberty (n.)‏
يرقد . يستلقى . يموت ‎down‏ _ | الشهوة الجنسية ‎libido (n.)‏
قدر طاقته أو استطاعته ‎—inhim‏ | رطل .برج اليزان ‎Libra (n.)‏
يترصد . يكمن ‎inwait‏ | أمين مكنية ‎librarian (n.)‏
يتأجل لبعد ميعاد الإستحقاق. ‎_over‏ | فن ‎librarianship (n.) el‏

يرف مكتبة . دار الكتب. ‎library (n.)‏
ينكب ‎e‏ يجهد نفسه فى 0 708 خزانة ‎S‏
‏يجام . يضاجع ‎_with‏ | نودان. ترجح ‎libration (n.)‏
المولى ‏ التابع - وال تابع ‎(nadi)‏ 11686 | ليفى ‎libriform (adj.)‏
رهن عقارى ‎lien(n)‏ | لبيى - مراطن ليى  ‎Libyan (adj.n)‏
متعلق بالطحال. طحالى  ‎lice (sing. louse ) (n.) S5 | lienal (adi)‏
ثيابة . نقابة . وكالة.  ‎lieutenancy (n.)‏ رخصة. ‎licence ()8( g i‏

رتبة الملازم أول 1166056
ملازم أول . نائب . وكيل )( ‎lieutenant‏ | يصرح أ يمتح رخصة ‎license (v.)‏
‎lieutenant colonel (n.) e‏ | قانونى . مرخص له ‎licentiate (n.)‏
فريق ‎lieutenant general (n.)‏ & . فاسق . متهور  ‎licentious (adj.)‏
حياة. معيشة. عيشة ‏ سسيرة 0 (.8) 1088 | حلال. مباح شرعى ‎licit (adj.)‏

(ترجمة حياة ). رزق. كائن يعل . يلحس . يجل - ‎lick (v.n.)‏
حزام النجاة (من الغرق) )1( ‎belt‏ - 1168 لذيذ . شهى . مخلهف . ‎lickerish (adj.)‏
زورق النجاة (من الغرق) ‎Ut life - 5021 (n.)‏
‎buoy (n) L‏ - انا | غطاء ( للانية أو الصندوق). 0 ‎lid(n)‏
‏ميت . خامل. بدون  ‎o lifeless (adj.)‏

حياة. مُقفر يقظ . حذر .بلا جفن  ‎lidless (adj)‏
واقعى . نابض ‎life like (adj.) sl‏ او غطاء
صدار النجاة ‎lifepreserver (n)‏ | عذية كنب انك يكذب. لمانا

‎٠‏ للوقاية من الغرق * ينماد يضطجع . يقى

‎'"	al-shamil-dictionary
343	"يحول إلى خشب. بخشب ‎Tignify (v)‏ | أجل.عمر ‎life span (n.)‏
حب . رد . شبه . مثل. نظي ‎(nr)  .‏ 1068 | مدى العُمر ‎life - time (n.)‏
مثبل - يميل . يشاء. يميل عون. مساعدة .رقع . مصمد - ‎(nv)‏ انا
‎ey‏ إمكان زيم | 10800008 | رابطة.قيد ‎ligament (n.)‏
‎likeliness‏ | قيود. أرتار المضلات  ‎ligaments (n.)‏
مُحتمل . ربما. مُمكن - ‎likely (adjadv.)‏ | يقيد. يربط ‎ligate (v.)‏
على الارجح نور . مصباح . معرفة.  ‎light (nadiv)‏
يشابه. يمائل ‎liken (v.)‏ إيضاح.علم - خفيف. سهل
مثال. شكل . شيه ‎likeness (n.)‏ الهضم . سهل ‎B ٠‏ « فاتح
أيضا. بالكل . كذلك  ‎likewise (adv)‏ اللرن ‎ »‏ يشعل -
هرى . ميل . رغبة ‎By liking (n.)‏ يشتعل . بنير. يضى+
زهرة اللبلك . لون بنج فاتح )دان | بكشف.يين __ ‎bringto‏
‏السوسن . الزثيق ‎iy (n)‏ | يذيع . يظهر ‎come fo_‏
جبان ‎lily - livered (adj.)‏ | يسنهتر ب ‎make _of‏
‎valley (n.)‏ ممه برازز | يقلت يهرب لان _
زنب الوادى ‎el‏ يضىء . ينير . يخفف . يسطع ‎lighten (v.)‏
عضو . طرف . فرع ‎limb (n.)‏ برذ ‎o‏
‏ليمون. بتزهير . دبق . جير . - (8.70) 11018 | صندل. ولاعة ‎lighter (n.)‏
يجير . بكلس . يعالج بالجير . نشال ‎light - 508660 (adj.)‏
يوقم فى ورطة 21 العمر ‏ (زفة) ‎light - haired‏
‎lighthouse (n.) S5 | limekiln n.) e‏
حجر جيرى ‎limestone (n.)‏ | إشراق. إضاءة ‎lightness (n.)‏
شجر الزيزفون ‎lime - tree (n.)‏ مرح , رشاقة. رفة
تبيض الحاط بالجير ‎limewash (n.)‏ بر . وميض ‎lighting (n.)‏
نهاية . آخر . حد . تخم الحد ‎il | limit (n.v.)‏ الصواعق ‎_rod‏ , 600440107 -
الأقصى - يعين . يحدد. يختصر الرثتان ( فشة الحيوانات ) ‎lights‏"	al-shamil-dictionary
344	"كنان. تيل كتافى ‎linen(nadj)  .‏ | مطوق. محدرد. حدى ‎limitary (adj.)‏
بياضات «أغطية ) ) ‎limitation (n.)‏

باخرة أو طائرة. تعمل فى خط (8) :188 | غير محدود. بلا حصر ‏ )1( ‎lmitless‏

ملاحى متتظم . بارحة. الراسم. بطانة ينقش . يزخرف . برسم رم ‎limn‏

ملابس النساء الداخلية  ‎lingerie (n.)‏ علم الياه العذية ‎limnology (n.)‏

limousine (n.) 4z ‏سيارة خاصة‎ | lingual (adj) ‏لغوى. لسانى‎

اللغوى. عالم بلغات كثيرة )1( أمشهه1 «الليمرزين»

لغوى . ذو علافة ‎linguistic (ad)‏ | عَرَجَ ‏ يعرج.يترتح . (تففجم) ‎limp‏

علم ‎linguistics (n.) Wl‏ | زائف .ماف .كتاف (زقم) ‎limpid‏

limping (n.) e | 008 () ‏تبطين. بطانة. مشتملات‎

رصلة . حلقة . رباط ‎link (n.v.) Y.‏ جيرى . كلسى . لزج ‎limy (adj.)‏
شىء على هيئة حلقة. مشعل - شجرة الزيزفون ‎linden - tree (n.)‏
يربط ( بحلقه ). يوصل اسطر . خط .صف خيط .0 ‎line (V)‏

ارتباط . ترابط . ربط ‎linkage (n.)‏ أصلوب . شغل . رسالة قصيرة

صلة. اجتماع ‎linkup (m)‏ | بيت دمن الشعر». خط ‎IS‏

بذر الكتان ‎linseed (n.)‏ الحديدية ‏ يسطر. يرسم. يضف

كيت . فتلة .ثسالة. قطن محلوج (.) 1ه يبطن. بكر

lineage ‏لتب ذرية.سلسلة تب(‎ | lintel (n) | ‏أر الشباك‎ G

أسد ‎lion(n)‏ | سلالى . ورائى . مزلف ‎lineal (adj.)‏

شبل. أساد صغير ‎lionel (n.)‏ من خطوط

اللبزة. أنثى الأسد ‎lioness (n.)‏ | تقاطيع. بلاحم ‎lineaments (n.)‏

شفة . حافة - يقبل . يلفظ ‎(n.v.)‏ 12 | طولى. مخطط . بالطول.  ‎linear (adj.)‏

دهنى - مادة دهنية ‎lipic (adj.n.)‏ خطى. خبطى

‎lipoma () 0‏ | مخطط . مبطن. مصفح . مغطى ‎lined (adj.)‏

‏التهاب حافتى الجفن ‎lippitude (n.)‏ | خطوط . تخطيط . مخطط )1( ‎lineation‏

‎line drawing () i ‏رسم‎ | lipstick () ‏أحمر الشفاة‎"	al-shamil-dictionary
345	"أدبى . أديب . واسع الإطلاع ‎literary (adj.)‏ | يفصل بالانصهار ‎liquate (v.)‏
. مختص بالعلوم والآداب صهرا تيح (.م) ‎liquation‏
‏متعلم . مثقف. أديى . ‎Uy | 11165216 (adjin)‏ قيع. بيع (8) ‎liquefaction‏
‏متقن ‏ المتعلم . امثقف يسيل . يميع . يتميع . ينحل ‎liquefy (v.)‏
الكتّاب. الطبقة الثقفة. الأدباء (.8) 118:80 | سائل مائع .عذب. سلس ‎liquid (n.)‏
عالم . أديب. معلم ‎literator (n.)‏ | يصقى «حابات أعمال؟. ‎liquidate (v.)‏
مبادىء القراءة يده ديئًا
العلوم الأدبية. صناعة  ‎literature (n)‏ | ييل .ممع ‎Tiquidize (v.)‏
الآدب. أداب اللغة. كتب الآداب يتلعثم - تلعثم ‎lisp ((v.n.)‏
عالم . أديب. رجل )( ‎literatus‏ | تلعثم ‎lisper (n.)‏
العلم. كاتب ليونه ‎lissomness (n.)‏
طباعة ‎lithography (n.) o‏ | قائمة. جدول. بيان. طرف.  ‎list(nv)‏
‏الطباعة الحجرية حاشبه. ميل - يصفى إلى .
علم الصخور ‎lithology (n.)‏ يحب .ميل إلى. يرضب.
يطبع بطريقة الاونت ‎lithoprint (v.)‏ يود يضع قائمة ب. يلاثم
اليابسة ‎lithosphere (n.)‏ | يصفى ‎listen , to (v.)‏
استخراج الحصاة من (.8) ‎lithotomy‏ | مهمل . متغافل . فاتر الهمة ‎listless (adj.)‏
المثانة بالجراحة ‎lit past, past part , of light‏
عملية تفتيت الخصاة ‏ (.8) لواضافطانا | آثار. أشمل
« فى المثانة؟ ابتهال. ورد ‎litany (n.)‏
يقاضى . يرفع دعوى ‎A litigate (v.)‏ ل( رحدة مكايل ) ‎litre (n.)‏
دعوي . قضية . نزاع ‎litigation (n.)‏ | معرفة الكيتابة والقراءة ‎literacy (n.)‏
محب للقضايا ‎litigious (adj)‏ | لفظى . حرفى . واقعى . بسيط ‎literal (adj.)‏
والنزاع. مشاكس الواقعية . الموضوعية.  ‎literalism (n.)‏
صيغة عباد الشمس ‎litmus (n.)‏ ترجمة حرفية
‎litre, see liter‏ | يفر ار ياخذ بالمى  ‎literalize (n)‏
‎S‏"	al-shamil-dictionary
346	"ردق . معاش . قوت - حى ‎(n.adj)‏ 111108 | نقالة المرضى . فضلات . فار . ‎(n..)‏ 111162
عائش . فعال. ملاثم للحياة ول تشريش .عدم ترنيب-
حجرة ‎livingroom )8( eyl‏ | مهاد. فنش - يبعثر. تلد ‎D‏
‏رادي (4ه) ‎Tixivial‏ | الحيوان بطنا ) . يفرش بالقش
سحلية ‎little (adj.adv.n) lizard (n.)‏
اللاما (حبوان من فصيلة ‏ (.8) 118008 | صغير. قليل ‏ ضئيل ‏ نادر. على
الجمل يعيش فى جنوب أمريكا) ‎S‏ قليلاً ‏ مقدار ضئيل
حمولة. حمل . ثقل . عبء. )1( 1080 | ساحلى - منطقة ساحلية (.8.زفة) ‎littoral‏
‏شحنة السلاح النارى = يعبىء اطقوس دينية ‎liturgy (n.)‏
السلاح النارى. يرهق . يحمل . حى . عائش . باهر . نشيط . ‎live @dj.v)‏
بقل . يغمر زاهى اللون - بحيا. يعيش .
مشحون . محشو . محمل ‎loaded (adj.)‏ يسكن. يفطن . يقيم
اجهزة تعبئة ‎loaders (n.)‏ | مراشى . دراجن ‎stock‏ —
الكركب الشمالى ‎Gl | loadstar (n.)‏ .ملام للعيش فيه ‎liveable (adj)‏
نجم التطب ررق . معيشة. قرت ‎livelibood (n.)‏
رفيف. قالب ‏ يتقاعد . بتكامل ‎loaf (nv.)‏ | خفة الررح .ابتهاج ‎liveliness (n.)‏
العاطل .تسكع ‎loafer (n.)‏ | بحيوية. بنشاط. بهمة ‎lively (adv.adj)‏
أرض دبالية. أرض خصبة ‏ (-8) 10800 نشيط . بحبوح . زا
قرض . دين . سلفة - ‎loan (nv.)‏ | يفعم بالحياة ‎liven (v.)‏
‎el‏ سنديان. شجر ‎live-oak (n) byl‏
الكلمة الدخيلة ‎loanword (n.)‏ الامريكى
«مستعارة من لغة أخرى © كبد. كائن حى ‎liver (n.)‏
إيكره . يثفر. يشمئز ‎loathe (v.)‏ | رى مميز.بدلة التشريفة ‎livery (n.)‏
تعافه النفس . مُقرف ‎some (adj.)‏ 10900 تسليم العقار . علي . علف.
أرغفة ‎loaves sing , loaf (n.)‏ | أعمار ‎lives (n.)‏
يتحرك ‎ity‏ . يقذف أو ‎(nv)‏ 108 | أزرق رصاصى. شاحب - (لفة) ‎livid‏
‏يلقى بترهل - الشخص البليد"	al-shamil-dictionary
347	"حجر المفنطيس ‎lodestone (n.)‏ | ذو قصوص. قصى . حَلَمى ‎lobar (adj.)‏
كوخ . شوى . بيت صغير . (8:0) 10088 | صالة انتظار . فسحة .رده ‎lobby (n.)‏
محفل ماسونى - يضع . شحمة الاذن. حلمة. فص 0 (8) ‎lobe‏
‏يسكن . يستردعغ استصال عضر أو قفص ‎lobectomy (n.)‏
سكن . إقامة . محل السكن )( ‎lodging‏ | ذو تصرص ‎lobed (adj.)‏
أمانة . إيداع . وديعة ‎Jodgment (n.)‏ | جزاد البحر 3 الكركند 4 ‎lobster (n.)‏
منصة. شرفة فى كنيسة أو (100)8 | محلى . مرضعى . قطار عادة ‎local (adj.)‏
قاعة. الطبقة العليا من المنزل - ايترقف في جميع الحطات+
يضع فى دور علوى من مستودعغ يتمركز . بحصره فى مكان ‎localize (v.)‏
علو. سمو. تكبر ‎loftiness (n.)‏ مخصص . يجمله محليا
شاهق. عال . متكبر ‎o | 1010 (adi)‏ مركزيا (لقة) ‎locally‏
‏عرق. قُرمة )( ‎1B e‏ | يعين موضوع شىء. ‎locate (v.)‏
سرعة السفينة يسكن.يقيم
اللوغاريتم. ‎logarithm _s (n.)‏ وضع ؛ إقامة. موقع ‎location (n.)‏
علم الأنساب فى الرياضيات بحيرة. خليج ‎loch (n.)‏
اللرج «مقصور في مسرح ‎(M)l‏ 1088 | خصلة شعر . ففل . 0 ‎lock (n.v)‏
الحطاب . الخشاب .آلة ‎logger (n.)‏ يوصد . يسد . يحصر , يحبس +
الآبله . المغفل . ‎loggerhead (n.)‏ | رسم عبور القناة ‎lockage (n.)‏
ملحفاه بحرية كبيرة يتحرك . يتنقل ‎locomote (v.)‏
منعطلى. علم امنطق ‎logic (n)‏ | نحرك. تنفل . انتقال  ‎locomotion (n.)‏
منطقى . معقول ‎logical (adj.)‏ متحرك . متنقل - ‎locomotive (adjn.)‏
حرف يؤدى معنى كلمة ‎logogram (n.)‏ فاطرة. آلة
خشب أو شجر البقم ‎logwood (n.)‏ | جراد. جرادة. شجرة الخرنوب  ‎locust(n.)‏
‏متبلد التفكير ‎logy (adj.)‏ | الكوكب الشمالى. ‎lodestar (n.)‏
العورة. منطقة العانة ‎(n.)‏ هوا نجم القطب"	al-shamil-dictionary
348	"ينظر للامام.يفكر فى المستقبل ‎__cloth DAV | _ahead‏
ينظر إلى . يتفرس ‎_at‏ | يتمهل. ‎liter(v) il b‏
يبحث عن ‎_for‏ | متفرد. مفرد. وحيد ‎(adj) .ozl‏ 1086
يتطلع شوق إلى ‎__forwardto‏ مرحش
يفحص ‎_into‏ | انفراد. وحدة.عزلة. خلوة ‎loneliness (n.)‏
يتغاضى عن . يصفح عن ‎_over‏ رحد تفرد ‎lonely | i)‏
معاين . مشاهد ‎looker - on (n.)‏ 2 اليا
مرآة ‎glass (n)‏ - زومر ‎١‏ مرحش. شاعر بالوحشة
‎e‏ حراسة . الحارس ‎look-out(n)‏ | طوبل . مستطيل. يتوق ‎long, for‏
نول . طيف في الافق - يظهر )1( ‎loom‏ إلى . يشتاق إلى
فى الأفق منذ رمن .قدبما ‎—ago‏
‏الخبيث . الرذيل . ‎W | loon (n) gl‏ شريطة أن ‎as__as‏
‏الغراص «طائر؟ ثاقب الفكر -
عردة. حلقة . أنشوطة . ‎before __, Ly | loop(n.v.)‏
عقدة ‏ يثبت بعروة. يعقد طالما 5ه 50
‎Byl‏ رغبة. اشتياق ‎longing (n.)‏
مزغل . فتحة لاطلاق  ‎loophole (n.)‏ | خط الطول ‎longitude (n.)‏
النار. مهرب طولى . يمتهد بالطول ‎longitudinal (adj.)‏
مفكوك. سائب. غير ‎loose(adjv)‏ | دراسة طولية ‎study‏ _
مربوط . فاسد الاخلاق. خليع - طويل العمر ‎long - lived (adj.)‏
يفك . يطوق . يرخى أخرف . سمج . غليظ ‎looby (n.)‏
يفك . يحرر . يلين ‎loosen (v.)‏ | دائرة كهربائية «تعليمات الحاسب» (1605)8
الهب .سلب .غنيمة - ‎(nv.)‏ 1001 | نات اللرف ‎loofa (n.)‏
يبتر اعضو . بشذب . يتدلى ‏ (7) 10 | ينظر حوله ‎__about‏
‏85 . كثير الكلام. ‎loquacious (adi)‏ | يتبه. يحاذر 00 _-_
مهذار بعتي ب ‎__ofter‏"	al-shamil-dictionary
349	"lord (n.v.)  ماقم ‏مولى.سيد. صاحب‎ | loudmouthed (adj.)
‏كثير الكلام بصرت عالٍ رفيع . أمير - يستبد‎
The Lord (n.) ‏الرب‎ ١ loudspeaker (n.) ‏مكبر الصوت‎
106:0 chamberlain (n.) /¥ ‏كير‎ | lounge (wn) - ‏يتلكا. يتباطا. يكم‎
lordship (n.) 0 ‏قاعة الإنتظار . مكان الإستراحة رئاسة. سيادة . ربوبية‎
Tore (n.) 0 ‏فنون. علوم. معرفة مكنسبة‎ | lounger(n) ‏مُتراخ . أريكة‎
100808016 (1)  تاراظن‎ . ‏منظار للاوبرا‎ | lour(un) - ‏عبوس‎ o ‏يكفهر . يعبس‎
lorica (n.) 2 louse (n.v.) ‏قمل - يفلى القمل‎
Toricate (v.) ‏يدرع. يصفح‎ | lousy (adj) ‏مقمل . حقير‎
lom (adj.) ‏فاقد . مهجور. متررك‎ | louver V) ‏الدخان ار‎ ot ‏نتحة‎
‎lorry (n.) ‏الهواء الساخين. مروحة اول 198172 | شاحنة لورى‎
lory (n.) €t ‏اللور 3 ببغاء‎
1056 (v.) ‏يفقد . يخر . يضل . يتوه من‎ 1076 (n.v.) - ‏حب .هيام . دلوع‎
loss (n.) ‏بحب , يعشق خسارة. ضرر. تلف. ضياع‎ X
ata_, ‏في حبرة. فى ررطة‎ | make _to ‏يُغارل. يتحبب إلى‎
lost (adj.) ‏مفقود‎ . J ‏هالك.‎ | loveliness (n.) ‏جمال. فتنة‎ . +lgr.
Lot (n.) gLy | lover(n) ‏اللحب. العاشق‎
lot(nv.)  .ةصح ‏بخت . نصيب . كمية.‎ | lovingly (adv.) ‏بمودة. بحب‎
‏بجرى قرعة. يقسم‎ 5 108 (adj.adv.) . ‏واطى . منخفض . سافل‎
lote (n.) S ‏على نحو منخفض شجر النبق‎  بتتكم‎
lotion (n.) : ‏غُُول‎ | 10 0085 gaze ‏يغض البصر‎
lottery (n.) ‏يانصيب . فرعة‎ | lowbom (adi) Al ‏رضيع‎
‎lotus , lotos (n.) ‏بشنين. حندقرق‎ | lowering (adj.) ‏مظلم . مكفهر . قاتم.‎
loud (n.) ‏تخفيض عال. مرتقع «اصوت؟.‎
‏صاخب. مبهرج. زاه. صارخ‎ lowery (adi) 0 ‏مظلم ملبد بالغيوم‎
louden (v.) ‏يعلى الصوت‎ | Towing (n) e
lowspirited (adj.)  بتكم‎ . ‏ممم‎"	al-shamil-dictionary
350	"شراع رباعى الاضلاع 0 ‎lugsail (n)‏ | مخلص .وفى ‎loyal (adj.)‏
طم ادودة تستخدم  ‎(n)‏ 108000 | اخلاص .وفاء ‎loyalty (n.)‏

لصيد السمك؟ العين. شكل معين ‎lozenge (n.) ٠‏
يخمد . يسكن الألم. يهدىء - )1( !101 سبوسك

خمود زيت أر شحم لتزيت ‏ (.6) ‎lubricant‏
‏يغنى للطفل حتى ينام ‎lullaby (v.n)‏ الآلات والماكينات

lubricate (v.) ‏النوم للطفل يشحم .يزيت‎ Gy
lubricator (v.) ‏اداة التزييت . مزيتة‎ | 10000880 (n) » ‏اللمباجو « الم بالقطن‎
lobriiousy ‏ناعم .زلق .1 رزيم‎ Tumber ‏كراكيب. عفش رم)‎
10068005 4ty ) ‏فاسق . مثير‎ Tuminate (v.) ‏يني يثور‎
luminary (n.) ‏عالم. معلم.‎

مُصلح . كوكب إشراق . بهاء . لممان ‎lucency (n.)‏
نورانية. نور ‎Ly | luminosity (n.)‏ . جلاء.صفاء ‎lucidity (n.)‏
كومة . كتلة . قرص - يكرم (.8.7) 10708 | الشبطان. إبليس .عورد ‎lucifer (n.)‏
كثير العقد أو الكتل (.ز24) لإمصسنا الثقاب . نجمة الصبح
القمر ‎luna(adj.)‏ | خط . بخت. توفيق ‎luck (n.)‏
قمرى . هلالى ‎lunar, __y‏ | لحن الحظ ‎luckily (adv.)‏

luckless (adj) ‏نحس. قليل الحظ‎ | the _ calender

التقويم القمرى (الهجرى ) محظوظ ‎lucky (adj.)‏
الخوف ‎_eclipse‏ | كب.ريع ‎lucre (n.)‏
‎O e‏ معتوه ‎lunatic (adj.)‏ | يدرس . يستذكر يجد ‎lucubrate (v.)‏
طعام الغذاء. يقدم ‎lunch (n.v.)‏ وإجتهاد. يطنب. يهب

الغذاء. يتغخذى ناج فكرى . تاليف ! ‎lucubration (n.)‏
هلال هلإلى ‎lune (nadj)‏ | مرض ربائى. طاعون ‎lues (n.)‏
‎lung (n) @,‏ | عررة. يد الشىء. حلمة ‎lug (n.v.)‏
يطعن . يوخز. طعنة ‎lunge (n.)‏ الاذن - يجر. سحب
الطاعن . المسلول. المصدور ‎junger (m.)‏ | أمتعة.عفش. حقائب المسافر ‎luggage (n)‏"	al-shamil-dictionary
351	"يحيا حياة ترف . يتكاثر ‎lunisolar calendar (n.) luxuriate (v.)‏
رخاء. ترف . رفاهية . تنعم . )1( 107003 | التقويم الشسى
رسائل الترف كالذئب .ضار ‎lupine (adj.)‏
مجمع علمى . دار الفنون. ‎(n)‏ 176808 | الذئبة (مرض جلدي ) ‎lupus (n.)‏
ندرة علمية. قاعة محاضرات. يتمايل . يخدع . يترتح - ‎lurch (vn)‏
مزلقان. تحريلة . محلول القلى ‎Iye‏ تمايل . ترنح
مضطجع  ‎yingGdin) LIS‏ | يفرى ‏ إغراء ‎ture (vn.)‏
رضع ‎lying-in(n) S‏ | يكمن .يتريص . يترصد ‎lurk (v.)‏
‎lymphadenitis (n.)‏ | كمين. مكمن. ترصد )1( ‎lurk - place‏
التهاب الغدد الليمفارية لذيذ. حلر المذاق ‎luscious (adj.)‏
‎lymphatic (adjn.)‏ | يسكر بإفراط . يدمن ‎lush (v.adj.)‏
ليمفارى - رعاء ليمفارى المكر رطب. عفن
حاد البصر ‎lyncean (adj.)‏ | شهرة «جامحة ». جشع ‎lust (n.)‏
يحاكم ربعاقب بدرن 046 () 1068 | شهواتى ‎lustful (adj.)‏
محاكمات عرفية ‎law‏ | منظف. مطهر ‎lusteal (adj.)‏
الرشق ‎١‏ حيران أصغر )1( ‎lynx‏ | تنظيف.غسل . تطهير 0 ‎lustration (n.)‏
من الثمر » لمعة. شهر . بريق . نجفة ‎lustre (n.)‏
قيثارة ‎lyre (n.)‏ لامع . ثير. مصقول ‎lustrous (adj.)‏
شعر غنائى . ‎lyric } (adi)‏ | عرد. صلصال ‎lute (n.)‏
أغنية. منشد ‎lyrical‏ | طين. ملاط ‎luting (n.)‏
شعر غنائى. ‎ety | 1980)8( L‏ يقضع ‎uxate (v.)‏
ذربائى . إنحلالى ‎Iytic (adj.)‏"	al-shamil-dictionary
352	"i M
7""
M.m | ‏الحرف الثالث عشر من حررف‎ ١ machete (SP.) ‏قبثارة برتغالية‎
‏مدية لقطع القصب الهجاء الإنجليزية‎
m. (metre ) (n.) ‏سم)‎ ٠٠١( ‏امثر‎ Machiavellian (adj.)
ma (mamma) ‏ميكافيلى . مرارغ . محتال ماما.ام (.م)‎
M.A., (Master of Arts ) machinal (adj.) ‏متعلق بالالات رالعدد‎
‏ماجتير فى الفنون أو العلوم‎ | machinal (v.) ‏يدبر مكيدة .يدس‎
118 200 )0020270()8.(  ةديس‎ . ‏الدمائس+ هام‎ «
macadam (1)  ةفوصرم ‏تدبير المكائد . دسي ة . (.8) 00380108000 | ولط . أرض‎
‏احتيال . مكيدة أو مزلطة‎
macadamroad )8.(  فوصرم ‏طريق‎ | machine (n.) ‏آله . عدة. ماكينة‎
Wy ‏أو‎ 107600016 system
macadamize (v.) iy bl ‏نظم البحث الآلية‎
macaque (f) ¢ gyl ‏المكاك 0 قرد‎ | machine ruler (n.) ‏آلة تسطير الورق‎
macarise (v.) ‏بهنىء. يارك له‎ | machinery (n) sl ‏الآلية.‎
‎macaroni (It) ‏عدة.الآلات مكرونة . خليط . غندور.‎
‏شاب.تتكلف‎ | machinist(n)  . ‏مهندس يكانيكى‎
‘macaronic (adj.) s ‏اليكانيكى‎
‎10681008 (n.) ‏حلوى « كعك أو‎ | mackerel (n.) ‏سمك بحرى‎
‏من اللوز والسكر‎ ١ ‏يسكويت‎ mackintosh (n.)  مفطعم ‏كود المطر.‎
macerate (v.) ‏راق من المطر. مشمع يطوى . ينقع فى امام‎
‏يضعف أر بيت الشهرات‎ macro (adj.) ‏كبير . ضخم . كلى‎
‏بالصوم أو التقشف‎ macro 2 ‏نادثه معناها : تذل على‎
maceration )8( ‏الشهوات بالصوم أر‎ T ‏الطول أو الكبر أر الضخامة‎ |"	al-shamil-dictionary
353	"macrobiotic (adj.) ‏يطيل الحياة‎ madness (n.) ‏تهور‎ Oy
mactocephaly (adj) 1, ‏كبر حجم‎ | Madonna (n.) ‏مريم العذراه‎
macrocheilia (adj.) ‏ل لا‎ | madrepore (n.) ‏المرجان المتشعب‎
macroclitoris {adj.)  رطنيلا ‏تضخم‎ | 8088 (n.) ‏أنشودة غزلية‎
macrodactylia ‏قائد فرفة موسيقية . موسيقار )( 10385150 | تضخم أصابع اليدين‎
‏المافيا. منظمة سرية للأرهابيين (.8) 34858 أر القدمين‎
macrogenitalism (adi)  مجح ‏كبر‎ | magazine (1.v) . ‏مجلة . مخزن. مستردع‎
‏مستودع الذخيرة. مخزن الاعضاء التناسلية‎
macrorhinia (adj.) ‏البندقية. يخزن تضخم الأنف‎
macroscopic , __ al (adj.) Magdalen; _e(n) 0 ‏مريم المجدلية‎
‏بالعين اللجردة‎ s, | Mage ‏مجوسى‎
‎macrurous (adj.) ‏وهم. (.8) 0138801 | طويل الذيل‎ By ‏سوسة‎
‎maculation (n.) ‏وسواس. نزوة الطخة . بقعة‎
mad (adj.v) - ‏مجنون. هائج . مسعور‎ | 70888017 (ad]) ‏مسوس. كثير اليرقات‎
‏يجن. يُخِل‎ | Magi(n) ‏مجوس. الجوس‎
008023, © ‏سيدة.ربه بيت‎ | Magian (adj.) ‏مجرسى‎
‎madarosis (n.) Yl ‏الرموش أو‎ WL | 1008816 )0.20[.( ‏اسحر. شعوذة - سحرى‎
mad - brained (adj)  شاط ‏مشهور.‎ | magician (n.) ‏الساخر.‎
‎madcap (adj.) ‏أرعن. متهور‎ | MaginotLine ‏خط ماجينوت « سور‎
madden (v.) ‏دفاعى فرنسى ؟ يجن . يخبل . يلير‎
madder (n.) ‏نبات صبغى ""يستعمل فى‎ | magister (n.) ‏رئيسى . حاكم‎
‏الصباغة*‎ magisterial (adj)  ةداهشب ‏خاص‎
‎made past, past part. of make ‏الماجستير . استبدادى.‎
[ ‏أمرى. تسلطى . قضائى‎
made - up (adj) ‏مختلق. متاعى .تلفق‎ | Maistracy (n) ‏مآمورية قضائية‎
madhouse (n.) ‏رظيفة الأمرر مستشفى الجائين‎
madisterium (n.) ‏ملقط الشعر‎ | magistrate )7.( ‏الحاكم . المأمور . القاض‎"	al-shamil-dictionary
354	"أداة لقياس المغنطيسية ‎magnetometer (n.)‏ | رواسب . عجينة . مادة ‎magma (n.)‏
جليل .بهى ‎‘magnific (adj.)‏ صخرية ساخنة
‎maghnification (n.)‏ شهامة . نخوة ‎magnanimity (n.)‏
تبجيل . نمجبد . تعظيم . مبالغة شهم . رحب ‎magnanimous (adj)‏
سام رفيع فخم ‎magnificent (adj.)‏ الصدر . كريم الاخلاق
يمجد. يسبح . يعظم ‏ يبالغ ‎magnify (v)‏ | بشهامة ‎‘magnanimously (adv.)‏
‎magnifying - glass (n.)‏ | رفع المزلة.ذر شان ‎magnate (n.)‏
عدسة مكبرة . زجاجة مكبرة كبير. قطب
تفخيم الكلام. ‎magnesia (n.) Lt ١ magniloquence (n)‏
تبجع مغيى ‎magnesian (adj.)‏
اقدر . مرتبة . منزلة ‎magnesium (n.) o= | magnitude (n.)‏
أهمية. جرم مغنطيس. حجم الغنطيس )1( ‎magnet‏
‏نبات أو زهرة المفنوليا ‎magnolia(n)‏ | بادثة فى أول الكلمة _ ‎magnet‏
‏زجاجة كبيرة ‎(n.)‏ 04800 «مقتطيسى؟ } _ ‎magneto‏
‏ماجرج ‎Magog (n.)‏ | مغنطيى. فاتن ‎‘magnetic (adj.)‏
ياجوج ‎Gogand el‏ | الاتحراف المغنطييى ‎—deviation‏
‏العقعق غراب طويل الذيل (.8) ‎magpie‏ | خط الإستواء المفنطيسى  ‎—equator‏
‏شخص ثرثار العزم المفنطيى ‎moment‏ __
المجوسى . المشعوذ ‎magus (n.) pl. magi‏ | الإبرة المغنطيسية ‎needle‏ —
الاحر القطب المغنطييى ‎__pole‏
‎sl‏ - مجرى . ‎Magyar (nadj)‏ | المغنطيية. الجذب  ‎magnetism (n.)‏
اللغة المجرية المغنطيى
شح )م ‎mahalab‏ | أكسبد الحديد الاسود  ‎magnelite (n.)‏
‎mahlab‏ غمغنط . مغنطة ‎‘magnetization (n.)‏
خادمة بنت عذراء ‎maid (n.)‏ | بمخنط. ‎magnetize (v.) Gy ey‏
وصيفة خادمة الملكة ‎magnetoclectricity (n.) __of honour‏
عار ._ ‎Old‏ | الكهرباء المغناطيسية"	al-shamil-dictionary
355	"وقار . جلال . عظمة . مهابة . ‎majesty (n.)‏ | مقصلة. العذراء . البكر - ‎maiden (n.adj.)‏
,2 أهم . أصلى ‎maidenhair (n) S ol | major(adin)  .‏
راشد. أعظم - الأسمى . غشاء البكارة. بكارة ‎maidenhead (n.)‏
الراشد. رائد (رتبه عسكرية) خادمة ‎maidservant {n.)‏
لراء 30& عسكرية؟ ‎major general (n.)‏ بريد . درع . درع السلحفاة - ‎mail (nv.)‏
ا سواد . الاغلبية . الاكثرية . ‎majority (m.)‏ يرسل بالبريد. يدرع . يصفح
أ سن الرشد أرقط . مبقع . ‎mail - clad (adj.)‏
الحرف الكير أ ‎majuscule (nadj.)‏ مصفح . مدرع
الإستهلالى - استهلالى مدرع. مصفح ‎mailed (adj.)‏
ْنع . عمل . شغل . طراز. )( 08008 | تهديد بالقوة المسلحة ‎mailed - fist (n)‏
شكل. خل. طبيعة - الاير ‎١‏ للسباحة ولعب ‎maillot (F) bt‏
يضع . يفعل . يُحدث . يخلق. ساعى البريد ‎mailman (n.)‏
ينشىء . يشيد . يرسم . يغلق بتر . يقعد . يشل ‎maim (v.)‏
قيد النمو أو التحسن ‎onthe‏ | تشريه.عجز ‎maimedness (n.)‏
يهتم ب 0 - | اساسى .رئيى .بارز. - (0ازقة) ‎main‏
‏يعاكس . لا يتفق مع ‎__aginst‏ البر. البحر. قوة. عزم
يكثر ‎—aface‏ | اليابسة.الير الرئيسى  ‎mainland (n.)‏
يتظاهر /لاك | خصوما.غاليا. فى الأكثر ‎mainly (adv.)‏
يتقدم إلى . يهجم على . يتقدم إلى 47 | يحافظ على ‎maintain (v.) .oy‏
يخاطر . يغامر ‎bold‏ — يصون. ييقى على
تتجه إلى . يندقع إلى ‎2l | —for‏ محافظة ‎(n.)‏ 10401602066
يبخر من __ على . إعالة . نفقة . صيانة . أصرار
يتقدم . بقوم بثورة مسلحة ‎head‏ | شامية . أذرة شامية ‎maize (n.)‏
يغازل ‎majestic , _ al (adj.) __love‏
‎١-07 SA‏ ملوكى . سام . مهيب . جليل.عظيم
| يهرب. يلوذ بالفرار. بطفش 0 ‎—off‏ نخم"	al-shamil-dictionary
356	"الشخص الذكر_ مذكر . ذكر (.[8.80) ‎male‏ | يفسح مكانًا -_-
لعن .سب . شتيمة  ‎malediction (n)‏ | يتأكد من ‎__sure of‏
إلم . جريمة ‎malefaction (n.)‏ | يلفق . يتصنع . يصلح ‎—up‏
‏مهلك . مؤذ. خحبيث  ‎malefic(adi)‏ | يعرض على ‎_upfor‏
‎maleficence (n.) ALY‏ | يصمم على ‎__up one’s mind‏
شرب مؤذ ‎maleficent (adj.)‏ | يتحبب إلى .يتصالح مع ‎_upwith‏
‎malevolence () e‏ | يفسح الطريق ل. يوسع. يحزز ‎WAy‏
‎malformation (n.) ot‏ تقدما
من التفاح . تفاحى ‎malic (adj.)‏ | بديل موقت .حيلة - ‎makeshift (n.adj.)‏
حقد . ضغيئة . مكر ‎malice (n.)‏ يستعمل كبديل مؤت
حقود . خبيث . مؤذ  ‎malicious (adj)‏ | مكياج . تركيب .يني )1( من ‎make‏
‏يعيب . يطعن - ‎makeweight (n.) malign (vadj)‏
مهلك. ضار كمالة وزن. كمالة . كمالة عدد
عدارة شديدة .حدر ( ‎malignance‏ | مكة ‎Makkah (n.)‏
ورم خحيث ‎malignancy‏ | مكى ‎Makkan (adj.)‏
نحبيث. حقود. غير حميد(.[04) ‎malignant‏ | بادثة بمعلى سوء __ ‎mal‏
‏يتمارض ‎malinger (v.)‏ | رخ الجسم ‎malacoid (adj.)‏
متمارض ‎malingerer (n.)‏ | علم الرخويات ‎malacology (n.)‏
تار ادعاء ) 00400080008 | سوه التكيف. سوه التطبيق 0812880120000
‎malingery‏ سوء الترافق ‎‘maladjustment (n.)‏
العلة ‎malison (n.)‏ سوء الإدارة. ‎‘maladministration‏
‏يسحق . يدق - مطرقة خشبية ‎mall (v.n.).‏ ناد الحكم
‎[P‏ مرض .علة . خلل ‎malady (n) L.‏
ذكر البط ‎malaria (n.) L | mallard (n.) w‏
قابلية الطراق ‎malleability (n.‏ عدم رضى. ‎(n.adj.)‏ 0026001601
يطرق . بدق ‎malleate (v.)‏ سخط . نقمة ‏ الساخط
‎mer (n ) RS‏ عل ‎mal‏"	al-shamil-dictionary
357	"جندى . فارس ‎_atarms‏ | مدقة. مطرقة خشية. ‎mallet (n.)‏
جندى . فارس ‎_ofarms‏ مضرب الكرة
مؤلف. كاتب.أديب  ‎_oflemiers‏ | خيزة ‎mallow , __s (n.)‏
‎iy‏ .صدوق ‎_of hisword‏ | سوه التغذية ‎malnutrition (n.)‏
غُل. 4 يقيد. يُعُلَ ‎manacle(nv)‏ | رائحة كربهة ‎‘malodor (n.)‏
يتدبر الأمر . ينجح ‎manage(v) it‏ | كريه الرائحة ‎malodorous (adj.)‏
‎g‏ مهمة أر غاية ؟ . يدبر. شعير البيرا. ملت يحول ‎malt(ny)‏
‏سهل الإنقياد. طيع ‎S | manageable (adj)‏ الشعير ‎maltose (n.)‏
إدارة . سياسة . تدبير . ‎Management(n.)‏ | يىء - يزذى ‎maltreat (v.)‏
لباقة . هيئة الإدارة معاملة سيئة . إساءة ‎maltreatment (n.)‏
مدير . رئيسى . ناظر ‎manager (n.)‏ | اختلاس . خيانة.  ‎malversation (n.)‏
اقيم مير ارتشاء . فساد فى الإدارة
خروف البحر « حيوان ‎Manatee (sp)‏ | مابا.ام ‎mam, _ma(n.)‏
ثدبى ماثى؟ ثديى . من ذرات الثدى ‎mammal (ad).)‏
بملك ‎mancipate (v.)‏ | الحيوانات الثدية ‎mammalia (n.)‏
آمر . إنذار ‎mandamus(n)‏ | غنى. ثروة ‎mammon (n.)‏
اليوسفى 3 فاكهة 8 ‎mammaplasty mandarin (n.)‏
وكيل . مفرض . منذدرب ‎mandatary (n.)‏ عملية تجميل ص ‎mammiplasty‏
‏مامورية , التداب. ‎‘mandate (n.)‏ الصدر ‎mammoplasty‏
‏طلب حضور حب المال. عبادة مال (.8) ‎mammonism‏
‏حاكم . آمر .مفوض . وكيل ‎mandator (n.)‏ | الماموث ‎١‏ قيل ‎mammoth (n.adj.)‏
85 عظم القك ‎mandible (n.) it‏ متقرض © . شىء ضخم ‏ هاثل
‎mandibular (adj.) S‏ | آم.والدة ‎mammy (n.)‏
المندولين « آل موسيقية 11.(8) ‎Mandolin‏ | رجل . إنسان . شخص . فرد.  ‎man (n.v.)‏
الميمون 3 قرد » ‎mandrili (n.)‏ حجر الداما - بمد بالرجال
مض يلوك «الطعام» ( ‎manducate (n‏ . يزود بالحند . يحصن . يجهز"	al-shamil-dictionary
358	"معقد . متعدد . عديد . ‎manifold (adiv)‏ | شوشة .عرف . ناصية ‎mane (n.)‏
متفرع. متضاعف . نسخة من ذر عرفا ‎maned (adj.)‏
رسالة ‏ يكتب نسخًا مناورة }.( ‎maneuver‏
‏قزم . شخص قصير.  ‎manikin(n)‏ | شهم.باسل . شجاع. مقدام ‎manful (ad))‏
شخص خشبى لعرض ‎o‏ جرب الحيوانات ‎mange (n.)‏
يتلاعب ب . يضارب ,. ‎manipulate (v.)‏ طوالة. معلف الحيوانات. ‏ )1( ‎manger‏
‏يزثر . يحتكر الإدارة. يشتغل مذو
باليد. يمك باليد المكواة الإسطوائية (لكى ‏ (.) ‎mangle‏
‏الجنس البشرى , الناس ‎mankind (n.) i,‏ الملابس ) - يكوى. يصقل.
رجولة. شهامة ‎manliness (n.)‏ يُعرى. يمذق. يهريد
‎manly (adj.) o‏ | منجو (فاكهة ) ‎mango (n.)‏
الم من ‎manna (n.)‏ | متجنيق. آلة حربية %4 ‎mangoncl (n.)‏
‎manned (@di)  دنجلاب spm.‏ | جريان. اجرب ‎mangy (adj.)‏
نمط .أسلوب .كيفية.  ‎mammer(n)‏ | سن الكهولة . رجولة.  ‎manhood (n.)‏
منوال . طريق . سلوك. نسق طبيعة بشرية
اخلاق. أدب. سلوك ‎manners (n.)‏ | جنون. هوس ‎mania (n.)‏
مكارم الأخلاق _ ‎mable‏ | يقلم الاظافر . بشذب - ‎manicure (vn)‏
مناورة عسكرية . ,3 ).5( 15280610178 تقليم الأظافر
حيلة .دهاء .عرض عسكرى - 4 جلى.  ‎manifest (adj.v.n)‏
يقوم بمناورة عسكرية. يناور واضح . يرهن . بثبت - يظهر - بيان
‎it‏ سفبنة حربية ‎١ man-of - war(n)‏ الشحنة . قائمة شحنة السفيئة
سكر المرز ‎manitesaton (n)  .فشك.راهظا | manose (n)‏ أ
السقف السندي ‎v‏ سقف ‎mansard (F)‏ اعلان. مظاهرة ,
له أكثر من إتحدار * ‎Bl‏ علانية . ‎manifestly (adv.) Dl‏
دار مزل . قصر ‎١ mansion (n.)‏ يصدر بيانا رسميًا.  ‎manifesto (v.n.)‏
فرس النبى (نرع من ‎١ 012005 (n.)‏ بان رسمى بالأهداف أر رجهات
‎G‏ حشرة قرس ‎A‏ النظر . منشور من حاكم أر ملك"	al-shamil-dictionary
359	"سباق الماراثون )1( ‎marathon‏ | رشاح. حجاب .بتار . ‎mantle (n.v.)‏
سباق طويل ‎by L‏ يخفى. يستر

ينهب . يغزو . يقطع الطريق ‎ot | 7088800 (v.)‏ كتاب صغير. (.0.[ة) ‎manual‏
‏«للنهب والسلب » كتيب

مزمر ‎marble )0.24[.( L)‏ | التدريب اليدرى ‎manual training (n.)‏
مرمرى . رخامى . شبيه بالرخام مصنع ‎manufactory (n.)‏

تفل الفاكهة بعد عصرها 0 ‎marc(n)‏ م .عمل . الصتاعة. ‎manufacture (n.v.)‏

نموج الشعر ‏ بموج الشعر ‎marcel (n.v.)‏ سلعة - يصنع . يعمل . يلفق

لحن عسكرى ‎march (nv.) 4l‏ | صاحب المصنع )1( ‎manufacturer‏
‏مشبه عسكرية. حد. تخم. إعناق ‎manumission (n.) G-‏
يتقدم. يسير . يخطر (الرقيق) . تحرير الأرقاء

شهر مارس 8 | يعتق. يحرر بن ‎manumit (v.)‏

سمن صناعى }.1( ‎‘margarine‏ العبودية . يعتق من رق

يدون على الهامش ‎(V1)  .‏ 085886 | سماد. سباخ. يسمد. يسيخ ‎(R5.)‏ 0080176
يجعل له هامش . جبعل للشىء سباخ بلدى ,_ ‎farmyard‏
‏حافة ‏ هامش . حاشية. حافة. ‎manuscript (n.adj.)‏
تأمين مالى. الفرق بين سعر كتاب مخطرط - مخطرط باليد
الشراء وسعر البيع نحو الإنسان ‎manward (advadi)  -‏ |

يترود بهامش . يحفى  ‎masginale (v.)‏ موجه نحو ‎S‏

حوض لرسو السفن ‎MAMNA(R)‏ | متعدد. كير . عديد ‎many (adjn)  -‏
مرسى صغير السواد الأعظم . الجمهور ا

the _, ‏الاغلبية . الأكثرية‎ | manine (adjv) ‏مختص بالبحر‎ s
80880 ‏أو منه  القوة البحرية خريطة . مصور جغرافى - لإلا.ة)‎

الملاح. البحار ‎mariner (n.)‏ برسم خريطة. يخطط

زيجى . مختص ‎PR (Al‏ | يشو ‎iy‏ بعطب , بغر | ‎(V1)‏ 1022

الوثى. شيخ طريقة ‎L‏ )1( 88520001"	al-shamil-dictionary
360	"الكوسة ,. ‎vegerable‏ | علامة . إشارة. هدف ‎mark (n.v.}‏
ينكح » يتزوج . يزوج . يتمازج ‎marry (v.)‏ غرض . دليل . سمة. صفة
يفسخ الزواج ‎anmd‏ | ميزة.علامة تجارية. المارك
المريخ . إله الحرب ‎Mars (n.)‏ «عملة المانية؛. دمغة. يشان -
مستنقع . سبخة ‎marsh (n.)‏ يضع علامة. ببين. يحدد
مرشال 250 عسكرية». (نم) ‎marshal‏ | يعين. يسجل .يدون يم
المشير . الشريف . القيم على امن صلف ردى* ,__ ‎below the‏
السجناء. في قصر ملكى . فى فى غير موضعة ,__ ‎beside the‏
حفلة - ‎A‏ ينظم . يرتب يجاوز الحد. يتطرق ,._ ‎beyond the‏ 80
أرض مستنقعات - ‎marshland (n)‏ | يصيب الغرض ,_ علا ‎hit‏
‏اسبخى. مستنقعى ‎marshy (adj.)‏ | رجل شهير _ ‎man of‏
سوق - بيع . يتجر ب 0 (8) 080 | يبل أمنيته. يحرز 8 ‎makehis‏
‎et‏ الدلق ‎marten (n.)‏ | يخفض السعر أو ‎—down (up) sy‏
الاحكام العرفية ‎١ martial law (n.)‏ يفصل بحد ‎—off‏
‏الشهيد . يستشهد. ‎١ 08:3 (nv.)‏ يخصص ل . يفردد 0/07 _-
‎it‏ بعذب سوق .منجر - بيع ‎market (v.)‏
يستشهد ,_ ‎diea‏ ريشترى . بيع يسوق. يوق
الإستشهاد. شهادة ‎martyrdom‏ | سوق رائجة _ ‎brisk‏
‏سجل ‎manrology (n)  sag‏ | سوق كاصدة 1 راقدة » __ ‎dull‏
‏أعجوبة . معجزة - ‎١ marvel (nv.)‏ نيشانحى . الماهر فى الرماية ‎marksman (n.)‏
يمسجب من . يُدهش مربى الفواكه ‎marmalade (n.)‏
عجيب. . ‎marvellous (adi)‏ | قرد أمريكى ‎marmoset (n.)‏
‎e‏ زواج . قران. عرس . نكاح ‎marriage (n.)‏
ماركسى ‎Marxian (adj)‏ | قسيمة الزراج . عقد الزراج ‎_lines‏
‏مذهب الماركسية ‎Marxism‏ | زواج غير شرعى أو قابونى .560/60
عريم ‎Mary(n)‏ | نخاع ‎marrow‏
‏عريم العذراء ‎١ the virgin‏ التخاع الشركى ._ ‎spinal‏"	al-shamil-dictionary
361	"يدا 359 5
ينكس العلم ‎half_,‏ | مذكر .ذكرى ‎masculine (sdin)  -‏
المصطبة « قبر فرعونى ‎mastaba (A1)‏ المذكر . الذكر
مستطيل * امرأة مسترجلة ‎woman‏ __
استئصال اللدى ‎mastectomy (n.)‏ | خبيصة . هريسة .3 الهريس؟ . ‎mash (n.v.)‏
أستاذ. رئيس . معلم . ‎master (n.v.adj.)‏ معجون - يهرس . يغازل
حامل شهادة الماجستير - يتقن. وجه مستعار . قتاع ‎mask (n.v.) S,‏
يخضع . يكبح , يتغلب على - - كمامة . قناع التجميل -
‎—COPY Yol s‏ | بناء . ميتى . أعمال ‎masonry (n.) .l‏
تحفة. افضل ما عمل ‎masterpiece (n)‏ | الاسونية
تفوق. نبوغ ‎masque , see mask mastery (n.)‏
يمضغ . يعجن . يلوك (8) 7086818 | تداس . موسيقى ‎mass(n) A‏
دراسة أمراض الصدر ‎MAstology (n)‏ | كتلة . كومة. جمهور ‎mass )0.7.80[.(  .‏
الإستمناء . العادة ‏ )1( ‎masturbation‏ عدد. حشر . الطبقات العاملة ~
السرية يكتل . يجمع . يحشد . يكوم - على
ممسحة الأرجل . حصيرة -(.8.20[.7) ‎mat‏ نطاق واسع . جماهيرى . إجمالى
غير لامع - يجدل. يضفر. يعتم قتل وحشى ‎massacre (n.v.)‏
مبارة . عود الثقاب . غود ‎match (my.)‏ مذيحة ‏ يليح
كبريت . مابقة . ند . شريك - تدليك ‏ يدلك ‎‘massage (n.v.)‏
يناسب . يطابق . يتعادل . بتلادمج ‎mass communication (r.)‏
ات وسائل الاعلام
لا نظير ‎machless(adi) g4‏ | يبت ضخم. ‎massive (adj.)‏
فيل لإشعال بندقية. ‎matchlock (n)‏ كيرا لقيل
بندقية تيل الملاج بالتدليك  ‎massotherapy (n.)‏
| فرين. زميل ‎s‏ أ2) 2316 | صارى التركب.ثمرة البلرطء )( ‎mast‏
‎0١‏ زوج. وكيل رياد اليف د صارى اللاسلكى - يزود
أ يزرج. يتزواح يالف يعشق بصاري |
| سالا 9 ا"	al-shamil-dictionary
362	"فأس. مِعْول ‎(n.)‏ 080101 | مادة. لوازم. أدرات - ‎material (nadj)‏
‎mattress (n.) LT,‏ مادى . ضروررى . جسدى
يسوى. ينضج . يتقيح  ‎(v)‏ 08008806 | أساسى. جوهرى. برس
سن البلوغ. سن ‎(n.)‏ 0210010 | من جهة الام ‎matemal (adj) -l‏
التكليف . نضج 3 ‎B‏ بالام
مرزبة - يدق . يؤذي ‎١ maul (n.v.)‏ خال ‎__uncle‏
‏يكم . ‎١ maunder (v.) Sl‏ خالة ‎_aunt‏
‏مزار . مقام . ضريح ‎١ mausoleum (n)‏ الأرحام 3 من جهة الأم * ‎__relatives‏
‏معدة الحيوانات . حوصلة الطائر ‎(n)‏ 808 | أمومة. حنان. () ‎matemnity‏
‏مقزر . مثير للغثيان ‏ (زفه) ‎mawkish‏ مستشفى توليد
مبدا. أساس . حقيقة عامة. ‎maxim(n)‏ | رياضى . محكم. ‎mathematical (adj.)‏
قول مألور ‎by‏
‏يرفع . يرصل إلى ‎١ maximize (v.)‏ الرياضيات ‎mathematics (n.)‏
أعلى درجة تسلط الام على م ‎matriarchate‏
‏الحد الاقصى . النهاية ( ز4ة.0) ‎maximum‏ الاسرة أو الحكم ‎‘matriarchy‏
‏الكبرى - ‎il‏ أعلى يلتحق ار ينتسب إلى ‎matriculate (v.)‏
شهر ماير ‎May (n.)‏ جامعة أو كلية
ربما. قد . يستطيع ‏ لعل ‎(auxv)‏ 008 | رحم . منبت. منشا. قالب 0 ‎matrix (n.)‏
محافظ المدينة ‎mayor (n)‏ | رئيسة. ناظرة.رئية ‎matron (n.)‏
زرجة محافظ المديئة ‎mayoress‏ الممرضات. ربة منزل
مجوسية ‎Mazdaism (n.)‏ | شأن. أمر . مسألة . مادة ‎(n.v.)‏ :008116
ورطة . دهشة . ذهول - ‎maze (nv.)‏ صديد. قبح - يهم يتقيح
يذهل . يحبر متى ( أحد رسل المسيح ‎Matthew‏
‏ررضة . مرعى ‎Y| meadow (n)‏ عشر )
وجية . أعلة . طحين .ديق ‎meal(n)‏ | إنجيل متى ‎The Gospel of ٠.‏
ناعم كالدقيق ‎mealy (adj.)‏ | حصيرة. غير لامع . مطفى )1( ‎matting‏"	al-shamil-dictionary
363	"الميكانيكا. علم ‎mean (v.adj.n.) mechanics (n.)‏
الآلية. الآلات )1( ‎mechanism‏ يعتزم - حقير . دنىء. ‎Il‏
‏المبكانيكية . نظام الالات. فعل ‎A‏ خيس . بخيل - مورد مالى .
مؤثر ميكانيكى وسيلة . ‎gl‏ الوسط
يجعل الشىء ‎mechanize (1) (S‏ | بكل الوسائل ‎byall _s,‏
أو 1 يجعله أوتوماتبكيًا على الإطلاق. مطلقًاً ‎byno_s,‏
‏نوط . رسام. نيشان ‎medal (n)‏ | يتعرج. بتموج . يتلوى. (08) ‎meander‏
‏رسام الإستحقاق ‎medal 102018011 (n.)‏ يتسكم ‏ تعرج .تلو
يتطفل 0 يتدخل ثيما ‎meddle (v) Y‏ | معنى . مغزى. قصد. فحوى )( ‎meaning‏
‏يعنيه ؟. يتحرش بسفالة . بخسة . بدناءة  ‎meanly (adv.)‏
بادثه معناها : ‎١‏ رسط ‎١‏ , - :ع0 | قصد وى ‎meant 85] , past part. of‏
رساثل . وسائط ‎mean media (n.)‏
تدخل . ترسط . اعتدال  ‎mediacy (n.)‏ غضون. فى أثناء م( ‎meantime‏
‏رسط . متوسط. رسطى . عادى (.ر66) ‎١ pegial‏ - أثناء .خلال ‎meanwhile‏
‏بتوسط بين. يسوى  ‎mediate (vadi)‏ | لمرض؛ الحصبة ‎measles (n.)‏
الخلافات - ‎iy‏ يقبس . يعابر . يكيل . ‎measure (v.n.)‏
شفاعة . التورسط ‎(n.)‏ 1060181000 ] فياس. عيار
الإصلاح ذات البين. مصالحة مكيال . حد. مقدار. حجم
‎Ll‏ القائم بالصلح. ‎mediator (n.)‏ ميزان مرسيقى
وسيط الصلح مساحة. مكيال. 0 ‎measurement (n.)‏
طبى . علاجى ‎medical (adj.)‏ مقياس . قياس
الطيب الشرعى ‎examiner (n)‏ اممتفعم ‎١‏ لحم «الأكل». ‎meat )8( bbb‏
علاج . دراء ‎١ medicament (n.)‏ فحص الحالب بالمنظار ‎meatoscopy (n.)‏
يعالج . بداري ‎medicate (v.)‏ | مكة المكرمة ‎Mecca (n.)‏
دراء . عقار ‎b‏ علم (8.0) ‎medicine‏ | بكانيكى أزفه) ‎mechanic‏
‏الطب الطب - ‎e‏ يعالج"	al-shamil-dictionary
364	"مناسبة . موافقة. مطابقة ‎(n.)‏ 706810655 | مختص بالقرون الوسطى ‎medieval (adj.)‏
بادثة بمعنى ‎١‏ تضخم + ‎megal‏ | المديئة المنورة ‎Medinah (n.)‏
تضخم القلب ‎megalocardia (n.)‏ | الحرم ‎Sanctuary sl‏ - 706
تضخم الكبد — ‎megalohepatia (n.)‏ | مدنى «من المدينة المنورة» ‎Medinite (adj.)‏
صداع ‎(n) e‏ 01600 | شخص مترسط المقدرة. ‎mediocrity (n.)‏
ضربة نس ‎megrims (n.)‏ حالة متوسطة
كآبة ‏ النزعة إلى ‎melancholy (nadj)‏ | يتفكرفى . يتامل.  ‎meditate , 00 (v.)‏
الحزن ‏ كثيب يعتزم . يتدبر فى
يجعله أسود . يجعله ‎melanize (v.) GG‏ | تفكر . تامل . تدير .; ‎meditation (n.)‏
نبات الحندقوق ‎melilot (n.)‏ | اك الا ‎mediterrancan‏
‏يصلح . يحسن . يتحسن ‎meliorate (v.)‏ محاصر ‎Ll‏
‏يمزج . يخلط )1( ‎mell‏ | ذو علاقة بالبحر المتوسط
عذوبة. حلارة . طلارة ‎Mediterranean Sca (n.) melifluence (n.)‏ |
يجعله يانمًا. ينضج ‎mellow (v.adj.) ٠‏ | البحر الأبيض المتوسط
يجمله عذبًا ‏ ناضج يانم أداة . سبيل . راسطة . ذريعة . ‎medium (n.)‏
لين . طرى . ناعم . نشوان وسيلة .مسب . الناقل . مستنبث
بُلحن . ينغم ‎(v.)‏ 008100126 | £
الميلودراما . رواية ‎melodrama (n.)‏ | مزيج . خليط - مختلط ‎medley (n.adj.)‏
محزنة.تمثيلية تعتمد على ‎o gl‏ مخ العظام  ‎medulla (n.)‏
الحادثة أو العقدة. أحداث مثيرة تعريض . جزاء . ثراب ‎meed (n.)‏
إيقاع .لحن عذب ‎melody (n.)‏ | حليم . وديع. ‎meck (adj.) ikl‏
بطيخ . جنس البطيخ والشمام . ‎melon (m)‏ | يقابل . يلقى . يصادف. ‎meet (v.adin)‏
يُذيب. يذوب. يتصهر . يسبح ‏ (0) ‎MO‏ | يلتحم فى فال - مناسب. ملائم
عضو من مجتمع ‎member (1)l‏ | مطابق ‏ اجتماع. نكاد الإجتماع
جماعة. عضو نى جسم ‎meeting (1.) s‏
اجتماع . مقابلة ‎i‏"	al-shamil-dictionary
365	"الحبض . الطمث . دم الحبض (.8) 0060888 | مجلس . عضوية.  ‎membership (n.)‏
حائض ‎in_‏ جمعية
حافت المرأة 1 ‎inastateof‏ | غشاء. نيج ‎membrane (n.)‏
‎got her _‏ 3/6 | سيرة. ترجمة حياة. مذكرات ‎memoir (n.)‏

غل الحيض ‎_bath‏ | جدير بأن ‎memorable (adj) . Sk‏
طمشى ١متعلى‏ بالطمث ‎menstrual (adj.)‏ يستحق الذكر

أر الحيض ‎١‏ شهرى . حيضى ند البسسا
دورة حيض.دورة طمثية | ‎١ course‏ متعلى بالذاكرة.  ‎memorial (adjn.)‏
‎menstruate (v.) L‏ | تذكارى .اثر او ب
رمن الحيض . ‎‘menstruation (n.)‏ تذكارى . مذكرة

المحيض . فترة الحيض يحفظ غيبًا. يستظهر  ‎memorize (v.)‏
محلل . مذوب . مذيب )1( ‎menstruum‏ ذاكرة. ذكرى . ذهن ‎memory (n.)‏
القباس . علم المساحة ‎mensuration (n.).‏ قرة الحفظ

فن قياسات المساحات والاحجام رجال . حجارة الطاولة ‎men (n.)‏
القضيب . الذكر () 0018018 | تهديد . وعيد ‏ يهدد.  ‎menace (n.v.)‏
عقلى . ذهني ‎mental (adj.)‏ يتهدد. يوعد
‎S5‏ . تنويه ب تسمية - ‎mention (nv.)‏ | مكان عرض ) ) .( ‎menageric,‏

يذكر. ينوه ب الوحوش للفرجة ‎menagery‏
‏تصرح . الناصح المخلص  ‎mentor (n.)‏ | يصلح . يحسن . يرمم . يرثق . ‎mend (v.n.)‏
قائمة الطعام ( في ‎menu(n) (e‏ | يرقو - إصلاح . ترميم.دثق
عفونة . نتانة . رائحة كريهة ‎mephitics (n.)‏ | كذب. زرر. بهتان ‎mendacity (n.)‏
بالأجرة. مأجور - ‎mercenary (nadj)‏ | استجداء. تسول 0 ‎mendicancy (n)‏

جندى مرتزق الفضروف المفصلى.  ‎meniscus (n)‏
تجارة الاقمشة ‎mercery )8.( & A‏ عدسة مقعرة محدية. سطع

والصوفية السائل المقعر ار الحدب
‎merchant (nadi)  ىرابت - b‏ | سن انقطاع الطمث ‏ (.7) 0160002056
رحيم .رؤرف ‎merciful (adj.)‏ | شهرى. مختص بلمائدة  ‎mensal (ad).)‏"	al-shamil-dictionary
366	"الحبض . الطمث . دم الحبض (.8) 0060888 | مجلس . عضوية.  ‎membership (n.)‏
حائض ‎in_‏ جمعية
حافت المرأة 1 ‎inastateof‏ | غشاء. نيج ‎membrane (n.)‏
‎got her _‏ 3/6 | سيرة. ترجمة حياة. مذكرات ‎memoir (n.)‏

غل الحيض ‎_bath‏ | جدير بأن ‎memorable (adj) . Sk‏
طمشى ١متعلى‏ بالطمث ‎menstrual (adj.)‏ يستحق الذكر

أر الحيض ‎١‏ شهرى . حيضى ند البسسا
دورة حيض.دورة طمثية | ‎١ course‏ متعلى بالذاكرة.  ‎memorial (adjn.)‏
‎menstruate (v.) L‏ | تذكارى .اثر او ب
رمن الحيض . ‎‘menstruation (n.)‏ تذكارى . مذكرة

المحيض . فترة الحيض يحفظ غيبًا. يستظهر  ‎memorize (v.)‏
محلل . مذوب . مذيب )1( ‎menstruum‏ ذاكرة. ذكرى . ذهن ‎memory (n.)‏
القباس . علم المساحة ‎mensuration (n.).‏ قرة الحفظ

فن قياسات المساحات والاحجام رجال . حجارة الطاولة ‎men (n.)‏
القضيب . الذكر () 0018018 | تهديد . وعيد ‏ يهدد.  ‎menace (n.v.)‏
عقلى . ذهني ‎mental (adj.)‏ يتهدد. يوعد
‎S5‏ . تنويه ب تسمية - ‎mention (nv.)‏ | مكان عرض ) ) .( ‎menageric,‏

يذكر. ينوه ب الوحوش للفرجة ‎menagery‏
‏تصرح . الناصح المخلص  ‎mentor (n.)‏ | يصلح . يحسن . يرمم . يرثق . ‎mend (v.n.)‏
قائمة الطعام ( في ‎menu(n) (e‏ | يرقو - إصلاح . ترميم.دثق
عفونة . نتانة . رائحة كريهة ‎mephitics (n.)‏ | كذب. زرر. بهتان ‎mendacity (n.)‏
بالأجرة. مأجور - ‎mercenary (nadj)‏ | استجداء. تسول 0 ‎mendicancy (n)‏

جندى مرتزق الفضروف المفصلى.  ‎meniscus (n)‏
تجارة الاقمشة ‎mercery )8.( & A‏ عدسة مقعرة محدية. سطع

والصوفية السائل المقعر ار الحدب
‎merchant (nadi)  ىرابت - b‏ | سن انقطاع الطمث ‏ (.7) 0160002056
رحيم .رؤرف ‎merciful (adj.)‏ | شهرى. مختص بلمائدة  ‎mensal (ad).)‏"	al-shamil-dictionary
367	"مركز تجار ‎s‏ . عاصمة. ‎(n.)‏ 70815000115 | استخراج المعادن. تعدين ‎metallurgy (n.)‏
مطران معادن. تضيب سكة الحديد. ‎metals (n.)‏
منظار الرحم ‎s metroscope (n.)‏
2 حماسى . حمية ‎mettle (n.)‏ | يغير .يدل ‎(v.)‏ 10618710001056
يموء . يحبس «فى قفص). ‎meW (V)‏ | مجاز د فى علم ).1( ‎‘metaphor‏
‏يغير ‏ ملجأ . صوت الهر. المواء البيان € استعارة
‎Sy‏ كالطفل ‎(v.)‏ 081 | مجازى . استعارى ‎metaphoric, _al‏
الموجة المكسيكية. ‎١ Mexican wave (n.)‏ ترجمة شفهية. ).1( ‎metaphrase‏
‏وقوف الجماهير والتلويح ترجمة حرفية
بأيديهم تباعا في حركة نشبه نظام ‎b‏ . ما وراء ‎metaphysic (n.adj.)‏
مرج البحر فى كأس العالم الطبيعة - ‎b‏
‎2l‏ سنة 981 يننشر «المرض؛ ‏ تحول ‎metastasis (v.)‏
الدور المسحور ‎mezzanine (n.)‏ تبديل . تحريف . إبدال  ‎metathesis (n.)‏
فثران ‎mice (n.)‏ يوزع. يكيل - ‎mete, _s(v.n)‏
ميكال . ميكاليل ‎Michael (n.)‏ حدود. تخوم
ميكى ‎e‏ (8) 00058 0006 | اقيم تع الأررح ‎metempsychosis‏
‏3 اخترعه والث ديزئى * 850 . شهاب . ظاهرة جوية 0 ‎meteor‏
‎Mierify (v) s‏ | جهاز تدرين ‎meleorograph (n.)‏
اجزهء من مليون. رزوم | ‎e‏
‏مجهرى. صغير . 8 | علم الظواهر الجوية (.8) ‎metcorology‏
‎S‏ علم الارصاد الجوية ‎meteorology (m)‏
مكيرويات. جراثيم 0 ‎meter ke G s | microbes(n)‏
فاتل الميكروبات أو ‎microbicide (n.)‏ و نما ‎metre‏
‏الجرائيم . مبيد للميكرربات ‎o‏ 22 نظام . أسلوب. منهاج (0) ‎method‏
‏علم الاحياء ‎'“'Cf""""m“’zy (n.)‏ منظم . مرتب. ‎methodic , _al (adj)‏
المجهرية . علم الكائنات الحية نظامى . منهجى . قانرنى
الدقيقة ينسق .ينظ .يرتب 0 (0) ‎methodine‏"	al-shamil-dictionary
368	"رحال. مهاجر. ‎migrant (adjn)‏ | المناخ الخاص بمنطقة (.8) ‎microclimate‏
‏متنقل ‏ المهاجر معينة
يرنحل. يهاجر. ينزح 0 ()0008:81 | الإنسان.عالم صغير  ‎(n.)‏ 006508057
ارتمال ‎el‏ 5.0 £ )1( 7048:8000 | صورة مجهرية ‎micrograph (n.)‏
مهاج . رحال ‎migratory (ad].)‏ | أداة لقياس أبعاد ‎micrometer (n.)‏
الطيور المهاجرة أو الرحالة  ‎—birds‏ الأشياء الدفيقة «مقياس
حلوب. مرضعة ‎milch (adj.)‏ المسافات الدفيقة >
معتدل . هادىء . لطيف . وديع )0110 | الميكرون اجزء من آلف من المميمثر؛ )1( 1016708
غير حام «بارد؟ المذياع . الميكروفون ‎(n.)‏ 1011600006
صلب قابل للطرف ‎Steel‏ | مكروسكوب. المجهر )1( ‎MCroscope‏
‏تصرف باعتدال. لا تالغ ,__ ‎drawit‏ رجفة هزة أرضبة خفيفة ‎microseism (n.)‏
العفن الفطرى . ‎mildew (nv.)‏ | يبول. يول ‎micturate (v.)‏
تعفن - يتعفن امتتصف - وسط ‎mid (adj.adv.)‏
اليل رحد طول < ‎WA‏ ياردة ‎mile(n) ١‏ | الظهر - ظهرى ‎midday (n.ad}.)‏
جهاد. كفاح ‎militancy (n.)‏ | صلاة الظهر ‎__prayer (n.)‏
حربى - مجاهد . محارب (.88(.0) ‎militant‏ | كوم سباخ . مزيلة ‎midden () oy,‏
يسلح . يحصن ‎militarise (v.)‏ | متوسط. أرسط - ‎‘middle (adj.n.)‏
حربى . عسكرى ‎military (adj.)‏ اوسط . خصر. نصف
الشرطية العسكرية ‎(n.)‏ 2006| وسط - متتصف . جوف . (.0:80:3) ‎midst‏
‏يحارب. يكانح . يجامد ‏ (لا) ‎militate‏ بين. نمف
الميليشيا. جنود الرديف ‎miliia(n)  .‏ | داية «مولدة » ‎midwife (n.)‏
الجيش المرابط فن التوليد ‎midwifery (n.)‏
لبن . حليب ‏ يحلب ‎M)‏ | سحن ملامع .هيئة ‎mien (n.)‏
حشيشة ‎o‏ نبات 8 )1( ‎milkoweed‏ | زعل. نفور ‎miff (n.)‏
درب البانة.المجرة ‎Milky-way (m)‏ | باس . قوة.عزم ‎might (n.)‏
«في الفلك * ‎o5 s‏ مدر _ ‎mighty (adjadv)‏
إي حد بعيد. جد"	al-shamil-dictionary
369	"لا تبالى . لا تقلق ,_ ‎mever‏ | طاحونة. ‎e‏ تمع ‎ .‏ لتم لاله
يعقد العزم على 00 08 58008615 معمل. معصرة ‏ يطحن. يصفل .
راغب .ميال ‎minded (adj.)‏ يجرش يلاكم. يسك العملة
منجم. لَقَمّ. مصدر - ‎١ 70108 (npron.v.)‏ الفية. الفى ‎millennivm (L.)‏
ملكى ‏ يحفر منجمًا. يعدن. مرجان متشعب. ‎millepore (n.)‏
2 غاب البحر
سقيئة ‎ey | minlayer(n)  ماغلالا g‏ م ‎millet‏
‏صاحب منجم. المشتغل  ‎miner(n)‏ | مليار. الف ملبون ‎milliard (n.)‏
بالتعدين. رارع الالغام المليم . جزء من آلف من ‎millieme (n.)‏
معدن معدنى ‎‘mineral (n.adj.)‏ الجنية المصرى
علم المعادن ‎Mineralogy (n.)‏ | مليجرام. جزء من الف )( ‎milligram‏
‏الصوف المعدثى  ‎mineral wool (n.)‏ من الجرام
«عازل للحرارة والصوت ؟ قبعات السبدات ‎millinery (n.)‏
كانة الالغام ‎Gl gyl | Minesweeper (n)‏ ألف ‎million‏
‏يمزج . يخلط .ممتزج . يختلط )( 000816 | الشعب.الجمهور.الامة اعم
بادثة معناها ‎١:‏ مصغر. صغير ‎mimie (m.,) 10101 ١‏
جوئلة قصير جذا ‎e | — K‏ بالإشارات. مقلد  ‎A‏
‏رسم صغير جد ‎B miniature (n.adj)‏ منارة }.( ‎minaret‏
‏على معدن». عاج . مثال ‎o‏ 1
مصفر - فن رسم الأشياء يقطع قطعا . يفرم. يتبختر ‎mince (v.n.)‏
الصغرة «المتمنمات؛ - مصغر ‎P‏ السير؟ - لحم مفروم
ا | عقل .دمن .راق يام ‎mind (nv.)‏
بصغر . يقلل . ينقص ‎minify (v.)‏ يهتم ‎e‏ يتذكر.
يصغر .يقلل . يحصر  ‎minimize (v.)‏ يتعهد . يعتزم . يقلق
الحد الادنى . النهاية ‎s et | 0008000000 (nad))‏ بالك ‎you!‏
‏الصغرى . المقدار الادنى - شرود الفكر _ ‎absence of‏
الاش الأصغر. أدني حد يضع نصب ‎s‏ يتذكر ,_ ‎bearin‏
‏نصاب ‎quantity (n.)‏ — | يصمم على ‎make up the ٠‏"	al-shamil-dictionary
370	"نعناع . دارسك وصناعة .)018 | الخنصر «الاصيع الخامس؛ )1( ‎minimus‏
‏العملة ‏ مبلغ كبير ‏ يك تعدين . استخراج المعادن  ‎mining (n.)‏
العملة . يتحت . يخترع . يلفق ينقص. يُصعْر ‎minish (v.)‏

المطروح منه «فى الحساب» )1( 001010880 | وزيرّ. وكيل . ممثل . قس . ‎minister (m.v.)‏

علامة ناقص )<( . نقص ‎minus (n.adj.)‏ كاهن - يُسعف . يخدم . يعطى .
‎e‏ - سلبى . ناقص يمد العون إلى

دقيقة . لحظة . مسودة . (.0.80[.7) ‎minute‏ وزارى . إجرائى . ‎ministerial (adj.)‏
يدون. يكتب . يكتب وقائم خادم. ‎ministrant (adjn) -yl‏
الجلمة قائم بخدمة

سجل محاضر الجلسات . دفتر 5900# | خدمة . مأمورية . عمل ‎ministration (n.)‏
الوقائم خادمة . مأمورة.  ‎ministress (adj.n)‏

عقرب الدقائق - عاملة ‏ قائمة بعمل خيرى

بدقة . بالضبط . كل دقيقة (./801) ‎Minutely‏ | وزارة. نظارة . مأمورية.  ‎ministry (n.)‏

معجزة . كرامة . اعجوبة ‏ )1( ‎miracle‏ اخدمة. مهمة

مُمجزة. أعجوبى . ‎miraculous (adj.)‏ | سلافون. أكيد ‎minium (n.)‏
إعجازي الرصاص الأحمر

سراب. شىء وهمى )( 00286 | انك دحيوان 05 ترز لتك )1( لقا

mnNOW (1) ١ oyt s ‏مرآة 100 :00 | سنك‎

صرور. فرح . طرب ‎minh(n)‏ | القاصر . الغير راشد ‎ -‏ (ز4ق.0) ‎minor‏

محل . طين - موحل . طينى (.[8.88) ‎miry‏ ثانرى . غير هام. صغير. قاصر

4 معناها (خطأ. ردىء. على ‎mis ١‏ الاقلية. سن القصور . ‎minority (n.)‏
نحو خاطىء . قلة ؟ كون المرء قاصرً

كارثة . مصية . نازلة ‎Misadventure (n)‏ | حزب الأقلية ‎__party‏

الذى يعض 7) ) ‎Misanthrope‏ | كنية .دير . كاتدرائية ‎minster‏
‎L‏ 0501001 | مجموعة أغان )( ‎minstrelsy‏

يسىء الإستعمال ) ‎misapply (v‏ وقصائد . الغناء. جوقة مغنين"	al-shamil-dictionary
371	"شك .ربية ‎misgiving (n.)‏ | يىء النهم ‎‘misapprehend (v.)‏
ييىء الحكم آر الإدارة ‎misappropriate (v.) . g i | misgovem (v.)‏
‎St‏ . يُضل .يقرت ‎misguide (v.)‏ يتعمل الشىء لغير غرضة
يضع ‎ot‏ غير موضعه ‎mislay (v.)‏ | يسىء التدريب ‎misarrange (v.)‏
‎Sl o‏ نفور من الزرج ‎misogamy (n)‏ | لا يلائم ‎misbecome (v.)‏
كر النساء ‎misogyny (n.)‏ | سحت مكحب ز(زفه) ‎misbegotten‏
‏كر التجديد ) الجديد (.8) ‎misoneism‏ أ بالحرام. غير شرعى. مشوه
يحتف يزدرى زيم ‎misprize‏ | ىه السلوك أو تضرف ‎mishetiave (v)‏
‎misprise‏ | يكفر . يسىء الإعتقاد ‎misbelieve (v.)‏
يخطىء فى اللفظ ‎(v.)‏ 101600000008 | يخطىء التقدير.  ‎miscalculate (v.)‏
‎miss (n.) [CR‏ يخطىء فى الحساب
يفقد. ‎(i‏ . يهمل . ‎(vn) o ain‏ 70158 | إجهاض . إسقاط . خيبة )( ‎miscartiage‏
‏خطأء ‎ot‏ إخفاق. حسرة ‎ke‏ منوع. شتى ‎miscellaneous (ad.)‏
يمسخ. بشوه ‎misshape (v.)‏ | يىء الاختيار ‎mischoose (v.)‏
تذيفة . صاروخ - معد ‎oty | missile (nad))‏ الفهم. 0 ‎mis conceive (v.)‏
لإطلاق القذائف لا يدرك القصرد
مهمة . بعثة . وفد . إرسالية (.0.19) 01155108 | يحرف المعنى ‎(v.)‏ 15600510061
- يوفد. يبعث . يرسل ذنب. أساءة. سيئة ‎(n.)‏ 0150660
المبشر . متصر ‎missionary (adin)  -‏ | يسىء العمل . ييخطىء ‎misdo (v.)‏
تبشيرى . تتصيرى ‎misemploy (v.)  مادختسإلا oy‏
تنصير . تبشير ‎__activity‏ أو الإستعمال
يتهجى خطأ ‎misspell (v.)‏ | الحيس.البخيل ‎miser (n.)‏
ضباب . شابورة . غشاوة ‎miserable (adj)  ريقح s Sl | 00050 )8:10( et‏ |
العين» ‏ تُمطر رذاذا. ‎Lot‏ بخيل. شحيح ‎miscrly (adj.)‏
يضح ننم تعاسة. شقاء بؤس ‎misery (n.)‏
يخامره الظن ‏ يرتاب ‎misgive (v.)‏"	al-shamil-dictionary
372	"متحرك . متتقل ‎mobile (adi) i‏ | يخطىء. ييء نهم - ‎mistake (wn)‏
يعبىء الجيوش ‎mobilise (v.)‏ غلطة. خطأ. زلة
يتاهب للحرب مخطىء. غلطان ‎mistaken (adj.)‏
يسخر من.يتهكم ‎mock(ny) b‏ | بُرعج ‎mistemper (v.)‏
يخدع. يُضلل - سخرية. سيد ‎Mister , Mr (n.)‏
هُزء. ملف يسىء المعاملة ‎mistreat (v.)‏
أضحوكة. هُزء . سخرية  ‎mockery (m)‏ | عشيقة. خليلة. سيدة. 0 (م) ‎mistress‏
‏هيئة. أسلوب . طراز. ‎mode (n.)‏ معلمة.ربة منزل
شكل . حال يشك . يرتاب ‏ شك ‎mistrust (vn,) ١‏
نموذج . مثال . قالب. ‎model (nadjv)‏ ربية.ظن
‎Jez‏ عارضة أزياء ‏ مثالى ضبابى . كثير الضباب. ‎misty (adj.)‏
نمرذجى ‏ يصوغ على شكل أو غامض. مبهم
غرار. يصنع ‎O‏ يخطط. يفتدى ب يكن . يخفف . يلطف . يقلل ‎mitigate (v.)‏
معندل . مترسط. . (لاز4ة) ‎moderate‏ | تاج الاسقف . غطاء ‎mitre (n) £l‏
اعندال. توسط . توفير )1( ‎moderation‏ | مزيج . خليط .مزج ‎mixture (n.)‏
حديث.عصرى ‎modem (adj)‏ | تمطر رفانًا ‏ رفاذ عاتم
حداثة عهد. الحدالة. عصوية ‎modemity (n)‏ | مساعدة للذاكرة . ‎mnemonic (adj.)‏
يجدد. يجعله عصريًا ‎modemize (v.)‏ ذكرى
متراضع . محتشم ‎(adj.)‏ 1000651 يثن . يتأوه. يندب. ينوح - ‎moan (v.n.)‏
تراضع . حشمة . جياه ‎modesty (n.)‏ انين تاوه. نواح
يُحدل . بُلطف . يتغير . يخفف ‎modify (v.)‏ | الغوغاء. السوقية . الرعاع.  ‎mob (nv.)‏
ينغم . يلحن . بلطف . بجود )1( ‎modulate‏ | سواء الناس . حشد من ‎S‏
‏منوال . أسلرب . طريقة ‎modus (n)‏ | عصابة إجرامية ‏ يحتشد. يتجمهر
أسلرب العمل )1( ‎modus operandi‏ | ديهاجم
‎Mohammedan (ad).) r*~:-$*w‏ | سوقى.مافل ‎‘mobbish (adj.)‏"	al-shamil-dictionary
373	"moil (v.) ‏يكد.يكدح‎ | monetary (adj)  .ةلمعلاب ‏متعلق‎

مالى . نقدى يندى. برطب ‎(v.)‏ 00151860
يك « عملة ذهب 6 ‎monetize (v.)‏ | رطوبة .بال ‎moisture (n.}‏
مال . نفوذ. عملة ‎money(n)‏ | ضرس ‏ فرسى. - ‎molar (nadj)‏
حصالة ‎_bex‏ | طاحن. جارس
الصراف. صراف ‎changer, broker‏ | يشكل . يصرغ. يتعفن - ‎mold (vn)‏
حوالة بريدية ‎__order‏ قالب . حلية معمارية . سطح
‎o ready _, [‏
تاجر. بائع - يتاجر ‎monger(nv.) o‏ |_تعفن.عفونة ‎moldness (n.)‏
‎mongoose (Hin) ot‏ الجنين الكاذب . حاجز الأمراج. ‎mole (n.)‏
الهجين - مختلط  ‎mongrel (n.adj)‏ الخلد

النوع . مهجن. مجلس ذرة . مثقال ذرة ‎molecule (n.)‏
إنذار. تنبيه . تحذير ‎monition (n.)‏ | حيوان هلانى ‎mollusk (n.)‏
انذارى . تبيهى , تحذيرى ‎monitive (ad).)‏ | الحفلة. دقيقة. هنيهة ‎moment (n.)‏
المرشد. المنذر . آلفة . ‎mointor (n.)‏ | وقتى.لحظى. ‎momentary (adj.)‏
جهاز مستقبل المراقبة الصور خاطف. سريع
التليفزيونية 4 هام . خطير الشأن  ‎momentous (adj)‏
تحذيرى . تبيهى ‎monitory (adj.)‏ | القوة الدافعة. ‎momentum (n.) iy‏
راهب. نامك ‎(n.)‏ لصم الجسم المتحرك .داقع
قرد. نسناس » ‎monkey (n.v.)‏ | الملكة. ملك ‎monarch (n.)‏

يعبث ب . يقلد حكومة ملكية . الملكية. ‎monarchy (n.)‏
‎s U‏ -_- سلطنة. نملكة
مفتاح إنجليزى ‎wrench‏ | دير ‎monastery (n.)‏
‎monkish (adj) Sy S‏ | رمانى . . راهب ‎monastic (adj.n)‏
بادئه معناها «آحادى ‎mono_,‏ | رهينة.رهانية ‎‘monasticism (n.)‏
واحد. رحيد + الحياة الرهبانية

Monday (n.) ‏يوم الأثنين‎"	al-shamil-dictionary
374	"مطرد النغم . رتبب ‎monotonous (adj.).‏ | ذرات القلب الراحد . ‎monocardian (n.)‏
على رثيرة راحدة. عمل وحيد القلب

عدم تغيير . رتابة. ‎monotony (n.)‏ رحيد القرن. ‎monoceros (adj.)‏
إطراد النغم ذر قرن راحد

‘monocotyledon (adj.) ‘monsieur (n.) -

ربح موسمية . موسم ‎monson (n.)‏ أحادى الفلقة ‎el‏
‏الرياح المرسمية حكم الفرد. حكومة ,3 ‎monocracy (n.)‏

غول. رحش . غريب ).( ‎monster‏ حاكم مطلق. المستبد ‎monocrat (n.)‏
الخلقة. هائل. الشاذ ذر عين ‎monocular (adj) .y‏

‎ey‏ القربان الملقدس ‎monstrance (n.)‏ أحادى العين

‏فظيع . هائل . شاذ. ‎monstrous (adj.)‏ | زراعة الارض ‎monoculture (n.)‏
رهيبا مرة واحدة

‏المونتاج ‎١‏ اختيار ‎montage (n) sy‏ | عدم تعدد الازراج  ‎monogamy (n.)‏
مشاهد شريط سيثمائى * رحيد المعدة ‎monogastric (ad).)‏

‎monolingual (adj.) ‏أحادى اللغة‎ | montanic (adj.) ‏معدنى . جبلى‎

‎monologue (n.) 0 ‏مناجاة. المونولوج.‎ | month(n) e

‎‘monthly (adj.adv.)‏ مخاطية المره لنفسة

‎monopolist (n.) ‏المحتكر‎ Gt ‏شهرى - كل‎

‎monopolize (v.} ‏يحتكر‎ | monticule (n.) ‏رأبية. هضبة‎

‏أثر . بناء ألرى . نُصب )1( ‎monument‏ | احتكار . التزام. ‎monopoly (n.)‏
؟ ثذكارى ‎b‏ مزار. ريح سلعة محتكرة

‏أثرى. 85. ‎monumental (adi)‏ | ذو مقطع واحد ‎monosyllabic (adj.)‏
عظيم . فخم كلمة ذات ‎monosyilable (n.)‏

‏خوار ‏ تخور د البقرة 4 0 (ا.88) ‎moo‏ مقطع واحد

‏مزاج . حال . طبع . صيغة ‎١ mood (n.)‏ الترحيد. الإبمان بإله راحد ‎monotheism (n.)‏
‎ey‏ الموحد . المؤمن ‎monotheist (n.)‏

‏بإله واحد"	al-shamil-dictionary
375	"اخلاقى . تهذيى . أدبى. ‎moral (adjn)‏ | نكد. حزن. كآبة ‎moodiness (n.)‏
خلقى. معنوى . ‎moody (adi)  مرمهم S S - Al‏
السلوك الاخلاقى. علم ‎synthesisen (n.)‏ 11008
الاخلاق. حكمة . مغزى القصة آله موج الموسيقية

moon (n.v.) ‏قمر. ضوء القمر  يذهل.‎ | moral courage (n.) ‏شجاعة أدبية‎

يهذب الاخلاق ‎moralise (v.)‏ يعرض لضوء القمر

التمسك بالفضل. ‎moralism‏ | نادر الحدوث ,__ ‎blue‏
‏حكمة. مثل أدبى ‎Sfull _, o‏

كاتب أخلاقى . الفاضل. ‎moralist(n)‏ | عربة القمر « للسير على ‎Buggy‏ —
مؤلف فى الأدب والأخلاق سطح القمر؟

أخلاق. حكمة. الفضلة. )1( ‎morality‏ | أعشى 8 - 10090
درس أخلاقى قمرى . أبله . أخرق ‎moony (adj.)‏

Moor (adj.) ‏المغربى . مراكشى‎ | moral depravity (n) ‏انحطاط الأخلاق‎

moor (n.v.) - ‏أر رض سبخة. مستنقع‎ | morals (n.) bl ‏أخلاق.‎

الآداب العامة ,_ ‎public‏ يربط . بواثق . ترسر

أيضا . مرة أخرى . إلى ‎more (adv.adi)‏ | مرفا. مرسى المركب أو (8) ‎moorage‏

حد أبعد. بدرجة أكبر - أكثر. السفن. رسو

إضافى . زيادة نوع من الايائل الامريكية. )1( ‎moose‏

فطر صالح للاكل ‎morel(n)‏ | غزال أمريكى

فضلا عن ذلك.  ‎moreover(adv)‏ | تحت الاخذ والرد. قيد 0 ‎moot(mv.)‏
‏علارة على ذلك البحث ‏ يجادل

شرف على الموت. محتفر ‎moribund (adj.)‏ | بمحة الأرض - ‎mop (n.v.)‏

‎MMyt‏ بسح ينظف. يتخلص من

‏48 | المكتتب. الفائر الهمة. ‎(n.v.)‏ 1106

‏المشرق. الشرق ‎_land‏ الكآبة - يسكع

‎mopish (adj.) ‏الهمة‎ ;. ol ‏منقبض‎ | _sickness ‏الحوامل مقىء الحم‎ oL
1 el"	al-shamil-dictionary
376	"يكبح أو بيت الشهوات. ‎mortify (n)‏ | صباح الخير ,_ ‎good‏
‏يخيب. يفد. يذلل الفجرّ ,__ ‎grayof the‏
‎&y | mortise PR‏ الصباح ‎morning (n.)‏
لتعشيقه. يحفر ‎mortice G‏ | مراكش ‎Morocco (n.)‏
فى الخشب كلام فارغ. هذيان ‎morology (n.)‏
موسى « عليه السلام 4 (.8) ‎Moses‏ | كثيب . حاد الطبع ‎morose (adj.)‏
المسلم ‎Moslem (n.)‏ منامى . مختص ‎morphean (adj.)‏
الإسلام . ديانة الإسلام ‎Moslemism (n.)‏ بالاحلام والمثامات
سجد. جانع ‎TR | ""8 (n.)‏ مومه
المسجد الحرام ‎the HolyM ٠‏ 100016
بعوضة. ناموسة ‎morphology (n.)  ملع.ايجولوفروملا | mosquito (n.)‏
ناموسية ‎‘mosquito net (n.)‏ يبحث في تركيب الأجسام الحية
طحلب. ستنقع )( ‎moss‏ «نبات حيوان » بنية الشكل
‎SV‏ . قصارى. ‎most (n.adv.adi))‏ علم الصرف
غاية - إلى أبعد حد. تقرييا - مضغة. لقمة. كسرة. طب شهى ‎morsel (n.)‏
معظم . أقصى . أغلب . أكثر مفغة ‎T‏ عار
على الاغلب . خصوصا. ‎mostly @dv.)‏ | القمة ‎of food‏ —
بالاخص مميت . مهلك . فان. لدود (.20[.0) ‎mortal‏
‏سوصة .عنة . عثة الملابس 0 ‎moth (n.)‏ بشر. مخلوق.إنسان
أم .الام . ‎g‏ (0.20[.7) 000065 | موت . فناء .عدد الوفيات ‎mortality (n.)‏
الأمومة .رئيسة دير. أصل + رهن عقارى . رهان.  ‎mortgage (n.v.)‏
مصدر- أمى . أرثى . وراثى أصلى رهينة - يرهن
- تتبنى ‎Wy‏ ميت ‎mortally (adv.)‏
‎R‏ مسقط الراس ‎LA‏ | يثبت بالملاط. ملاط ‎mortar (v.n.)‏
‎smark <o‏ "" مدفع هاون
لغة المولد ‎—tongue‏ | لوح املاط ‎mortarboard (n)‏
الذكاء الفطرى . السليقة ‎Wit‏ القلنسوة الجامعية"	al-shamil-dictionary
377	"mother hood (n.) ‏الأمومة‎ | mountainous (adj.) ‏وعر . كثير الجبال‎

mother - in - law (n.) ‏الحماة‎ ١ mounted (adi) ‏مركب عليه مثبت . فارس‎

motherless (adj.) M | moum () k. ‏يندب . يحزن . يرثى‎
Mother's Day ‏ثياب الحداد عيد الام‎

مفجع . محزن ‎moumful (adj.)‏ | حركة. سير . تنقل ‎motion (n.v.)‏

حداد. حزن ‎mourning (n.)‏ استدعاء. حافز أو ميل . تغوط .

‎mouse (n.) %‏ براز < يومىء إلى . يشير

‎motivate (v.) ‏فاة. فتحة. فوهة. 0 (8) 000000 | يحرض. بحث‎ o

‏مصب النهر مدخل ‏ يتكلم. باعث . دافع . حافز. محرك ‎motive (n.v.)‏

‏يتناول طعامً. يتشدق - بحث . يدقع على

‏ملء الهم . مقدار ضثيل . ‎mouthful (n)‏ | ملرن. كثير الألران. مبرقش ‎motley (adj.)‏
القمة محرك. مونور. محرك ميكانيكى (.8) ‎motor‏

‎motor - car (n.) i | movable (adj.) ‏متنقل‎

‎motor - cycle (n.) ‏دراجة نارية.‎ | movables (n) ‏متقولات . أمتعة شخصية‎

‏يتحرك . يتتقل . ‎move )080( o‏ موتوسيكل
يستدعى . يز حزح . يحرض + سائق سيارة ‎(n.)‏ 1001005
بحث - حركة. نقل ,5 . ينقط بالران مختلفة ‎(v.)‏ 000116

‏تحرك . حركة. تحريك . ‎movement (n.)‏ | شعار. رمز علامة ‎motto (n.)‏
انتقال عفن . طين . قالب . تراب ‎mould (1v.)‏

‏سينما ‎(n.)‏ 00116 ناعم - يتعفن . يسبك

‏يحصد : يحش النجيل ‎mow (v.n.)‏ يغير الطائر < ‎moult (v.)‏
الزرع . يكشر . يقطب الرجه - تل . جبل . شريحة ‎mount (n.v.)‏
كومة من العشب. مخزن زجاجية . مطية «فرس4. ركوية -

‏حصاد . الحصادة . آلة الحصاد ).11( ‎mower‏ يعد عينة للفحصس

‎mountain (n.) ‏طود‎ g | Mo mister (n) ‏سيد‎

‏سيدة ‎mistress (n.)‏ , .1458 | من سكان الجيال. الجبلى ‎mountaineer (n.)‏"	al-shamil-dictionary
378	"محمد فعليه الصصلاة ‎Muhammad (n.)‏ | كثير ‏ إلى حد  ‎much (adjadv.n)‏
والسلام ؟ بعيد . بكثير . كثيراً - مقدار
إسلامى .المسلم ‎Muhammadan (adj.n)‏ عظيم. شىء عظيم
الدين الإسلامى ‎Muhammadanism (n.)‏ | كثرة. وفرة ‎muchness (n.)‏
بغل .دولاب غزل القطن ‎mule(n) ٠‏ | قذارة. رسخ السماد ‎muck (m.v.)‏
الصوف» مغزل آلى . شخص الحيوانى . وحل - يسمد بالروث
‎i‏ يُشهر ب يفضح على الملا ‎muckrake (v.)‏
الانوثة ‎muliebrity (n.)‏ [ قذر. مشخ . وسخ مرحل ‎mucky (adj.)‏
شكس . عنيد . كالبغل  ‎mulish(adj.)‏ | الغشاء المخاطى ‎mucous membrane (n.)‏
شراسة. عناد ‎mulishness (n.)‏ | طين. وحل - يوحل . تشهير  ‎mud(nv.)‏
‏ايحن . يطحن . ‎mull (vn) Gk‏ بلط بالطين . يُمكر . يطين
علبة تُشوق تشويش ذهنى . ارتباك. ‎muddle (nv.)‏
مسحق . جرن ‎muller (n.)‏ توحل - بمزج . يدخل . يلخبط
بادثه معناها : ‎omult s‏ | مشوش الفكر ‎muddle headed ) (adj)‏
متعدد. ‎iy‏ أو العقل. ‎muddler‏
‏متعدد الزوايا ‎multangular (adj.)‏ مشرش الذهن
‎multanimous (adj.)‏ | موحل . مطين. طينى . ‎muddy (adj.v)‏
متعدد الافكار . متعدد الصنات داكن اللون - يعكر. بشوش
كثرة . تعدد (زهه) ‎multeity‏ | المزذن. من يرفع الآذان  ‎muezzin (n.)‏
‎B‏ معناها : 3 متعدد. ‎multi L‏ | جبان. أخرق ‏ فروة لغطاء (.20[.0) ]10101
كثير . عديد؟ اليدين. أداء غير بارع
متعدد الأنواع . متنوع ‎multifarious (adj.)‏ | نقاب. حجاب. قناع ‎muffler (n.)‏
مكون من أجزاء ‎mulifid )y‏ كاتم الصرت
عديدة. متعدد ‎multifidous Yl‏ | كوز. أبريق. الفم . تكشيرة. 0 ‎mug(n)‏
‏مررق. كير الأرراق ‎multifoliate (adj.)‏ السفاح
ذر أطراف عديدة. ‎multilateral (adj.)‏ | رطب . حار . مبتل . رطب ‎muggy (adj.)‏
متعدد الأطراف . متعدد الجراب محل شرب البيرة 0 )1( ‎mughouse‏"	al-shamil-dictionary
379	"التحنيط . التجفيف ‎mummification (n.)‏ | رسائل متعددة ‎multi - media (n.)‏
يحنط . يجفف ‎mummify (n.)‏ | وود تلد عدت ‎multiparous (adj)‏
مومياء - يحنط ‎mummy (n.v.)‏ مواليد دفعة واحدة
تابوت المومياء ‎_case‏ | 5 أرجل عديدة.  ‎multiped (adjn)‏
تسم . يغش . يتطفل ‎mump (v.)‏ كثبر الارجل ‏ المتعدد الارجل
على . يستعطى . يتجدى متعدد الجراتب ‎multi - phased (adj)‏
التهاب الغدة ‎LS‏ . غم ‎mumps (n.)‏ العدد المضررب «فى ‎multiplicand (n.)‏
عالمى . دنيورئ. أرضى ‎mundane (adj.)‏ الحاب».مضروب
نيوية ‎mundanity (n.)‏ | بضاعف ‏ عديدة (.زفة.١) ‎multiplicate‏
‏ينقى . يخلص من ‎mundify (v.)‏ متعددة. مضاعف
الشوائب. يُطهر الغرب ‎multiplication (n.) St‏
مجلس بلدى . بلدية (.م) ‎municipality‏ الحاب». تضاعف. تعدد
سخر . مضياف. كريم ‎munificent (adj)‏ | المضاعف. العدد ‎multiplier (n.)‏
ذخيرة. مهمات حربية ‏ (.8) ‎munition‏ المضروب فيه «فى ‎oL‏
‏يقتل عمدا. يغتال ‎murder(vn)  -‏ | يضاعف . يكرر . بكثر . ‎multiply (v.adj)‏
القاتل ‎murderer (n.)‏ متعدد الطبقات
القاتلة ‎murderess (n.)‏ | كلمة مكونة ‎multisyHable (n.)‏
فاك . قاتل . مهلك ‎murderous (adj)‏ من عدة مقاطع
ظلمة. ظلام ‏ مظلم  ‎murk(madi)‏ | حشد. الجمهور . الوفرة ‏ )1( 700100006
يدمدم . يتذمر . يطن ‎mummur(vn)  -‏ | متعدد المتامر. ‎multitudinous (adi)‏
دمدمة . أنين . خرير ) كثير السكان
عضلة . القوة المضلبة ‏ *(.8005016)8 | مه ! ‎mum (interjadj) oSt‏
عضلى ‎muscular (adj.)‏ مامت
يتامل . تفكر - تأمل . تفكر. (080) 000058 | ‎by s‏ يلرك. الطعام ‏ )1( ‎mumble‏
‏عررس الشعر. شاعر المهرج. ممثل فى ‎mummer (1) v‏
متحف ‎museum(n.)‏ | مسرحية صامتة ‎mummery (n.)‏"	al-shamil-dictionary
380	"تقلب . تغير ‏ تغيير . )1( ‎mutability‏ | فطر عيش الغراب  ‎mushroom (n.)‏
اللاستقرارية «فطر يؤكل غير سام ؟
متقلب . متغير. ‎mutable (adj)‏ | موسيقى. نعم ‎music (n.)‏
لا يثبت على حال موسيقى . منغم . ملحن (.[24) ‎musical‏
‏بحول. يُغير ‎mutate (v)‏ | موسيقار. الوسيقى ‎musician (n.)‏
يكتم الصوت. يدمى. ‎mute (vnadi)‏ | علم الموسيقى. ‎musicology (n.)‏
يخفف الصوت أو اللون - دراسة المرسيقى
الأخرس . الأبكم . أداه لتخفيف يعطر برائحة المسك ‎o‏ المسك ‎musk (v.n.)‏
صوت الآلة الموسيقية - ريح السك __ ‎the smell of‏
صامت . أبكم . اخرس ‎muskdeer (n.)‏
يستاصل. يت ُشره ‏ الأبتر ‎(v)‏ 70000188 | ابل المسك 3 يستخرج منه السك»
تشويه. بتر . التمثيل ‏ )( ‎muskeat (n.) Gl | mutilation‏
( بالقتلى ) ‎Muslem‏
‏يتمرد. يعصى . بثور ‎mUtiny (n)  -‏ | السلم. المسلمة ‎Muslim }(n.)‏
‎s‏ عصيان . ثورة ‎Mussulman‏
‏لحم الضأن ليسي ل اليس ‎ther general‏
متبادل. تبادلى . مشترك ‏ (240) ‎M0t‏ | الإخوان المسلمين ‎Brethren Muslem (n.)‏
مذهب تبادل المنفعة ‏ (.8) 0000080150 | ينبغى . يجب . ضصرورة. ‎MUSLQQUKYN)‏
‏تبادل النفع اقتراق  ‎mutuality (n.)‏ تعفن . تخمر
المنفعة. تبادل «العواطف. ‎mustache (n.) et ٠.‏
يكمم .يكبت - ‎MW‏ | نات الخردل أو مسحوقة )1( ‎MSard‏
‏فم رانف الحيوان يجند . يحشد . يحشر - ‎MUSET (V1)‏
بادثة بمعنى «عضل + } ‎my-‏ اجتماع. حشد الجنود
عفلات» ‎sy | myo-‏
ألم عضلى )( ‎1y | TYOUER‏ الفهم ار الحس .عفن . (ز4ة) ‎musty‏
‏التهاب عضلة القلب ‎myo carditis (n.)‏ عفن رئخ
علم الفطريات ‎mycology (n.)‏"	al-shamil-dictionary
381	"خرافة. أسطورة ‎myth(n)‏ | عضلة القلب ‎myocardium (n.)‏
خرافى . أسطورى . ‎mythic, -- al (adj.)‏ | قصر البصر ‎myope (n.)‏
خيالى تقلص عضلى ‎myospasm (n.)‏
تأليف ‎١ mythicism (n.) ALY‏ ريحان ‎DU‏ عطرى > ‎myrtle (n.)‏
خرافى.  ‎__al (adj.)‏ , 000010838 | غامض . خفى . بهم ‎mysterious (adj.)‏
أسطورى سر غامض . سر خفى . لغز (.8) ‎mystery‏
‏علم ‎i | mythology (n.) ALY‏ دينية ‎__play‏
‏أم الخلول. محار ‎mytilus(n.)‏ | رجل صوفى. الصوفى. ‎mystic (n.adj.)‏
التهاب الغدة الخاطية ‎(n.)‏ 000730801155 عالم ررحانى - صوفى . روحانى
ورم بالأنسجة  ‎myxolipoma(n)‏ | التصوف. الصرفية. ‏ (.8) ‎mysticism‏
‏المخاطية مع ورم دهنى المذهب الصوفى . العلم
مخاطى . لزج ‎myxoid (adj.)‏ الررحائى
شبيه بالمخاط يجعله غامضًا ‎mysticize (v.)‏
ورم مخاطى ‎myxoma(n.)‏ | غموض.التباس. ‎‘mystification (n.)‏
ورم بالانسجة الخاطية ‎myxomatosis (n.)‏ إرباك. تحير . حيرة . لغز
رشح ‎myxomhea(n) LRI‏ | يخفى. تر بشعوذ ‎mystify (v.)‏"	al-shamil-dictionary
382	"N 380 Nap
\f
8.800 ‏الحرف الرابع عشر من حروف‎ | namesake (n) ‏له نفس الاسم‎
‏الهجاء الإنجليزية‎ 020 (v.n.) - ‏يفيل . يغفو. يسهو . يهجع‎
N.A., North America (n.) ‏ندم خفيف. سنة من النوم.‎
‏تعسيلة . غفلة . زغب. وبر أمريكا الشمالية‎
nab (v.) ‏المشرجات يخطف . يختطف . يتبض‎
‏على . يعتقل . قمة ذررة‎ napalm (n.) ‏التابالم « مادة شديدة‎
nabal (adj.) ‏الإلتهاب » تستخدم فى صنع بخيل‎
nabk (n.) ‏القتابل البق . نب‎
nacre (n.) P30 5. 0% | nape(n) ‏القفا . مؤخرة العنق‎
nadir (n) . ‏الدرك الأسفل . الحضيص‎ | napery(n)  تاضايب ‏فوط المائدة.‎
088 (v ( - ‏الفرش . البياضات ينكد . يضايق . يكدر . يعاس‎
‏فرس‎ napkin (n.)  .ةطوف‎ . ‏حافضة للاطفال‎
naiad (n.) ‏منديل المائدة جنية الماء. أم الخلول‎ ٠
nail (n) - b ‏صحن مسطح . حفاض ))120( لا0888 | مسمار. ظلف . حائر.‎
naive (adj.) el ‏قوى. له زغب أر وير‎
8860 )041( ‏مجرد.اعزل‎ iyt ‏استففال )1( 180008 7 928 | عربان.‎ s
nakedness (n.) ‏تجرد عرى . وضوح‎ narcissism (n.) ‏حب الذات . الأنانية.‎
name (n.adj.) - ‏اللرجسية اسم نعت - مدو عظيم‎
. ‏م‎ narcissus (n.) ‏ثبات النرج‎
cdialog ‏العلاج النفسى 0 (8/ 780008030058 | الأسناء‎
Christian __, ‏بالتخدير الاسم الأول «للشخص؟‎
narcotic (adj.n.) - ‏منوم . مخدر . مسكن‎
proper __, * ‏فى التحو‎ 3 1 3
‏دمن الخدرات. الخدر اسم علم د فى التحر‎"	al-shamil-dictionary
383	"narcotise (v.) ‏يخدر. ينوم‎ | nasopharynitis (n.)  EYI ‏التهاب‎
‎narcotism (n.) ‏والبلعوم تخدير. سكين‎
narcotize (v.) ‏يخذر. يسكن. ينوم‎ | Sty (ad].) ‏كريه . بشع . مؤذ. مقرف‎
nares (i) ‏خباشيم‎ | natal(adj) ‏ميلادى . رطنى . خلقى‎
narghile (n.) ‏الشيشة. النرجيلة‎ | natal - day (n) ‏يوم الولادة‎
naris (n.)  فنألا ‏النخر. ثقب أو فتحة‎ | natant (adj.) + ‏عائم . سابح‎ il
narrate (v) SR el ‏مائى‎
‎sb. __dtous O% ‏حدثنا‎ | natation (n.) ‏طفو . سباحة . فن السباحة‎
narration (n.) ‏أخبار‎ | 88885 (n) 0 ‏الإلينان. الكفل . الردفان‎
narrative (adj.) ‏قصصى . روائى . حديثى‎ | nation(n.) ‏أمة. وطن. شعب. قوم‎
narrator (n.) ‏راو . المحدث . القاص‎ | the Islamic ‏الامة الإسلامية‎
chainof __s(n.) ‏إسناد‎ | national (adj) ui. ‏شعبى . أهل‎ by
the biography of the  , ‏ترجمة الرارى‎ | national archives (n.) ‏الوثائق القومية‎
narrow (adj.v.) ٠ ‏ضيق. يضيق‎ | nationalanthem (n)  ىموقلا ‏النشيد‎
‏صقم‎ - minded (adj.) Y1 ‏فين‎ | national biography () ‏أعلام‎ o1 5
‏الامة أر الفكر‎
narrows (n.) ‏المضيق. برغاز‎ | national Guard (n.) b i .t
narwhal 1)8.( e ‏كركون البحر.‎ national income (n.) ‏الدخل القومى‎
narwal national lottery (n.) ‏البورصة العامية‎
nasal (adj.n) ‏أنفى . حاد. أغن  حرف‎ | nationals (n.) ‏الدعايا‎
‎Y ‏ينطق من‎ nationalism (n.) ‏الوطنية . الاهلية . القومية‎
nasality ('n.) ‏غنة‎ | nationality (n.) ‏الجنسية. الاهلية . القومية‎
nasalize (v.) ‏يلفظ من الانف.يغن‎ | nationalization (n.) o=t
nascence | () ol ‏للست لدع‎ 3
nascency AT native (adjn.). ‏وطنى - من أهل الرطن‎
nascent (ad).) ‏ابن الوطن نابت . آخذ فى الدمو‎
‏حديث التولد‎"	al-shamil-dictionary
384	"الترسانة البحرية ‎navyyard (n)‏ | الوطن الأم. ‎native country (n.)‏
الناى. الصفارة  ‎.Y‏ كلا ‎nay (nadj.)‏ مسقط ‎oA‏
‏التصرانى . المسيحى  ‎Nazarene (n)‏ | الناتو د منظمة حلف شمال ‎Nato‏
‏ملاحظة. حاشية ندا الأطلنطى +
قبضة اليد. لكمة ‎(n)‏ )068 | طيعى .خام. خلقى .مائع ‎natural (adj)‏
يجزر البحر - منخفض ‏ ((80.») ™ | ‎s‏ رب ‎naturl disposiion,‏
الجزر التام ‎natural impulse neap tide (n.)‏
قريب . ييل ‎newr@divadv) L‏ | يُعود. يطيع. يمتح ‎naturalize (v.)‏
بالقرب من .على مقربة - يقترب حقرق الجنسية
الشرق الأدثى ‎the Near East‏ طبيعيا . ‎naturally (adv.) -l‏
قريب . مجاور ‎nearby (adj.)‏ بدون تصنع
على وشك .عما قريب ‎(adv.)‏ 08881 | سجية. فطرة. خلق . طبيعة ‏ (.8) 08008
مرتب . منظم . نقى . صاف . ‎neat (adjn.)‏ القَدم. صِفْر .عديم النقع )1( ‎nAUght‏
‏أملس - بقرة. ثور جيث .مكار . شرير ‏ (ز34) ‎naughty‏
‏راعى البقر . راعى المواشى ‎(n.)‏ 060:050 | بحرى. مختص بالملاحة ‎nautical (adj.)‏
باناقة . بترتيب . بإتقان  ‎neatly adv.)‏ أو تعلق بها
أناقة . ترنيب . إتقان ‎neatness (n.)‏ | البحار. حيوان من ‎nautilus (L.)‏
متقار . رأس . سن . طرف . بوز  ‎neb(n)‏ رأسيات الارجل
قليل الحيا ‎nebby (ad.)‏ | بحرى.مختص ‎naval (adj.) =Wy‏
) . مغيم ‎nebulous (adj)‏ | قاعدة بحرية ‎naval base (n.)‏
ضروريات. حاجيات )1( ‎necessaries‏ | سرة البطن ‎navel (n.)‏
‎mecessarily (adv.) 35,35 404‏ | الحبل السرى ‎navel string (n.)‏
اضرورى - شىء  ‎necessary (adin)‏ | يبحر. يرشد أو يوجه سفينة ‎navigate (v.)‏
ضرودى ) الملاحة. إيحار ‎navigation (n.)‏
يستلزم . يحتم ‎necessitate (v.)‏ | املاح ران سفينة. يجار ‎navigator (n.)‏
ضرورة. حاجة ‎necessity (n.)‏ | عامل حفريات ‎navvy (n.)‏
القوة البحربة . أسطول ‎navy (n.)‏"	al-shamil-dictionary
385	"متفى . سلبى . (.20[.0.7) ‎negative‏ الضرورات تيح ‎laws‏ 00050 —
سالب . نفى - ينفى . ينكر الحظورات
يهمل . يترك . يقصر ‎g, | neglect(va) L‏ يمك ‎neck (n.v.)‏
يترك الصلاة ‎to___prayer‏ | عقد . قلادة. كروان ‎necklace (n.)‏
مُهمل . متروك . مهجرر ‎1S | meglected (adj)‏ رباط العنق ‎necktie (n.)‏
مهمل . مقصر ‎neglectful (adj.)‏ | بادئة معناها ""موتى . متعلق ‎necro-,‏
‏إهمال. قصور . ‎negligence (n.)‏ بالموتى أر الجثث *
ترك . تفريط عبادة الموتى ‎necrolatry (n.)‏
ترك الصلاة ‎__of prayer (n.)‏ | سجل ‎necrology (n.) il‏
‎wilful _ of prayer‏ | استحضار أرواح  ‎necromancy (n.)‏
ترك الصلاة عن عمد الموتى. سحر
مهمل. مقصر ‎5T | negligent (adj.)‏ الجيف ‎necrophagia (n.)‏
يفاوض . يتفاوض . يتداول ‎negotiate (v.)‏ | تشريح الجثة ‎necropsy (n.)‏
مفاوضة . تفاوض. . ‎(m.)‏ 088008800 | تحلل أو موت نسيج فى ‎necrosis (adj.)‏
مداولة عضو من أعضاء الجسم
زنجى - من ‎Negro(adin) 2yl‏ | بال .متعفن ‎necrotic (adj.)‏
رجل أسود الرحيق . رحيق الازهار ‎nectar (n.)‏
يصهل ‏ صهيل الخبل . ‎neigh(vn)‏ | حاجة.عوز. فاقة ‏ يحتاج إلى ‎(nv.)‏ 0860
جار يجاور ‎neighbour (n.v.)‏ | ضرورى ‏ شىء 50) (.2[.8) ‎needful‏
‏جوار .مجاورة. (8) ‎neighbourhood‏ | حاجة. فقر.عوز (0) ‎neediness‏
‏جيرة. الجيران مخيط .إيرة - ‎needle (n.v.)‏
مجاور . متاخم . ‎neighbouring (adj.)‏ يدبب . بطرز . يخبط . يتحث
‎S‏ فقي محتاج (زقه) ‎needy‏
‏ودى. حى . ‎neighbourly (adj)‏ | المحتاجون. المساكين _ ‎the‏
‏يليق . يجارر يناقض . يخالف . ينفى ‎negate (v.)‏
‎A‏ إنكار ) ‎negation (n.‏"	al-shamil-dictionary
386	"‎Net)|‏ 384 حب رالا نعل
عصبى . قلق وخائف - ‎neither (adj.pron.conj.adv.) nervous (adj)‏
سريع التأثير والإنفمال ولا واحد ‏ لا هذا ولا ذاك ‏
‎nervous breakdown (n.)‏ لا.. ولا .أيضا
الإنهيار العصبى بادثة معناها ‎١‏ جديد. حديث + .880
صدمة عصبية ‏ )1( ‎shock‏ 080005 | استخدام التعبيرات ‎neologism (n.)‏
الجهازر العصبى ‏ (.8) ‎nervous system‏ الجديدة
‎١ nervoustension (n.)  eas Sy‏ مجدد فى اللغة ‎neologist (n.)‏
رزين . قوى . جسور . وقح ‎nervy (ad)‏ | تجديد لغرى ‎neology (n.)‏
مجموعة من الادراج ‎nmest(nv.)‏ | الإمتناع عن تعاطى ‏ (.0) ‎nephalism‏
‏أو التربيزات المتداخلة المسكرات
وكر .عش . معتزل - يُعشش . ابن الأخ .ابن الاخت 0 ‎nephew (n)‏
يضع فى عش ألم بالعلى ‎nephralgia ) (n)‏
يحضن . يستقر . يسكن ‎nephrodynia ' 06506 (v.}‏
كتكوت . فرخ صغير . طفل ‎(n.)‏ 08800108 | مريض بالكلى ‎nephritic , _al (adi)‏
شبكة. شرك - يصيد (0ة.0.7) 061 ‎١‏ التهاب الكلى (.م) ‎nephritis‏
‏بشبكة . يصطاد . يعطى ربحا ‎nephrocolic = renal colic(n.)‏
صافيا. صاف. نهائى . جوهر. لب مخض كلوى
صافى الخسارة ‎_loss‏ | علم أمراض الكلى  ‎nephrology (n.)‏
صافى السعر ‎price‏ | التحيز للاقارب ).( ‎nepotism‏
‏الوزن الصافى ‎weight‏ | عصب. وتر. جرأة  ‎nerve (n.v.)‏
سلُقلى - أصفل . ‎nether (adj.)‏ يشجم . يقرى
نحت سطح ‎SN‏ المركز العصبى ‎nerve center (n.)‏
الاسفل .الادنى  ‎nethermost(adi)‏ | غاز الاعصاب . غار 33 ‎nerve gas (n.)‏
الجحيم ‎(n) Y.‏ 00000000 | للأعصاب. غاز يبب شللا
العالم ‎i‏ للجهاز العصبى والنفي
يقرص . يلسع . يفيظ ‎ -‏ (0) 88008 | بوتر الأعصاب  ‎nerve racking (adj)‏
حشيشة القراص يهدىء الأعصاب ‎nerve sedative (adj.)‏"	al-shamil-dictionary
387	"الواقاد ‎comer‏ _ | شركة إذاعة أو تليفزيون ‎network (n.)‏

هلال ‎__moon‏ تنتج رتبث برامج . شبكية

بدعة . شىء جديد. )( 081 | النظم الشبكية اللمعلومات؛ ‎__systems‏
‏قائم الدربزين علم الاعصاب ‎neurology (n.)‏

جديد إلى ‎Ly | 0000864 b‏ | ليا
نصف عمر - ‎neurone‏

منذ عهد قريب. ‎L1 | newly (adsv.)‏ العصبية (رز4ة) ‎neuronic‏
‏5( .حديثا. من جديد مشترك الجنس . ‎neuter (n.adj.)‏

حداثة. قرب العهد ‎newness (n.)‏ فعل لازم. شخص محايد .على

أخبار. خبر ‎news (n.)‏ الحياد ‏ حيادى

neutral (n.adj.) ‏على الحياد.‎  دياحم‎ news agency (n.) LY ‏وكالة‎

حدث إخبارى هام (.8) ‎newsbreak‏ متوسط

مطبعة الجريدة ‎hOUsE‏ - 08185 | محايدة. إنعدام التاثير ‎neutralization (n.}‏

نشرة الأخبار ‎MEWSCaSt(n.)‏ | يُعادل . بتعادل. يايد ‎neutralize (v.)‏

الرسالة الإخبارية ‎newsletter (n.)‏ يجعله على الحياد

إخبارى . ملتقط ‎Newsmonger (n.)‏ | النيوترون ؛ أحذ عناصر  ‎neutron (n.)‏
الأخبار . مزدوج الأخبار الذرة +

جريدة. صحيفة ‎Newspaper (n.)‏ | ابدا . مطلقًا. لن ‎never (adv.)‏

فيلم إخبارى يعرض فى ‎__mind oY | newsteel (n)‏
بداية الفيلم إطلاثا ‎__ever‏

__ say die LY. Ay | newsstand(n) il ‏كشك لبيع‎
nevermore (adj.) ‏والجلات أبدًا. مرة ثانية‎

بائم الصحف (.) ‎newsvendor‏ ومع ذلك .مع ‎nevertheless (adv.) .ol‏
والجلات لكن .وبرغم ذلك

جدير بالنشر.  ‎Newsworthy (adj)‏ | جديد . حديث ‎new )34[.807.( gl‏
ذو أهمية إخبارية غض - حديثا

مولود حديثا ‎__born‏"	al-shamil-dictionary
388	"يطلى باليكل ‎newsy (1ad))  ريثك  فحصلا @l | nickelize (v.)‏
يصهل . يضحك بصوت ‎nicker (V1)‏ الاخبار . حافل بالاخبار

عال . يقهقه - ‎i‏ صهيل الفرس صتب .مدل لماه ‎newt (n.)‏
كنية. لقب . تسمية  ‎nickname (mv.)‏ | العهد الجديد. . ‎New Testament (n.)‏

ردية - يكنى . يسمى القسم الثانى من الكتاب المقدس
النبكوتين. خلاصة ‎(n) &l‏ 0300002 | عيد راس السئة ‎New Year's Day (n)‏
‎o ""‏ 0م ‎Uy nidificate‏ يناير)

New York (n.) ‏مدينة نيويورك‎ | midify

مكمن . مستقر. لمنبت. فخ كله | تابع .تال بعد ‎next (adjadv.prep)‏
أبنة ‎niece (n.) RS‏ ذلك . ثم - أقرب إلى
رائع . ممتاز ‎nifty (adj)‏ | مجموعة ار سللة اشياء  ‎nexus(n)‏
‏البخيل - يخيل ‎niggard (n.adj.)‏ مترابطة. رابطة
بخل. [ ‎niggardliness (n.)‏ | طرفان ‎niagara (n.)‏
حقير . صغير . تافه  ‎DigEling (adi)‏ | سن . رأس . ريشة الكتابة . متقار ‎(mv.)‏ طلا
ليل . ليلة. ظلمة - ليلى  ‎night (n.adj)‏ - يبرى الفلم .يسان
اللحور ‎late__meal(n.)‏ | يقضم. يقرض. يلوك.  ‎nibble (vn.)‏
صلاة التهجد  ‎late __prayer(n.)‏ ياكل بتأن - مقدار ضئيل . تضم
ليلة القدر  ‎the Night of Grandeur‏ | شخص ذر شان ‎nibs (n.)‏
الإسراء ‎the Night Joumey‏ | ظريف . لذبذ . حسن. مقن . ‎nice (adj)‏
أعلى ‎night blind (adj.)‏ مدقن . سار بهيج . صعب
الع « ‎(n.) 4y‏ 001000655 انه | لطف. أناقة. دقة. جمال 0 ‎nicety (n.)‏

niche (m.v.) K. ol . 2l Gt
‏يضع فى مشكاة‎ AN | 01800080 )8( i ‏السابقة الأخيرة‎

سلسلة مباريات . قلنسوة النوم يخدع . يدرن. يُقلم . يحرز ‎nick (v.n.)‏
ثياب الدرم ‎night clothes (n.)‏ يسجل - وخ . شق . قلق . ثلم
ملهى ليلى ‎JS | might club (n.)‏ «معدن» - ‎nickel (n.v.)‏
دردة الأرض ‎night crawler (n.)‏ يطلى باليكل"	al-shamil-dictionary
389	"الأحمق , الابله. السافج ‎ninny (n.)‏ | ثياب النوم ‎night dress (n.)‏
‎b‏ التاسع من 0 (8ز4ة) طاهله | حلول المسا. دول (.8) ‎nightfall‏
‏يعض . يقرض . ينهكم ‎nip (v.n.)‏ الليل . الفسق
على . يقرص . يختطف - تقميص النوم الحريمى ‏ )1( ‎nightgown‏
‏عضه . قرصه . رشفة . شفطة . غراب الليل ‎heron (n.)‏ 01و11
امصبة المتدليب طائر؟  ‎nightingale (n.)‏
كماشة. الكُلاب (8) 010065 | ‎i‏ كل & . ليلا ‎nightly (adv.adj.)‏
حلمة الثدى («) 00016 | الكابرس : حلم :مرعب )1( ‎night mare‏
لاذع . قارس . نشيط . قارض ‎nippy (adj.)‏ ذعر عظيم
بيض القمل . القملة الصغيرة. ‎nit(n)‏ قميص النوم «للرجالة )1( ‎nightshirt‏
‏ميان الحارس الليلى (.م) ‎night watch‏
التتروجين . الأزوت () 0150860 | ‎Y.L‏ شىء.عديم )0 ‎nihil‏
‎g‏ الماء. لاشىء ‏ لا 0 ‎nix (nadv.)‏ القيمة . صفر ‎nil‏
‏لا .كلا .ليس - رفض. ‎mo(advinad)‏ | نهر النيل ‎Nile (n.)‏
قرار سلبى - ليس كذلك شرر الحديد المتقد أو الحمى  ‎nill(n)‏
‎no, abbrev for number‏ رشيق .سريع ار خفيف ‎nimble (adi)‏
نوع الدخول  ‎no admittance (n.)‏ الحركة .ذكى
ذو علاقة بسيدنا «نرح». ‎Noachian (adj)‏ | هالة . سحابة ممطرة )1( ‎nimbus , _es‏
نرحى . قديم تسعة ‎nine (n.)‏
نوح « عليه السلام * ‎Nogh(n)‏ | عرائس الشعر ,_ ‎the‏
‏سفينة وح ‎١ — SATK‏ تسمة اضعاف ‎ninefold (adj.)‏
الاشراف. علية القوم. عقدة. رأسى ‎(n)‏ 7105 | لمبة القنانى الغنائية ‎ninepins (n.)‏
يغش . يختلس . يسرق () 00001 | ‎i‏ عشر ‎nineteen (n.)‏
نيل . شرف .نبالة . فخامة ‎nobility (n.)‏ تامع عشر . جزء من ‎nineteenth (adj.n.)‏
الأشراف. الاعيان. الوجهاء 0 ‎the  ,‏ نسعة عشر ‏ التاسع عشر من
نبيل . شهير . ممتار. فخم . ‎(adjn)‏ 00016 | السعون ‎ninetieth (adj.)‏
شهم ‏ الشريف. اليل تسعون ‎ninety (n.)‏"	al-shamil-dictionary
390	"مختص بالقبائل الرحالة (.[28) ‎nomadic‏ | الشريف .عريق النسب. (8) ‎nobleman‏
‏البدارة.عشية البدو ‎nomadism (n.)  .‏ أمير . اللبيل
حياة الترحال طبقة النبلاء ‏ الأشراف  ‎noblesse (n.)‏
منطقة منزوعة ‎(n)‏ 180 - 002075 - 00 | لا أحد. ولا واحد - ‎nobody (pronn)‏
السلاح . منطقة مشاع النكرة
لفظى . أسمى ‎nominal (adj)‏ | ضار . مؤذ ‎nocent (adj.)‏
يُسمى. يعين.يقيم .0 ‎nociceptive (adj.) ‘s | 0008856 (v)‏
يرشع .ينصب 2 فى حالة ,¢ )( ‎noctambulation‏
‏تسمية . تعين ‎(n.)‏ 0000000 | صلاة التسابيح . صلاة الليل ‎(n.)‏ 8001000
ترشيح . تنصيب ‎LS‏ - متعلق بالليل . (./24) ‎nocturnal‏
‏علم التشريع ‎nomology (n.)‏ يحدث بالليل
بادثة معناها 3 د . عدم. ‎mon‏ | إبماءة. هزة رأس . تتكيس ‎nod (n.v.)‏
لا .غير الراس . نعاس - يومى*
عدم مقدرة ‎non ability (n.)‏ برأسه . يتمايل . ينكس
عدم معرفة ‎acceptance (n.)‏ 000 عتدى ‎nodal (adj.)‏
سن القصور . صيا. حداثة ‎nonage (n)‏ | الابله. الاحمق ‎noddy (n.)‏
عدم اعتداء )( ‎aggresion‏ - 000 | نقطة التقاء. نترء. عقدة. ميت (8088)8
شكل تساعى الاضلاع  ‎nonagon (n.)‏ الأوراق من الساق
‎Non - Arab (n.) ]‏ | كثير العقد ‎nodose (adj.)‏
‎nonconformist (n.adj.)‏ | العلوم العقلية ‎noemics (n.)‏
المنشق . المستقل - منشق . مستقل ذهنى . عقلى ‎noetic (adj.)‏
لا يعدى  ‎non-comagious (adi)‏ | ضوضاء. ضجيج - يترثر.  ‎noise (m.v.)‏
‎Non - Mustim (n.) o‏ يحدث ضجة
لا واحد .لا شىء .لا أحد ‎١ none (pron)‏ صانت ‎noiseless (adj.)‏
شخص لا نظير له. ‎nonesuch (nadj)‏ | ضار . مزذ. بهلك 0 ‎noisome (adj.)‏
| الفذ - منقطع النظير. فذ صاخب . كثير الضرضاء  ‎noisy (adj.)‏
كلام فارغ. عبث , هزيان ‎(m)‏ 00058088 | البدرى - » رجال (.[0.88) ‎nomad‏"	al-shamil-dictionary
391	"لا.لن.لين (207) 000 | بلا معنى .غير معقول ‎nonsensical (adj.)‏
أبدا. مطلقًا ‎—atall‏ | زاوية .ركن. نحا ‎nook (n.)‏
رجاهة.شهرة.مكانة | ‎notability (n)‏ | متصف النهار. الظهر.ذورة  ‎noon (n)‏
ظاهر. واضح . جدير ‎notable (adjn)‏ | متتصف النهار. الساعة ‎noonday )8.( ١١‏
بالذكر ‏ الوجيه .عمدة قيلولة ‎nooning (n.)‏
ظهرى ‎notal (adj)‏ | خية.عروة فى حبل. ‎noose (n.v.)‏
التوثيق . شهادة التوثيق ‎notarization (n.)‏ انشوطة . عقدة - يعقد أنشوطة
يوثق ‎nor (conj.) Y, | notarize (v.)‏
كاتب عدل. الموئى العام (:8) ‎public‏ 801887 | شمالى ‏ شخص من ‎nordic (adin)‏
يدون ‎notate (v.)‏ سكان شمال أوربا
تدوين . ملاحظة ‎notation (n.)‏ | ساقية د ‎g‏ الماء ؟ ‎noria‏
‏دلالة المحتوى ‎of content‏ .| وذج. مغيار. قاعدة. قول ‎norm (n.) ;b‏
رسالة موجزة . نغمة موسيقية .(.8:1) 8018 | طبيقى . عادى. ‎nomal (adj.) .y‏
مفكرة . حاشية فى هامش نظامى. فاعدى. قائم
يدون . بلاحظ . مفكرة )1( ‎nOtebOOK‏ | يجعله سريًا ‎normalize (v.)‏
محفظة جيب ‎note-case(n)‏ | شمال. شملا ‎north (adv.adjn)‏
رسالة قصيرة ‎notelet (n.)‏ شمالى ‏ الشمال
لا شىء. عَم ‎١ nothing (nadv.)‏ الشمال الشرفى - ‎north - east (nadj)‏
على الإطلاق شمال شرقى
إعلان. إشعار . تنبيه ‎١ 00008 (n.v.)‏ أنف. حاسة الشم. جاسوس. ‎(n.v.)‏ 08058
ملاحظة - يلاحظ. يُدعر مقدمة الشىء «طائرة؟ -
يعامل ‎noticeboard (n) LS‏ | بشم يستنشق.يتطفل
لوحة الإعلانات اصحبة ورد. باقة زهور ‏ )1( ‎nosegay‏
‏إشعار . ‎١ notification (n.)  راذنإ e‏ علم تصنيف الامراض  ‎nosology (n.)‏
يعلن. يعلم . ينذر ‏ ينبه )( ‎notify‏ | ثقب الأنف . فتحة ‎nostril (n.) i‏
فكر . ظن . رأى .وهم ‎(n.)‏ 20008 حيشوم
ميل . نزوة تضولى ‎nesy (adj.)‏"	al-shamil-dictionary
392	"شىء غير ‎novelty(n)  ىلح Gyl‏ | خيالى . فكرى. ظنى.  ‎notional (udj.)‏
منزلية أو شخصية تصررى
شهر نوفمبر ‏ تشرين الثانى ‎November (m.)‏ | السمعة السيئة. سمعثة ‏ (-8) ‎notoriety‏
‏الآن. حالاً - ‎now (adv.conj.nadj)‏ سيئة . قبيح الصيت
أما وقد الونت الحاضر ‏ حالى ‎notwithstanding (adv.conj.prep.)‏
بين حين وآخر - أحيانا ‎—andthen‏ ومع ذلك .على الرغم من
من وقت ‎every _andthen 5N‏ | صفر .لا شىء.العدم ‎nought (n.)‏
فى هذه الايام ‎nowadays (adv.)‏ | الإسم .اسم فى علم النحوة ‎noun (n.)‏
بابة حال. مطلقًاً ‎(adv.)‏ 00156 | جملة اسمية ‎__clause‏
‏هدام. ضار بالصحة.  ‎MOXiOUS (ad))‏ | إسم مشتق. إسم معنوى ,_ ‎abstract‏
‏مهلك إسم جع ‎collective ٠‏
السبع المربقات ‎things (n.)‏ — | إسم نكرة ‎common ٠‏
فم خرطوم المياة. بزبوز. ‏ (.002216)8 | إسم التصغير ‎diminutive ٠‏
زلومة. صنبور. الأنف إسم الجنس ,__ ‎generic‏
‏جوهر. لب . نتوه. عقدة ‎nUb(n)‏ | إسم مادة ,__ ‎material‏
‏النربى ‏ لغة بلاد النوبة ‎Nubian (n.adj.)‏ | إسم العدد ‎numberical‏
‏- ثوبى إسم علم .اسم معرفة ,__ ‎proper‏
‏الصلاحية للزواج )( 000009 | ينعش . يطعم . يغذى ‎nourish (v.)‏
‎nuclear (adj.) oy‏ | تعضيد. تشيط . تغذية ‎nourishment (n.)‏
الإنشطار التووى ‎fission‏ | ذذكاء .نهم ‎nous (n.)‏
مركز. قلب . نواة. رأس المذنب (.8) 8061605 | تجديد ‎i‏ . استبدال 0 (.8) ‎novation‏
‏عريان. مجرد من الكساء ‏ (/24) ‎nude‏ الدين بغيره
ملفى . لاغ . باطل . تافه ‎(adj)‏ الناه | رواية - جديد. غير مألوف (.[0.30) ‎novel‏
‏بطلان. إلغاء . نقض ‎(n.)‏ 00011588508 | قصة قصيرة ) ) ‎novelette‏
‏نقض الوضوء  ‎١ of ablution (n.)‏ الروانى. كاتب روائى ‎novelist (n.)‏
مبطل ‎Dulifier (n.)‏ | يحوله إلى رواية ‎novelize (v.)‏
مبطلات الصوم ‎soffasting‏ _"	al-shamil-dictionary
393	"حضائة للأطفال ‎nursery school (n.)‏ | مبطلات الصلاة ‎__sof prayer‏
شئلة د بات» . طفل رضيع )1( ‎nursling‏ | يلغى . يبطل . ينقض ‎nulify (v.)‏
قوت . غذاء . تنشئة ‎nurre(mv)  -‏ | يخدر. يفقد . ‎numb (vadi)‏
يقيت . يغذى ‎e‏ . يعزز منمل . فاقد ‎o‏
‏بندقة . جوزة . مشكلة . صامولة. (.8) 0001 ‎١‏ عدد. نمرة. رقم - ‎number (n.v.)‏
كسارة النقل «اليندق . .< )( :0016:2666 ‎١‏ عدد ررجي يبي
جوزة الطيب ‎(n.)‏ يمانم ‎١‏ عدد فردى ,_ ‎odd‏
‏مغذ . - مادة غذائية (24[.0) 01601ا0م | ‎T2‏ .عامط
غذاء. قوت رمم ‎nutriment‏ ارقم ‎numbering (r.)‏
غذاء . تغذية )( ‎١ ition‏ آل الترقيم ‎machine‏ —
يدس ‎o) e G‏ | لا يحض .لا يعد (ز4ه) 000615
يحك ‎il‏ سفرة العدذ دمن التوراة؟ ‎(n.)‏ 0070655
ألم يحدث ليلا )( ‎numeral (adjn)  مترادنع  ىددع ١ pyciaigia‏
المشى الليلى ‎١ nyctalopia (n.)‏ بحسب .يعد . يقرأ الرقم ‎numerate (v)‏
الخوف المرضى مني( ‎nyctiphobia‏ بعد تقسيمه إلى آحاد وعشرات
الليل أر الظلام ‎pyetophabia‏ | دافر. كثير. عديد  ‎numerous (adj.)‏
‎ria 1‏ راهبة ‎nun (n.)‏
التبول أثتاء ‎N‏ الع تنوين د فى ‎nunnation () + el‏
المشى أثناء النوم ليلا ‎nyctambulism (n.)‏ | الراهبات . رهينة ‎nunery (n.)‏
‎nylon () ol‏ | دقافى ‏ زيجى .عرسى - العزفة) ‎nuptial‏
‏2 شرتقة . جني )1( ‎ngmph‏ لقان عرس
‎ot‏ عند ‎omania(n)‏ زم ‎e (ny)  مدخي  ةنضاح.ةضرملا ١‏
بعض النساء . مرض ‎o‏ الجماع ‎:dhﬁ'm}'w)""u’%‘‏
‏دق النساء» ‎S‏
‏مرضعة اقلا
ذر علاقة بتذبذب  ‎(adi)‏ 029138036 | مربية.الحاضنة ‎nursemaid (n.)‏
المقلتين مشتل النباتات. حضانة ‏ (.8) 001560
نيوزيلتد ...10:2 | للأطفال. حجرة نوم الطفل"	al-shamil-dictionary
394	"يربك. يلخبط . يحبر . )1( 08605086 | الحرف الخامس عشر من حروف 0,0
يشوش الهجاء الإنجليزية
ارتباك. لخبطة .حيرة ‎١ obfuscation (n.)‏ الساذج . البليد. طفل مشوه  ‎oaf(n)‏
‏اجنارة. صوت» ‎Obit(n.) by‏ | شجر او خشب البلوط . سنديان )1( ‎02K‏
‏تاريخ الوفاة مجداف ‏ يجدف ‎oar (n.v.)‏
تأمينات . وفيات ‎obituaries (n.)‏ | واحة ‎oasis , pl oases (n.)‏
قائمة أو سجل الوفيات. ‎obituary (n.)‏ | شوفان ‎oat,---s(n.)‏
‏تأبين - النعى قم . خلف. بمين ‎oath (n.)‏
إعلانات وفيات #ع ...| مين لفو ,---- ‎an unintentional‏
يعارض. يخالف. ‎object (v.n.)‏ يحلف - يقك ارح ‎take an‏ 10
يعترض - شىء . غاية ير بقسمه ,- ‎1o fulfil an‏
هدف . المفعول به . باعث يحل بقسمه ‎break one’s‏ 10
لغة هادفة ‎language‏ << | الحنث بالقسم 0 ‎oath - breaking (n.)‏
معارضة . مخالفة ‎Objection (n.)‏ | تحجر الفزاد. عناد . صلابه ‎obduracy (n.)‏
مرضوعى . غير ‎ODjective (adin)‏ | متحجر الفزاد . قاسى ‎obdurate (adj.).‏
متحيز - هدف . ‎R‏ 5
حقيقة موضوعية. 0 )1( ‎Objectivity‏ | طاعة . امال ‎obedience (n.)‏
الموضوعية الطاعات ,- ‎Jorms of‏
يوبخ . يعنف. يشجب  ‎objurgate (v.)‏ مطيع. خاع ‎obedient , to (adj.)‏
تربيخ. تعنيف . لوم (.8) 90/088808 | الخاشعون ‎Servants‏ حت
قربان. تقدمة ‎oblation (n.)‏ خضرع . ركود . سجود )1( 05853808
الزام. اضطرار. ‎Obligation(n.)‏ | عمود اللة. اللة. ‎obelisk (n.)‏
تعهد. عهد يطيع. يذعن ل . يخضع  ‎obey(v)‏"	al-shamil-dictionary
395	"ملاحظة . اعتبار . ‎observance (n.)‏ | الزامى . إضطرارى. ‎obligatory (adj.)‏
حفظ ‎Y.‏ إجبارى

تأدية ‎١‏ فريضة ما + 5 ---- ‎religious‏ | من المفروض أو من 0 1 --- 105

ملاحظ ‎observant (adj.) il‏ الراجب عمل

ملاحظة. مراقبة . رصد ‎observation (m)‏ | الصلاة المفررضة. ‎prayer‏ ل

oblige (v.) ‏يلزم. يجبر‎ | observe (v) ‏براقب . يلاحظ‎

يذهل . يحير . يقلق ‎obsess (v.)‏ | مازم. مجبر. مضطر  ‎obliged (adj)‏

هجر . إهمال. نبذ. ‎obsolescence (n.)‏ | الائل. المتحرف - ‎oblique (nadj)‏
ترك مائل . مُتحرف . ‎Pl‏

مهجور . مهمل . متروك (.24) ‎obsolete‏ | شرطة مائلة ‎stroke‏ ...ب

حاجز. مانع .عائق . عقبة ‎obstacle (n.)‏ | ميول . إتحراف . ميل ‎obliquity (n.)‏

سباق الحراجز | ‎obstacle-race(m)‏ | يزيل . يمحر . يطمس ‎obliterate (v.)‏

oblivion (.) e . Ok | obstetrician (n.) ‏طبيب توليد‎

oblivious (adj)  لقاغ ‏كبر النسيان.‎ | obstetrics (n.) ‏فن التوليد‎

مُولودة. داية ‎obstetrix (n.)‏ | شكل مستطيل - مستطيل ‎oblong (n.adj.)‏

صلب الراى . عنيد ‎obstinate(adi)‏ | مزيار ‎oboe (it.)‏

يعي . يمنع . يصذد ‎obstruct (v.)‏ | عازف المزمار ‎oboist (n.)‏

إعاقة. عائق. حاجز . سد )1( 0851000108 | يذىء . قذر. داعر. 0 ‎obscene (adi)‏

يحمل علي. يدرك ‎(v.)‏ هتقاطه فاحش . قبيح

مكن ‎obiainable (adi) i‏ | كلام بذىء. نحش . )1( ‎obscenity‏
‏إدراكه . يمكن الحصول عليه بذاءة . رنث

.مستور . مقلف ‎(adj.)‏ 00160180 | نيهم . غامض . ‎obscure (adj.v.n)‏
« بغلاف قرلى © قاتم . مظلم - غمرض. ظلمة

يتذلل . يخضع ‎(v.)‏ 06160087 - بعمى. يجعله ‎G‏ ار مهم

يتضرع. يتوسل ‎obtest (v.)‏ يخفى . يحجب

تضرع . توسل ‎(n.)‏ 00ثاة:وع1ه | توصل . رجاء. إيتهال (.8) ‎obsecration‏

obtrude (v.) ‏يتطفل . يقحم‎"	al-shamil-dictionary
396	"إحتلال. إشغال. وضع ‎occUpancy (n.)‏ | فضول. طفيلي . ناتى* ‎obtrusive (adj.)‏
اليد . إستيلاء يخدر . يخمد ‎obtund (v.) K‏
محتل . شاغل . واضع ‎OCCUpant (adj.)‏ | يحجب.يد ‎obturate (v.)‏
اليد حجب . اخفاء ‎obturation )8.(  ju.‏
احتلال .وضع اليد ‎occupation (n.)‏ منفرج غير حاد. بليد.  ‎obtuse (adj.)‏
حرفة مكتوم
مهنى ‎occupational (adj)‏ | زاوية منفرجة )( ‎obtuse angle‏
اسم مهنى 76 ساسا | معكوس - وجه العمل ‎obverse (adjn.)‏
محتل . مشغول ‎occupied (adj)‏ | بطريقة عكسية ‎obversely (adv.)‏
يحتل . يشغل ‎abversion (n.) Ko | oceupy(v)‏
يحدث. يحصل ‎١ occur(v.)‏ يتجنب. بتحاشى ‎obviate (v.)‏
حدوث. مصادفة ‎occurence (n.)‏ | واضح.جلى ‎obviaus (adj.)‏
محيط (8) 0680 | بوضوح . بجلاء  ‎obviously (adv.)‏
علم وصف المحبطات ‎oceanography (n.)‏ وضوح . جلاء ‎obviousness (n.)‏
ساعة زمنية . الساعة من ‎(adv.)‏ 0261086 | الاكرينة « آلة موسيفية 8 ‎ocarina(n.)‏
‏( الوقت ) مناسية . فرصة . وصيلة - ‎occasion (n.v.)‏
الغمد الأنبوبى * فى ساق ‎ocrea (L)‏ يُرجب. يب
‎ol‏ عرضى . موسى . اتفاقى ‎occasional (adj.)‏
‎b‏ . معناها -- 080010 ,-- 0018 | من حين لآخر . ‎occasionally (adv.)‏
« ثمانية ‎١‏ أحيانا
شكل ثمانى ؛ مشمن ‎(n.)‏ 0018800 | الدول الغربية ‎occident (n.)‏
الاضلاع والزوايا * ‎١‏ مؤخر الجمجمة أو الرأس )1( 066/0001
الجسم الثمانى ‎Octahedron (n.)‏ | يخفى . يحجب . يستر - ‎occult (v.adj)‏
شكل ‎octamerous(adi) i‏ | سحرى. على
الاضلاع 1 مشمن الاضلاع + خسوف أو كوف (-8) ‎occultation‏
‏مشمن الاجزاء الكراكب . احتجاب
زاوية 16 درجة ‎octant (n.)‏"	al-shamil-dictionary
397	"علم ‎١ Ll ١ odontology (n.) - Okl‏ مقطوعة شعرية ‏ (.0061876)78
وتكوينها وأمراضها. طب مكونة من ثمائية أبيات »
الأسنان 42 أكتربر ‎١‏ تشرين أول © )1( ‎October‏
‏طيب الرائحة. ‎odorant‏ | الاخطبوط « حيوان مائى ¢ ‎(n.)‏ 0010005
عطر.  ‎odoriferous | (adi)‏ | جمرك. رسم الدخول على ‎octroi (n.)‏
ذو رائحة ‎odorous‏ السلم
عطر . شذا ‎١ odour (n.)‏ ثمانية أضعاف ‎octuple (adj.)‏
عديم الرائحة ‎odourless (adj.)‏ | عينى . بصرى . مختص بالعين ‎ocular (adj.)‏
‎oeuvre (n.)‏ | شاهد ‎ocular witness (n.) obs‏
الاعمال الكاملة للكاتب أر الفتان ورم بالعين ‎ocular tumour (n.)‏
ذو .عن . من .ببب . بشأن ‎of (prep).‏ | طبيب العيون ‎oculist (n.)‏
بخصوص. ب غريب . شاذ . مفرد ‎odd (adj.) sy‏
ملغى . معطل . (.07)8[.0660.207 | نسخة رصيدة لزؤوع د
الأبعد . غريب الاطوار راكد وتر .عدد فردى ‎an --- number‏
ردىء . جانبا .عن . من . ثمت غرابة . شذوة. تفرد ‎oddity (n.)‏
المستوى المعناد - بعيد فى نشيد. القصيدة الغنائية ‎ode (n.)‏
الطريق ‎Gl‏ قاعة الموسيقى والقتات ‎odeum |y‏
من رقت إلى رقت ‎_andon‏ مسرح للموسيقى والتمثيل 0 00608
يوم راحة ار عطلة ‎—day‏ | مكرره. بغيض ‎odious (adj)‏
رقت فراغ ‎time‏ | كره. شناعة. ‎odiousness (n.) i‏
يتعد عن . يذهب . ‎be‏ | كراهة . خزى.عار ‎odium (n.)‏
يثلح. يخلم . ‎fake‏ | عداد لقياس المسافات 0 ‎odometer (n.)‏
معسر . محتاج . ‎badly‏ | بادئة : معناها ‎ :‏ تعلق , ,__ ‎odont‏
‏ميسور ._ ‎well‏ بالأسئان - سن ؟ [._ملصصةة
جيفة . رمة. فضلات ‎offal (n.)‏ علم الأسنان دجم ‎n)‏ الطسبا
فضلات الذبيحة الأسنان ‎odontalgy‏
‏تنظيف رتلميع الأسنان )1( 00001676855"	al-shamil-dictionary
398	"يعادل . يوازن . يعوض - (0458])70 | جنحة.هجوم.غضب.  ‎offence (n.)‏
عن - الطباعة بالأوفيست إهانة. أساءة
)= التواء . فرع . سقية. نبت يزعج . يغضب. يكدر ‎offend (v.)‏
‎s‏ مذنب. مجرم ‎offender (n.)‏
فرع. شعبة ‎offense see offence (n.) - offshoot (n.)‏
بعيدا عن ‎offshore (adv.adj)‏ | هجومى .كريه.  ‎offensive (adjn)‏
الشاطىء . من الشاطىء بعيد مزعج - هجوم . الهجوم
عن الشاطىء يقدم. يعرض . يسعى ‎offer (v.n.)‏
بعيدا عن الجانب ‎off side ) adv.adj)‏ يهدى - عرض . عطاء
الصحيح هدى . ذبيحة .عرض ‎offering (n.)‏
نسل . ذرية . خلف ‎offspring (n.)‏ | أضحية ‎an __ for sacrifice‏
‎Oft-Forbearing, The (n.)‏ | مرنجل ‎off - handed (adj.)‏
الحليم ( من أسماء الله الحستى ) إدارة . وظيفة . مكتب . مركز ‏ )( ‎office‏
‎Forgiving . The‏ - 00 | ضابط. موظف - يأمر. يدير . ).( ‎officer‏
‏الغفور ( من أسماء الله الحسنى ) يقرد
غالبا . ‎L‏ ززم | 008:08 [ موظف. ‎official (n.adj.) e‏
فى أكثر الأحيان ‎oftentime‏ رسمى - مرظف
. ريم( 088 | الجريدة الرسمية ‎gazente‏ __
‎OG - N‏ | طقة الموظفين ‎officialdom (n.)‏
‎ogham‏ | التمسك ‎officialism (. 63 M‏
ألفباء الأبرلنديون القدماء ) ب الو سيت 2 ""
يغمز . يدمق ‏ ييصبص  ‎OBl (M)‏ | بصورة رسمية . ‎officially (adV.) iy‏
غمزة: نظرة غرامية يؤدى وظيفة أو مهمة. يقدس ‎officiate (v.)‏
عفريت الغول ‎ogre(n)‏ | صيدلى .طبى - دراء ‎officinal (adj.v.)‏
تعبير يعبر عن الألم ‎ohf(interj.)‏ | استخرج ‎offprint (n.)‏
الدهشة . يا «أداة نداء؟ شخص مكروه ار ‎offscouring (n.)‏
منبرذ - نفاية"	al-shamil-dictionary
399	"0 397 0
كبر. هرم © | الاوم 2 وحدة المقاومة ‎ohm (n.)‏
عامل متمرن . قديم -_-_ الكهربائية +
عاتن اه« _ | نفظ. بترول .زيت - ‎(nv.)‏ لاه
كبار السن . الشبوخ ,__ ‎the‏ يزدد بالزيت . يزيت. يلوث
سالف.غاير قديم .عنيق ) ‎١ 01080 (adj.‏ الكب ‎(n.)‏ 06 _-
طراز أو موديل قديم )1( ‎—can @l | old fashioned‏
من فيلا ‎oldish (adj.)‏ | معصرة الزيت ‎—mill‏
‏تتليدى. راسخغ .محافظ ‎(adj)‏ 106 - 014 | طبقة من الزيت طافية على الماء ‎—slick‏
‎maid () ]‏ - مزه ‎١‏ ناقلة نقط ‎tanker‏ —
رجل عجوز . ‎—well ki J-'lff oldster (n)  JuS‏
‎Tesament (n)‏ زه | لت الخ — ب
الزيث الحار. ‎lin N JO‏
العهد القديم ‎١‏ القسم الأول من = أو نه _ ‎inseed‏
‏بذر الكتان
الكتاب المقدس ¢ ;
زيت السيرج ؛ زيت ,__ ‎sesame‏
‏سمك بحرىق مساك ا
فكرة تقليدية أن ‎old wives'tale (n.)‏
‎o‏ من الزيت. حجر مسن )1( 91006 ‎0l‏
‏خرايه يه عجائر زلق . دهنى . متملق . ‎oily (adj.)‏
دعن زيى ‎s‏ (زفة) 016880005 | بداهن . زتى
متملق مرهم ‎ointment (n.)‏
) . يختص ‎oyl‏ (847) 9086 | موافقة. يقر ‎OK (nvadjadv) iy‏
أو يستخرج منه ) مضبوط ‎g‏ موافق -
يعطى زينا . ,¢ ‎U | oleiferous (adi)‏ موافق ‎okay‏
‏زيناء زيى الأكاب ‎iyt‏ من فصيلة ‎okapi (n.) 13l‏
الاوليين. الجزء السائل من أى (.8 01808 | البامية د نات » ‎okra(n)‏
‏دهن . الدهن أو الشحم الطبيعى عجوز . متقدم فى السن. ‎(adj.n)‏ 010
بادثه معناها ‎oleo _, * a0‏ 5 م سابق . بال
ميزان لتقدير كثافة الزيت ).11( ‎oleometer‏ الماضى . العصور الماضية ا"	al-shamil-dictionary
400	"الاو مير « لعبة من لعب زم ( ‎omber‏ | السمن الصناعى  ‎oleomargarine (n.)‏
ورق الشفرة + ‎ombre‏ | زراعة الخضروات ‎olericulture (n.)‏
علم هطول المطر  ‎ombrology (n.)‏ وتويقها
مقياس كمية وشدة ‎ombrometer (n.)‏ | حامة الشم ‎olfaction (n.)‏
المطر ‎١‏ مقياس المطر © شمى . متعلق بحامة ‎olfactory (adj.)‏
النهاية . المت . نهاية. 1= ‎omega(n)‏ الشم
حروف ‎Lyl‏ لبان . بخور ‎olibanum (n.)‏
الأول والاخر. الالف ,__ ‎olphaand‏ | حكم القلة - ‎oligarchy (n.)‏
والياء حكومة الاعيان
الارليت . ‎omelet, _te(n) i‏ | قلة او نقس ).( ‎oligocythemia‏
‏البيض كريات الدم الحمراء
بشير . فال. نذير ‏ طيرة ‎OMEN(nv.)  -‏ | نقص إفرار اللين  ‎(i)‏ قتاعما ‎oligoga‏
‏يتكهن ب . يتفاءل . يتشائم احتكار القلة ‎oligopoly (n.)‏
فال حسن ,8000 | شىء ذر رائحة كربهة ‎olid (n.)‏
‎bad . 3‏ | زيتونى اللون ‎olivaceous (adj.)‏
‎olivary (adj.) JS iy | ominous (adj) T‏
ممكن إهمالة أو حذفة ‎omissible (adj)‏ | زيتون . شجرة الزيتون. ‎olive (n.adj.)‏
أسقاط = سهر . إغفال. }.1( 001155108 اللون الزيتونى - زيتونى اللون
حذف غصن الزيتون - )1( ‎olivebranch‏
‏علامات الحذف 0 ‎١‏ رمز السلام ؟
يهمل . يسقط . يحذف. يترك  ‎omit(v)‏ [ 3 للشرب ؟ زلعة. جرة ‎olla‏
‏الأرمنييوس .سيارة (.[0.80) ‎OMAibUS‏ | الاولبياد ‎١‏ مهرجان مباريات 008:0
ركاب - جامع شامل دولية رياضية يعقد كل أربع
منترع مختلف . شامل ‎omnifarious (adj.)‏ [
القدرة على ‎omnipotence (n) S‏ | آم التلافيف ‎omasum(n) st‏
أمر . القدرة الكلية الثالثة للحيرانات المجثرة»
ل."	al-shamil-dictionary
401	"على نحو متقطع ,__ ‎offand‏ | المقندر « من أسماء ‎The‏ , 00101001601
الحمار الوحشى ‎onager (n.)‏ الله الحنى ؟
الأستمنان باليد . ‎onanism (n.)‏ | قادر على كل أمر - ‎omnipotent (n.adj.)‏
الجماع الناقص شخص ذر سلطة مطلقة ‏ قدير
ذات مرة. ‎(adv.adj.n.conj)‏ 0068 | التنزة عن مكان . (.8) ‎omnipresence‏
‏هرة ‏ قديم . سابق - مرة الوجود فى كل مكان.الوجود
واحدة ‏ ما إن .حالما. طالما بلا مكان
في رقت واحد. فجأة 1181 | موجود بلا مكان - ‎omnipresent (adj.)‏
من حين لاخر .( ‎—andagain‏ كل الوجود
‎Ul‏ . آخر مدة. قطعيا 0 ‎__forall‏ | ذو معرفة غير محدودة . 00015616801
ثادرً. بين حين رآخر. ‎_inaway‏ عليم. عالم بكل ‎ot‏
‏صدفة يتغذى د على المواد ‎onnivorous (adj.)‏
قديما . فى ‎—uponatime i‏ الحيوائية النباتية ‎١‏
‏المصر والزمان يحكى أن إلى الأمام - قدما - فوق ‎on (adv. prer.).‏
فى الحال. حالاً. سريعًا. على . ‎at‏ على. بواسطة. ب . د
الفور بإستمرار ‎—and__‏
‏نظرة سريعة . ‎once _over (n.)‏ | عند ار لدي الموافقة ‎—approval  -‏
فخص ريع رهن الموافقة
علم الأورام ‎oncology (n.)‏ | على شرط أن . ‎ condition that‏
الواحد دمن أسماء الله الحسنى» ‎The‏ , 008 يشرط أن
واحد . واحدة. (.8 .2608 .زفة) 088 | فى الوردية . فى الشغل . فى 400
وحيد ‏ الإنسان . المره. أحد - العمل
الرقم واحد . واحد . شىء واحد لليم ‏ نحت البيع ‎—sale‏
‏واحد ‎١ by, Aty‏ فى الموعد المحدد ‎time‏ —
متحد الفكر . متحدون اام | وهكذا ‎andso_,‏
‏علم تفير الاحلام ‎onciromancy (n.)‏ | هيا ينا ,_ ‎come‏
‏رحدانية. انحاد . تمائل  ‎oneness (n.)‏ تقدم - استمر .80"	al-shamil-dictionary
402	"يفتح . يؤسس . يكشف . ‎open (vadin‏ | وحدانية الله ‎the __ of Allah‏
يطلق . بيدأ مفتوح . مكشرف. ذات يوم. ‎onetime (adv.adj.) -Gl‏
جهرى. كريم. سخى. مباح. سابق. قديم
عمومى ‏ ثغرة . فتحة أرض يصل . بصلة ‎onion (n.)‏
مكشوفة أو خالية من الاشجار ‎onirology‏
‏تداول حر ‎s‏ | علملاحلام ) اس
الهراء الطلق 7 | المتفرج الشاهد 00 ‎onlooker (n.)‏
عرضة ‎s‏ 0 | وحيد ‎only (adj.adv. conj) L.‏
يعرض . يكشف . يفض ‎_up‏ فقط . لاغير - ومع ذلك
فى العراء ‎١ 806 ٠‏ لكن .إلا ان
بإخلاص ‎with an __ heart‏ هجوم . إندفاع . إقتحام ‎onrush (n.)‏
بالحضن. بمودة ‎with _ arms‏ على. فوق ‎onto (prep.)‏
بشوش ‎open__ faced (adj)‏ | علم الوجود . نظرية 0 ‎ontology (n.)‏
سخى . كريم ‎open _ handded (adj.)‏ تتعلق بطبيعة الوجرد
سليم النية . صريح ‎Open hearted (adj)‏ | عبء. مسئولية ‎onus (n.)‏
فتحة . ثغرة. افتتاح رسمى . ‎(M)‏ 0060108 | إلى الأمام - موجه (.[307.30) ‎onward‏
‏حفلة الإفتاج إلى الأمام
علنا. بصراحة ‎Openly (adv)‏ | جاذبية جنسية. فتنة ‎(n.)‏ 00000
‎OPERRESS(n) £‏ الا ن ‏ ساس
الأربرا. رواية ملحنة. تمثل  ‎opera(n)‏ ايرشح. ينزاء ينشع
بالغناء ‎١ Y1‏ سمك ‎opah (n.) g‏
‎opera glasses P e‏ الأوبال ‎١‏ حجر كريم ؟ ‎opal (skt.)‏
‎١ operaglass‏ تالق. لمان ‎opalescenc (n.)‏
دار الأويرا ‎Operahouse(n)‏ | شىء غير منفذ - & . (ز0.34) ‎opaque‏
‏يجرى عملية جراحية . (0) ‎operate‏ أبله . غامض . معتم
عملية . إجراء عمل . فعل )1( ‎operation‏"	al-shamil-dictionary
403	"surgical _, ‏عملية جراحية‎ | oppoment(adin)  eripslas
operative (nadj) - ‏صائع .عامل‎ rd-l.,-d»-u;t‘-
‏الام } المتافة ع عملى . فعال. مؤثر. جراحى‎
operator (n.) 00 ‏صائع .عامل . فاعل.‎ | the mostrigid of _s
‏جراح‎ opportune (adj.) ‏فى حينه. فى‎
operetta(n.)  ةيلزه ‏الوقت المناسب. موافق الأوبريت . رواية‎
‏غنائية‎ opportumism(n.)  زاهتنا‎ . ‏الإنتهازية‎
‎operose (adj.) ‏الفرص متعب.شاق. عر‎
ophicleide )1( ) ‏الارفكليد ) مرسيقية‎ | opportunity (n.) ‏فرصة . مناسبة‎
ophidian (n.adj) ‏أفعى_ مختص بالافاعى‎ | 000088 (v) . ‏يقارم. ينادىء. يصد‎
ophthalmia (n.) ‏يمائع . يمنع التهاب العين  الرمد‎
purulent ٠ ‏رمد صديدى‎ | 00005116 , 10 (prep.nadj) ‏تجاه‎
‎ophthalmology (n.) ‏النقيض . المقابل . الضاء - طب العيون‎  مامأ‎
ophthalmoscope (1) ‏مضاد. معاكس . متعارض . أداة لفحص‎
‏مواجه مخالف فاع العين‎
opine (v.) Wby ‏يعتقد. يعبر عن‎ | OPPOsitely (adv) ‏بطريقة عكسية. أو‎
opinion (n.) ‏مخالفة رأي . فكر. إعتقاد‎
an independent __, ‏اجتهاد‎ | opposition(n) 0 ‏مقاومة. معارضة.‎
alegal _ . ) ‏عائق. الممارضة‎
aformal _, } ‏فتوى شرعية‎ oppress(v)  .دهطضي ‏يقمع . يخمد.‎
| public _, ‏الرأى العام‎ -
10 request a formal ٠. iy | the_ed ‏المظلوم. المظلومون‎
opium ) 616( ‏انون‎ | the supplication of the _ed
opium poppy (n.) ‏دعوة الظلوم الخشخاش‎
08055077 (1) ‏الابوسوم احيوان أمبركى؟‎ | OPPTESSION (1) ‏ظلم. اضطهاد. غم‎
0885080 (4dj.) ‏مضايقة. جور متمدن. حضرى . مدني‎
‏ا‎ opponency (.} ‏معارضة. مقاومة‎ | —from people ‏فهر الرجال‎"	al-shamil-dictionary
404	"ترف . يذخ سعة. ‎opulence (m) Lyt‏ | جائر . ظالم. (.ز4ه) ‎oppressive‏
‏غلى. ميسور. غزير ‎opulent (ad.)‏ | الظالم. الجبار . المستبد ‎oppressor (n.)‏
التين الشوكى . الصبار  ‎opuntia(n.)‏ مخز معيب. فاضح ‎opprobrious (adj.)‏
ار ام. أماء إلا (080») ‎OF‏ | بهاجم. يعترض. يحتج على ).1( 089080
‎ey‏ الوحى الإلهى. ‏ (.000016)7 | بصرى . عينى - العين  ‎optic (adj.n)‏

= يصرى بصرى. مختص ‎optical (adj)‏
الوحى المنزل. كلام الله ‎oracles (n.)‏ يعلم البصريات

جواب حكيم صانم النظارت « ‎ik‏ ؟ ‎optician (adj.)‏
وى - رحس . مهيب ‎oracular (ad)‏ | علم البصريات ‎optics (n.)‏
شفوى. شفهى . مختص بالفم (./24) 0:0 | الأمثل. الاففل ززقه) ‎optimal‏
‎orally (adv.) e G‏ | التفازل. تيمن. التفازل )1( ‎optimism‏
‏برتقالة . البرتقال. لون (.[0.30) ‎orange‏ بالخير

برتقالى» - برتقالى امتفائل . امتفائل ‎optimist(n.) -l‏
شراب عصير البرتقال ‎orangeade (n.)‏ متفائل ‎(adj.)‏ أ , ‎optimistic‏
‏بائعة البرتقال ‎delis | orange wife (n)‏ يتبشر ‎optimize (v.)‏
صوبة لزراعة البرتقال  ‎orangery (n.)‏ ()المستامه ‎optimum “ plural‏
إنسان الغاب . فرد )0 ‎Orangutan‏ | الدرجة العظمىء الدرجة ‎S‏

2 بالإنسان ‎orangoutan‏ | الاتقل. الأكل  ‎optimum (adj.)‏
يلقى خطية. يتفاصح . يخطب ‎(V)‏ 05818 | حرية الاختبار. اختيار ‎option (n.)‏
خطبة . خطاب رسمى. مقالة )1( 0880000 | اختيارى. غير إجباري ‎optional (adj)‏
خطيب تعلى المنبر». الخطيب ‎(n)‏ 093605 | اداة لقياس مدى البصر ‎optometer (n.)‏
مرشح ديثى . مديحة . )1( ‎oralori0‏ «البصار؟

المرحشة الدينية أداة تعين الكثيف ‎optophone (n.)‏
يتفاصح فى 3 الكلام ¢ ‎oratoryize (v.)‏ على القراءة
ش الخطابة. علم البلاغة (.8) 088:09 | لوحة إختبار قوة النظر  ‎optotype (n.)‏

مصلى. محراب"	al-shamil-dictionary
405	"دفتر الطلبات الواردة ‎e — baok‏ 0 لح
جدول الأعمال ‎oratrix — of the day‏
غير صالح للاستعمال. . ‎ourof‏ | فلك. مدار. أحد الاجرام 0 ‎ob(nv)‏
‏لايعمل. عطلان. مشوش. السماوية ‎e‏ كرة ‏ يدور. يكور
غير مرتب 58 ‎ombicular ) ) e‏
حوالة بريدية ‎postal ٠.‏ مداري ‎orbiculate‏
‏نظام. ترتيب. ‎orderliness (n.)‏ | عضلة عاصرة ‎orbicularis (n.)‏
المحافظة على النظام فلك . مدار . محجر العين - ‎Orbit (M)‏
مرتب. منظم. (.20[.207.0) ‎ordedy‏ يحرم يدور . يطلقه فى مدار
منهجى ‏ على نحو متسلسل أو فلكى . مدارى ‎orbital (adj.)‏
منظم. الممرض. الحاجب بستان . حديقة ‎orchard (n.)‏
صندوق الزبالة ‎١‏ فى ‎—bin Tl‏ | فرقة موسيقية . الاوركسترا ‎orchestra (n.)‏
ضابط الخدمة أو الخفر ‎—officer‏ | النهاب الخصية ‎orchitis (n.)‏
العدد الترتيبى - ترتيبى ‎ordinal (n.adj.)‏ ب ‎٠‏ يعين. بقدر . يقضى . ‎ordain (v.)‏
فرض. أمر. قائون  ‎ordinance (n.)‏ ينظم
محلى . قضاء وقدر . سنة. شرع الله لكم ‎Allah has _ed for you‏
شربعة تشريع . تنظيم. تكريس. ‎ordainment‏
‏تصريف الرياح ‎i _of the wind‏
الفرائلض 5 | محنة. شدة. الحاكمة بالتعذيب ‎ordeal (n.)‏
سكن الإسلام ‎SO lslam‏ — | . يطلب. يرنب. ‎order (v.n.)‏
عادةً. حب ‎ordinarily (adv.)‏ ينظم - أمر. طب . ترتيب.
المألرف . اعنياديا رتبة. نظام. حوالة. طلب
اعتيادى . ‎ordinary adjn) g‏ تجارى . نيشان. وسام
مالرف. عادى - أسقف. مرتب . منظم ‎in_,‏
‏مطواف. الإعتيادى . المالوف. ‎in__to S‏
غرفة الطعام فى الفندق. وجبة حوالية مالية .__ ‎money‏
‏طعام تحت الطلب ‎on_.‏"	al-shamil-dictionary
406	"الاورجندة ( ‎(n.) Pl‏ 0088022 | الإحدائى الرأسى . منتظم . ‎ordinate (n.v.)‏
حريرى رقيق) مرتب . متناسق - يرتب
تهيج جنسى . رجفة ‎orgasm (n.) il‏ ينسق. ينظم
الجماع تتصيب. نَعِينْ . ‎ordination (n.)‏
شرآب اللوز ‎orgeat (n.}‏ توظيف . رسم
لهو معربد. انغماس فى ‎orgy (n)‏ | ذخائر حربية. مدافع  ‎ordnance (n.)‏
الملزات. سكر وعربدة كبيرة . معدات حربية
شرفة. مشرية. خرجة. 0 | ‎I‏ . تناصسق. قانون ‎ordonnance (n.)‏
« نافذة بارزة؟ شىء مفد للأخلاق.  ‎ordure (n.)‏
متلالىء. ‎.C.y‏ مشرق . ‎orient (adj.n.)‏ قذارة . روث. برار. عائط
متألق. بارغ . كريم ‎٠‏ نقى. معدن خام. تبر ‎ore (n.)‏
ثمين ‏ البلاد الشرقية. المشرق. & الارشن ( آلة موسيقية ) . ‎organ (n.)‏
الشرق. من بلاد الشرق عضو ‎Uy‏
‏يتجه نحو الشرق. يوجهه (00601)7 | عضوى. آلى. مختص  ‎organic (adj)‏
ا نحر الشرق . يكيف بالاجسام العضوية أو الآلية +
شرقى . قيم. نفيس (.20[.0) ‎oriental‏ دستورى. ‎[P‏
‏الإستشراق. الدراسات الشرقية ‎studies‏ | الكيمياء العضوية 007 _-
أحد أبناء الشرق ‎Oriental (n.)‏ القانون النظامى ‎—law‏
‏الإستشراق . عادة )1( ‎orientalism‏ | الكائن الحى . تركب ‎organism (n.)‏
اسمة شرقية عضوى.
المتشرق ‎orientalist (n.)‏ | نظام. ترتيب. & ‎organization (n.)‏
يتشرق. يجعله ‎orientalize (v.) G2‏ | منظمة. هيئة. مؤسسة. جمعية
بوجه نحو الشرق. ‎orientate (v.)‏ تنظيم ترتيب . بنية . نطام
يراجه الشرق ينظم. يرتب. يؤسس . ‎organize (v.)‏
تكيف أر ترفيق ‎orientation (n.) b‏ ينشىء؛ منظمة |
‎GGy Al‏ توجيه علم الأعضاء ‎organology (n.)‏"	al-shamil-dictionary
407	"orifice (n.) ‏منفذ فوهة. فتحة‎ | orometer(n.) ‏مقياس‎ ١ Nt
origin (n.) ‏ارتفاع الجبال ؟ أصل. الاصل. مصدر. منشا‎

اليتيم - ينيم . خاص ‎orphan (nadjv)‏ | أصلى. مبدع. أصيل. ‎original (adj.n)‏
بالايتام. ينيم طبيعى. جديد. فطرى.

ملجا الأيتام. أيتام .5 ‎orphanage (n.)‏ حديث ‏ النمرذج الاصلى.

م ‎orphanhood (n.)‏ | الأصل. شخص مبدع. إبتداع

originality (n.) ‏أصالة. أولية. الأصلية‎ | orphanize (v.) o=

طب تقويم الأسنان ‎orthodontics (n.)‏ | فى الاصل . مبدثياء ارلا ‎originally (2dv.)‏

طبيب تقويم الأسنان )( 00000001598 | يتولد. ‎L‏ يدع. يدا ‎originate (v)‏

أرثوذكى؛ مستقيم ‎orthodox (adj.)‏ | خلق. إبداع ‎origination (n.)‏
الرأى. مالوف مبدع. خلاق. مرجد ‎originative (adi)‏

المذهب الارثوذكى (.0) ‎Orthodoxy‏ منشىء . مبدع . خلاق. ‎originator (n.)‏

sl ‏خالق.‎ orthoepy (1)  طبض ‏استقامة الرأى.‎
Originator of the heavens and ‏نطق اللفظ‎

the carth ‏بديع السموات والارض ؟‎ ١ | orthographic (adj.) ‏هجانى‎

خطا هجائى ‎_error‏ | برج الجوزاء « فى الفلك 2 ‎Orion (n)‏

orison (n.) ‏دعاء. مناجاة. ابتهال‎ | orthography (n.)

ضبط الإملاه . علم الإملاء زينة . حلية . رخرف ‎omament (n.v.)  -‏

الارطلان دبلبل الشعيرة  ‎ortolan (n.)‏ يزين . يزخرف

وعل. نوع من البقر الوحشى . (.8) ‎oy‏ | (خرفى . زيثى - (.0.زف) ‎omamental‏
‏ظلى ‎S‏ شىء للزينة والزخرفة

مدخل . فوهة. فتحة ‎os(n)‏ | مزخرف. علق ‎omate (adj.)‏

أرسكار. جائزة أرسكار اشعار (.8) ‎١ Oscar‏ علم الطيور ‎omithology (n.)‏
للجائزة السينمائية العالمية ‎١‏ تكون الجيال ا اليب

يتذبذب. ينقلب ‎orogenesis oscillate (v.)‏
يترنح . يتمايل علم الجبال ‎orography (n.)‏

تثازب. نعاس . ترهل ‎oscitancy (n.)‏ |"	al-shamil-dictionary
408	"osculate (v.) ‏يقبل. بمس. يلمس‎ | other (adjin.pron.adv.)
osculation (n) . Ll i . ‏آخر. آخرون. أخرى وسابق. تقبيل‎
osprey (n.) i 1 it ‏على نحر العُقابا‎  رخآلا‎  ضام‎
‏مخالف أو مختلف  غير السماك‎
0558015 (adj.) ‏عظمى . محترى على عظم‎ other where (adv.)  رخآ ‏فى مكان‎
ossicle (n.) ‏عظمة صغيرة. عظيمة‎ other while (adv.) ‏أحيانا . فى وقت آخر‎
ossification (n.) ‏تكون العظام.‎ other wise (adj.adv.) ‏من نوع آخر.‎
‏مختلف . بالعكس  وإلا . تحول إلي عظم‎
ossify (v) s ‏خلافا لذلك يعظم. يتحول إلى‎
ossivorous (adj.) ‏يعيش على أكل العظام‎ otic (adj.) ‏سمعى . مختص بالاذن. أذنى‎
osteitis (n.) ‏التهاب العظام‎ otiose (adj.) . ‏عديم النفع . غير نافع‎
ostensive )24.( ‏كسول . مترهل باد. ظاهرى. راض‎
OSIENt (1) ‏التهاب الأذن (8) كلانه | طلعة. سحنة. صورة. هيئة‎
0916012108 (n.) il ‏طب الائف 0 (8) 910180080108 | تظاهر. تباهى.‎
ostentatious (adj.) iz ‏والأذن والحنجرة متظاهر.‎
‏محب للظهور‎ otology (n.) ‏علم الاذن وتركييها‎
osteologist (n.)  ملاعلا ‏وعلاجها. علم أمراض الأذن المتخصص ار‎
‏بالعظام‎ otter (n.) ‏كلب البحر‎
osteology (n.) ‏علم العظام‎ ouch (n.) ‏قص. جوهرة. حلية.‎
osteomalacia (n.) ‏قلب الخاتم لين العظام‎
ostraceous ‏كأن ينبقى - (.0.8003-0 90801 | محارى. صدتى  (ز4ه)‎ i
ostracize (v) ‏صفر . واجب يطرد. ينفى . يخرج من‎
‏الجتيع‎ ounce (n.) ‏أوقية الأونس 3 وحدة وزن‎
ostrich (n.) ‏75ر18 جرام 6. فهد صغير نعامة‎ =
0136005102 (1) ‏سماعة . معين على السمع‎ our ‏ملكنا (م)‎
oulgia \ T our (pron.) ‏ملكنا‎
‎oulgy ‏ألم الاذن‎ ١ ourself (pron.) i"	al-shamil-dictionary
409	"فى الهراء الطلق . ‎outdoors (adv.n.)‏ أنفسنا ‎ourselves . pron‏
الهواء الطلق. العراء بمفردثا. لوحدثا . ‎by‏
‏أبعد. أقصى . خارجى  ‎|oouter(ad])‏ ينزع الملكية. يجرد. يبعد ‎oust (v.)‏
الابعد. الاقصى.  ‎outermost(adi)‏ | نزع الملكية. تجريد. إبعاد  ‎ouster(n.)‏
‏الأكثر بعد بعيدا عن « كذا + (0.7ز4ة.207) ‎out‏
‏معدات .عدة. تجهيزات . )1( :0015 خارجا . إلى الخارج. برا -
معدات السفر. يجهز . يزود خارجى . الغادر . ناو
‎S‏ (ج) 00000 | مُخرج . منفذ. نزاع - يصرع
يفرق. نفقة. مصروف. ‎(V)‏ 00180 + يخرج يننشر. بنكشف . يذيع
تدفق . مخرج بعيد عن . بدون ‎—of‏
‏ينفق ‏ نفقة . إتفاق  ‎outlay(va)‏ | بما لا يقاس ‎away‏ 14 _-
مهرب. مخرج. منفذ . ‎١ outlet (n.)‏ مقطرع النفس لاهث | 0900 _-
متنفس. ماخذ التيار بسب الفضول ‎of curiosity‏ .
رسم كروكى . مخطوط ‎(nv.)‏ 0010008 | قديم. عتيق. طراز قديم ‎—ofdate‏
‏تمهيدى. حد . تخم. مختصر نفدت طبعته. نافذ من السوق ‎—of print‏
- يخطط يختصر . يوجز غائب عن النظر ‎of sight‏ -
مراقبة. وجهة نظر. مطل . ‎١ outlook (n)‏ نافذ من الرصيد ‎__of stock‏
مشرق. المرتقب. المتوقع عاطل عن العمل ‎__of work‏
مقدمة الجيش. طليعة )1( ‎out _and _ out (adj.adv.) OUPOSL‏
الجيش . نقطة الحدود غير مقنع . صريح - تماما . كلية
المصنوع . المشغول. حاصل . )1( 00160001 بصراحة
دخل. ايراد . نتاج. مخرجات هيجان. هياج. نشرب ريز الف تظالاه
وحدة إخراج بيانات ‎__unit‏ «الحرب؛. تفشى ‎outburst‏
‏غضب. اعتداء ههجوم . (.8.7) 001:86 « المرض ؟
‎V)‏ حرمة - يغتصب امرأة . المنبرذ. المتشرد ‏ ,3 ‎outcast (n.adj.)‏
يلير يفضح الحصيلة. اللحصلة. حاصل ‎outcome (adj.)‏
فى العراه. فى ‎(adj.) gl sl‏ 01010003"	al-shamil-dictionary
410	"« ظاهريا. خارجيا. ‎(adv)‏ لإالعة» 0008 | يتجاور. يسبى. يخدع. ‎outreach (W)‏
نحو الخارج . فى الظاهر يحتال علي . سبق. ‎W‏
‎OV‏ | ل دن ).1( ‎outrigger‏
‏بادثة معناها : بيضة | ‎oV‏ | يغلب. بيذر على . ‎outrival (v.)‏
‎ovo‏ يتفرق على
بيضى . أمليجى ‎o | oval (adi)‏ ابتداء. شررع ‎outset (n.)‏
زلال اليض ري( ‎ovalbumin‏ | الخارج . ‎outside (n.adjadv.prep)‏
‎ovalbumen‏ المظهر أر الشكل خارجى ابع .
بيضوى . بشكل البيضة ‎ovaliform (adj.)‏ اقصى من الخارج. خارجًاً -
متعلق بالبيض ‎ovarian (adj.)‏ خارج حدود 3 كذا » - سوى +
‎Jlazt‏ البيض ‎ovarectomy (n.)‏ إلى خارج ‎١‏ كذا ؟
البيض ‎ovary (n)‏ الاجنبى . الغريب. ‎outsider (n.)‏
احتفاء. ترحيب ‎ovation (n.)‏ الخارجى. الدخيل
أفرن. مخبز. ‎oven (n.) S5‏ | تخم . طرف . ضاحية المديئة ‎outskirt (n.)‏
فوق .على . ‎A2 | over (adv.prepadiv)‏ تبط . ند ‎outspreading (n.)‏
زيادة. من جانب إلى آخر - يحتمل . ببقى أكثر من ‎outstand (v.)‏
على الجانب الآخر من. لم بيت فيه . معلق . ‎outstanding (adj.)‏
خلال. طوال. بسبب. أكثر من. نحت السداد
على خارجى . زائد . أعلى ‏ يتخطى. يتجارز. يتعدى )( 001160
علاوة ‏ ينفض . ينتهي ‎boundaries set by Allah‏ 06
من جديد . مرة أخرى 0 ‎_again‏ | يتعدى . حدودالله
مقابل . تجاء. بمكس ‎against‏ __ | يحصل على أكثر الاصوات ‎outvote (v.)‏
| زائد . زيادة على ذلك ‎_andabove‏ فى الإنتخاب
مار ‎Sy‏ على الدوام ‎١ and‏ العالم المادى ‎outward (n.adv.adj.)‏
انتهى الرقت ,_ ‎time is‏ الشكل الحارجى ‏ إلي خارج ‎٠‏
‎with him‏ رن لحر الخارج ‏ جدى. مادى
لا رجاء فى شفائه. تُضى أمره ‎A2‏"	al-shamil-dictionary
411	"مطلى . تموه ‎overall (n.adj.adv.) overlaid (adj.)‏
تداخل ‎(n.)‏ 01601800108 | أرفراول ‏ إجمالى - عموما
يطلى . بمره. يغطى - ‎OVerlay (V)‏ | برعب . يخوف ‎overawe (v.)‏
طلاء . طلاء. غشاء يرجح . يستبد ب. يقمع. ‎overbear (V)‏
يشرف على . يطل على . ‎overlook (V)‏ | يثمر. ينتج بكثرة
يراقب. يتقاضى عن من المركب إلى 0 ‎overboard (adv.)‏
صعب الارضاء ‎overnice (adj.)‏ البحر . جائيا
يففل . يتخطى . يتغاضى عن ‎(v)‏ 01600853 | حر . مبالغ فى الحر ‎overcautious (adj))‏
يدفم أكثر من اللارم ‎oOverpay(v.)‏ | يتغل على. يتتصر. يقهر ‎overcome (v.)‏
يتحكم. يستبدد. يضبط ‎(v)‏ 0960018 | متأخر. فات موعده 0 ([20) ‎overdue‏
‏يعيد ‏ يكرر ‎oversay (v.)‏ | كتاب تجاور مدة إعارته ‎book‏ ——
‎oversea (adv.adj.)‏ | إشعار تجاوز المدة ---
فى عرض البحر - أجنبى. غريب التاخيرات ‎overdues (n.)‏
يباشر . يراقب ‎@y ١ oversee (V)‏ يتطرف. ينهك ‎overdo (v.)‏
يقلب. يشقلب ‎overset(n)‏ | يزيد فى الجرعة. يفرط ‎overdose (v.)‏
خف ‎overshoe (n.)‏ فى تعاطى الدواء
تدار بالدقع العلرى ‏ ([24) 019655001 | يجملة يطفح. يفيض . (.7.0) ‎overflow‏
‏يالغ فى الخبر ‎overstate (v.)‏ يغمر ‏ فائض . فيضان. غمر
يتعدى . يتجاور . يتخطى ‎OVErStep (V)‏ | يطل على. يشرف على ‎overhang (V.)‏
برش . ينشرء يبسط ‎١ overstrew (v.)‏ اندناع. اسرعة زائدة  ‎overhaste (n.)‏
عمرمى . جهرى. (4ة) 0960 | يفحص . يرمم الشىء. ‎overhaul (V.0)‏
راضح . على يجرى عَم تربيم. فحص . عَم
يتخطى. يُدرك ‎Overtake (v.)‏ | جهار عرض ‎overhead projector (n.)‏
رقت أضافى - ‎overtime (n.adjadv.)‏ الشرائح
‎Lt‏ اد إضانيًاً يمع خلسة.يسترق السمع (7) ‎overhear‏
‏علانية . جهرًا ‎OVeRly (adj)‏ | . سرور. طرب - يفرح (8.7) ‎OVerjOy‏
‏يففل . 8 يسهى عن ‎overump (V)‏"	al-shamil-dictionary
412	"علامات الملكية ‎Ownership marks (n.)‏ | يتعجرف. يتصلف. ‎overween (v.)‏
ختم الملكية ‎ownership stamps (n.)‏ يعتز بذاته
الور ‎ox(n)‏ | كلمة زائدة ‎overword(n.)‏
‏لبات الحميض البرى ‎oxalis (n.)‏ | منهرك . مثار. مجهد ‎(adj.)‏ 07600700801
سناد النير ‎١‏ يطوق عنق الثور » 0800# | بيضى. بيضى الشكل (.زفة) ‎oviform‏
‏ثيران ‎oxen ) sing ) ox‏ بياضة. تيض ‎oviparous (adj.)‏
أحمق . عنيد ‎oxhead (adj.)‏ | 4 معناها ! بيضة ‎ovo__, ١‏
راعى البقر ليت ‎g s‏ 80ق( ابيب
‎oxidation (n.) sl st‏ - جسم بيفى الشكل ‎ovoidal‏
‎oxide (v.) st‏
يؤكسد ‎oxidize (v)‏ | سفار ايض - مح ‎ovoplasma(n.)‏
‏غار الاكسجين ‎oxygen (n.)‏ | تبويض 'خردج البيضة (.8) ‎ovulation‏
‏يشبع أو يمزج بالاكسجين ‎oxygenate (V.)‏ من البيض *
قوة الصوت . حدة_ )( 0000000 | بويضة. جذرة ري ‎owle‏
‏الصوت. صرصرة ‎ovulum‏
‏إعادة فحص . إعادة نظر ‎oyer(v)‏ | يكون ‏ مديثًا ب . فى ذمته. ‎owe (v.)‏
محكمة نقض وإبرام 470416707767 مديون ب
‎oyes } (integ) . e‏ ببب كذا يا لانت
الصترا .اصمعر 2 | بومة ‏ يهرب . ‎OWL(LY) Uy‏
محار . المحار ‎Ly | oyster(n.)‏ صغيرة ‎owlet (n.)‏
صدفة المحار . صدف ‎s | shell‏ بالبوم. فيح الشكل (.زفة) ‎owlish‏
‏الأوزون. غاز الاورون ‎(n.)‏ 02008 | بملك. يمتلك. يعترف. ‎own (v.adj.)‏
‎ozostomia (n.)‏ يقر خاصته . ملكه الخاص
تغير رائحة الهم ارائحة ‎gy S‏ مالك . صاحب الشىء ‎owner (n.)‏
ملكية . تملك ‎ownership (n.)‏"	al-shamil-dictionary
413	"-
صانع السلام.مصالح (8) 080008102 | الحرف السادس عشر من حروف 0 5,0
يسكن. يهدا. يخمد. يصلح بين ‎pacify (v)‏ | الهجاء الإنجليزية
‎pacing (n) o‏ | اختصار اصفحة؟ ‎p. see page‏
حزمة . رزمة . ريطةصرة. ‎(v‏ لفقم ‎١‏ اب 0
كومة. الكمادة ‏ يحزم. يصر. سنريا. فى السئة ‏ 0652011077 588 .2.8
يرم. يرص. يختار. يكمد 3 ‎paboosh ١ Y‏
يعالج بالكمادة ¢ ‎pabpouche e‏
دابة ‎g5y | — animal‏ غذائى . تاكول ‎pabular‏
‏ورق لعب ‎—Of cards‏ | قوت . غذاء ‎pabulum (n.)‏
مسلة 7 -- | مصطية .سير .عدر خطرة. ‎pace (nv.)‏
يكف عن العمل ا | سرعة السير - يسبق .يتقدم
طرد. ربطة . حزمة . ررمة  ‎pakage (n.)‏ على . ينقل الخطى . يجاريه -
ربطة . حزمة . رزمة ‎packet (n.)‏ يقيس بالخطوة
تعبئة ‏ ررم . الحشوة ‎pacific (adj.) packing (n.)‏
ورق تغليف ‎paper‏ | مالم . سلمى.هادىء. ساكن.
غرفة الشحن © | مطمئن. متعلق بالمحيط الهادىة
معاهدة. عهد . اتفاق ‎ol | PECL(R)‏ الهاديء 0 06600 ‎the Pacific‏
مخدة. ‎bl‏ لبادة.منصة 0 (080)70 | يهدىء ‎pacifizate (v.) ١‏
‎G0‏ الصراريخ. مختمة. المصالح. الساعى من 0 ‎pacifier(n)‏
‏لص. قاطع ‎G‏ حصان اجل اللم
رهوان. صوت خافت ‏ برنحل» ‎pacification (n.)‏
يمشى . يخنق الصوت. ‎(I s‏ . تسكين . مصالحة . نهدثة
الحشو فى الكتابة ‎padding (n.)‏"	al-shamil-dictionary
414	"زرجان. ‎0l‏ شريكان فى (82)0.0 | مجداف ‏ يجدف. ييلبط ‎(nv.)‏ 080016
اللعب. عضوان. عدة أشياء « برجله فى ‎Gl‏
‎M)‏ يقرن. يزدرج . عجلة أو درلاب ‎paddle wheel (n.)‏
يرتب أزواجا . يقترثان التجديف
‎paisley )2.24[(‏ | 3 غير مقشور من الرعاع ([0.34) ‎paddy‏
‏البيلى ‎١‏ نسيج صوفى مزخرف ؟ نفل. يقفل ‎padlock (n.v.)‏
مصنوع من البيسلى مشرك. والى ‎pagan (n.)‏
بيجامة ‎Pajamas‏ | عاد الارثان. شرك ‎paganism(n)‏
‏رفيق . شريك )08 | صفحة. خادم ‏ يرقم الصفحات (.0888)8.7
قصر . بلاط ‎Palace(n)‏ | زينة. إحتفال. مهرجان  ‎(n)‏ 0888801
غشاء جلدى رقي بين ‎palama(n)‏ مسرحى تاريخى
أصابع الطيور « المائية ؟ يرقم الصفحات ‎paginate (v.)‏
‎palanquin (pg.) s‏ | ترقيم الصفحات ‎paging (n.)‏
شهى . لذيذ المذاق  ‎(adj)‏ 080218018 | الباغودة «معبد متعدد الادوارة ‎pagoda (n.)‏
مختص بالحلن . حلقى. ‎paid , past, past part of pay palatal (adj)‏
‎S‏ مدفوع. سدد
سقف الحلق. ذرق. طعم  ‎palate (n.)‏ فن تعليم الصغار ‎paideutics (n.)‏
لهاة. الحلق _ ‎s soft‏ .سطل ‎pail (n.)‏
‎el‏ ل4[0) 0806 | إلم ا رجع. هم عقاب ‎ -‏ )( ملقم
سور - يسبج. يسور يزلم. يحزن
حرشف النبات. ‎GG‏ 0 0464 | مؤلم . محزن. مرجع (لقه) ‎painful‏
‏شحوب . أصفرار 3,0 ‎painim , see pagan paleness (n.)‏
عالم بالبلي و ‎Paicographer () il‏ | الطلق. الخاض. تعب ‎pains (n.)‏
عالم بالكتابات القدمة طلاء . بوية. دهان - يطلى . ‎paint (n.v.)‏
2 اه ‎PRCOBTIPRY (L)‏ | لحن
معرفة الكتابات القدمة نقاش. مصور ‎painter (n.)‏"	al-shamil-dictionary
415	"النخيل الهندى )0200680 | العصر الحجرى )1( ‎paleolithic period‏ ا
قارىء الكف ‎palmister (n.)‏ القديم |
قراءة الكف ‎palmistry (n.)‏ | مدرسة الالعاب الرياضية ‎palestra(n.)‏
‏زيت النخيل ‎palmoil (n)‏ | لرحة الران الرسام ‎palette (n.)‏
قارىء؛ الكف ‎palmreader (n.)‏ | سياج. سور ‎paling (n.)‏
أحد السعف. ‎Palm Sunday (n.)‏ تناسخ ‎palingenesis (n.)‏
أحد الشعانين باهت . أصفر اللرن. شاحب ‎palish (adj.)‏
كثر التخيل . نخلى . مفلح . (.ز64) للق النمش . جبة .عباءة. باط ‎pall (nv.)‏
تاجح . ناضر . زاه الرحمة ‏ يحجب
وضوح. بيان. محسوسية ‎palpability (n.)‏ | يُصنف .يف
واضح .بين ‎palpable (adj) ٠‏ | فراش من قش . حصير . ‎pallet (n.)‏
محسوس. ملموس شاكرش الساعة. السقاطة. أثاة
جهرًا. عيانًا. صراحة. ‎palpably (adV.)‏ | لتذهيب الكتب لوحة ألوان الرسام
بوضرح ‎palliasse‏
‎o‏ . يفحص باللمس ‎palpate(v.)‏ | مرتبة من قش ‎paillasse }(n.)‏
خاص بالجفون. جفنى ‎١ palpebral (adj)‏ يلطف. يكن الالم. ‎palliate (v.)‏
ايرتجف . ينبض بسرعة . يخفق ‎palpitate (v.)‏ يلتمس العذر
نبض . خفقان القلب  ‎palpitation (n.)‏ | تلطيف . تسكين . اعتذار. ‎palliation (n.)‏
عضر اللمس فى فم الحشرة )( ‎palpus‏ التماس العذر
مشلول. مفلوج ‎palsied (adj.)‏ | شحوب.اصفرار ‎patlor (n.)‏
شلل ‏ بشل . يعجز (ا.) ‎palsy‏ | شجرة التخيل أر سعقها.  ‎(n.v.)‏ 80
شلل العصب الرجهى _ ‎bell's‏ نخلة. خرص . راحة اليد .
يخاد. بتلاعب.برارغ. يساوم ‎palter(v)‏ كفا شرف. فوز. رمز الإتصار -
«عند الشر». يعبث يخدع. يحتال على . يمسن
حقير. خسيس . تاقه ‎paltry (adj.)‏ براحة اليد
بم (رغية). يقعم .يذلل )1( ‎pamper‏ أفقل. ,3 . ‎palmary (adj.) ;)b‏
ناجح. مفلح كتى. راحى"	al-shamil-dictionary
416	"حلقة مناقشة ‎panel discuss (n.)‏ | نشرة ادراء» . رسالة.  ‎pamphlet (n.)‏
قوادة. دياثة نمل ‎panderage‏ كتيب صغير. نبذة
‎panderism‏ | مؤلف الكتب ‎pamphleteer (n.)‏
على شكل الكمان ااا ‎pandurate‏ الصغيرة. مؤلف ‎S‏
‎panduriform‏ مقلاة . حلة . قدر . طاسة . ‎pan (n.v.)‏
لوح رجاجى . خانة . مربع 0 ‎L pane(n)‏ كفة الميزان - يفصل +
مقسم إلى خانات أن ‎pancd (adi)‏ ينتقد . ينتج. ينجح
تربيعات. ذر الواح رجاجية بان 3 إله الغابات والمراعى 0 ‎Pan(n)‏
‏بمدح. يثتى ‎panegyrize (v) b‏ والرعاة عند الأغريق +
لوح . بررار صورة. إحدى )( ‎panel‏ عميدة. جيض م ‎panada‏
‏قرائم الدرابزين . هيئة محلفين ‎panade‏
‏التدفئة الإشعاعية ‎heating‏ __ | خاص أر مختص ‎Pan American (adj.)‏
شاحنة صغيرة _ بكل قارة أمريكا رشعوبها
تكسية جدار بالخشب | ‎paneling (n)‏ | مخزن الخبز ‏ خبزى. ‎panary (nadj.)‏
كرب . نزع . الم مفاجىء 0 ‎pang(n)‏ مختص ‎AU‏
‏سكرات المرت 8 - ‎١‏ فطيرة. زلابية ‎pancake (n.)‏
هلع . خوف .ذعر - ‎panic(nadiv)‏ | بودرة لتجميل الوجه  ‎pan_cake(n)‏
‏فجائى - برعب ‎١‏ حريى ؟
عنقود )1( ‎panicle‏ | البنكرياس ‎pancreas (n.)‏
الرابطة ار الإتحاد  ‎panislamism(n)‏ | البندة د حيوان يشبه الدب ¢ ‎panda(n.)‏
‏الإبلامى مجموعة قوانين وفتاوى ‎pandects (n.)‏
يقنات بالحبز . أكل الخبز ‎panivorous (adj.)‏ | وباثى . عام - وياء (.80[.8) ‎pandemic‏
‏سبت ‎pannier (n.) e‏ | بؤرة شر وفساد - ‎pandemonium (n.)‏
البانوراما . متظر عام (.8) ‎panorama‏ الجحيم .هرج
شامل عريض يتغير بإستمرار يعرض . يقود ‎pander (vn.) UM‏
منظر أو نظرة شاملة لموضوع ما معرض. ديوث. قراد
صفارة «ذت أنغام متعددة» )( 0808198 | ضيوف برنامج إذاعى ‎panel (n.)‏"	al-shamil-dictionary
417	"ورق رسم الخرائط ‎tracing + ٠‏ | زهرة البانسية ‎١‏ نوع من ‎pansy (n.)‏
ورق شفاف البنضج؛. شاب محنث

لامي . رخو . طرى ‎Pappy (adi)‏ | ينوق. يتلهف على. يلهث. ‎pant(v.n.)‏

علم البردي ‎papyrology (n.)‏ ينهج . يخفق - نبض . خفق

نبات البردى ‎papyrus(n.)‏ | سروال إمرأة أو طفل  ‎pantalets (n.)‏

pantaloons (n.) ‏بنعلون‎ | papyrus ‏لام‎ (n.) ‏بردية‎

القطع المكافىء فى الهندسة )1( ‎parabols‏ | النمر الارقط . الاسد الامريكي ‎panther (n.)‏

البارشرت. يهبط ‎parachute (n.)‏ | طرب بموج متراكب ‎pantiles (n.)‏
بالبارشرت مقياس الزوايا ‎pantometer (n.)‏

قصة رمزية ‎pasable (n.)‏ | فن التمثبل بالإشارات ‎pantomime (n.)‏

متنزة عمومى . استعراض ‎parade (nv)‏ | كرار. مخزن امن ‎pantry (n.)‏
عسكرى. عرض . يستعرض الجند ‎S‏ . قلب الثمرة. شحم . ثدي . ‎Pap (n)‏
موكب. يظهر. يمشى فى موكب حلمة الثدى

الجنة . الفردوس . جنة  ‎paradise(n)‏ | اب . بابا د بلغة الأطفال 4 ‎papa(n)‏
‏عدن. نعيم المذهب الكائرليكي . البابارية ‎papacy (n.)‏

اهل الجنة ' ‎dwellers‏ — | بابوى. مختص بالكنية (ازفة) لفقم

‎tobe adminedto_, &by 5‏ الكاثوليكية

‏تناقض ‎Gy | paradox, _y(n)  Jg.‏ ورق . جريدة. وثيقة. ‎paper (nv.)‏
ظاهرة يناقض حقيقته بطاقة دخول مجانية

‏مستهجن .غير مالرف (.24) ‎paradoxical‏ | الارراق المالية - يكس

‏مثال . نموذج. لزلزة نقية  ‎(n.)‏ 2853800 بالورق. يورق

‏فقرة . عبارة . مقالة  ‎paragraph(nv)‏ | مشبك الورق ‎_clip‏
‏صغيرة ‏ يقسم الفقرات مقطع الورق ‎cutter‏ _

‏كاتب مقالات صغيرة ) ‎paragraphist‏ | أوراق مالية ‎__money‏

‏أاختلاف المنظر. تغير ‎parallax (F)‏ | حرب الاقلام « مناقشة كتابية 6 885
‎s A‏ «ببب تغير مكان ورق نشاف ‎blotting ٠‏
المشاهد +"	al-shamil-dictionary
418	"جنود المظلات . المظليون ‎with (adj.v.) paratroops (n.)‏ م , ‎parallel‏
‏بالبريد الجوى ‎١ paravion (adv.)‏ مطابق. مرز. مشابه - يوازرى
يسلق نصف سلق ‎parboil‏ | المتواريان ‎١‏ فى العاب ‎ikt‏ 6075
حبل مزدوج ) ‎parbuckle (nv)‏ | التصنيف الموازى  ‎—classification‏
‏رخفض البراميل رخلاقة . مطابقة . تطابق. نواز ‎parallelism‏
‏يرف بالحبل المزدرج ‎operation TR X‏ —
طرد. جزمة.  ‎s | 08500 (vadiady)‏ الاضلاع ‎parallelogrom‏
‏قسم . قطعة . عدة . علبة - برزم» شلل . عجز. ركود ‎paralysis‏
‏يلف. يوزع - جزئى - جزيًا الشلل الرعاش 3 مرض» 0 2480088
رق (جلد ‎G,‏ للكتابة) ‎parchment (n.)‏ بشل . يصعق ‎paralyze (v.)‏
عفو . صفح . مغفرة ‎pardon (n.v.)‏ شلل ‎paralysis (n.)‏
غفران. مسامحة - يغفر. يصفح ذو سلطة عليا. ‎(adj.n)‏ 038001001
عن. يسامح ‎ot‏ حاكم ‎ot‏
‏الغفار دمن أسماء )( ‎Pardoner, The‏ | سائد. أكبر .رئيس .رئيس )( ‎paramount‏
‏الله الحنى + خليل . خليلة. عشيق.  ‎paramour (n.)‏
يشذب. يقلم. بقشر. يشر 0 ‎pare(v)‏ عشيقة
أحد الابوين. اب أو ام . ‎parent (n.)‏ تفسير . شرح - تفسير . ‎pacaphrase (n.v.)‏
أبوه. أصل . سلالة. نسب ‎Parentage (n)‏ | الباراسيكولوجى ‎parapsychology (n.)‏
أبوى . والدى . متعلق ‎١ parental (adj)‏ فرع من علم النفس +
بالرالدين الطفيل . من يتطفل على آخر ‎parasite (n.)‏
هلالان ( ). عبارة ‎parenthesis (n)‏ | طفيلى ‎parasitic , __ al (adj.)‏
معترضة. جملة بين هلالين مبيد للطفيليات ‎passiticide (n.)‏
‎parenthesize (v.)‏ يتطفل على ‎parasitize (v.)‏
يحصر كلمة أو عبارة بين هلالين علم الطفيليات ‎parasitology (n.)‏
‎parasol (n.) e e | parenthood in ) i‏
جندى مظلات . المظلى ‎paratrooper (n.)‏"	al-shamil-dictionary
419	"يشارك . يشرك فى ‎take_in‏ | أرض للتنزهة . منئزة . موقتف ‎park (n.v.)‏
غير متفرغ . يستغرق جزءًا من 10016 يركن السيارة
الوقت حديث . محادثة . لهجة ‏ )( ‎parlance‏
‏يقاسم . يشارك . يتشارك  ‎١ partake (v.)‏ ينداول. يتفاوض . يفارض - ‎parley (V)‏
التوالد العذرى )1( ‎parthenogenesis‏ مداولة. مفارضة
متحيز . مغرض ‎١ partial (adj.)‏ البرلمان. مجلس النراب ).1( ‎parliament‏
‏قابل للقسمة أو التقسيم ‎partible (adi).‏ | غرفة الإستقبال . ‎parlour (n) G‏
ممكن فصله وعد شرف . كلمة ‎parole (n.) . I‏
يقاسم . يشارك في (0) ‎partcipate‏ عهد. شعار
اسم الفاعل أو اسم ‎panticiple(n)‏ | كلمة مشتقة ‎paronym (n.)‏
المفعول « فى النحو ؟ يكسو ‎Y1‏ 5 بالخشب. ‎parquet (vam)‏
اسم المفعول ,_ ‎past‏ يخرشب - الباركيه
اسم الفاعل ,__ ‎present‏ | قاتل ابيه ار امه ار ‎(n.)‏ 1006م
أصغر جزء ممكن . ذرة.  ‎particle (n.)‏ أحد الأقرياء
جُسَيّم. حرف « فى النحر » ‎ey‏ (الكلمة) ‎parse (v.)‏
خاص . خصوص. ‎(adin)‏ 000000127 | تقتير. شع. بخل 0 ‎parsimony (n)‏
شخص . مستفل . مفرد . هام .اس البقدونس ‎parsley (n.)‏
تثثنائى ‏ بند . واقعة . نقطة. مفردة. قسيس . كاهن . فس ‎parson (n.)‏
بصفة خاصة . بخاصة ‎in__,‏ بيت القس أو الكاهن  ‎parsonage (n.)‏
يفصل . بخصص . بعين ‎particularize (v)‏ | جزء. قسم . حصة . دور . جهة . (8.7) 881
فصل . فارق . فراق ‎parting (n.adj)  .‏ مشاركة . قطعة غيار ‏ يفرق
رحبل . قاسم . حاجز ‏ راحل . يقم .ينفصل . يتفرق . بتشعب
مفارق . فاصل . منصرف . وداعى من جهتى . من ناحبثى . ‎Jormy‏
‏متحزب. متعصب.  ‎١ partisan (adj)‏ في أغلب الأحوال ,_ ‎Jorthemost‏
‎s, 9‘;.5\;’.‏ عن طيب ‎ingood _. M‏
تحرب تعمب. ل ممعم | ‎inill __, e‏
عصبة مشابعة ‎ot‏ يتملق ‎playa_.,‏ ["	al-shamil-dictionary
420	"على عجل. بدون تدقيق عل | شربك .رفيق .ند ‎partner (n.)‏
راكب . مسافر ‎associate __ s with Allah passenger (n.)‏
الحمامة المهاجرة ‎passenger 018800 (n.)‏ | يجعل لله أندادًا
3 نوع أميركى ؟ مشاركة. شركة. ‎partnership (n.)‏
عابر سبيل . مار ‎passer , passer - by‏ شراكة . اشتراك
هرى. إحساس . عاطفة. ‎passion(n)‏ | الحجل د طائر + ‎partridge (n.)‏
شهوة. غضب. شغف. هيام. فريق . حزب .حفلة.  ‎party (nadj.)‏
الم. حدة مأدبة. فوج - حزبى
عاطفى . متحمس ‎(d))‏ 0455:0021 | عيد الفضح () ‎Pasch‏
‏انفعالى . حاد الطبع . سربع معبر . مر . مارق. مضيق . ‎(nv.)‏ 855
التاثر تذكرة مرور. وخزة . طعنة -
يليد . كسول . غير فعال (.8.ز80) ‎passive‏ يمرر . يعبر. ينقض. ‎o‏
‏جامد غير مقارم - صيغة ينقضي . يزول. يموت ‎—away‏
‏الجهول يهمل. يتغاضى عن.يففل 0 ال
السلبية . الكمون. ‎passivity (n.)‏ يندمج ضمن. يدخل فى ‎—into‏
‏القصور. الجمود ينهى أمره. ‎g‏ 8ه
عيد الفصح عند اليهرد ‎Passover (n.)‏ ينصرف . يخرج ‎—out‏
‎Sy‏ السفر ‎paSSPOTL (n.)‏ | يجنار. يقطع ‎—_over‏
‏كلمة السر .سر الليل . أمارة (.8) ‎wet hands over (socks) password‏ __
ماض. سالف. ‎past (adj.n.adv.prep.)‏ يمح على ؛ الجوارب »*
سابق . منصرم ‏ الماضى.ماضيٍ يُخْرج ريحًا ا _
| غير مشرف . سمعة غير كربمة ‎G‏ سالك . مطروف . ‎passable (adj)‏
- مار به . في محاذاته - متداول
يفوق . بعد . رراء . إلى أبعد فقرة. عبارة. عمر. ملك ‎passage (n)  .‏
طريق. مجرى"	al-shamil-dictionary
421	"اضرب خفيف.  ‎opat(nvadiady)‏ | عجينة لصق. معجون. ‎paste (n.v.)‏
طقطقة. طبطبة. نقرة . قالب مادة لص . زجاج براقء
موافق. ‎ke‏ حاضر. يكو . لزاق. يسدد ضربة
جاهزاً. فى الوقت المناسب معجون أسنان _ ‎tooth‏
‏رقعة . قطعة صغيرة من أى )( 08168 | رمغ الدابة ‎pastem (f)‏
شىء ‏ يرقع. يرمم. يصلح ‎e‏ يجرى عملية ري | 851610136(
ترقيع . تلصيم . مزيج ‎paichwork (1) ٠‏ البسترة ‎pasteutrise‏
‏كشكول. خليط عملية ‎pasteurization (n.) il‏
قمة الرأس . هامة. رأس ‎pate (n.)‏ قلم ملون للرسم ‎pastel (n.adj.)‏
اخشثراع مسجل براءة ‎patent (nadj.v.)‏ فن الرسم بالمرقم - رقيق. فائح
اختراع . رخصة. امتياز- اللون. رسوم بالاقلام الملونة
صريح. راضخ . عمرمى - تسلية .لهو ‎pastime (n.)‏
يسجل الإختراع .يسجل شخص ماهر الإختصاص (.5) ‎pastmaster‏
‏براءات الإختراع ‎patents (n.)‏ | راعى الكنيسة. ‎pastor (n.) e‏
بكل رضرح ‎patently (adv.)‏ اسأذج . ريقى . رعوى ‎pastoral (adj.) ٠‏
أبوى . وائدي . ورائى  ‎patemal (adj.)‏ خلرى
‎Ly‏ أبريا ‎patemally (adv.)‏ | صيغة اسم المفعول ‎past participle (n.)‏
أصل ‎L.‏ أبوة . رالدية ‎١ patemity (n.)‏ فى النحر؟
درب . سبيل . مسلك . مر . طريق ‎path(n)‏ | صغية المافى ‎pastperfect (n.) (Ul‏
الصراط المستقيم __ ‎the Right‏ فطيرة ‎pastry (n.)‏
‎Pathetic (adi)‏ | مرعى . مرتع .مرج .كلا ‎pastuce (n.v.)‏
محزن. محرك للعواطف. حنون منتجم . رعى الماشية - يرعى
دليل الطريق . كشاف  ‎pathfinder (n.)‏ الماشية. يسرج الماشية
علم الأمراض ‎١ pathology (n.)‏ شاحب .كالعجين ‎pasty (adj.n.)‏
عاطفة شجن . حنان }.( ‎pathos‏ عجينى - فطيرة باللحم"	al-shamil-dictionary
422	"رصيف الشارع. بمشى ‎pavement(n)‏ | ملك . طريقة.ممر )1( ‎pathway‏
‎paver‏ | الصبر. حلم. تان ‎patience (n.)‏
المبلط . الراصف ) ‎pavior‏ | صابر . صبور. متأن.  ‎patient (adj.n)‏
2 مريض . عليل
سرادق . سلاملك . ‎pavilion (n.v.)‏ الفناء ‎patio (sp.)‏
حيمة كبيرة. جناح لمن مبنى لهجة عامية ()) ‎patois‏
‏أو معرض € حبوان الأذن - بطريرك .رب العائلة. 0 )1( ‎pariarch‏
‏يظل فى محيمة أو سرادق مس
مخلب . قدم الحيوان - ‎Py‏ | شريف .كريم ‎patrician (adj.)‏
يلبش . حفر بيده ‎2l‏ ميراث. وقف - )1( ‎patrimony‏
‏رافعه.الماسكة. السقاطة 0 8890080 | ‎by‏ لحب لوطي 0 (8) 3881م
رهن المنقول . الراهن - 0 ‎(nv)‏ 8 | حام. حارس .ولى. ‎patron (n.)‏
يودع كرهن . يدهن تصير . زبون
ماهية مفاس. رانب يدقع ‎oty | P AV‏ يحل . ‎o‏ )1( 9808126م
يزدى. بغل قبقاب. قاعدة عمود ‎patten (n.)‏
‎e‏ 06 - | غط ‎i g4‏ تتميلة - ,11( ‎palem‏
‏يرجم يرد _ يشخ يقلد
‎A‏ يدفع عن 07 | جوف كرش يطن . ‎paunch (nv)‏
يدفم الحساب. يدفع الدين ‎—of‏ يقر يشق
ينتفم من ‎o4‏ — | ضخامة البطن . التكرش ‎paunchiness (n.)‏
يقوم بزيارة ل. يزور ‎avist‏ 50016086 | مكرش . ضخم البطن  ‎paunchy (adj)‏
معاش كامل . راتب كامل ‎i | Sl‏ الفقير. العوز 0 ‎paper (n)‏
يستحق ‎@l‏ .يده ([04) 0878016 | يفقر. يعوز )1( ‎pauperise‏
‏يوم دنع الرواتب ‎Pay-day(n)‏ | فقر.عوز ‎pauperism (n.)‏
الدفوع له 0206601 | ‎i s,‏ سكون. مكنة ‎pause (n vy‏ ا
ا أجرة. دفعة مكافأة . جاه ‎payment (n.)‏ يتوقف . يترد . يتألى
‎s |‏ حت لئست ‎pave (1) Mooy e‏
ل"	al-shamil-dictionary
423	"القررى . فلاح . مزارع ‎peasant (n.)‏ | كشف الاهبات. جدول  ‎(n.)‏ !0891

' ‏الرراتب‎ peasantry (n.)  نوحالفلا ‏القرويون.‎

مواد نباتية تتخدم كوقود  ‎opeat(n)‏ | بسلة. رمانة الميزان القبانى ‎pea(n.)‏

حصاة. حصوة. زلطة )( ‎pebble‏ | سلام. ونام صلح . طفانينة  ‎peace (n.)‏

يثقب . يلتقط ‎peck (v.n.) Lol‏ فى سلام وصداقة ان
يقضم ‏ ثقب. نقرة يتصالح . يصالح . يعقد صلح ,71066

شاذ. غريب. متميز  ‎peculiar (adj)‏ | سالم. بحب لللام. ‎peaceable (adj.)‏

ميزة. خاصية . صفة ‎peculiarity (n.) i3‏ ستكن

peaceful (adj.) ‏مالم . هادىء‎ | pecuniary (adj.) ‏مالى . نقدى‎

peacetime (n.adj.) ‏أو رمن‎ 5 pedagogic (adj.) ‏تربوى‎

علم التدريس . فن التعليم ‎pedagoics (n.)‏ السلم - سلمى

علم أصول التدريس ‎pedagogy (n) L‏ | خوخ خوخى ‎peach (n.adj.v.)‏
فن التعليم اللون ‏ يشى ب

peacock (n.) ‏الطاررس‎ | pedal (nvadi) Lo Ly
peahen (n.) ‏يركب الدراجة - قومى . رجلى أنثى الطاروس‎

المتحذلق . مدعى العلم  ‎pedant(adi)‏ | قمة. ذورة.رأس.هامة - ‎peak (n.v.)‏

الحذلقة. التظاهر بالعلم )1( ‎pedantry‏ الذررة أو القمة

ذر قدم أو أكثر ‎pedate (adj)‏ | سسندق الراس. شاحب ‎peaked (adj.)‏
راحى الشكل جلجلة . رنة . جلجلة الاجراس 0.701) ‎peal‏

يبع متجولا. يتشغل بالتوافة ‎peddle (v)‏ قصف الرعد أو المراقع

لوطى . اللوطى ‎pederast (adj.)‏ | فعقعة - بقصف . يدرى

peanut (n.) ‏فول سودانى‎ | pederasty (n.) ‏اللواط‎

قاعدة العمود أو التسثال ‎pedestal (mv.).‏ | الكثرى ‎pear (n.)‏
أساس. يزود بقاعدة الؤلؤة .حرف مطبعى. ‎(nadj.v.)‏ 063:1

الماش . الراجل - ( (0ة.8) ‎pedestrian‏ لون رمادى ‏ لؤلزى مرصع
راجل .سائر على القدم باللآلى» ‏ برصع باللآلى» . يجيب

pearly (adj.) ‏لزلزى. شاف‎ | pedestriansm ()  ضيرتلل ‏الشى‎"	al-shamil-dictionary
424	"حبة دواء .كرة صغير.  ‎pellet(ny)‏ | طب الاطفال ‎pediatrics (n.)‏
قذيفة مدفع . رصاصة - يكور . أصل.حب ‎pedigree (n.)‏
يرمى القذائف القوصرة « مثلث أعلى ‎pediment (n.)‏
بطن القدم ‎peima (n.)‏ وجهة المبنى؟
رجم . خبط . خبطة, ‎g2‏ (.8) 088 | امرأة ذات حب ,_ ‎awomanof‏
‏جلد غير مدبوغٌ - فرر - علم الترية ‎pedology (n.)‏
يرجم برشق. يري ب عداد لقياس مسافة . ‎pedometer (n.)‏
ترسى الشكل ‎peltate (adj)‏ | يختلس النظر. ينظر خلسة - ‎peek (v.n)‏
الفرو . الفراء . الجلود ‎peltry (n.)‏ نظرة خاطفة
حوضى . متعلق بالحوض. ‎pelvic (adi)‏ | يقشر. يتجرد. يلخ - قشر الثمر ‎peel (wn)‏
ذو علاقة بالحرض المقشرة ‎pecler (n.)‏
تجويف الحرض ‎pelvis (n.)‏ بزوغ . إنبثاق . رفزقة - يزغ ‎peep (n.v.)‏
قلم ‎e‏ ريشة الكتابة . ‎pen (nv)‏ يلوح يغرد
الدجاج . حظيرة ‏ يكتب . بخط ‎g3‏ الصباح ‎‘__ofday‏
‏معرض للعقوبة ‎penal(n)‏ | ثقب الباب ‎peephole (n.)‏
قائون العقوبات ‎code‏ | نظير. ند, أمير - يظهر. يلوح ‎(V)‏ 0682
عاقب . يُعوق . يقاصص ‎penalize (v.)‏ | رتبة الأمراء أو الاشراف  ‎peerage (n)‏
عقوبة . جزاء . قصاص . حد ‎penally (n)‏ | أميرة ‎peeress (n.)‏
تربة. كفارة ‏ يُعاقب  ‎penance (ny.)‏ | لا ئد له. فريد. لا مثيل له (.ز4ه) 26601655
ميل .دلم ‎penchant (n)‏ | نكد. خلقى. عيد (زفه) ‎pecvish‏
‏قلم رصاص . قلم للرسم. ‎(mv)‏ 0061© | إسفين . وتد. مشجب.  ‎peg(nv.adi)‏
‏ريشة الفنان - يكتب. برسم . علامة حدول. ذريعة - يوت ‎٠‏
‏يخطط يصنف. يرمى - بندفع
مرسوم بالقلم رزفم) ‎penciling‏ | بعزم منكب على العمل
صناعة الكتابة ‎pencraft (n,)‏ | سحت . مال بالحرام ‎pelf (n.)‏
ثريا. حلية . قلادة. فرط ‎١ pendunt(n)‏ البجع ‎pelican (n.)‏ ّ
سسا"	al-shamil-dictionary
425	"فندقى ‎opension(n)  نويسنب Ll‏ | علامة . راية بحرية ‎pendant‏
‏على الماش ‎s‏ )( ل|مممامضم رقاص الساعة. ‎pendulum Syl‏
‎penetrate (v.) pensioner‏
كثير التفكير . مشغول البال ‎pensive (ad).)‏ | يخترق. ‎Ay‏ يفهم . يتخلل . يتغلغل
تأمل . اهتمام . كآبة  ‎penetration (n.) pensiveness (n.)‏
بادله معناها : «خمامى.ذر ‎penta__,‏ توغل
‎s‏ خمة» سمك المرجان ‎penfish (n.)‏
خماسى الاصابع ‎pentadactyl (adj.)‏ | طائر البطريق ‎penguin (n.)‏
الس ‎١ pentagon (n.)‏ البنسلين د عقار € ‎penicillin (n.)‏
البنتاجون ‎١‏ مقر ورارة ‎Pentagon(n)‏ | شبه جزيرة ‎peninsula (n.)‏
الدفاع الأمريكية ؟ على شكل شب جزيرة (.رهه) ‎peninsular‏
‏خماسى الزوايا ‎pentagonal } (adi)‏ | القضيب ‎١‏ عضر التذكير فى ‎penis(n.)‏
‏والاضلاع ‎pentagonous‏ الرجل » .ذكر الرجل
تندة. مظلة . نصف ‎pent- roof (n)‏ | توبه. تاديه الكفارة . ندم ‎penitence (n.)‏
جملون «سقف مائل لجهة يترب إلى الله ‎tum in _ 10 Allah‏
واحدة » تالب .نادم ‎penitent (adj.)‏
حاجة . عور . فاقة. فقر 0 (:8) /080009 | الإصلاحية . ‎penitentiary (n.adj.)‏
ناس . أهل . قوم . شعب - ‎people (n.v.)‏ تهذييى . إصلاحى
يُممر ‎S‏ .يكن مطواة. مُدية. سكين ‎penknife (1) . s‏
مأهول بالسكان . مكون ‎poepled (adj.)‏ براية ‎el‏ *
خط المساواة الشخصية ‎PEP(n.)‏ | مؤلف. الخطاط ‎penman (n.) (s,‏
فلفل - يضيف أو يزرد ‎opepper(nv.)‏ | فن الخط ‎penmanship (n.)‏
بالفلفل إسم مستعار «للكاتب4 ‎pen - 02016 (n.)‏
شطة ,__ ‎cayemme‏ | منحة حكومية . معاش ‏ (8.70) 60908
فلفل أحمر ,__ ‎spur‏ تقاعد ‏ يحيله إلى التقاعد -
مقعم بالنشاط . مملره حيرية ‎PEPPY (adj)‏ بمنحه معام"	al-shamil-dictionary
426	"غدار . خائن ‎perfidious (ad).)‏ | انزيم البيسين «انزيم معدىة )1( ‎Pepsin‏
‏خيانة . نقض العهد. غدر ‎perfidy (n)‏ | هاضم. يساعد علي الهضم (.24) 060116
مسوقة 3 تتميز بمرور ‎(adi)‏ 06101188 | عن كل . ب . فى . وفقا ل ‎per(prep)‏
‏الساق من خلالها ؟ فى السنة. سنوي (.807()1) 20010100
يلقب . يخرم ‎perforate (v.)‏ | شهريا ‎month‏ __
‎s perforator (n.) iUl‏ لما ‎percentum ) (adv) vm‏
يجرى . ينجز . يتم . يكمل )1( 0614007 7 ‎percent‏
‏إجراء ‎UYL‏ إتمام ‎performance (m)  .‏ | يتجول. يطرف ‎perambulate (v.)‏
تشخيص . إنجاز . الأداء . ‎J‏ عربة أطفال ‎perambulator (n.)‏
فى مسرحية يذرك . يحس . بلاحظ ‎perceive (v.)‏
عطر . رائحة. شذا يُعطر ‎i | 00000006 (M)‏ مثوية ‎percentage (n.)‏
الروائح العطرية ‎perfumery (n.)‏ | المدرك. المحسوس. ‎percept (n.)‏
يرش . ينشر . يغطى ‎perfuse (v.)‏ المدرك بالحواس
تعريشة. مظللة ‎pergola(n.)‏ | إدراك. إحساس .; . ‎perception (n.)‏
ربما. لعل .عسى ‎perhaps (adj.)‏ القدرة على الفهم
حجاب . حرز . عوذة. ‎periapt(n)‏ | بصيرة ,__ ‎the power of‏
ميمة . تعريذة يصفى. برشح . يقطر 0 ‎percolate (v.)‏
الزيرجد ‎١‏ حجر كريم © (2767001)8 | يطوف . يتجول. ينتقل ‎peregrinate (v.)‏
‎s‏ مخاطرة. مجازفة ‎oy | PERL(AV)  -‏ لمدة عام أو أعوام (.(24) ‎perennial‏
‏يخاطر . يجارف. يعرض للخطر بإستمرار .بصفة  ‎‘perennially (adv)‏
شرجى ‎(adj.)‏ لمعماعم مستمرة. على الدوام
فثرة. مدة. حصة دراسية.  ‎period (n.)‏ مثالى . تام . كامل . (.80(.0.7) ‎perefect‏
‏العادة. أو الدورة الشهرية مضبوط - فعل تام - ينجز .
الدورة الشهرية. ,_ ‎the menstrual‏ يكمل .يتم يهذب
فترة الطمث إثمام . الكمال . كمال ) ‎perfection {n‏
بصفة ‎(adj) i,‏ له ,600016 اكمال. اثقان قداسة
متعاقب متحمس.غيور ‎perfervid (ad).)‏"	al-shamil-dictionary
427	"رخصة . إذن . إجازة.  ‎pemmission (mj‏ | جريدة أو نشرة دورية. ‎periodical (n.)‏
سباح دورية

إلا بإذن الله. 11205 ‎Exceptby‏ | نشرات أو مطبوعات (.8) ‎periodicals‏

يمح . يجيز . يصرح . يأذن ‎permit (vn.)‏ دورية

تصريع إجازة. ترخيص ‎permittance (m.)‏ | البريسكوب « منظار 0 ‎periscope (n.)‏

يقايض . يبادل ‎permute (v.)‏ الغواصات والمتاريس ؟

يتعقل . يترري ‎١. 200600 (v)‏ _يذبل. يزول. يتلاشى ‎perish (v.)‏

Mayhe _! 146 | perpendicular (ad)) ‏قائم .عمودى.‎
periwig (v.) ‏رأسى شعر مستعار‎

perjure (n.) gy ‏بحث. يحلف‎ | perpetrate (v.) ‏يقترف . يرتكب‎

يرتكب جريمة ‎crime‏ _— حالف زوراً. كاذب فى حلفه

إفتراف . إرتكاب . جنابة )1( ‎perpetration‏ | الحانث بقسمه ‎perjurer (n.)‏

أبدى . مؤبد . أزلى ‎perpetual (adj.)  .‏ | كاذب ‎perjurious (adj.)‏
مخلد . دائم قم ار حلف كاذب . بين ‎perjury (n)‏

يُخلا.يُزيد. يديم 0 (6) ‎perpeate‏ غمرس. تمين كاذبه

أزلية . لود . سرمدية . درام ‎perpetuity (n.)‏ | بحسن المظهر أو الهندام . بحسن ‎Perk (v.)‏

إلى ما شاء الله . إلى الأيلد ‎s e in__,‏ يتهلدم. يزين. يعتز

يحبر . يشوش . يربك . يخبل )( ‎PerpleX‏ | مهندم ‎perky (adj.)‏

عصير الكمثري ‎perry (n)‏ | دوام . بقاء. استمرار | ‎permanence‏

يصطهد . يظلم . يجور على )1 ‎persecute‏ متابوه. لبات ‎permanency‏

permanent (adj) .. ‏دائم‎ | persecution (n.) ‏اضطهاد. ظلم.‎
permanently (adv.) ‏أجور. فتئة‎

يداوم. يثابر . يستمر على ‎persevere (v)‏ | بثبات , بإستمرار. باستدامة

permeate (v.) Persta (n.) ‏بلاد فارس . إيران‎

ينابر . يصر على ‎persistv,)‏ | ينفذ. يخترق. يتخلل يتطرق إلى إ

| permissible (adj) ‏مزج‎ o ‏خلطة‎ oS persisance | ‏إصرار . مثابرة‎
ْ ‏بباح‎ F ١ persistency ‏دبك‎"	al-shamil-dictionary
428	"إفناع . إستمالة . معتقد ‎persuasion (n.)‏ | شخص . فرد ‎person (n.)‏
يتعلق ب . يختص ‎pemain(v) .y‏ | شخصيًا ‎in__,‏
‏يناسب. ينطبق على ‎the first __, s‏
‎١ pertinacity (n.)‏ الخاطب ,_ ‎the second‏
تشبث . عناد. صلابة الرأي الغائب ‎the third ٠‏
موافق . ملائم . مناسب . ‎pertinent (adf.)‏ | هيئة . مظهر . شخصية بارزة ‎personage (n.)‏
مطابق . ‎G‏ الصلة بالمرضيع شخص . ‎(adj.)‏ لمعو
يشش . يقلق ‎perturd (v.)‏ | الأحوال الشخصية ‎affairs‏ __
تشويش . قلق ‎١ perturbation (n.)‏ المقابلة الشخصية ‎—_interview‏
‏السعال الديكى «مرض» ‎pertussis (n)‏ | الشخصية ‎peresonality (n.) L.‏
باروكة «شعر مستعار؟ ‎peruke (F.)‏ | امتعة ار منقولات شخمية ‎personalty (n.)‏
يتمعن فى . يدرس ‎ald | peruse (v.)‏ يشخص ‎personate (v.)‏
ضال. منحرف . ضال. (./24) 06006558 | إدعاء. تقليد ‎personation (n.)‏
عيد. احمق بشخص. يمثل ‎personify (v.)‏
إضلال, إنحراف . إفساد )1( ‎perversion‏ | المرظفون ‎personnel (f.)‏
يفد. يبدل. يفسد. ‎personnel department (n.) pervert (v.n.)‏
يحرف - المتحرف . الضال إدارة شئون المرظفين
قبانة. أجرة وزن البضائع ‎pesage (n.)‏ | مكتب الإستخدام ‎personnel office (n.)‏
عجلة الرحم «لتصحيح  ‎pessary (n)‏ | إسم الفرد ‎personnel name (n.)‏
وضعه؛. الفررجة يمكن إدراكة . ‎perspective (adjn)‏
تشازم. سوه الظن.  ‎pessimism (n.)‏ منظور. بصرى - رسم المنظورى
التطير . الطيرة صريع . جلى ‎perspicuous (adj)  .‏
المنشائم . المتطير ‎pessimist (n.)‏ رافح .بين
منشائم ‎pessimistic (adj.)‏ | ترشيح . إفراز العرق . (-8) ‎perspiration‏
‏آفة . رباء. طاعون. شوطة ‎pest (v.)‏ عرق
‎Gl‏ . يكايد ‎pester(n)‏ | يعرق. يفرز ‎G2‏ يرشع 0 ‎perspire‏
‏يقنع . بغري ) ‎persuade (v‏"	al-shamil-dictionary
429	"سريع الغضب .يد (040) ‎pettish‏ | مستشفى الامراض المعدية ‎pesthouse (n)‏
تاه . ثانوى . زهيد . ضيق  ‎١ petty (adi)‏ بيد آفات ‎pesticide (n.)‏
الأفق. حقير معد. ‎pestiferous (adj.) Sy‏
حساب النثريات ‎petty cash account‏ عدف .يد الهرن ‏ يستعمل (.28.7) ‎pestle‏
‏حدة الطبع . رم( ‎١ petalance‏ ""يد الهارن. سحق
سرعة الغضب ‎petulancy‏ | المحبوب . طفل مدلل . ‎pet(nvadi)‏
‏غضرب. شكس ‎petulant (adj.)‏ يدلل. يقبل . بلاطف - أليف.
مقعد فى كلية ‎pew (n.)‏ انيس مدلل. مفضل
عربة حنطور ‎petal (n.) & | phacton (f)‏
جماعة . عصبة . زمرة. كتيبة )1( 808030 | بطرس « أحد الحواريين & ‎Peter(n)‏
‎L5‏ عثق «ررقة البات؟ ‎petiole (n.)‏
مظهر خادع. وهم . خيال ‎phantasm (n)‏ | طلب. التماس - يقدم  ‎petition (m.v.)‏
خيال . طيف . شبح + ‎phantom (n.)‏ التماس. يتوسل
شىء زائل ‎oot‏ يتحجر 0 ‎(v)‏ لأنتافط
فرعون ‎(n.)‏ 08000 | رصف الصخور 0 ‎petrography (n.)‏
آل فرعرن ‎___sfolk‏ وتصتيفها
فرعونى ‎١ pharaonic (adj.)‏ البنزين ‎petrol (n.)‏
ذو علاقة بالصيدلة . ‎pharmaceutic (2dj.)‏ البترول . النفط ‎petroleum (n.)‏
مستحضر صيذلى علم الصخور ‎petrology (n.)‏
الميدلى ‎(n.)‏ 0080085 | لوب نائى. جونلة. ‎petticoat (n.adj.)‏
الأخصائى فى ‎pharamacologist (n.)‏ امرأة - نسوى. نسائى
علم العقافير ‎petticoat government (n.)‏
علم العقافير ‎pharmacology‏ | حكم النساء . حكم المرأة
مجمرعة ‎(n.) . &yl‏ 008702000088 | بتلاعب . يخادع ‎١‏ فى القضايا € ‎pettifog (v.)‏
دستور الصيدلة محام صغير . محام )1( :0801/0888
الصبدلة ‎pharmacy (n.)‏ قضايا تافهة. مثير للإعتراضات
منارة . فنارة ‎pharos (n.)‏ التافهة"	al-shamil-dictionary
430	"الفلسفة. علم الحكمة ‎philosophy (n.)‏ | ذو 3 بالبلعوم. ‎pharyngeal (adj)‏
يقصد . يقطع ‎phlebotomize (v.). 43, I‏ بلعومى . حلقى
يشق الأوردة التهاب البلعرم )( ‎pharynglitis‏
‏بلق نخامة عدم إهتمام . ‎phlegm (n)‏ | البلعوم ‎pharynx (n.)‏
فتور حالة. صورة هيئة .دور . )( ‎phase‏
‎phiegmatic (adj.) .Ul . il‏ اورجه القمر
عديم ‎WU‏ التدرج «طائر يشبه الحج؟ ‎pheasant (n.)‏
اللحاء ‎(n)‏ 01080 | الظواهر .ما يدرك ‎phenomena (n.)‏
الفلوكس « نبات + ‎phlox (n.)‏ بالحواس. ظواهر طبيعية
‎phenomenal (adj) . o, gty | Phoenician (n.adj.)‏
أحد أبناء فينيقية. الفينيقى. اللغة مدرك بالحواس. غرب. شاذ
الفينيفية - فينيقى الظاهرة . الشىء المدرك ‎phenomenon (n.)‏
العنقاء د طائر خراقى ¢ )( ‎phoenix‏ بالحواس . حادثة نادرة. شخص
نطق . لفظ ‎phonation (n.)‏ بارع . أاعجوبة
التليفون. يتصل بالتليفون )( ‎phone‏ | قنيئة. قارورة. زجاجة ‎phial (n.)‏
الفظى. صوتى ‎phonetic (adj.)‏ | إحسان. الخيرية . حب ‎philanthropy (n.)‏
‎Ly ___ rules of Qur'anic recitation‏
أحكام الثلاوة. أحكام التجويد فقه اللغة التاريخى ‎philology (n.)‏
‎phonetics ).(‏ والقارن. فلسفة اللغات. علم
دراسة الأاصوات الكلامية فى لغة فقه اللغة
ما. السمعيات طائر العندليب .يليل . ‎philomel (n.)‏
صوتى ‎phonic (adj.)‏ كروان
علم الصوت. علم الأصوات ‎phonics (n.)‏ | الفيلسوف. الحكيم 0 ‎philosopher (n.)‏
الإختزال الصوتى . ‎phonography (n.)‏ الوقور
رسم الكلمات طبقا للفظها أو فلسفى . حكمى (زاء») ‎philosophic , _ al‏
نطقها . الرسم الصرتى . الكتانة ‎philosophize (1 1 iy‏
الختزلة
ا"	al-shamil-dictionary
431	"ذو علاقة بالسل . سلى - ‎phthisic (n.)‏ | علم الاصوات الكلامية )1( ‎phonology‏
‎R‏ فن الاصرات

phony } (nadi) ‏الحال. راف‎ phthisis (n.) ‏السل الرثروى‎

phoney phycology (n.) ‏علم الطحالب‎

photo (n.v.adj.)  - ‏صورة فوترغرافية‎ phyllophagous (adj.)

يتغذى أو يقنات على أوراق النبات يصور فوتوغرافيًا - فونوغرافى

التطور الترعى ‎phylogeny (n)‏ | مصباح ونفى ‎__flash‏

طبيعى . مادى. متعلق ‎physical (adi)‏ | كيميائى ضوثى ‎photochemical (adj)‏
بالجسد . فيزيائى . بدلى الكيمياء الضرئية ‎photochemistry (n.)‏

التربية البدنية ‎education‏ _ | نسخة صر . نسخة  ‎photocopy (m.v.)‏

المظهر الخارجى ‎make up‏ __ افوتوغرافية ‏ يستخرج نسخة

العلوم الطبيعية ‎_science‏ | فوتوغرافية

طبيب. حكيم ‎physician (n.)‏ | المصور الفوتوغراقى )( ‎photographer‏

photography (n.)  ىثرضلا ‏التصوير‎ | physicist (adj.) ‏الفيزيائى‎

photolysis (.) ‏التحليل الضوثى‎ ١ physics (n.) ‏علم الطبيعة‎

photosynthesis (n.)  ىئرضلا ‏التركيب‎ ١ physiognomy (n.) ‏علم الفراسة‎

phototherapy (n.) 514 ‏معالجة‎ | physiologic, _al(adj) . ‏فيسيولوجى‎

الفيسيولوجيا .علم ‎physicology (n.)‏ الإنتحاء الضوئى ‏ (.8) ‎phototropism‏
‏وظائف الأعضاء ‎i‏ النبات +

علم الجقرافيا  ‎phytogeography (m)‏ | تمير نامر غغارء 0 ‎phrase (nv.)‏
النباتية أسلرب. عبارة . شبه جملة

علم الثبات ‎١ phytology (n.)‏ العبارة الرسيقية - يقسم إلى

النباتات المغمورة ‎phytoplankton‏ غبارات موسيقية . يعبر

قرش (.) ‎piaster, piasire‏ بكلمات. يدعى

دو علاقة 2 دين . ‎picaresque (adj)‏ | غدرة مستعارة ‎psendonym‏ —
تشردى مختص بلحجاب الحاجز (.0.ز8ة) ‎phrenic‏"	al-shamil-dictionary
432	"صورة. حالة . تابلوه. مشهد (8.7) ‎picture‏ | المتشرد. المحتال . القرصان ‎picaroon (n.)‏
جميل - ‎gt‏ برسم . يصف يلتفط . يقطف . يجنى . ينتقى . ‎pick (vn)‏

كتاب مصور للأطفال )1( ‎Gl Gy picture book‏ . اختيار

قبعه للسبدات عريضة الحافة ‎picture hat (n.)‏ صفرة. الخلال. ضربة

2 فائن . رائع  ‎(ad)‏ 00065006 | بزعج. يِب يكدر ‎—a‏

يضيع ‎i‏ بعبث . يهتم  ‎(V)‏ 000016 | يدد النار إلى - بنتف 7
بالزهيد ‎St‏ ينتقى . يختار ‎_out‏

_over ‏يتحيز‎ | piddiing (ad).) ‏رهيد. تافه‎

‎gt‏ . أرقط .مختلف  ‎o | picbald (ad)‏ يعتقل . يركب القطار. ينشط 08م
الالران. مختلط يعثر على

‏قطعة , قسم . جزه. قطعة أدبية ‎piece (n.v.)‏ معول. يحفر باللعول 81[ ‎pickax‏
‏أو موسيقية - يكمل . يصلح . ‎pickaxe‏
‏يوقم خفير . فارس , وتد - يعين (.ة) ‎PiCkeX‏

‎pickle (n.v.) ‏المخلل . الطرشى . ولد‎ ١ 10-5. ‏قطعًا . إرًا إربًا. مقطع‎ Gl

‏يصلح. برقع ‎_wp‏ | مشاغب. ررطة ‏ يخلل

‏ركيزة.عمود قنطرة. رصيف المبناء )1( 0162 | النشال ‎pickpocket (n.)‏

‏يخترق . يثقب ‎pierce (v.)‏ | محطة الإرسال. بيك . ‎pickup (n.)‏

‏خارق . ثاقب .نافذ  ‎piercing (adj.)‏ لافط الصرت . المسافر متطفلاً .

‏أدعاء التقوى ‎)l‏ التظاهر بها ‎pietism (n.)‏ انتعاش اقتصادى . سيارة شخص

‏ورع . تقوى . طاعة . تدين ‎piety (n.)‏ صغيرة

‏مقياس ضغط السوائل )1( ‎piezometer‏ | نزهة خلوية فى الهراء ‎(n.v.)‏ عتمعام

‎g | 888 )800( ‏سبيكة معدنية شخص‎ s
pictography (n.) ٠. ‏قذر - يزدحمون فى سرير أو الكتابة بالصرر‎
‏كتابة تصويرية‎ 2P ‏مرقد. يعيش‎

‏حمام. حمامة فأة د 0 (.018600)8 | مجلة مصورة - مُصور ‎pictorial (n.2d).).‏"	al-shamil-dictionary
433	"الإحرام ‎on_siate‏ | برج الحمام ‎house‏ —
دغائم ‎pilling (n)‏ | مغرفة علب ‎piggin (n.)‏
قرض ددرا حية ذكرة 0 (تم) الئم | صب اسطباغ 0 ‎pigmentation (n.)‏
التنس - يفشر. تفشير رهن , رهينة ‎pigus (n.)‏
صرقة . سلب . نهب . غنيمة ‎١ S| pillage (nv)‏ حيوان من فصيلة ‎pika (n.)‏
- يسلب .يهب ‎(R‏
‏السالب. السارق. الناهب )( ‎pillager‏ | بوابة الجمرك . حربة . رمح ‎pike (n.)‏
ركيزة . دعامة .ركن ‏ يدعم . )( ‎pillar‏ | استدق. مان ‎piked (adj.)‏
يثبت . يقرى المحتال. المقامر ‎piker (n.)‏
أركان الإسلام ‎the PillarsofIslam‏ | كومة. وبر رقب ثررة.  ‎pile(nv.)‏
‏مرج ‎pillion (n,)‏ مفاعل ذرى. بواسير . المحرقة -
مخدة . وسادة . يستخدم  ‎pillow (n.v.)‏ يكدس . يكوم. يتكدس . يدعم
الوسادة. يتوسد البواسير « مرض + ‎piles (n.)‏
كيس المخدة ‎١ case‏ لباس الرأس « للارمن ‎pileus (n.)‏
‎pilot (n.v.)‏ والأتراك ‎١‏ القلنسوة اللبدية
طبار . الدليل . المرشد 3 للسفن ؟ - ينشل . بسرق. يختلس. ينهب ‎Pilfer (v.)‏
تعود ‎١‏ طائرة . سفينة ‎.١‏ يرش النشال. السارق ‎pilferer (n.)‏
مشروع نجريى ‎pilot project (n.)‏ | الحاج. التزيل. المهاجر ‏ (-8) ‎pilgam‏
‏دراسة استطلاعية  ‎opilotstudy (n)‏ | ملابس الإحرام ‎__garb‏
‏فسفوسة د دمل صغير ¢ ‎١ pimple (n)‏ الطوف ‎guide‏ ""5
دبوس . مسمار . مشبك . وتد . ‎pin (VD)‏ | الحج . زيارة الأماكن ‎pilgrimage (nv.)‏
بروش - يدبس بدبوس . يشبك القدسة. رحلة طويلة. بحج
‎Gl‏ مناسك الحج ‎ceremonies‏ __
‎Gy‏ جيب الزوجة ‎lesser _, . money‏
‎١ ._ his faith = :J:‏ العمرة } ,_ ‎minor‏
‏كماشة. كلاب ‎tobeon__, o~ | pincers(n)‏"	al-shamil-dictionary
434	"ماسورة. أنبوب . قصبة. 0 ‎pipe(nv)‏ | فرصة. لدغة. عسر. ضيق. ‎pinch (n.v.)‏
برميل . ‎T‏ . البايب. يصفر تنشيقة - يقرص . يلدغ . يرجع
ينقل بالانايب .يزمر يسرق. يقتتص . يذبل. يُمر
الطين الخزقى . الصلصال ‎pipe - clay (n.)‏ «يضيل ‎e‏
‏خالى من البذر. بدون بذر ‎pipeless (dj.)‏ | كماشة ‎pinchers (n.)‏
كثير البذر ‎pippy (adj.)‏ | أناناس . شجرة الصنوبر. ينحل .(.0.1) ‎pine‏
‏حاد. حريف . لاتع  ‎piquant (adj)‏ يضعف. يهزل
اقرصنئة ‎piracy (n)‏ | يحن إلى . يشتاق إلى 0 ‎pine, for(v.)‏
افرصان ‏ يقرصن . يسرق (00.) 06218 | ‎LU‏ تفاح صتويرى ‏ )1( ‎pincappie‏
‎it‏ البحر* أزيز. يثز ‎ping (n.v.)‏
علم صيد الأسماك ‎piscatology (n)‏ | كرة الطاولة ‎ping pong (n.)‏
تربية الأسماك ‎١ pisciculture (n.)‏ ابلة. مغفل ‎pinheaded (adj.)‏
الول - يبول ‎piss (mv.)‏ | وردى. قرنفلى - يخرم. ‎pink (adj.v.n)‏
الفتق ‎pistachio (n.)‏ يحرج . يثقب . يطعن نبات
عضو التأنيث فى ‎ol‏ (.) تام | القرنفل
المسدس - يضرب بالمسدس )( 019001 | ريشه . زعنفة . وريقة ‎(n) ol‏ 0803م
‎piston (n.) =‏ | محور إرتكاز رأسى ‎pintle (n.)‏
يخفى «فى ‎it e‏ . يحفر .(-7:0) 818 | منقط . أرقط - فرس أرقط (.20[.0) ‎pinto‏
‏يثير ‏ شرك . نقرة . حفرة . قبر الدودة الدبوسية ‎pinworm (n.)‏
يقذف . يرمى يصلى ‎١ 01165 (v )iy‏ أصلى . أولى . رائد. (.28[.0.7) ‎ploneer‏
‏ينحدر. ينزل - قذفة. رمية ‎sl‏ الرائد. الأول .مهد
زفت حد. نخم. قمة ‎Gy‏ طلعة جيش - بمهد
شديد الظلمة. ‎pitch - darkness (n.)‏ يرود. يدع
‎el‏ [ رزله) ‎prous‏
‎N‏ . ابريق 0 ‎PIERETOL)‏ | نواة صغيرة. بذر. بذرة. ‎pip (n.)‏
| التجول ‎pitchman (n.)‏ شخص رائع
‎١‏ مزنت. اسرد عتم 0 ‎(ad)‏ 6ع | لقن ‎Wy‏ ) متيام
‎e‏ -"	al-shamil-dictionary
435	"شارق التأليف. منتحل ‎plagiarist (n.)‏ | الفحم الحجرى ‎Pit - cool (n.)‏
التأليف يرثى له ‎piteous (adj.)‏

طاعون . وباء . داهية . بلية - ‎plague (nv)‏ | خلاصة . لب . نخاع .مخ . نشاط . ‎pith (n)‏

سهل .ساذج . واضح ‎pithiness (n.) iy | plain (adjn.v.adv.)‏
بسيط . مخلص . رخيص .صاف ضعيف . واهن ‎pithless (adj.)‏
‎NS -‏ يرثى له. ماجع ‎pitiable (adj.)‏
غير مزخرف - يشكو . يتدمر م حنون. شغوف ‎pitiful (adj.)‏
بوضرح. بسهولة. بصراحة عديم القلب. قاسى  ‎pitiless (adi)‏

رثاء . شكوى . تذمر . احتجاج . (.8) 08001 | حنان. عطف . شفقة. أصف - ‎pity (mv)‏

رثائى . مختص بشكرى ‎(ad))‏ 8080150 | وا اسقاه. واحسرتاة 0 !8128|«

يضفر . يجدل. يطوى - ضفير ‎PRV‏ | بمحور. يجعل له تحور - (:0) 00701
‎e‏ احور . المدار

pixie | ‏جنية صغيرة. حورية‎ plan (vn.) ‏يدبر خطة . يعزم - خطة . تدبير‎ i
pixy plane (n.v.adj) - ‏طائر . فارة النجارة‎ ١

يمهد. يسرى. يبكى. بطير ا يرثى صفح . مسامحة . مسالة )( ‎placableness‏
‏يرضح - مهدا ‎b‏ إعلان . لوحة إعلان )( ‎placard‏

place (n.v.) —figure 7~ ‏شكل‎

الهندسة المستوية 200207 — | مكان. منزل. محل. موضع . درجة.

نجم . كركب ‎planet (n.) du..,n,‏ رتبة - يضع . يقرر . يقيم

فن قياسر المنطحات ‎Planimetry (n)‏ | بدلا من. عرض عن ‎in_of‏

صفيحة. لوح خشب. ‎plank (nv.) &y‏ فى غير محله. غير مناسب .إن 0:0
رنيى - يفرش بالراح يحدث الها
الخشب. يلوح هادىء. مالم . رديع 0 ‎placid (adi)‏

الواح خشية . فرش 0 (.0) 205:08ا0 | سرقة التاليف. انتجال )1( ‎plagiarism‏
‏الارض بالواح خشية المؤلفات"	al-shamil-dictionary
436	"‎Pla 434 20‏
ميزان طبلية ‎plankton (n.) . scale‏
بلاتين. ذهب أبيض | (.8) ‎platinum‏ | الكاثنات الطافية فى الماء. العوالق
سخافة . ركاكة. تقاهة . ابتذال )( ‎Platitude‏ | يزرع . يغرس . يقيم . ينصب . ‎(vn)‏ !فقا
ينطق بالتفاهات ‎platitudinize (v.)‏ يؤسس. بثبنه. يرسخ . لبات.
أفلاطون «الفيلوف ‎Plato (1) ¢y‏ شجيرة. غرسة. يثبث.
فلفة أفلاطون ‎platonism (n.)‏ مكيدة. الزرع
سرية . فرقة عسكرية ‎platoon (n.)‏ | زراعة . مزرعة. مستعمرة ‎plantation (n.)‏
‎Dol‏ معناها : مفرطح أو عريض ._ ‎platy‏ | صاحب مزرعة. مهاجر.  ‎planter(n)‏
‏عريض القدم زرزفه) ‎platypod‏ المستعمر. أاصيصس
عريض ‎playmhine (adi) VI‏ | طرطشة.بركة. مستقع.  ‎plashinv)‏
‏مدح .لناء )( ‎pladit‏ | رش - يطرطش .يرش
ستحن. تقول ‎B3 | plauible (adi)‏ اجيس بلاط (م) ‎plaser‏
‏لعب .له قمار ‎B L R‏ يجس.يلبس ‎R‏
‏معاملة. تحرك. تلاعب - البلاستيك . اللدائن - (.زفة.0) ‎plastic‏
‏يعبث. مزح . يتحرك يجعله لدن أو طيع ‎plasticize (v.)‏
. جدل. جديلة. ضفر. أرض ‎plat(nv)‏
‏يظهر . يبدى. يتضح ‎i —of‏ يضفر. يجدل
يغش. يخدع ‎upon‏ — صحن . طبق . لرحة . ) (بلة) 18ف1
تعرب. ملاعب ‎S playful (adj.)‏
ملعب بتاع | ا د ‎i‏
‏«تيائرر» ‎playhouse (n.)‏ طقم أسنان. سيكة فضة ‏ يصفح
رع ارد يك بالصفيح. يطرق .يصقل
‎i e‏ قصيرة ‎playlet (n.)‏ الورق. يطلى بالفضة
مؤلف ررايات تمل ‎V)‏ بي طبق للزيئة. السهل ‎platean (n.) i‏
‎playwriter -‏ المرتفع «التجد»
ذريعة . إعتذار. عذر . دعرى .2168001 | رصيف المحطة #فى السكة )( ‎platform‏
‏إحتجاج . حجة الحديدة. أفريز. مصطة
يجدل . يضفر ‎pleach (v.)‏ + سياسة. برنامج. خطة. منبر."	al-shamil-dictionary
437	"رافر . كثير . خصب . ‎plenty (adj.n.adv.)‏ يدافع . برافع . يحتج ‎plead (v.) ٠‏
وفرة. كثرة. رخاء - بوفرة. يترافع . بتوسل
28( جد مبنهج . سار . مفرح . لطيف ‎Pleasant (adj.)‏
قابلية التكيف. لبونة. ‎gl | pliability (n)‏ ذعاية .قزر )1( /وامةتةعاز
قابلية الإنطراء. مرونة يستحسن. يُعجب. يرضى . بسر ‎Please (v)‏
سن . ‎s‏ الاخلاق ‎plisble(adi)‏ | على كيفك. كما يريد.  ‎_yourself‏
‏ملاءمة. ‎.Gty‏ مرونة - ‎pliancy (n.)‏ انت رشانك
قابلية الإنطراء من فضلك. أرجوك . إذا سمحت ‎١‏ فا0لا ا
ررادية ‎١‏ كماشة صغيرة طويلة(.7) 011655 | مسرور. فرحان (.ز24) ‎pleased, with‏
الفكين € سرور . إنشراح ‎pleasedness (n.)‏
يوعد . يماهد ‏ عهد . وعد . ‎plight (v.n.)‏ بهجة . فرح . سرور. لذة. ‎pleasure (n.v.)‏
ورطة. مازرق لهر. مشيئة. يبهج. بسر يرضى
قاعدة التمثال المربعة. الجزء ‎plinth(n)‏ | ابتقاء رجه الله ,41/6875 101000
السفلى من قاعدة العمود حب الرغبة. عندما يشاء ‎a_,‏
‏مزامرة. مكيدة. قطعة أرض . (0101)8:7 | بكل سرور ,_ ‎with‏
‏خريطة . رسم . ‎ake_in e i‏
تدبير - يضع خطة . يدبر كفالة. رهن . رهيئة . عهد . ‎pledge (n.v.)‏
, مؤامرة. يتأمر تعهد. ارتباط
المحراث ‏ يحرث . يشق (8.0) 010088 | خاتم الخطية. شرب النخب -
الارض. يعزق يشرب نخبة . يرهن . يتعهاد ب
‎Ploughshare (n.)‏ | ضماد. ضمادة ‎pledget (n.)‏
سن المحراث. سلاح المحراث مطلق . تام. كُلى . كامل ‎plenary (adj.)‏
خط المحراث ‎ploughshare (n.)‏ جزيل . ‎plenteous Vadiy 7o‏
يسلب. يحتال على ‎pluck (v.n.)‏ مخصب. غزير ‎plentiful‏
‏بفطف. يهدم يتف إقدام. ‎iy‏ شبع . فيض . ‎plentifulness (n)‏
جسارة. جراءة. ثلامة خمب
‎١ __away Syt‏"	al-shamil-dictionary
438	"يجمله في صبغة الجمع ‎pluralize (v)‏ | يخرب. يهدم ‎__down‏
‏زائد . مضاف . حقيقى . فعلى ‎plus‏ | يصغرك قدره 7
مرجب يستأصل. يقتلم -_
علامة الجمع أو الإضافة (+) 5088 جسور. شجاع - مقدام ‎plucky (adj.)‏
إله الجحيم عند الرومان ‎ -‏ (8) 1010 | غطاء . شدادة - يسد. ‎(n.v.)‏ عنام
بلاطون. بلونو «أصغر الكراكب؟ يحشى . يكبح
‎plum (m.) G5, | plutonic (adj.)‏
مختص بباطن الأرض . عبقرى ريش الطائر ‎plumage (n.)‏
علم الإقتصاد }.1( ‎plutonomy‏ ميزان البناء «لبيان استقامة (.07) ‎plump‏
‎pluvial } tadsi) s ot‏ الجدار». ثقل رصاص. يتسخدم
‎pluvious e‏ ميزان البناء. يختم بالرصاص
متياس الطر )0م ‎pluviameter‏ | سباك . سمكرى ‎plumber (n.)‏
ب ‎pluviometer‏ | فخر . شرف .علامة شرف. ‎plume (n.v.)‏
طية . ليه نزعة - يثابر . يشدد ‎Py (nv)‏ ريشة كبيرة. يزين بريش
فى. يفاضل . ينكب على سمين. بدين - ‎plump (adj.v.adv.n)‏
غازى . ‎peumatic , _al (adj.)‏ يسمن , يرمى . يطرح - بصراحة -
علم الغازات ‎pneumatics (n.j‏ جماعة. سقطة
النهاب الرئة ‎pneumonia Yo‏ امتلاء الجسم . سمنة ‏ )1( ‎plumpness‏
‏0060000 | بدين.سمين ‎plumpy (adj.)‏
يغورص فى الوحل . ‎(V) e‏ 00365 | ينهب. يغزو - ‎plunder (n.)‏
حرمة. يلب « الميدة سلب. نهب غنيمة
يقلى. يسلق. ينهب 3 . يفوص . يغطس . ‎plunge, 1010 (v.n.)‏
مرحل . لين رطب ‎poachy (adj.)‏ يلب فى - غطة. غطس. ‎iy‏
‏بثرة. حبة )( ‎١ pock‏ مقط . حمام للغطس ‎__bath‏
‏جيب . كبس . مال. ‎pocket (nadj.v)‏ | المقامر . القطاس )1( ‎plunger‏
‎Y‏ حببى . مالى - بضع فى صيغة ‎b‏ جنع ريم ‎plural‏ !
الجيب. يختلس وفرة . تعدد . كثرة تجمع ‎plurality (n.)‏ ا"	al-shamil-dictionary
439	"صراحة . علانية ‎__blank‏ | مفكرة جيب ‎book‏ —
يبين. ‎_out bt‏ | اموس جيب ‎dictionary‏ د
على وشك ‎atorin_,‏ | مصروف الجيب ‎__money‏
‏بداد. إلى الغرض المقصود ,_ 0788 | المتصرف. الخسارة ,_ ‎outof‏
‏مؤشر . دليل . كلب صبد  ‎opointer(n)‏ | ينشل. يسرق من الجيب .__ ‎pick‏
‏عقيم .بلا ‎g‏ . ثالم ‎post - office box (n.) pointless (adj.)‏ ,2.03
‎ke‏ 050 قل ‎poise(nv) Loy,‏ | صندوق البريد

سنجة - يوزن قرن.غلاف البذرة. جيب. ‏ )( ‎pod‏
‏سم شىء مهلك . سام. ‏ )1( 00508 قطيع. سرب - يتتفخ . يتورم

مسموم عرض النقرس ‎podagra (n.)‏
اللبلاب السام «نبات» ‎poisonivy (n.)‏ | خلخال الرجل. ‎podarthrum (n.)‏
سام .ممم . مفسد . قائل ‎(adj.)‏ 01508015 مفصل القدم
طعنة. كيس ‎poke(nv) el‏ | إست. ‎podex (n.) o‏

وخزة. يحرك النار. ينكش. قصيدة شعرية ‎poem (n.)‏

يزخر. ينطح علم العروض . الشعر ‎poesy (n.)‏
عنب الديب ه نات ف )1( ‎pokeberry‏ | الشاعر ‎poet (n.)‏
البوكيه «قبعة نسائية» ‎pokebonnet (m)‏ | شاعرة ‎poetess (n.)‏
المسعر «تضيب لإذكاء ‎poker(n) oLt‏ | شعرى. خبالى 0 ‎poetic, _al(adj)‏
قطبى . هاد. مركزى . محور ‎(i)‏ 80138 | قواعد النظم ‎poetics (n.)‏
صارى قائمة خشبية. عمود. ‎pole(n)‏ | شعر. قصيدة. علم العررض ‎poetry (n.)‏

صارى . قضيب . قطب شدة. حدة. صرامة 0 ‎poignancy (n)‏
بلطة الجتدى. ‎poleax, _e(n.)‏ شديد. حاد. اليم ‎poignant (adj.)‏

فأس الحرب سن . رأس . طرف . نقطة.  ‎point(nv)‏
‏علم الجدل. منافشة ‎polemics (n.)‏ درجة. هدف . موضوع ‎٠‏

مناظرة حالة . قصد - يصوب . يدد
يناقش . يناظر . يجادل  ‎polemize (v.)‏ يدل على . يشير إلى . يسدد . يمتاد

يصرب نحو أو على ‎—at‏"	al-shamil-dictionary
440	"قفا الرأس . مؤخر الرأس . ببقاء .(8.02) !801 | هاد . دليل . جم القطب . نجم ‎polestar (n.)‏
جدول . قائمة. أسماء منتخيين - الشمال. مركز جذب أهتمام
‎gk‏ بشق . يبثر. يجز. يقترع + البوليس. الشرطة . رجال ‎police (nv.)‏
جزية . خراج ‎—tax‏ الشرطة ‏ يحافظ على الامن
شجرة مشعبة . حيران ‏ (.8.0) ‎pollard‏ . يضبط الامن. ينظف المعسكر
مقطوع القرن. خلبط من محكمة ‎court o‏ —
الدقيق والنخالة. يشذب أر القسم. البوليس. قسم الشرطة ‎—station.‏
‏يقلم الشجرة مخفر الشرطة
حبرب اللقاح 3 فى النبات ‎pollen(m) v‏ | شرطى ‎policeman (n.)‏
يلقم ‎L‏ زيم ‎Pollinate ١‏ | حفظ الامن آر التظام 0 ‎policing (n)‏
ا 028 | بوليصة التامين.ضك ‏ ,_ ‎insurance‏
‏تلقيح البات ‎pollination (n.)‏ التأمين
يلوث . يدنس . يزنى بها ‎(V)‏ 0010016 | علل الأطفال «مرضض؟ ‎poliomyelitis (n.)‏
ملوث. مدنس . مزنى بها (.(04) 0000188 | يلمع . يصقل ‎polish(vn) iy,‏
تلوث . دنس . فسق . استمناء (.7) ‎pollution‏ يجلخ . يثقب ‏ تلميع. صقل .
صدمة. خبطة. ضربة ‎polt (n.)‏ تهذيب . تثقيف
تعدد الازراج ‎polyandry (n)‏ | بولتدى ‎Polish (ad}.)‏
حكومة الجماعة ‎Polyarchy (m)‏ | مؤدب. مهذب. مربى.  ‎polite (adj.)‏
فن الزخرفة بالالوان ‎polychromy (n.)‏ أديب. أدبى
تعدد الزرجات أن ‎polygamy(n)‏ | أدب.كياسة .تانب © (م) ‎politeness‏
‏الازراج أديب. سياسى .بير ‎politic (adj.)‏
كثير اللغات. متعدد  ‎polyglot (adj.)‏ بالعواقب. ذر دهاء .سياسى
اللغات ‎political (adj.) e‏
تعدد المعارف والعلوم ‎politician (adj.) e | polymathy (n)‏
ورم فى غشاء مخاطى. ‏ (.8) 00190 | علم السياسة . الأمور السياسية ‎politics (n.)‏
‎١‏ البرلب «الحيوانات المائية نظام الحكومة أو الدرلة ‎(n.)‏ لتنامع
‎i =‏"	al-shamil-dictionary
441	"فقير . مسكين . ركيك . ‎poor(adj)‏ | متفصل ار كثير  ‎polypetalous (adj.)‏

polysepalous (adj.) ‏متفصل السبلات‎ | the ‏الفقراء‎

صندوق الصدقات ‎___box‏ أو الكاسيات

الذكاة ‎__due‏ | متعدد الفنرن ‎(adj.)‏ له ‎polytechnic,‏

يزتى الذكاة ___ ‎pay the‏ 10 و الصنائع

—school  نرنفلاو ‏مدرسة الصنائم‎ 0070655 (n.) A

فرقعة . طلق نارى. ‎pop(nadivadv)‏ | شرا ‎polytheism (n.)‏
طقطقة . انفجار أغنية شعبية - مشرك رزفه) ‎polytheist‏
‏شعبى - يطل ‎U‏ يضرب رمان. شجرة الرمان )1( ‎pomegranate‏
‏بقزة. يفرقع . ينفجر - يضع يلكز . يلكم ‏ كرة . نتوع ‎pommel (vn.)‏
فجأة. بفرقعة علم الأثمار والفراكهة ‎pomology (n)‏

فشر . ذرة مشوية ‎_com‏ | عظمة. نخفخة. ابهه. موكب. )1( ‎POMP‏

يفلت فجأة. ‎_off J‏ محفل

pompous (adj.) ‏متباه. مفتخر‎ | __upon ‏ياغت‎

البابا «راس الكنيسة الكاثولكية» ‎pope (n.)‏ بحيرة صغيرة. بركة ماء . غدير .(.7) ‎pond‏

البابرية ‎popery (n.)‏ فسقية

ponder (n.) ‏يتمعن يتدبر‎ | popeyed (adj.) ‏اجاحظ العينين‎

شائع . شعبى . ‎popular (adi) .Gyl‏ | هام . خطير. لقيل . سمج ‎ponderous (adj.)‏
محبوب سمك البرك. سمك بلطى ‎pondfish (n.)‏

شهرا .رواج ‎popularity (n)‏ | كبر الكهنة . البايا ‎pontiff (n.)‏

pony (nv.)  ةصالخ.ريغص ‏حصان‎ | populate(v.) | ‏يعمر.يزهل بالكان‎

‎population (n.)‏ درس - يدقع
عدد السكان. شعب . مكان بركة . رهان مشترك . حوض . غدير )1( 0001
‎poop (n.v.) populous (adj.)‏
كثير السكان. عامر . آهل بالسكان مزخر السفينة - يفقع . يلطم . يفرقع"	al-shamil-dictionary
442	"porcelain (n.) e ‏خزف‎ | Portuguese (adjn)  ةغللا‎ . ‏برتغالى‎
‎porcupine (n.) ‏البرتغالية الشيهم ١حيوان ذو أشواك»‎

رضع مصطنع . وقفة . ركزة ‎pose (n.v.)‏ | سام الجلد ‎pores (n.)‏
- يحير بالاسئلة. يقف بوضع ‎porifecous (adj.) s‏
مصطنع الحم الخنزير .مال أو منصب  ‎pork(n)‏

معضلة. مشكلة )( :0056 | سمين. كالحنزير . مشحم. ‎(adj)‏ 000

موقع . موضع . وظيفة . مكائل.8) ‎e position‏
مركز . حالة فحش . دعارة. بعقاء (.8) ‎pornography‏

porosity (n.) Ll | positive (adi) . ‏إيجابى . مرجب . مثبت‎
porous (adj.) ‏حقيقى . أكيد ذو سام‎

قانون وضعى ‎_law‏ | عصيدة. حساء ‎porridge (n.)‏

القطب الإيجابى ‎pole‏ | مناء . بوغاز . فتحة . نمر . تصرف. (.08.)7

كمية إيجابية 3 في الجبر € ‎Sy —quantity‏ السفينة

علامة الإيجاب. علامة الإضافة ‎Sign‏ | يمكن حمله. يُحمل  ‎portable (adj.)‏
والجمع (+) شياله . نقل ‎portage (n.)‏

بكل تأكيد . فسرورة. ‎positively (adv.)‏ | آيه . علامة . ‎&y‏ . علامة شزم . ‎portent (n.)‏
حتمًا. إيجاييًا اعجوبة

يملك. بمتلك . يحوز ‎(v.)‏ 0055655 | منذر بالسوء. هائل . ‎portentous (adj.)‏
‎o‏ شزم. نحس

عليه عفريت. ‎possessed (adj.)‏ | شبال . عثال . حمال. حاجب  ‎porter (n.)‏
‎gt‏ معتوه مشال. أجرة الحمل ‎porterage (n.)‏

ملك . وضع اليد ‎possession (n.)‏ | نصبب حصة .قم ‎portion (n.v.)‏
حيازة. تملك انصيب - بقسم . يبوزع

تملكى . دال على ‎possessive(adi)‏ | صورة الشخص ‎portrait (n.)‏
التملك أو الإمتلاك ايرصف . يشرح . برسم . يصور ‎POMIBY (V.)‏

حالة التملك « فى النحو € ©28© _ | تصوير. شرح .رسم وصب ‎portrayal (n.)‏

واضع اليد . حائز . مالك )1( ‎possessor‏ | بلاد البرتقال ) ‎Portugal (n‏"	al-shamil-dictionary
443	"نسل . خلف . ذرية ‎posterity (n.)‏ | إمكانية. إحتمال ‎possibility (n.)‏
باب خلفى ‎Sl‏ (8) 00960 | ممكن. محتمل الوقوع. ‎possible (adj.)‏
‎postfix, see, suffix‏ ستطاع
مُعفى من أجرة البريد ‎postlree (adf)‏ | إن أمكن ‎i,‏
‏مولود بعد وفاة رالده ‎posthumous (adj.)‏ | من المحتمل. رما ‎possibly (adv.)‏
شرح . حاشيه. تعليق ‎opostil(mv)  -‏ | بادثة معناها : «وراء. بع ,_ ‎post‏
‏يشرح. يعلق على خلف. كائن»
مرزع البريد ‎postman (n.)‏ | مركز . مقام. منصب . وظيفة. ‎(n.v.)‏ 051
‎postmark (n.) 2‏ بريد . برستة مكان. محل .
‎post - meridian (P.M.) (adj.)‏ قائمة. صارية. عمود. محطة.
بعد الظهر ساعى البريد . مكتب البريد -
بعد اموت ‎post- mortem (adj.)‏ يرسل بالبريد . يسلم إلى ‎kA‏
‎pogtmortem examination ()‏ | يلصن إعلانا. ينقل حسابات من
تشريح الجثة بعد الوفاة دفتر إلى آخر. يرصد الحاب
بعد الولادة . عقب الولادة ‎postnatal (adj.)‏ يعين فى وظيفة يذيع , بدرج
دم ‎postnatal bleeding (n.) il‏ | بطافة بريدية ‎—card‏
‏يؤجل. يؤخر ‎١ postpone (v.)‏ مكتب البريد ‎office‏ —
حاشية. ملحق ‎post script (n.)‏ | حوالة بريدية ‎office order‏ -
يفترض . يدعى - ‎postulate (v.n.}‏ كريك . مجرفة ‎spoon‏ —
افتراض إدعاء آجرة البريد ‎postage (n.)‏
‎gk‏ .8 حلة. قدر. 0 (800)8 | طابع بريد ‎stamp‏ _
مصفاة كرش . اصيص . ابريق - بريدي ‎postal (adj.)‏
يضع فى ‎S‏ وعاء . حوالة مالية بريدية ‎__order‏
‏يكبس . يخلل . يزرع إعلان كبير . معلق الإعلانات (.8) ‎poster‏
‏عبوله . قصرية ,_ ‎posterior (adj)  .رخاتم i =Y | chamber‏
أصيص .- 6ه متخلف
يعطب . يتدهور ,_ ‎gote‏ | تأخر تخلف ‎posteriority (n.)‏"	al-shamil-dictionary
444	"فرخ . فررج . كتكوت () 2001 | إبريق الشاى ‎tea__,‏
‏فرارجى . بائع الطيور ‎poulterer (n)‏ | بشرب. صالح للشرب  ‎potable (adj)‏
يضع لبخة أو كمادة ‎poultice (vn) L‏ | علم الأنهر ‎potamology (n.)‏

لبخة. كمادة ‎Ly gy,‏ ل( المصمامم
الدجاج . الطيور الداجنة ‏ (.8) 00019 | - ‎potassium g‏
‎b,‏ جنية . شفخانة ‎ -‏ (8.0) 20080 | جرعة. شربة. مشروب 0 ‎potation (n)‏

يدق . يسح بطاطس . بطاطا ‎potato (n.)‏
يد الهاون . مدقة ‎pounder (n.)‏ | بطاطس 1 ‎potatoes (n.) Cglar‏
اسحق. جرش ‎pounding (n.)‏ | اقتدار. تأثير. سلطة . ‎potency (n.)‏
يصب . يسكب . يسفك . يسيل 0:7.1) 005[ نفوذ. سطوة

يتدفق - تدفق مقتدر . مؤثر . فعال ‎potent (adj.)‏
‎B‏ حاجة ‎Ppoverty (n.)‏ | ملك . عاهل . صاحب  ‎potentate (n.)‏
مسحوق . بارود . تراب _ ‎(n.v.)‏ ]0106م نفوذ. سيد. مسيطر

يسح . ينعم كامن . محتمل الوقوع (.0(.0ة) ‎potential‏
‏قوة . امكان . قدرة . شدة ‎power (n.)‏ القوة الكهربائية . جهد
قوى . مقندر . تال ‎powerful(adl)‏ | القرة الكامنة ‎__ability‏
‏ضعيف.عاجز ‎it | Powerless (adj.)‏ احنمالية ‎potentiality (n.)‏
مرض الجدرى ‏ مرض الزهرى ‎POXI)‏ | خمارة ‎pothouse (n.)‏
ممكن إجراؤه ‎Ppracticable (adj)‏ | جرعة دواء .م) ‎potion‏
‏فعلى . عملى .اجرائى ‎practical (ad)‏ | غطاء القدر او الحلة 00 ‎pot-lid(n)‏
‏فى الواقع. ‎Ui‏ . عمليًا ‎practically (adv.)‏ يتلكا . يدفع . بحرك . يشوش . (.2.7) 01165[
تمرن . مزاولة .مارسة ‎practice (n.)‏ يزعج - الفخرانى
يتمرن. يتمرس . يدرب . ممارس ‎PrRCtSE(v.)‏ | دولاب الفخار ‎potter wheel (n.)‏
الممارس . مزاول ‎practitioner (n.) G5‏ | نخار . صناعة الفخار ‎pottery (n.)‏
المارس العام.طبيب عام ,___ ‎general‏ غلاية. بكرج ‎pottle (n.)‏
واقعى . عملى ‎Pragmatic, _al(adi).‏ | محفظة .كيس . جيب ‎pouch (n.v.)‏

اجرائى . مادى. حشرى. فضولى حرصلة - يتلم"	al-shamil-dictionary
445	"يتقدم على . يحدث قبل . بفوق ‎precede (v.)‏ | نجد أجرد. .‘,'44,,.5;. ‎prairie (n.)‏
قاعدة أخلاقية . مبدا . وصية ‎(M),‏ 0160801 | صحراء مخضرة
& يماح . يثنى على . يشكر - ‎praise (vn)‏
نفيس . ذو قيمة عالية . ثمين ‎precious (adj.)‏ مدح.ثناء. شكر
هرة . وهدة. جرف ‎precipice (n.)‏ | يتحت الثاء أن (.ز24) ‎praiseworthy‏
‏متهور . طائش . ‎precipitate (adj.v.)‏ الحمد
مندفع - يتهور. يندفع . بورط. يسرع يقفز . يثب . يظفر . يتبختر  ‎prance (v.n)‏
مضبوط . متقن . محكم  ‎precise (adj.)‏ - قفز ‎Ay‏
‏يمنم . يحرم . يحجز عن ‎fp | preclude(v)‏ يرفى . يتكم ‎prattle (v.n.)‏
يدرك مسبقًا. يسيبق ‎PRECONCEIVE (V.)‏ كالأطفال ‏ ثرثرة
فيتصور برغوث البحر ‎prawn (n.)‏
يقدم التاريخ. سبق ‎predate (v.)‏ | امثلة للتمرين . تمرن. نمربن  ‎praxis (n.)‏
سلبى. ‎oy‏ 0000862003 | يصلى . يترسل ار يتضرع إلى )( 85
‎predatory‏ | صلاة. توسل . التماس . مصل ‎prayer (n.).‏
‎predecessor (n.) L‏ مُهل 1
‎predestinarian (adj.n.)‏ اسبحة ‎beads‏ —
قدرى - معتقد بالقضاء والقدر إمام ؛ فى الصلاة ؟ ‎—leader‏
‎predestinate (v.adj.)‏ | سجادة الصلاة ‎—rug,‏
‏يقضى ويقدر - مقدور . مقدر تقى . كثير الصلاة 0 ‎prayerful (adj.)‏
قضاء وقدر ‎predestination (n.)‏ | تارك الصلاة. غير مصل ‎prayerless (adj.)‏
‎Gy‏ فيقدر . يقضى ويقدر ‎B2l predestine (v.)‏ معناها : اسابق . متقدم. قبل .882
أرضى . عقارى ‎predial (adj)‏ | بعظ .يشر ‎preach (v.)‏
ورطة . حال . مأرق حرج ‎predicament(n.)‏ | معرفة سابقة  ‎preacquaintance (n.)‏
مبشر. واعظ ‎predicant (n.)‏ | ديياجة. مقدمة. تمهيد ‎preamble (n.)‏
يعزى إلى . يعلن . ‎precative } (adj) s predicate (v.n.)‏
يصرح . ينسب - المسند «فى ‎precatory‏
‏النحوة. الخبر حذر. محترس ‎precautios (adj.)‏"	al-shamil-dictionary
446	"تحامل . إجحاف .ميل . ‎prejudice (W)‏ | يتكهن .يتنبا ب . ينذر ‎predict (v.)‏
تعصب. ضرر ‏ تحامل على 55 تكهن . إخبار بالمستقبل )( ‎prediction‏
‏يضر . يتحبز . يؤذى ما قبل الإسلام  ‎Pre - Islamic (adj)‏
أسقف . مطران ‎prelate(n.)‏ | عصر الجاهلية 5 --
يلقى خطابًا ‎)l‏ محافسرة. ‎prelect (v}‏ | يعد مبقًا. يدعوا إلى . ‎predispose (v.)‏
يحاضر يجمله ‎I‏
‏خطاب. ‎iz, | 0081661008 () i st ik‏ يتسلط . يسوة ‎predominate (v.)‏
‎preliminary (adj)‏ | على
أولى . ابتدائى . تحضبرى . تمهيدي فاتحة . مقدمة . دبياجة - ‎preface (n.v)‏
‎s‏ مقدمه. مطلع ‎prelude (n.v.)‏ يستهل . يفحح
موسيف . نوشيح - يستهل . يفتتح تمهيدى . رزيم ‎prefatorial y‏
استهلالى . إنتاحى ‎prelusive (adj.)‏ استهلالى . انتاحى ‎prefatory‏
‎Gl‏ وفته . قبل أوانه ‎premature (adj)‏ | رئيس بلدية . حاكم مقاطعة ‎prefect(n.)‏
‏يصر على . يتبصر ‎premeditate (v.)  .‏ أو ‎e‏
‏يتعمد. يسبق فيقصد بفضل . برقى . يقدم . يرقع 0 ‎prefer(v.)‏
‏إصرار . تعمد ‎premditation (n.)‏ | تفضيل . افضلية . ابثار .2; ‎preference (n.)‏
‎premia (sign, premium) (n.)‏ | اداة سبق . مقطع فى أن 0 ‎prefix (nv)‏
دفعات. أقاط .ذل الكلمة  ‎Gy‏ الكلمة بوصلة
رئيس الوزراء - أولى . ‎premier (nadj.)‏ يحدد مقدمًاً
) توريق فى النبات  ‎prefoliation (n)‏
رئاسة الرزراء ‎premiership (n.)‏ | حمل . حمل . خطورة.  ‎pregnancy (n.)‏
قسط ‎premivm (n.)  .ةاقاكم s,‏ أهمية
أجرة. ربح حمل كاذب ,_ ‎phantom‏
‏مرغوب فيه. مطلوب .© !8 | حبلى . حامل . مشمر.  ‎pregnant (adj.)‏
مدفوع مقدنا (.زهه) ‎prepaid‏ مثقل ب. مخصب
‎preparation (n.)‏ | يحكم مقدما. يحكم ‎prejudge (v.)‏
تجهيز . إعداد تحضير . استعداد مسبقا «بكل معرفة الرائع +"	al-shamil-dictionary
447	"يُقدم ‏ يهدى ‎(adj.)‏ 20856018018 | إعدادى. تحضيرى (./24) ‎preparatory‏

إهداء. عرض . تقديم. ‎presentation (n)‏ | مدرسة إعدادية ‎__school‏
‏إظهار يعد. يجهز. بحضر ‎prepare (v.)‏

preponderate (v.) Gy ‏يرجح على.‎ | —COPY ‏نسخة هدية‎

هاجس . شعور داخلى ‎presentiment (n)‏ فى الوزن

حفظ . إبقاء . صيانة. ‎Preservation (n)‏ | حرف جر . حرف إضافة ‎(n.)‏ 01600511008
وقاية ‎Gy‏ فيمتلك. يتملك ‎prepossess (v.)‏

حافظ وا اق ‎preservative | p ﬂd/__).\..'‏ سبق

الفاد أو التعفن ‎preservatory‏ | له نفوذ. مسيطر ‎prepotent (adj.)‏

يحفظ. يصرن. يخلل. ‎PRESETVE (VD)‏ | يصف اعلاجاء. يمين. )1( ‎prescribe‏
‏يحمى - طبخ الفراكه. يفرض . يأمر ب

Prescript(n.) . ‏فرض. موصوف. وصفة‎ | Preserves(n) ‏المحفوظة. مربى‎ oY S0t

يترأس. بتصدر يشرف على ‎preside (v)‏ فترى

prescription (n.) € bt ‏فرض. وصفة‎ | Presidency (n)  ةسائر ‏مدة الرئاسة.‎

رئيس . زعيم ‎resident(n)‏ | روشتة, تذكرة طية. إرشاد.

حصن. مركز الجرس 0 ‎presidio (n.)‏ شورة. التقادم. مرور زمن

الصحافة. طباعة. مُطبعة. ‎(V)‏ 5 | حضور. رجود. مقرية. ‎presence (n.)‏
اردحام . مكبس معصرة. هيئة. طلعة
ضرورة. لزرم - يجبر. يلزم. ‎__chamber‏
‏يتوصل . قاعة الإستقبالات (كبار الزوار)

يستعجل. بحث. يستفر . ‎Gl‏ سرعة الخاطرة ‎—of mind‏

عصارة الفراكة ‎fruit‏ | بحضور. امام ‎inthe _of‏

نحت الطبع ماءاة ل | هدية ‏ حافر. حالى . (.[8.80) ‎present‏

‎Liberty of the _,‏ موجود
حرية الصحافة واللطبوعات اسم الفاعل فى «اللحوء ‎__participle‏
‏وكالة إعلان ) 7 ‎agency‏ 21655 | صبغة الفعل المضرع 0
يهدى. يعطى. ‎o‏ يقدم ‎present (v.)‏"	al-shamil-dictionary
448	"خارق للعادة أر ‎pretematural (adj)‏ | كبس. ضغط - ‎pressing (n.adj..)‏
للطبيعة. شاذ ضرورى هام. مستعجل
خوارق ‎١ phenomena‏ مطبعجى. طباع ‎pressman (n.)‏
يجرى ‎pretest(vn) ULl‏ | ضغط. عصر. ‎pressure (n.) . oS‏
اختبار أولى الحاح. تضيق
علة. زعم. حجة. ‎opretext(n) ool‏ | هيية. اعتبار ‎prestige (n.)‏
يجمل. بحسن ‎prettify (v.)‏ | حدسى. تخمتى ‎presumable (adj.)‏
ظرف. ملاحة. كياسة. ‎prEttiness (n.)‏ | يظن. يحسب. يخمن. ‎presume (v.)‏
لطف. ظريف.  ‎pretty (adjmadv)‏ | اتراض. حدس ‎presumption (n.)‏
جميل. وسيم . بارع - شئ أر تخمين. احتمال. رقاحة.
شخص ‎e‏ ملابس أنيقة - غطرسة. جرأة
نوعا. إلى حدما التراضى . تخمينى . ‎presumptive (adj.)‏
العقدية ‎pretzel )6.( oy Kt‏ حدسى
يعم. ينتشر. يغلب. يسود ‎(V)‏ 00898 | يتضمن. يستلزم. يعنى ‎(v.)‏ 185007056
سائد. منتشر. ‎prevailing‏ | حجة. دعاء. علة. صورة ‎pretence (n.)‏
مسلط غالب ا ‎prevalent‏ | عر
‎prevalence (n.) Bl‏ | يدعى. يتظاهر. يتعلل.  ‎pretend (v.)‏
يخدع. يخادع. يرارغ ‎prevaricate (v.)‏ يزعم. يتظاهر ب
مخادعة. ‎prevarication (n.) iyl‏ | حجة. ادعاء. كبرياء ‏ )1( ‎pretension‏
‏مائع . مدعى . سالف. (04) ‎prevenient‏ | متعجرف. متكبر. ‎pretentious (adj.)‏
متقدم متظاهر
‎e‏ يصد. يعيتى . ‎preterit,---e (adjn.)  .تناف . sl | prevent, from(v.)‏
يرتف مالف صيغة الماضى
منع . صد. منع .إيقاف (.8) ‎prevention‏ | حادث قبل اموت ‎preterminal (adj.)‏
متقدم سالف. سابق ([8001005)54م | يحذف. يُمهل. يقطع . )1( ‎Pretermit‏
‏سابقا. من قبل ‎previously (adv.)‏ يتجاوز عن"	al-shamil-dictionary
449	"ابتدالى. أولى ‎primary (adi)‏ | ينذر ‎previse(v.) Sy G‏
مدرسة ابتدائية ‎school‏ | بصيرة. إدراك ‎prevision (n.)‏
رئيس أساقفة ‎primate(n.)‏ | فرية. غنيمة. سلب. يسلب ‎prey (M)‏
مطلع . فائحة. صدر. (7 :[ف8 .8) 05008 | ينهبا. يفترس

الساعة الأول من النهار. فجر يفتك ب. يفترس. ‎—on‏

شباب. ريعان ‏ أصلى . أولى + ينهك } ‎upon‏ _—

رئيس . يعمر «البندقية». يُلقن. حيوان مفترس ,_ ‎beastof‏

يملا. يتخم «بالطعام؟ طير جارح ,_ ‎birdof‏
‏الثمن الأصلى > .| ثمن . قيمة. سعر - يلمن يسعر ‎Price (N.V)‏
رئيس الوزراه ‎__minster‏ | مثقب . شركة. سيخ . نقطة ‏ (.0) ‎prick‏
‏عدد أولى ‎number‏ _ يثقب. يخرق
ربيع الحياة ‎_oflife‏ | شوكى. ذو أشواك . كثير ‎prickly (adj)‏
ريمان الثباب ‎—of youth‏ الأشراك
فتيلة. كبسولة. كتاب.  ‎oprimer(n)‏ | حمر النيل 81 --

مبادئ القراءة التين الشوكى 087-_
فطرى. ذاتى . أصلى . (./04) ‎primeval‏ | كبرياء. عجب. تكبر. عزة (8.7) ‎pride‏
‏بدائى. أصلى. أولى . (زة) ‎primitive‏ | فخر- يتباهى. يعتز. يتفاخر

prideful (adj.) ‏ساذج متكبر. مثياء‎ o
priest (n.) ‏القس. قي كاهن‎ | prince (n.) ‏ملك. أمير‎
prig (n.) ‏التزمت. اللص‎ | princedom (n.) ‏إمارة‎
‎prim (adj.v.) - ‏مدقن‎ .Gl ‏متكلف.‎ | princess (n.) ‏أميرة‎
‏يزرق. يزخرف‎ principal (n.adj.) -3, ‏رأس المال . شئ‎

زعيم. مدير - رئيس . أسقفية. رئاسة الأسقف (يم) لإممساام

primal ad)  ىلرا ‏ريى. اعلى.‎ g
primarily (adj.v.) ‏أرلاً. فى الاصل . أصلاً‎ principality (n) 43, . ‏إمارة. مقاطعة‎"	al-shamil-dictionary
450	"بالتوكيل . بالنبابة عن - ‎pro (advaad))‏ | مبدا. قاعدة اساسية . عقيدة (.م) ‎principle‏
‏محترف. مؤيد ) . مذهب . أساس . أصل . ركن
مركب شراعى سريع (0108)0 | يطيع. يستخرج. بيصم - (7.0) 001
إحتمال. إمكان ‎probability (n.)‏ صورة مطبوعة. طبعة. أثر
ممكن. راجح. محتمل ‎probable (adi)‏ | نفذت طبعته _ ‎outof‏
‎UL‏ صحة الوصية ‎probate (n.)‏ | صاحب المطبعة. مطبمجى. ‎printer (n.)‏
‎probational, .‏ آلة طابعة
تحربى فحص ززم) [ ‎probationary‏ | خطأ ‎__eror ok‏
يبر .يجس ‏ مسبر.مجس (00008)0.0 | سابق. متقدم. مالف ‎prior(adj)‏
‏استقامة. نزاهة. استقامة ‎probity (n)‏ | أسبقية. ‎Ll‏ أقدمية ‎priority (n.)‏
مشكلة. مسألة. ‎problem(n) dan‏ | دير. صومعة ‎priory (n.)‏
ميهم . مشكزا ‎problematic. --- al (adj.),‏ | منشور اشكل هندسى)؟ ‎prism (n.)‏
غير ثابت اسجن. حبس = يسجن ‏ (8.0) 8500م
حلال المشاكل م ‎problematist‏ يحبس )
‎problemist‏ السجين. الاسير ‎prisoner (n.)‏
إجراءات . إجراء . تصرف . (.8) ‎procedure‏ | خلوة. عزلة. خفاء ‎privacy (n.)‏
الخطوات أر الطريقة خصوصى . ذاتى . ‎private (adj.n.)‏
قانون المرافهات ‎codeof‏ شخصى. سرى. جندى (نفر)
الإجراءات القانونية ‎in_ T | Legal‏
ينتقل. يتقدم بياشر.  ‎proceed (v‏ | العورة ‎the _parts‏
يشرع القّل والذير ‎and back _ parts‏ مووز
يصدر عن. ينبثق من ‎from‏ | على حدة. على انفراد ‎privately (adv)‏
تصرف . سير . ساثر. خطة ‎proceeding (n)‏ | حرمان. فاقة. عوز 0 ‎privation (n.)‏
سجل أعمال ‎s‏ | امتياز. ميزى. رخصة. (0.7) ‎privilege‏
‏إيراد. دخل . متحصلات (.8) ‎proceeds‏ حق . بمنحه امتيازاً ار ‎G‏
‏| حطة. طريق سير ( 03) 0006888 | جائزة. غنيمة . ربح - ثمين . ‎prize (n.v.)‏
‎١‏ تدرج - تقيم دعرى ابل يقدر"	al-shamil-dictionary
451	"تدنيس القدسات. ‏ )1( ‎profanation‏ | تُحضر ‎server LSl‏ _
انتهاك الحرمة تم الإعداد )1( ‎processing depitment‏
ينتهك - & يدنس - ‎processing equipments (1.} profane (v.adj.)‏
متحد. كافر أجهزة التشغيل
الحاد. كُفْر مان[ ‎profaneness‏ | موكب. احتفال. إنثاق ‎procession (n.)‏
انتهاك الحرمة ‎profanity‏ | يصرح.يين. يظير. ينيع ‎proclaim (v.)‏
يعترف ب. يقر ب. يعلن ‎Profess (v.)‏ | إعلان. إظهار . إشهار )1( ‎proclamation‏
‏علانية ‎professcdiy (adv.)‏ استعداد. ميل . إتحدار . (.01) ‎proclivity‏
‏احرفة. مهنة. عفيدة  ‎profession (n.)‏ قابلية
إختصاص . ‎professional (adj.)‏ نائب قتصل ‎proconsul (n.)‏
أخصائى. مؤهل يماطل. يمهل. بسو ‎procrastinate (v.)‏
‎gz | professional education (n.)‏ يخلف. ينجب  ‎procreate (v)‏
التاهيل التربوى نائب. وكيل. مدير . ناظر ‎proctor (n.)‏
‎professional ethics {n.)‏ | تفريض. تركيل. ‎procuration (n.)‏
أخلاقيات الهنة وكالة. إدراك. إجراه
تريب مهنى )1( ‎professional training‏ | ينال . ينجز . بدرك. يدبر . يقود ‎Procure (v.)‏
‎professorin)  .ةةعماج it S‏ | مسرف. ‎prodigal (n.) S‏
العلن. المصرح تبذير. إسراف. تبديد ‎prodigality (n.)‏
‎s‏ الاساتذة ‎professoriate (n.)‏ يبذر. يرف. يدد ‎prodigate (v.)‏
الأستاذية. منصب ‎professorship (n.)‏ | ضخم. هائل ‎prodigious (adj.)‏
الأمتاذ ينتج . يعطى . بثمر ء () ‎produce‏
‏يقدم 5 على . عرص (.7.8) :01018 يرجد. يخلف
كفاءة. براعة مهارة. )( ‎proficiency‏ غلة. نتاج . محصول النائج. ‎product (n.)‏
برور. تفرق حاصل عملية الضرب
ض متقدم. ماهر (20[.0) ‎proficientin‏ | إنتاج. الانتاج. ‎production (n) U‏
نارغ الخخير مثمر ‎g,‏ . مخب (00) ‎productive‏"	al-shamil-dictionary
452	"تقارير المنابعة ‎reports‏ — المظهر الجانبى. رسم المنظر ‎profile (n.v.)‏
تقدم. تعاتب ‎progression (n.)‏ الجانبى . لمحة عن حياة شخص .
متقدم. متدرج. ‎progressive (adj.)‏ يكتب لمحة عن حياة شخص
متجدد مكسب. نفع . قائدة د 0 ‎profit(nv)‏
‏يحرم. بحظر ‎prohibit (v.)‏ يكسب. يرشح. يتفم
محرم. محظور  ‎prOhibited (adj)‏ | يريخ ‎profiteer (v.) U by‏
تحريم. خطر ‎prohibition (n.)‏ | غير مكسب .عديم النقع ‎profitless (adj)‏
مشروع. تصميم. عزم. ‎PIOJECK(AV.)‏ | فجور. خلاعة. تناد ‎peofligacy (n.)‏
قصد. خطة ‏ يرسم. يخطط ‎profligate (adj.) oo‏
يظهر. يقصد. بنرى متعمق . عمق . متبحر ‎profound (adj.n.)‏
قذف. القاء. خررج ‎projection (n.)‏ - أعماق البحر
نوه - تدير. خطة بعمق. متعم ((0ة) ‎profoundly‏
‏إبرارى. إسقاطى . ‎projective (adj.)‏ | كثير. فياض ‎profuse (adj.)‏
الهندسة الإسقاطية 007 | كثرة. فيض . إسراف ‏ (-8) ‎profusion‏
‏جهاز العرض فوق ‎١ projector (n.)‏ خلف. ذرية. سلالة ‎progeny (n.)‏
الرأس . آلة عرض الأفلام تشخيص 31 الطب ‎(n.)‏ 030800515
واضع الخطط . المخترع دلالة. إنذار
نلوء. تروز ‎projecture (n.)‏ | ينذر ‎.o‏ يدل على ‎prognosticate (v.)‏
اسقوط. نزول هبوط -(8.7) 00018058 | مبرمج ‎programmatic (adj.)‏
يهط . ينزل. يتدلى برنامج . لائحة. ‎program‏
‏مطول. طويل. سهب ((24) ‎PROK‏ | يريج مول ‎programme‏
‏إسهاب. تطويل م[ ‎programmed Instruction (n.) prolixity‏
‎prolixness‏ | تعليم مرج
مقدمة استهلال. تمهبد ‎(nV.).‏ 000108008 | يتقدم. ينجح. ,& - ‎progress (n.v.)‏
يمهد. يستهل تقدم. ارتقاء
يطول. ‎polong(v) ki‏ | تحت التفيذ [
‎L 0‏"	al-shamil-dictionary
453	"دليل . حجة . برهان . نجربة . ‎proof (n.adj)‏ | إسهاب . تطويل . تأجل ‎prolongation (n.)‏
بروفة مسودة اشئ مطبرع!. ارتفاع ‎o‏ سمو بم( ‎prominence‏
‏أصم, لا يؤثر فيه شئ. لا شهرة. تفرق . يرز 3 ‎prominency‏
‏ينفذه شئ بازز . سام. مرتفع . شهير ‎prominent (adj)‏
مسودة شئ مطبوع لمزاجمتها 5880 | عهد. وعد. تعهد ‎Promise (LV.)  -‏
لا ينفذه الماء الا يرهد. يتعهذ ب
يساند. يساعد. يعضد. ‎prop(vn)‏ | نقض العهد ,_ ‎breakof‏
‏يقروى ‏ عماد. سند . دعامة مأمول .يرج منه . واعد ‎promising (adj.)‏
الدعاية. نشر الدعوة ‎PrOPaganda(n.)‏ | يرفى. برفع. يشجع .0 ‎promote (v.)‏
ينشر فكر أو رأى ‎propagandize (v.)‏ بررج. ينج
أر دعوة ترقية . رفع «المركز؟ . () ‎promation‏
‏ايث. ينشر. يذيع ‎٠ 020038816 (v.)‏ ترربج
يدفع. يسوق. يسير ‎propel (v.)‏ | مستعد. افر . سريع . ‎Prompt (adj.0.v)‏
‎propeller (v‏ | شاهب ‏ أجل . فترة. مهلة.
رفاص «السفينة». دافع أو محرك يوم الدفم . بحض. بحث . يلهم
‎propendent(adi) Bl . s‏ | يشهر. ينشر. يذيع 0 ‎promulgate (v.)‏
متعدل. ميال إلى ‎propense (adi)‏ | مائل. متحدر. منحن  ‎prone(adf)‏
‏ميل . استعداد قابلية. ‎(n.)‏ 0000805508 | إحدى فرعى الشركة .عبة. سن ‎Prong(n.)‏
‏تحفز. شوق الفصمير افي ‎pronoun (n.) Ut‏
لائق. صائب. مناسب. ‎proper (adj)‏ | اسم الإشارة ,__ ‎demonstrative‏
‏موافق بير شخمى ,_ ‎personal‏
‏اسم علم ‎noun (n.)‏ 010087 مير التملك ,_ 053633176
كما بحب. بلياقة 0 ‎Properly adv)‏ | مير موصول ,_ ‎relative‏
‏خاصية. خاصة. ملك. ‎(n)‏ 000880 | يلفظ. ينطق ‎pronounce (v.)‏
عقار. صفة صريح . مزكد. قطي ‎pronounced (adj)‏
نبوءة. نبوة. ابناء )( ‎prophecy‏ | لفظ. نطق. بس[ ‎pronouncement‏
‏باب ) 1( ‎pronounciation i prophesy‏"	al-shamil-dictionary
454	"يحكم على . بصادر. يمنع )1( ‎١ Proscribe‏ لبى. رسول ‎prophet (n.)‏
الحكم على شخص )1( ‎proscription‏ | آل اليت ‎the family of the P‏
‎il‏ أو الإعدام مختص بالنبوة. ‎(adj.)‏ له ‎prophetic,‏
‏محرم. تحريمى ‏ (241) ‎proscriptive‏ لبوى
نثر. النثر ‎k.‏ . يكتب ‎prose (nvadj)‏ | السيرة النبوية 0 ‎the P__biography‏
نثرأ - نثرى يوفق بين . يستعطف . يصالح (1) ‎propitiate‏
‎o~‏ 70204 | تناسب.نسبة. معادلة. ‎proportion (n.v.)‏
بواظب على . يتبع . ‎prosecute (V1)‏ قياس . حصة - ينسق. يوفق . يطبق
يلاحق. ينجز ‏ الحاكم. بالنسبة إلى ‎in__to‏
‏القاضى يناسب. يوفق - ‎proportionate (v.adj.)‏
رفم دعوى . مقاضاء . )( ‎proscecution‏ متناسب. متتاسق
محاكمة. متابعة مختل التناسب أو ‎proportionless (adj.)‏
المراظب . المثابر . المدعى ‎prosecutor (n.)‏ الناسق
علم المرورض والقوافى ‏ (8) ‎prosody‏ | عرض إنتراح. مشروع. ‎proposal (n)‏
أمل. إنتظار . صورة. ‎prospect (n.v.)‏ خطة مقترحة
منظر - ينقب. يفتش عن يخطب ‎__of marriage‏
مأمول. مرجو.  ‎prospective (adj.)‏ | يعرض. يطرح ‎UL,‏ يقترح ‎propose (v.)‏
ينجح. بفلح. ير ‎prosper (v.)‏ الزراج . يعتزم
« ير . رخاء رفاهية. ‎prosperity (n)‏ | موضوع . اقتراح . طلب ‎proposition (n.}.‏
نباح. فلاح رأى. جملة خبرية. بيت
| فراليد ‎in_‏ القصيد. قضبة
‎٠‏ فى الس والشراء ‎adversity‏ 400 18 | بورد . يعرض .يبسط يقدم 1.1( 00800000 ٍ
أ تلق تاجح موسر (./80) ‎١ prosperous‏ صاحب املك . امالك 1( ‎proprictor‏
‎prostate gland ).(  اتاتس‎ Sk |‏ | مرافقة . مناسية ‎G}‏ أدب 0 ‎propricty (n‏
! ) عد الروستاتا ‎prostatitis‏ | يؤخر. يعطل . يعر 10020 |
عادى . ركيك , نثرى ‎el‏ سو"	al-shamil-dictionary
455	"حكمة. قول مألور ‎proverb (n.)‏ المرسس. العاهرة ‎prostitute )0.7.(  -‏

بمد. يزود. بمون ‎provide (v.)‏ يدفعها إلى البغاء

prostitution (n.) ‏فق‎ .Uy ol | __against ‏يتأهب. يتعد‎

يحتاط. يِل ‎for‏ | مرتكب الفحشاء. عاهر )1( ‎ProSUtutor‏

prosteate (v.) (adj.) ‏يسجد. يتبطع.‎ | with ‏يتزرد - يزود‎

بشرط ‎provided that(conj) ol‏ | يطرح - منبطح. متمدد. ماجد
شريطة أن يحمى. بصرن. يحفظ ‎protect (b.)‏

رقاية حماية. 45 . ‎protected by copyright providence (n.)‏
حيطة. العناية الإلهية حقوق النشر محفوظة

دائرة . اختصاص . عمل . )1( 21071068 | حماية . صون . حفظ . وقاية (8) 101601000
وظيفة. أقليم. مقاطعة. مديرية حافظ. صائن. راق ‎protective (adi)‏

فروى . ريفى . مختص ‎provincial (adj.)‏ | تحت حماية دولية.  ‎protectorale (n.)‏
بالاقاليم أر المدبريات اللحمية. حكرمة الرصابة

أهبة. استعداد . شرط . ‎provision (n.v.)‏ يحتج . يعارض - إحتجاج . ‎protest (v.n.)‏
‎B2‏ مؤونة - بجهز 033 يمون اعتراض

protestant (adj.n)_ ‏بروتستائتى‎ g | Pprovisions ‏ماكولات. مؤونة‎

ات : ‎provisional‏ البروتستانتى ‏ المحتج

protocol (n.) ‏اج‎ . provisionary } (ad/.))}; ‏ب‎

بند شرطى. شرط ‎Proviso(n)‏ | بمد. ببسط. يعوق. يؤخر ‎Prowact (v.)‏

بثير . بهيج . يستفز . يغضب ‎provoke (v)‏ | المنقلة. مقياس الزوايا _ )1( :50053010

مقدمة السفينة . مركب . سفينة )1( ‎PIOW‏ العضلة الباسطة

قريب. ملازم 00 ‎proximale(adi)‏ | يقذف. يدنع . ييرز. يتا )( ‎protrude‏

protuberance (n.) ‏سنام. بروز‎ | PROXIMIY (M)  .راوج‎ . ‏قرابة . ملازمة‎
proud )04/.(  خماشتم‎ . ‏متكبر‎ G e ‏قريب‎

_of ‏فخورب‎ | prudence (n) ‏تبص فطئة نصيرة‎ e

| بقلم. يهذب. بشذب .000080083 | يرهن. يبت م ‎prove‏"	al-shamil-dictionary
456	"صيت. شيوع. نشرة. ‎publicity (n)‏ | عتلة. ترس - يرفع بعتلة . ينفرس ‎PRy (M)‏
انتشار. ‎e‏ ترئيل . ترئيم ‎psalmody (n.)‏ :
جهاراً. علانية ‎publicly (adv.)‏ | كتاب الترتيل . كتاب المزامير )( ‎psalter‏
‎S‏ يشيع. يذيع. يطيع ‎publishn)‏ | ربابة ‎i‏ مرسيقية» ‎(n.)‏ لمعالققع |
اشر ‎publisher (n.)‏ | مهلرس «عقارة  ‎psychedelic (adj.)‏
خجل . استحياء ‎pudency(n)‏ | ررح . عتلى ‎(adk)‏ اد ‎psychic,‏
‏المزرة ‎pudendafn)‏ | سيكولرجى . مختص ‎psychologic __al‏
حجل. حشدمة. طهارة ‎padicity (n)‏ بعلم النفس
يشخ . بنهج . نفخة . لهث . فطرة 00009.03 | عالم بعلم النفس ‏ (.0) ‎psychologist‏
‏القت ‎puffin(n) 15 Ao‏ | علم النفن ‎psychology‏
‏متفرخ . وارم .صمبن . مخرور (:[4ه) لام الزاحف الجتح ‎prerodactyl (n.) b‏
الملاكمة ‎pugilism {n.)‏ الزواحف الطائرة المنقرضة؟ 1
الملاكم ‎pugilist(n.)‏ | بطليمرسى ‎(adj.)‏ عتممعامط
ينقيا ‏ قئئ. ‎o‏ 0م ‎puke‏ | الم سن البلرع ‎puberty (n.)‏
يجر. يبحب يشد. ‎W | pull V) L‏ العانة ‎pubes (adj.n.)‏
يمزق ‏ جرة. نتشة. قلم شائع. مشهرر. غام. ‎public (adjin)‏
يهدم. ينكس ‎down‏ — عمومى - الجمهور
خلم. يقلم ‎off‏ | أموال أميرية. أموال الحكومة ‏ 2/005 |
يقلم . يتامل ‎Bl | _out‏ مخل بالآداب العامة ‎_indecency‏
‏يوقف. يصد. يحجر. يستاصل نه | ‎__libraries LUl‏
يلحتى ب. يُدرك  ‎__uproorwith‏ | المنفعة العامة ‎utiliry‏ _
دجاجة صغيرة ‎pullet (r)‏ | العلاقات العامة ‎relations‏ __
‎pulley (n) %‏ | العاهرة. ‎wonan sl‏ __
‎pulmonary G‏ | الجمهور. الشعب . ‎the‏
‏بالوئة م ‎pulmonic‏ | ندر ‎sty‏ طلم 0 ( 0 ‎oputheann‏
‏لب الورق الب شجر 0010010030 | تطبوعات مشررات تمس مرا
عحينة ‏ يتزع اللب ‎١‏"	al-shamil-dictionary
457	"عقوبة. معاي ‎punishment (n.)‏ اله يني ‎pulpit (n.)‏
القتصاص ‎talion‏ | شحى. ‎d‏ لين ‎puipy (adj.)‏
ردئ. سقيم . غلام . قاطع ‎١ punk (adj.n.)‏ يخفق. يبض ‎pulsate (v.)‏
طريق. مريس اخفقان . نبضة . حيوية -(.0.7) ‎Pulse‏
‏البانك روك ‎punk rock (1) 4 i o‏ ينبض. يخفق
ضئيل. تافه. ضعيف  ‎DUDY(adi)‏ | يقضى على . يدمر . يسحت ‎(v.)‏ 00176026
تلميذ. انسان العين )( ‎PUP‏ | يضغ.أجزع باريات. ‎(V)‏ مسنم
دمية. لعية ‎puppet (n.)‏ يرتقع وينخفض . - مضخة .
حركة . الدمى . فن تحريك ‎puppelry (n.)‏ الحفق «حذاء؟
واستخدام الدمى تررية. محورى ‎pun (n.v.)‏
كلب صغير الاحم.المفرور )( ‎PUPPY‏ | يثقب. يخرم. برعى الماشية -
‎ol 2‏ صفقة ‎o‏ يشترى ‎purchase (N.V.)‏ الخريم. لكم. ‎L‏
‏مصاريف الشراه ‎١ expenses‏ الحفيب ) ‎punching (n‏
نقى . طاهر. مطهر . صرف. ‎pure(adi)‏ | جراب ‎punching bag (n.) WM‏
ماف اللتمرن على الملاكمة»
العلرم البحنة ‎Gis | sciences‏ «فى المواعيدة.  ‎punctual (ady.)‏
طهارة. نظافة. تطهير ‎purgation‏ حريص على الشكليات ‎s‏ ~
مظهر. مهل - دراء ‎purgative (adj.)‏ الدقة فى حفظ المراعيد (:0) ‎punctuality‏
‏مسهل ‎o‏ يرقم . يستخدم علامات ‎punctuate (v.)‏
يهل البطن. يطهر. ‎purge(v)‏ | الترقيم. يقاطع
ينظف يكثر عن - تطهير. إسهال الترقيم (0) ‎punctuation‏
‎gk‏ اطهارة. نتقية ‏ )1( ‎purification‏ | اخرق. القب - يثقب. ‏ ( 0 ‎puncture (n‏
‎dust il‏ الاب لصبلا | يخرق. يحظم
‎Y‏ نظف ‎purify (v.)‏ | يعاقب. يزذى ‎punish (v.)‏
المدقق فى المحافظة ‎purist(n) s‏ | ستحن أر عرضة ‏ (زل») ‎punishable‏
‏اللغة وتواعدها ‎Sl‏"	al-shamil-dictionary
458	"متعهد توريد المؤونة ‎purveyor (n)‏ | المدقق فى ‎puritan (n.) Loyl‏
صديد. قبح ‎(n.)‏ كام المتزمت. المتصرف. حتيلى |
دفعة . زقة . صدمة . إقدام . يدبغ . (.0-1) ‎١ push‏ التزمت ‎puritanism (n.)‏
يبحث. يناضل . يواصل . يحفز طهارة. نقاوة. صفاء ‎purity (n.)‏
يعد. يطرد ‎١-0‏ خرير. هدير. غرغرة () ‎purling‏
‏يعيد أو يرجع بالقوة ‎back‏ | لاذع . ملكى . أرجوانى - (.0.ز30) ‎purple‏
‏يقدم. يردج - اللون الإرجوانى. متام رفيع
يشهل. يمجل 8 | يعتزم. يقصد. يصمم ‎(V)‏ ©0003
يطرد ‎—out‏ على ينوى - عزم. تصميم
مقدام. طمرح ‎pushful (adj.)‏ مغزى . غاية. قصد
صاحب مشروعات. (/090108)24م | عمداً. عن قصد ب اه
مقدام. مغامر فى محله. بسداد 16
يبثر. تبثر. يتفرح ‎pustulate (v.adj.)‏ | كيس التقود . محفظة النقرد . ‎purse (n.v.)‏
كالثرر . بثرى ثروة. مالية. مال - يَزْمٍ
دمل صغير. بثرة. فرحة (.08) 00518 | معوذ. فقير ‎purseless (adj.)‏
يضع يقدم. يقحم. ‎B R‏ غرور. قصر النفس ‎pursiness (n.)‏
‎b‏ حركة بسبب البدانة . البدانة
يتعب نفسه ‎purslain __ himself about‏
يرد. يعوق ‎o)y | back‏ يتعقب. يلاح .يتابم ‎pursue (v‏
يدخر ‎by‏ | مطاردة. حرقة . مهنة . مسعى . (.0) 5505لا
يذل. يخضع. يضع ‎__down‏ مطلب
يقدم. يخرج ‎__forth‏ | قصر النفس ببب السمنة. ) ‎pursy adi‏
يدخل . يعرض ‎_in‏ | مفوخ ‏ مرف
يطفئ يزخر ‎_off‏ | صديدى. مقيح . متقيع ‎purulent (ad))‏
| يرتدى ‎bt‏ ب ا ب بعصم
ِ يطفو يضع. يخرج ان | عون تقديم لمن (8) مسوم"	al-shamil-dictionary
459	"الأهرامات .مره ‎the Pyramids (n)‏ | يقيم. ‎sl‏ ا
هرمى بشكل مل 40 | يتحمل. يطيق. يمبر ‎up with‏ —
الهرم ‎pyramidic, - al‏ | كثير. الذكر. مفضل . ‎putative (adj.)‏
المحرقة الإحراق جثث المرتى» (.0) 58لا معروف. مألور. مفترض .
مختص بالحمى . دواء ‎pyretic(adin)‏ | تعلل. حيلة. حجة 0 ‎put-off (n)‏
ضد الحمى يفد. يتعفن ‎putrefy (v.)‏
علم الحميات ‎pyretology (n.)‏ | فاسد. متعفن ‎putrid (adj.)‏
‎١ pyrexia(n.) —‏ حمى التيفود () ‎putrid fever‏
مقياس طاقة الشمسى )1( ‎puttee pyrheliometer‏
لا ‎e pytiform (adj.)‏ لفاقة الساق 0 ‎Yo‏ عدم
‎g s‏ الشكل لغز . احجية . حيرة . مشكلة (.2.7) ‎puzzle‏
‏عبادة الثار ‎pyrolatry (n.)‏ يحير. يشرش . يربك .
علم الحرارة ‎pyrology (n.)‏ يحجب. يعمى
التكهن براسطة النار (.) ‎pyromancy‏ | لغز الكلمات المتقاطعة ‎cross word puzzle‏
جهاز منظم ‎pyrostat(n) i‏ | يجاما ‎pyjamas (n.)‏
اجهاز إنذار بحدوث حرائق شخص تصير ربدين - (زفة.ة) ‎pyknic‏
‏الألعاب النارية. ).1( ‎pyrotechnics‏ بدين رقصير
عرض ألعاب نارية. صناعة برج الأسلاك «الضغط العالىم ‎(n.)‏ 100لا
‎ot‏ ثارية. صناعة الصواريخ تتقيح ‎pyogenic (adj.)‏
لعبان كبير ‎١ python (n.)‏ التهاب الكلى ‎pyoncphritis (n.)‏
علبة لحفظ المجوهرات ‎opyx(n)‏ | النهاب اللثة ‎pyonhea (n.)‏
هرم. شكل ‎pyramid (nv.) s‏
يركم على ‎S‏ هرمى يزيد
الأسعار أو الأحرر
ل — —_"	al-shamil-dictionary
460	"7 a |
7.

رباعى ‎s‏ (00908:0000047 | الحرف السابع عشر من حروف 9
رباعى الأرجل - ‎quadruped (adjm)‏ الهجاء الإنجيزية

حيوان من ذوات الاربع فايل ‎Qabil‏
‏يضاعف . أربع  ‎quadruplicate (vn.)‏ | قارون اللاي

عرات ‏ نسخة رابعة القبلة )1( ‎Qiblah‏
‏يرشف . بعب. بشرب ‎quaff(v)‏ | وهو المطلوب إثباته ‎QED‏
‏رخو . طرى . لين . مستنقعى ‎١ quaggy (adj.)‏ وهر المطلوب عمله ‎QEF‏
‏أرض رخحوة أو ‎quagmite(n) i‏ | الدجال. المشعوذ 0 ‎quack (nadjv.)‏

= دجال. مع . مشعر 3""
يضعف . يوهن ‏ طائر ‎quail (i)‏ يدجل . بشعوة . يصيح

السمان «السلوى» شعوذه. إدعاء ‎quackery (n.)‏
طريف . ادر . جذاب 0 ‎quaint(adi)‏ | يختق ‎quackle (v.)‏
رجفة . رعشة - يرتجف. ‏ )( ‎quake‏ | شكل رباعى « الزواياء )1( ‎quadrangle‏

يرتعد الاضلاع ‎١‏
‏لياقة. صلاحية ‏ كفاءة. ‎qualification (n)‏ | ربع ‎quadrant (n.) i‏
أهلية. المؤهل مربع ‎quadrate (n.)‏
مزهل . معدل . مكيف ‎qualified (adj.)‏ | البرمجة رباعية الممليات ‎programming‏ __
يؤهل . يعدل . يكيف ‎qualify (v.)‏ | تربيعى - معادلة تربيعية (.7ز20) ‎quadratic‏
‏ثمتى . رصفى . كبفى(.ز44) ‎qualificative‏ ادل معناها : رياص ‎quadri‏
‏بيانات كمية ‎quadr _daa‏
نوعية . نوع . كيفية . ‎quadru quality () Gl‏

طبيعة شان رباعى التقسيم ‎quadrifid (adj.)‏

‎ol |‏ اغماء. أرتياب )90800 ‎١‏ رباعى الاضلاع ) ‎quadrilateral (adj.‏
ا"	al-shamil-dictionary
461	"أبن أر ابنة عم أو ‎quatercousin(n)‏ | ورطة. حيرة ‎quandary (n.)‏
خال أرعمة أو خالة كمية . مقدار ‎quantity (n.)‏
الرباعية 3 مقطوعة ‎quantum (n.)ér.,v.._.‘_';_.[.luh quatrain (F.) & a2‏
رباعية الأبيات » الحجر الصحى.  ‎quarantine (m.v.)‏
الزهرة الرباعية . الورقة ‎quarrefoil (n.)‏ العزل ‏ يحجر صحيا. يعزل
الرباعية. الحلية الرباعية * مشاجرة. عراك. تزاع . لرئيم) ‎quamel‏
‏يرجف . برتعش . يهتز - ‎quaver (v.n)‏ خصام ‏ يتتازع. يتشاجر
رجفة. هزة. رعشة محب للخصام  ‎quarrelsome (adf.)‏
| مرش ‎quavery(adj)‏ | الحجر. ئرية ‏ يقتلم ‎(nv)‏ لقنو
رصيف المبناء . ميناء ‎quay (n.)‏ الحجارة. يتخرج الحجارة
رسم الرصيف ‎quayage (n.)‏ | الكورات ؛ مكيال ‎quart(n.) 2/١ - ١‏
مرمس . امرأة سافلة ‎quean (n.)‏ جالون
مقزز . مقرف ‎queasy (adj.)‏ | رباعى (.ز4د) ‎Qquartain‏
‏ملكة. البنت 3 فى ‎Gy‏ (90860)8 | ربع . حى . مارى . ‎quarter (1) oS‏
اللعب ؟ الكوارتر «رحدة وزن ‏ = ‎VY‏
‏قائم الجملون ‎queen post (n.)‏ كبلوجرام . جهة . محطة . نقطة -
المزفة) ‎queer‏ | بقم إلى .بأرى. يكن تهب
شاذ. غريب . غير مألوف . متحرف يرحم . يسامح مع ,_ ‎orshow‏ 8006
اجنيًا. متوعك. - يفسد. ‎war without __, Iy‏
بورط . يشوش ‏ عملة إيراء . إحلال . إسكان.  ‎quartering (n.)‏
زائفة . شخص شاد تقسيم إلى أرباع
يخمد. يقمع يكن . بلطف ‎١ quell(v)‏ كل ثلاثة شهرر - ‎quarterly (adv.adj)‏
يقمع . يطنىء. يتغلب على ‎(v)‏ 908085 فصلى
لا يخمد. لا ‎quenchless (adj s« i,‏ | قطع الربع رم ‎quarto‏
‏مطحنة يدوية . رحى . مجرشة )1( 0080 | لور صخري (م) ‎quartz‏
‏دائم الشكوى لكد  ‎querulous fadi)‏ | بطل . يلغى. يحماد ‎quash (v.)‏
متدمر"	al-shamil-dictionary
462	"query (vn) ‏يشك فى‎ Sy ‏يتنهم‎ | Quicken (v.)
‏استفهام. علامة الإستفهام.‎ quickly (adv.) ‏بسرعة . على الفور‎
‏جملة إستفهامية‎ quickness (1)  ةقاشر‎ . ‏سرعة . عجلة‎
qQuest(vn) ‏يلتمس . يطلب . يبحث عن‎ | quick - scented )24/( ‏ذو حاسة شم‎
90651100 )011.( . ‏سؤال. استفهام . مبحث‎ | 001016881 (M) A5 ‏سياج أو سور من‎
‏شائك قضية . أمر جدال. شك يسأل.‎
‏يستفهم. يستجوب.يشك فى‎ quick - tempered (adi) ol ‏حاد‎
‎questionable (adj.) ‏فيه خلاف . مشكوك‎ | quick - witted (adj.) ‏حاد الذكاء‎
‏فى أمره‎ quisscence ‏ا‎ pie
questionary or questionnaire (n.) quiescency ‏طمائينة‎
‎Ot ١ quiescent ‏هادى. . ساكن ززايه)‎
questioner ‏ستجرب (م)‎ ١ quiet@dinvadv)  .نكاس‎ . ‏هاديء‎
‎questionless (adj.) ‏يه ملم به‎ 22 Y - ‏مطمثن البال - هدوء . سكون‎
quetzal )50.( ‏الكتزل « من طيور أمريكا‎ st - ‏يهدىء . يسكن . يهدأ‎
‏الوسطى؟‎ quieten (v.) ‏يسكت . يهدىء‎ T
90808 (n.v.) ‏طامور-يقف أو يكون طابور‎ | quietly (adv.) ‏بهدوء . باطمثنان‎
queuing problem (n.j quietness ‏هدوء.سكون ا‎
+ ‏مشكلة التصفيف « المعلومات‎ ١ quietude ‏طمائينة‎
‎queving theory )0.(  فينصتلا ‏نظرية‎ ١ ‏لاسو‎ nv) ‏المكوك . الخلال . قلم من‎
| * ‏اريشة . ربشة الطائر. شوكه - » المعلومات‎
‏ا‎ quibble (1) . ‏يثنى . يلف . يجادل يرارغ . يتلاعب - مرارغة‎
| ‏عاحكة‎ | quiltvn) e i G e |
| ‏بشىء - لحا . مضريية سريع .حي . ساس . رتم عسو‎
‏لادغ‎  ىكذ‎ quinary )84( ١ ‏مكون مس خسة. حماسي‎ |
‏عع إٍ‎ book e | ‏سفرجل رميس‎"	al-shamil-dictionary
463	"لغز. احجية - ‎e‏ ممزح . ‎G | 0012 (1Y)‏ معناها ' خمس مرات ,- ‎quingue‏
‏يتهكم على أو خمة أضعاف *
تهكمى . لعزى . معقد. ‎quinquecostate (udh;gu\ﬂ ool ١ quizzical (adj)‏
هزلى يحدث مر كل ‎quinquennial (adj.)‏
‎T‏ بحجر ‎quoin (n.v.)‏ خمس سنوات . الذكري
زاوية - يربط الحروف المطبعية - الخماسية
أداة لربط الحروف المطبعية خماسى التكافز ‎quinquevalent (adj.)‏ ,
حجر الزاوية . زاوية ختارجية من التهاب اللرزتين الصديدى )1( ‎quinsy‏
‏المبنى . زاوية ركن اجوهر . خلاصة 00 ‎quintessence (n.)‏
لعبة ربى الحلقات ‎quip (v..) A 'tJ‘/."";« quoit (n.)‏
مجموعة. نخبة. مجلس . )1( 000000 مراوغة . تهكم . لكنة
عدد الأعضاء اللازم حضورهم ملزمة ررق ‎quire (n.)‏
لتصبح الجلسة قانونية حيلة. ملعوب . نكتة ‎quirk (n.)‏
نصيب . حصة .مهم ‎quota (n.)‏ كرباج أو سوط الفارس ‎ -‏ (.8.0) 9018
يخير . يُمشهد به ‎quotable (adj.)‏ يضرب بالسوط
الإقتبام . الإستشهاد ب. ‎quotation (n.)‏ ييرأ من . يعشق يفلع ‎quit (v.adj.)‏
التعبير عن . يترك . يهجر -
‎quotation marks (.}‏ امحرر. معنوق. برىء
علانات ‎et‏ ( + © ) يوفى الدين . يسدد ‎__cast‏
‏يفتبر إستشهد ب.يذكر 0 ()00016 | يسوى الحساب. يتخالص مع 860008
يعرص سعرً. يطلب ثنًا 17166 | مخالصة . تازل ‏ يجازل ‎quitclaim (nv.)‏
يثفر:. بقول ‎(v.)‏ طامال كلية. تمامًا. نهانيًا. إلي ‎quite (adv.)‏
‎quoudtan {adj.)‏ حد بعيد
, ميتذل عادى . كل بوم . يرس ا مخالصة ‎quittance (n.)‏
‎quotient (n.) |‏ إ رعشة . رجفة. جمية ‎QUIVEr (mv)  -‏
‎i S|‏
] —"	al-shamil-dictionary
464	"e ‏ااا‎ 9
‏حسف دا د بي‎ S
Quran, The phonstic rules of __ recitation
recite the ٠ Al ‏أحكام التجويد . أحكام التلارة تلر ار يرتل‎"	al-shamil-dictionary
465	"~
عنقرد )( ‎raceme‏ | الحرف الثامن عشر من حروف 0 1823
عنقودى الشكل  ‎racemiform (adj.)‏ الهجاء الإنجليزية
عنقودى ‎r., (recipe ) racemose (adj.) S‏
الغدة المنقودية ‎gland‏ | عي ا حرف يكتب بأول الروشتة»
المسابق . حصان سباق . أفعى ‏ (.28682)08 | رع (إله الشمس عند الفراعنة)  ‎Rafm)‏
‏أمريكية السمك الرعاش ‎raash (n.)‏
الفتنة العرقية ‎rabbet (v.n.) race riot (n.)‏
العمرد الفقرى. محور الل (8860150 | يضع أفريز. يفرز د الخشب ؟ يفرز
‎rachitis = rickets (n.)‏ | أفريز. تعشيقه ‎١‏ فى الخشب +
الكاح ‎١‏ مرض + الحاخام . الخبر. رب ‎rabbi (n.)‏
‎rachmanism (n.)‏ | ربانى .حبرى ‎rabbinical (adj.)‏
الرخمانية «استغلال المستاجرين انب ‎rabbit (n.)‏
الفقراه من قبل ملاك الأراضى* حر الارنب ‎__warren(n)‏
‎racial (adj.) ١‏ | مزرعة أراتب ‎rabbitry (n.)‏
جلسى . سلإلى . عرقى . عتصرى الرعلع . السرقة. الفوغاه  ‎(n)‏ 880018
, ] التميز المنصرى ‎rcialism (n.)‏ | مسعور. ثائر. متحمس . هائج (.ز64) ‎1abid‏
‏انشاط . بحيوية. فكاهة ‎raciness (n.)‏ | داء الكلب « مرض + ‎rabies (n.)‏
إجهاد. ليم ميرح .آلة ‎raccoon (1.) rack (n.v.)‏
امعذيبي #علافة؛. خراب. سحاب الراكون ‎١‏ حيوان من فصيلة الدب؟
متقطع . رف . حاجز فى سباق. سلالة . جنس . نوع ‎(nv)‏ 5068
""نهر . معلف للحيوان - ذرية. نمل
‎R‏ يجارى . يسايق . يسرع . يسابق"	al-shamil-dictionary
466	"ال اا سمت
‎radiate (v.adj)‏ | وراقة ,_ ‎paper‏
‏, يشع . يتألق . يلمع - شعاعى . متألق يعذب ,__ ‎puttothe‏
‎gl‏ .لمعان. تألق )( ‎radiation‏ | فى عذاب. فى ألم .20106
‎2l |‏ الراديتير, كل ما (0) 88018800 | وفوف العرض ‎racks‏
‎iy‏ إشماعا لعبة الراكت. مضرب 0 ‎racket(nv.)‏
‎radical (adjn.)‏ التنس . مضرب كرة الراكت
راديكالى . متطرف « فى السياسة؟ جلبة . ضوضاء . صخب . خادعة.
أصلى . أساسى . جذرى قصف . عربدة ‏ يحدث
جرهرى. تام . فطرى - شخص جلبة . يعربد . يضرب بمشرب
متطرف أو راديكالى . علامة منغمس فى اللهر والملذات ‎onthe‏
‏الجذر. جذر. اساس يتحمل العرواقب ‎stand the ٠‏
أساسيً. جوهريا . أصلاً ‎radically (adv.)‏ | من يز المال ‎racketcer (i)‏
يوصل . برسخ . يغرس بشدة ‎rackety (adj.) radicate (v)‏
تأسس . تاصل ‎(n.)‏ 000000 | محب للهر والعربدة. صاخب
لجذير . جذر صفير )( ‎Tadicel‏ | تهور. طائش . عليد ‎rackle (adj.)‏
الذياع . الراديو . جهاز ‎rack - rent (1.} radio (n.v.adi)‏
اللاسلكى . محطة إذاعة الإيجار المرتفع القيمة أو البافظ .
لاسلكية ‏ يتصل أو يخابر يطلب إيجارًا ‎G‏
‎LY‏ لاسلكى . إذاعى حريف. لاقع ‎racy (adj.)‏
التشاط الإشماعى  ‎radionctivity (n)‏ | الرإدار ‎radar (n.)‏
‎raddled (adj.) radiobiology (1.}‏
عام الأحياء الإشعاعى مشوش الذهن متحيز تربك
يدبع 20 ‎Tadiocast()‏ | شماعى . نمف قطرى. ‏ ازة) ‎radial‏ ,
‎radiochemistry )(‏ خاص بالعظم العكبرى
عل الكبمياء الإشماعية إخراق قار بها رز صفق |
! مل ‎١ oL‏ ميوعت ستل |
و ام حت ‎i sy‏ إطل | ‎S‏ مشر ‎e o‏ زم ممم ‎١‏"	al-shamil-dictionary
467	"قضيب سكةالحديد.الكة ‎rail (mv)‏ | فحص الأجسام بالاشعة (.8) ‎radioscopy‏
‏الحديدية . درابزين . حاجز . ,& لاسلكية ‏ (.8) ‎radiotelegram‏
‏مشجب ‏ بحبط بدرابزين أو نصف القطر. عظمة الكعبرة ‎radius (L)‏
سياج. يعنف .يلوم السافل . الوغد. سقط المناع 0 (2]])8
تهكم . تعيير . تبيط ‎raillery (n)‏ | سافل . وغد ‎raffish (adj.)‏
‎i‏ ريز فضا لم عقاو
‎TalwaY‏ | سقط المناع. بيع الشىء بالبانصيب
كساء ثرب ‎caiment (n.)‏ - بيع ‎i‏ !
‎e‏ غيث - تمطر . يصب )( 218 لقم
يُفدق. ينهمر مجموعة كبيرة. أخشاب مربرطة
قوس تزح . سراب . وهم ‎rainbow (n.)‏ ببعضها تستخدم كمركب .رمث
لا ينقذ مه الطر  ‎rain - tight (adj.)‏ - يرث
‎s‏ ماطر (.04) ‎rainy‏ | عارضة خشبية فى سقف مائل ‎rafter (n.)‏
‎aise (vn)‏ | مزقة. كسرة. شراع . راية . ستارة.(.:0) 138
يرفع . يُعلى . يربى . يجمع ""مالا + قصف ‏ يوبخ . يفيظ . يلوم
ابعرض . يقدم . يوجاد. ببث . ينثمر ‎L‏ عارمة. فيظ.غضب  ‎|orage(nv)‏
‏ارتفاع . رفع . زيادة «فى الراتب ؟ يثير ‏ يغضب . يعتدم
مربى الماشية .المزارغ ‎(n.) raiser (n.)‏ نط - ‎tag‏
‏زيب ل ‎TSR‏ | سوق ‎W‏ القدمة »
ينقب . يخدش . يجمع ‎Take(vn)‏ | غير ممهد.بال.رث ‎ragged (adj.)‏
عشب . بقلب ‎A‏ انحدار مدرسة مجانية للفقراء ‎__school‏
‏الخليج . ‎raglen (F) B‏ |
يسعر الثار يخرج 9 | معطف ‎g‏ يه ‎Sl‏ العثق
ينكثر . يبعث . يجرف © | غارة. كيسة.هجوم - بشن 0 ‎rdiny)‏ ,
‎rakish (adj.) ST l‏ غارة أو هجوم
د ا"	al-shamil-dictionary
468	"شعبة. فرع () ‎ey | Tamus‏ من .يتجمع تعمل( ‎rally‏

. ‏مشترك . يهرع . يلم الشمل‎ Tan past of run (v.) ‏جرى‎

‎rancidity (n.) (TR‏ | يحشد لم الشعتك. قم

‏حقد. ل . ‎ki‏ . لتحتاء ‏ )1( 580607 يتجمع القوة . ارتفاع ‎o‏

‏يضمر ‎tonurse __against ikl‏ اجتماع لإثارة الحمية أو الحماس

‎random (ad)‏ | سباق سيارات

‏عشوائى . بالصدفة . طيش . جزافى كبش . خروف . ملك . منجثيق ‏ (070) 5810

‏بدون قصد. بالصدفة ‎ar_,‏ «الحرب» , مدقة؛ برج الحمل -

‏جزاًا. اعتباطا ‎randomly (adv.)‏ يدك . يكبش . ‎A‏

‏دق ه الجرس ف ‎(v)‏ 01008 يفوم ووم | بالقوة. ينطح. يحشر

‏يرتب .ينس ينظم. يوب ) ‎(0d)) A0t | g‏ 0086
يطرف. يهيم. يحاذى. يحب . تجوال , نزهة . تئزه . ‎i‏ - (0لا) 12006
يعد . يتراوح - مرتبة . درجة . يهيم على رجهه . بطوف . يتلرى
مدى. سلسلة. صف .مرمى. أر ينحنى «الطريق» .يتعرش
تجوال . تجول . سياحة . مدى ‎A‏ دالبات»

‎120056: )8( oy . ‏للتجول‎ s | rank (nadiv.) |

‏رتبة . منزلة . مقام . مركز ‎ke‏ يتفرع . ينشعب ‎ramify (v.)‏
مخصب. ناضر.غض. غزير. مكبوس . مذكوك بالمندالة ‎rammed (adj.)‏
سم فعال - مفرط . زف متشعب .كثير ) ‎١‏ “20105
يصف. يرتب. ‎i‏ الاغصان» ‎ramous oAl‏
‎ramp (v.n.) iy‏

‏يفرح .يتم . يلتهب 0 ‎G | ke (v)‏ «النبات». يثور. يشب . ينط

‎G - rankly (adv)  ةراضنب‎ . ‏بكثافة . بغزارة‎

‏رفرة. غزارة ,حدة )( ‎ankness‏ رما ‎rampage‏

‎g . ‏لامووتامةم | بثو . يهتاج - ثورة. هيجان‎ (v) ‏يفتش. يلب‎ ot

‏يطلق . يفتدى ب . يكفر ‏ (.8.) ‎١ cansom‏ متهيج . ثائر . راتف على ‎rampant (adj.)‏

‏| عن فداء. فدية قائمتيه الخلفيتين"	al-shamil-dictionary
469	"| اسمس
يحك . يبرد. يشر يقشر ‎PO  -‏ | يثرثر. يتبجح - ثزثرة. لخو (05) 3881
‎rasure (v.n.)‏ اضرية .دقة
علامة ‎١‏ شطب +. كشط. محو اسلاب . مقترس . شار ‎Rpacious (adj.)‏
فار كبير . فار الغيط أو الحقل (.8.7) ل | سلب. جشع. طمع ‎rapacity (n.)‏
- يخون حزيه ‎rape (v.n.)‏
يمكن تسعيره. يدفع عليه ‎(adj)‏ 7818016 | يغتصب امرأة ‏ اغتصاب بالإكراه
رسم ‎Lo ol‏ سربع .عجول ‎repid (adj.)‏
ترس السقاطة ) ‎rpidity ) G, | TCh b‏
‎rapidness rate (n.v.)‏
معدل . قيمة . سعر. درجة . سرعة . متحدر .شلال ‎rapids (n.)‏
منهاج . سير . يقدر . بسعر . يعنف الشيش ‎١‏ سيف للوخزة ‎rapier (n) ١‏
على أى حال. كيفما كان ‎ateny‏ | نشوق ‎rappee (n.)‏
بمعدل كذا. بدرجة كذا | ‎atthe __of‏ فارع الباب . مقرعة الباب  ‎rapper (n.)‏
إلى حد ما . نوع . نوع ‎rather (adv) b‏ | الطيور الجارحة ‎raptores (n.)‏
على الاصح. بالاحرى يطرب . يفرح . ييهج - ‎(V)‏ 1800016
يصادق على . يقرر. يقيل. ‏ )( لإثلةة | نشوة. جدل. طرب
يصدق على نادر. قليل الوجرد ‎(adj.)‏ صو
نسبة . درجة . معدل ‎ratio (nj‏ | ينقى الهواء . يجعله ماما ‎rarefy (v.)‏
‎ratiocinate (v.)‏ يقلل الكثافة
يستدل منطقيا . يستنتج بالمنطق ‎(o‏ . يتفرق . بمهارة ‎rarely (adv.)‏
‎ration (n.v.)‏ | ليم .نذل. ‎rascal (adj.) s‏
جراية الجندى . تعيين . مؤن . حصة - طائش . متهور . مندفع - ‎rash (adj.n.)‏
يوزع . يقدم التعيين أو المزن سلسلة أحداث متعاقة
منطقى . معقول. عقلى. ‎rational (adj)‏ | طفح جلدى. بثور جلدية
‎R‏ طيش . تهور . اتدفاع ‎rashness (n.)‏
العقلية . الذهب العقلى ‎rationalism (n.)‏"	al-shamil-dictionary
470	"راسع الإطلاع . مقروء ‎read (adj.)‏ | العقلانية ‎rationality (n.)‏
‎rationalize (v.) readily (adv.)‏
| بقبول. سريمًا. عن طيب خاطر يرد . يسوغ « السلرك والتصرفات*
استعداد. سرعة . رغبة ‏ )1( ‎rat race (i) readiness‏
يقبل من جديد () ‎readmit‏ | تناف عنيف .سباق الجرذان
‎ready - for (adj.)‏ | خشخشة. جلجلة ‎rattle (n.)‏
متاهب . جاهز . راض . مستعد الافمي ذات الأجراس ‎rattlesnake (n.)‏
‎Oy g s‏ | يتف .ينيب - تف .نيب ل ميم
جاهز. مصنرع من قبل ‎ready-made‏ | فريسة. افتراس ‎ravin (n.)‏
‎real (adj.n.)‏ يفتن . يسلب اللب. يسحر. ‏ )1( 89150
واقى . حفيغى . راهن . عينى - شى* يغتصب امرأة
حقيقى . متدار حنيتى ‎raw (adj.n.)‏
الواقعية )( ‎realism‏ | غير مطبوخ ‏ لىء. خام. غشيم
واقع . حفيقة ‎reality (n.)‏ مجلوط .مسلوخ
‎realization (n.)‏ | شعاع . نور . إشاعا . أشعة - 0 ‎ray(nv)‏
‏إدراك . فهم . تحقيق . استبعاب ‎G‏ يشع يتألق
‎realize (v)‏ | يطمس.يمحو. ييد. يستاصل  ‎raze (v.)‏
يدرك ايفهم . بتوعب . يحقق موس « الحلافة » ‎(n.)‏ مق
‎Gl ١ really adv.) SRR‏ معناها 3 ‎QU‏ أيضا. من ‎e‏
‎reamer (n.)‏ جديد . مرة ثانية ؟
عصارة الفاكهة د موسع اللقوب * يصل إلى . يحصل على ‎reach (V)  .‏
يجنى . يكب . يحصد ‎reap (v.)‏ يسعى - وصول . بلوغ. إدراك
الخصادة ‎oreaper(n)  siablil‏ | يقادم. يرد الفعل. يتفاعل 0 ‎reactiv)‏
‏امنجل ‎reaping - hook‏ | مثشارمة . رد الفعل . تفاعل ‏ ) 18860101
يظهر ثانية )1( ‎reapposr‏ | بقرأ. يطالع . يدرس . يعزف 0 ()80ع7
‎reappearance (i |‏ | نا يريخ يبدو - مقروء. فثرة
‎e |‏ الظهو . يطب من جديد 0 لقراءة أر المطالعة"	al-shamil-dictionary
471	"rear ‏خللى - (ازفقم)‎  لثك.ةرخؤن‎ | receipts (n)
‏حصيلة . متحصلات . إبرادات يشب الفرس . يربى . يحتضن‎
rearmost (adj.) ‏آخر الكل . الأخير‎ receive (v.) ‏يتلم يتلم . يستقبل‎
reason (n.v.) official ٠. ‏الحارس القضائى‎
- ‏حداثة. جدة («) 166606 | مبرر . تفسير . داع. صواب.عقل‎
‏يحاور . يجادل بالحجة. يستنبط‎ recension (1)
reasonable (adi.) ‏نقد . فحص . تهذيب . تنقيح معقول . عاقل . صائب‎
162500108 ‏الحجج والبراهين . مناظرة.(.)‎ | recent ‏حديث . جديد (4ه)‎
‏جدال. تعقل‎ recently (adv.)
independent _, ‏حديثًا. من عهد قريب . مؤخرً اجتهاد‎
reassure (v.) ‏يؤمن. يؤكد . يطمشن‎ | reception (n.) ‏حفظ . استلام . مقابلة . لقاء‎
rebel (v.adj.) ‏ا‎ 3y | recess (vn)
rebellion (n.) ‏رجوع . انسحاب. عصيان. تمرد‎ L - ‏عطلة‎
‎tebuke (v.n.) ‏عطلة . مكان السر. فتحة‎
‏روشتة . تذكرة طبية () 6006 | يزجر . ينهر . يعنف - زجر . تعثيف‎
rebut (v.) ‏يرد أو يدفع التهمة‎ | recision (n) ‏حذف. استتصال. بثر‎
recant (v.) Ak . ‏يسترجع . ينكر‎ | Recitation (n.) ‏القاء. تسميع دما‎
Recantation )8.( . ‏حفظه». تلاوة. ترتيل إعلان التوبة . استابة‎
‏نقض. استرداد‎ phonetic rules of Qur'anic
recapitulate (v.) ‏آحكام التلاوة أو التجويد‎
‏يرجز ويلخص القول والشرح‎ | 80116 )(
recapture (v.n.) ‏يرتل . يتلو . يسمع الدرس . يسرد يسترد أو يسترجع‎
‏استرداد غليمة‎  ةمينغ‎ to_averse o ‏يتلو‎
‎recede (v.) e ‏يتتحى‎ | TCCHEN () ‏مرتل . مقرىء . قارىء‎
receipt (n.v.) 0 ‏يعطى إيصائا‎  لاصيإ‎ | reckless(adj) ‏طائش . متهور‎
reckon (v.) ‏يعد يحصى. بظن‎ |"	al-shamil-dictionary
472	"يرسم. يصلح ‎recondition (v.)‏ | حساب. إحصاء .عد ‎reckoning (n.)‏
يراجع .يفحص الأمر ‎reclsim (v.) reconsider (v)‏
ثانية. يعيد الأمر يستدعى . بروض . يسترجع . يصلح
يبنى . يشيد من جديد (.7) ‎reconstruct‏ . يستخلص . يرص . بتصلح
‎e‏ يقيد.يئب - 0 ‎record(va)‏ | رض
شهادة .تسجل . 3 ‎reclamation (n.) e‏
بيان. نوع من الفلوت استصلاح «أرض». إصلاح
يشفى ‏ يسترد. يسترجع ‏ (8) 280076 | يتكىء. يجمل . )1( عقتائع
شفاء . إسترداد ‎recovery (v.)‏ | المتوحد. المعتزل . الناسك ‎recluse (n.adj.)‏
يشرح الخاطر أو النفس. ‎o recreate (v.)‏ معتزل . منفرد
ينعش . يجدد وحدة. عزلة. سك ‎reclusion (n.)‏
الترفيه. استجمام ‎recreation (m.)‏ | يتحققى من . بميز. يعرف ‎TECORNIZE (V.)‏
‎recognition (n.) recriminate (v.)‏
يسب .يقابل السب بمثله اعتراف . إقرار . تسليم , ‎Uy‏
‎recruit (nv.)‏ | ذاكرة التعرف ‎memory‏ _
مجند جديد. جندي مستجد. مد يرت . يتراجع - ردة. ترجع ‎recoil (wn)‏
عضر جديد - يجند . يطرع يزكى . يوصى ب . يمدح ‎(v.)‏ 18000016008
‎Ay‏ يتعافى يرتكب ذنيا ‎recommit (v.)‏
تجنبد. اقتراح ‎recompense (v.n.) recruiting (n.)‏
مكتب التجنيد ‎office‏ | يكافىء. يجارى . يعوض . مكافاة.
مستقيمى . مختص بالمستقيم ‎rectal (adj.)‏ جزاء . تعريض
«فى التشريح؟ يتصالح مع .يون بين ‎reconcile 16 (v)‏
مستطيل ‎rectangle (n.)‏ ا | ‎reconcilement‏
‎reconciliation rectangular (adj.)‏
مستطيل الشكل . قائم الزوايا مصالحة . نسوية. توفيق . إصلاح
يصحح يكرر . ينقى ‎between Muslims rectify (v.)‏ __
إصلاح ذات البين"	al-shamil-dictionary
473	"تنقيض . تنزيل . اجبار. ‏ (.8) ‎rectitude (n.) reduction‏
قهر. قمع. اخضاع استقامة. صحة . صواب .عدل
‎reduplicate (adj.v.)‏ | المستقيم . نهاية ؛ الانعاء 0 ‎recum (n)‏
‎K‏ مضاعف ‏ يكرر . يضاعف أو القناة الهضمية ؟
صدي الصوت . يدري (*.766000)8 | يتعافى. بستجم. ‎(v.) it‏ 7600765316
بوصة . غابة . مزمار . ناى . ‎reed(n)‏ | شفاء. استجمام ‎recuperation (n.)‏
شط «فى صناعة الغزل ؟ اللون الاحمر. صب أحمر - ‎(nadj)‏ 780
ثئبات البردى ,__ ‎Egyptian‏ أحمر ‎e‏
‎(nv.)‏ اع | جممية الهلال الأحمر 0 ‎__Cressent‏
‎S‏ رقص . تمايل . ترنح - يلف جمعية الصليب الأحمر ‎society‏ 05055
يبرم . بتمايل . يترنح . يصاب اجراءات رسمية معقدة وعقيمة ‏ 1886
بالدرار ا ينفح . بعد للطبع ‎redact (v.)‏
‎redaction (n) reenforce , reinforce (v.)‏
قاعة الاكل ) >( )( 86660100 | يُحمر يُخجل ‎redden (v.)‏
يشير إلى يستشهد بد 00 | ضارب إلى ) | القتفات؟
يعين . يعنى يقصد مائل إلى الإحمرار ‎reddy‏
‎redeem (v.) referee (n.v.)‏
حكم فى مبارة ‏ يحكم بين يسترد. يسترجع . يُصلح . برسم
مستند. مرجع . شهادة ‎red head (n.) 16666066 (nv.)‏
- يذكر المراجع أحمر الرأس . بط أميركى غراص
‎i1 _t0 . .‏ | يعود على . يؤدى إلى . يعزز ‎(v.)‏ 8600000
بخصرص .بان ‎With #0 ١‏ | يُصلع ‏ يعوض على - ‎redtess (vn)‏
استفتاء الشعب ‎referendum (n.)‏ إصلاح. إنصاف
يصفى . يكرر ‎refine (v.)‏ يمنع الظلم ‎1o __ grievances‏
تصفية . تكرير . تهذيب ‎TEfinement (n)‏ | ينقص . يقلل . يخنزل. يُغلب ‎reduce (v.)‏
معمل تكرير ‎refinery (n.)‏ يسحقى. ينظم"	al-shamil-dictionary
474	"rflect(v) . S ‏بعكس.‎ | regal (adj)
reflection (n.)  ريكفت‎ . ‏مختص بالملوك . ملوكى . فاخر انعكاس . تأمل‎
reflections (n.) ‏تاملات. خواطر‎ | 768880 (nv) ol ‏اعتبار . إهتمام.‎
reflex )7.8.20[( - ‏مناسبة. علاقة  يهتم ب . ينظر يحنى . يلوى . يعكس‎
 ءانحلا‎ . ‏إلى. يخص عكس‎
‏منحن , معكرس . منعكس‎ in_to ‏بخصوص. من جهة‎
refluence | ) ‏من هذا الخصورص 2001 | جز تحار‎
refluency out of _for ‏أكرامًا ل‎
reform (n.) - ‏يصلح . يهذب. يقوم‎ | regards (n) ‏تحيات. سلام‎
‏يصلح . يهذب‎ regatta (n.) ‏سباق القوارب‎
refomation () ‏إصلاح . تهذيب .تقريم‎ | regency (n.) ‏مركز نائب الملك‎
refrain (v.n) - ‏.يمننع .يسك عن‎ | regenerate (v.adj.)
‏يبعث الامل فى القلب. يصلح . مذهب. قرار. اللازمة‎
10 from doing evil ‏متجدد يمك عن الشر‎  ىدهبا‎
refresh (v._ ‏يرد. ينعش‎ | 7680018 (n) ‏نظام. ترتيب. أسلوب الحكم‎
refreshment (n.) ‏مرطب‎ At | regiment (n.v.)
_s ‏فرقة عسكرية . كتية - يجهز فرقة مرطبات. مشروبات منمشة‎
refrigerate (v) 0 ‏يرد . يثلج. يرطب‎ | region(n) ‏منطقة . قطر . اقليم‎
refrigerating (n.) otk ١ regional (adj) ‏أقليمى . محلى‎
refrigerator (n.) ‏الثلاجة‎ | register (v)  ديقي ‏يسجل .يدون‎
160086)8.7.( ‏جدول.سجل ملجا. مأوى . ملاذ  يلجا‎
we seek _in Allah ‏لستعين بالله‎ ١ registered (ad).) ‏مضمرن. سجل‎
refugee (n.) ‏اللاجىء . الملتجى+‎ | registrar () ‏مأذون شرعى . مسحل‎
refund (v.) ‏العقود الرسمية يدفم ما عليه . يوفر. يرد‎
refuse (v.n.) . ‏يرفض . يأبى - حثالة‎ | registration ‏رن‎ e
refute (v.) ‏يفند . بدحض . ينقض‎ | registry ‏تدرين‎
‎regore (v.) o gl"	al-shamil-dictionary
475	"ميوة مردرد 0 ‎regress (nv.) ) rejectable (6di)‏
حديث مردود 67 -__ © ‎١‏ ارتداد. نكرص - يرتد. يتقهقر
رفض . إياء ‎regret (v.n.) rejection (n.)‏
‎rejectment (n.) Lo‏ | يندم على . يأسف على - امف
بطرب. ينهج ‎regular (adjn.) rejoice (v.)‏
يجدد الشباب يبدو ‎T‏ 08078880 | منتظم. نظام .رسمى . قباسي -
‎rejuvenize‏ شخص مخلص . جندي
يروى . يقص . يتعلق ب ‎relate (v.)‏ نظامى. راهب
53 قرابة .ذو صلة . مروى ‎regularity (n.) related (adj.)‏
علافة. قرابة. نسبة ‎relation (n.)‏ | قياسية . نظامية . فانونية . تناسق
قرابة الرضاعة ,. ‎foster‏ | بانتظام. بإطراد ‎regularly (adv.)‏
‎regulate (v.) relationship (n.)‏
قرابة . صلة القرابة .نسب يرتب . يسف . ينظم , يعد . يضبط
‎relative (adj.)‏ لائحة . تنظيم ‎regulation (n.)‏
نبب . قريب من «الارحام» يعيد ‎o)‏ حقه . برد شرق ‎rehabilitate (v.)‏
الإسم الوصول 0 «لف | يمع يكرر ير ‎rehearse (v.)‏
‎e WLl | pronoun‏ ملك - ‎reign(nv)‏
‎G‏ بالنسبة إلى ‎relatively (adv.)‏ يتسلط . يسود . يحكم
‎rolax (v,)‏ | الرئة « نوع من الأيائل ¢ )( ‎reindeer‏
‏يسترخى . يتكاسل . برنخى . يترهل يعزر. يقوى. يسلح 0 ‎reinforce (v)‏
استرخاء . تكاسمل . ارتخاء (.8) ‎reinforcement (n.) relaxation‏
‎Gl‏ سراح يعتق . يطلق . ‎release (vn)‏ ] تعزيز . القرة . امداد. تسليح
يفك . بحل - إطلاق . عت . الكلينان. الخصر م كما
فك . تريح يقوى . ينعش ‎reinvigorate (v.)‏
‎١ 1o (one's wife in kindness‏ يكرر .يبيد ‎reiterate (v.)‏
يرح ‎١‏ زرجنه ) بإحسان تكرير . إعادة ‎reiteration (n.)‏
يعزل. ‎i‏ يعد . بخصص ‎(v)‏ 80168316 | يرفض ينذ ياي ‎reject (v.)‏"	al-shamil-dictionary
476	"يتذكر . يذكر ‎Temember (v.)‏ | بلين.يرق. يرضخ ‎relent (v.)‏
‎remembrance (n.)‏ | موافق . سديد. لائق - ‎relevant (adj.)‏
تذكار . ذكرى . تذكر . ذكر واثق . معتمد ‎reliant (adj.)‏
ذكر الله ,_ ‎relict (n.) Wi | Allahs‏
‎i | Temind ,of (v.) .‏ نجدة. إعناء. إرتياح .0 ‎relief (n)‏
يُذكر ‎١‏ شخص آخر ».ينه إلى فرج اير
‎reminder (n.)‏ الخرائط اللجمة ‎_maps‏
‏إشعار . تذكرة .تفكرة. تذكار ‎relieve (v.) S‏
مفكر دين ‎religion (n.}‏
‎of gemerosity o‏ 8 | التظاهر بالدين . زندق ‎religionism (n.)‏
يتنازل عن .يرد ‎religious (n.) remise (v.)‏
متراخ متهاون ‎(adj.)‏ 5 | دينى . نفى . ورع - راهب . راهية
‎remissible (adj.)‏ | وقف خيرى ‎endowment‏ __
‎iy‏ له. مختفر. مصفوح عنه يهجر. يكف عن ‎relinquish (v.)‏
عفر . صفح . غفران ‎remission (n.)‏ | لذة. طعم ‏ يتطعم . يذوق ‎relishn.v)‏
‎the 11267255 of Iman remit {v.)‏ __
يغفر . يسامح . يؤجل . يخفف . يذوق حلاوة الإممان
يحرل نقردًا رافض . كاره. ممننع ‎reluctant (adj.)‏
‎Ll‏ . فضلات الاقمشة (.8) 260102015 | يعتمد على . بتكل على ‎rely,on(v)‏
‎remonstrate (v.)‏ | يظل . بيقى. ببكث ‎remain (v.)‏
يعترض على . بحتج على آثار . بقايا . فضلات ‎remains (n.)‏
اللشك «نوع من السمك». ‎(L)‏ 280008 | ملحوظة . ملاحظة . إشارة -(8.00) ‎remark‏
‏عائق . مائع يلاحظ . يقول
بعيد . سحيق . ‎remarkable (adj.) remote (adj.) il‏
نقل . إنتقال - ‎remove (nv)‏ | مشهور. شهير. جدير بالإعتبار
ينقل . ترحل يرتحل . يزيل علاج . دواء. تعريضر - ‎remedy (nv)‏
| النهضة الأوربية ‎renaissance (n.)‏ يعالج . يدارى"	al-shamil-dictionary
477	"إصلاح . ترسيم . تعريض )1( ‎reparation‏ | الفسيل الكلرى ‎renat dialysis (n.)‏
يرد. يسدد. يكافى+ ‎(v.)‏ لإقو» نيتنا
‎K‏ ,. بعد + إعلدة. لكرفر ‎tepeat{va)‏ | ناشط من جديد ‎renascent (adj.)‏
عر تكرارً  ‎tepeatedly(adv)‏ | مبعث. موود من جديد 1
»)انح | ‎rend (v.) GGG‏
بطرد. بعيد . بدراً . يدافع . يرد . ينغ يدقع إيجار :بره يرجم ‎render (v.)‏
‎repeliency‏ | يسدى أر يقدم معونة ‎_help‏ 0
‎st‏ يندم. يتأيم  ‎cepemt.of (v.)‏ | يقابل الإساءة باحسنة ‎to _ good for evil‏
ترب . ندم. ‎rencgade (v.n.adj.) repentance (a.) il‏
يترب إلى الله , لقال 0 000/8 | يرنه . يشخون  ‎L‏ محن الذين .
يسام. يتضجر. ينبرم. يتنمر (040)7م» | الكافرم عرتد من الدين . كافر
يحل محل . ستبدل ‎oreplace(v.)‏ | برد عن الدين 0866060
يجيب . يرد على - ‎(vn)‏ لام | بجدد. ينانف ‎enew (v.)‏
إجابة . رد. جواب كلوى الشكل ‎ceniform (adj.)‏
را على . ‎in_to‏ | بهجرايية. ‎renounce (v.)‏
‎report (n.v.)‏ يتخلى عن . بنرك . بقلع عن
تقربر . بيان , بلاغ . إشاعة - يرتد عن دينه ‎to __ one’s faith‏
‎T‏ يكتب تقرير). يلغ ‎to __ pleasure in worldly affairs‏
محرر. مخبر ‎ ime‏ (.260008)8 | يزهد فى أمور الدنيا
يستكين. يستربع + ‎repose (v.n.)‏ | بذ رفض . إقلاع  ‎renouncement (n.)‏
‎rent (v.n.) L)’-""-""f-‘-c‘r""""""-‏
يخزن. يودع ‎ey | TEPOSIt(V.)‏ يستاجر ‏ إيجار. مزق شق
‎represent(v.)‏ | يتازل عن . يترا ‎renunciate (v.)‏
يقدم . يعرض . يدل على . ينبين . يمثل يصلح . يرمم. يعرض - ‎repair (vn)‏
تمنيل . رصف ‎fepresentation (n.) &t‏ إصلاح . ترميم . تعريض"	al-shamil-dictionary
478	"رائج . مطلوب ‎i1,‏ | يقمم . يكبح . يخمد. يكظم ‎(v)‏ 7605655
‎١‏ يتطلب. بستلزم. يقتضى 0 ‎require (v.)‏ | يكظم الغيظ ‎to __anger‏
‎(n.)‏ 20010801 | يعنف . بغي . يلوم - تعنيف . تعييراأ©16(:03
طلب . لزوم . اقتضاء . حاجة ‎reprobate (v.adj.)‏
‎requisite (nadj)‏ | يرفض .يترا من . يتسهجن. ينكر -
شىء ضرورى - ضرورى. أساسى مستهجن . خليع . فاجر. منبوذ
يكانىء. يعرض ‎reproduce (v.) requite (v.)‏
يلغى . يبطل . ينقض ‎rescind (v.)‏ | يوجد. ثانية . يتوالد. يتكائر . ينتج
إعادة كتابة . مرسوم . بلاغ ‎rescript(n.)‏ | توالد. صورة ثانية. ‎reproduction (n.)‏
‎rescue (v.n.)‏ صورة طبق الاصل
ينقذ . يسترد عنوة - إنفاذ . إسترداد يستتكر . يزجر . يلوم ‎reprove (v.)‏
‎research (n.v.)‏ | زحف ‎reptation (n.)‏
البحث العلمى - بحث زاحف . سافل . دلى+ ‎reptile (adj.n.)‏
يستاصل ‎resect (v.) Gt‏ - حيوان راحف . زحافة
مشابهة . شبه . صورة ‎resemblance (n)‏ | الزواحف ‎reptiles (n.)‏
‎resemble (v) Y‏ | جنهورية ‎republic (n.)‏
يفتاظ . يستاء ‎resent(v.)‏ | يجيله جمهرريًا.  ‎republicanise (v.)‏
‎reservation (n.)‏ يحول إلي حكومة جمهورية
حجز . تحفظ . احتياط . استبقاء النظام الجمهورى  ‎republicanism (n.)‏
‎(v )‏ 168006 | يرفض .يترا من . يطلق ‎repudiate (v.)‏
يحجز. يحفظ . يرجىء - مال يخيب .يرد يدقع ‎L‏ (8ل) ‎fepulse‏
‏احتياطى . جندي ‎ke i‏ دره. رفض
قوات إحتباطية . إدخار اسمعة حسنة أو حميدة (:8) ‎reputation‏
‎repute (v.n.) reservast (n.)‏
الإحتباطى « ضابط؛ جندى ‎Y‏ بحسب - شهرة . صيت !
احتباطى *. رديف لات ‎e‏ رحية) معنو |
‎reside (v.) P -‏ رج . بطلب أ"	al-shamil-dictionary
479	"قرار . ثبات ‎resolution (n.)‏ مسكن . مقر . إقامة ‎residence (n.)‏
تصميم . الإنحلال. الإنصراف . مقام . مدة الإقامة
‎resolve(v)‏ | غير مهاجر. ‎resident (adj.n.)‏
ينحل . يحل عقدة الرواية. يعقد مقيم . مترطن ‏ النزيل المقيم
النية . يحلل . يحل . يصرف تصريح إقامة «فى بلد أجنبى؟ 0677100
عازم. مصمم ‎١ resolved (adj.)‏ الطبيب المقيم ‎١‏ فى فترة 40603
‎resolvent (adj.n.)‏ تخمضص؟
مزيل للإلتهاب. مذيب سكنى . صالح للسكن ‎residential (adj)‏
‎residual (n.adj.) resonance (n.) o‏
رنان ‏ صوت ,86 (.20(.0) ‎resonant‏ | المبقى . المتخلف . الفضالة  ‎L5‏
‏يرن ).1( ‎resonatc‏ متخلف ًّ
يمتص . ينشرب ‎resorb (v.)‏ | التفل. الراسب ‎residuum (n.)‏
‎resign (v.) resort (n.v.)‏
المتجع . الملتجا . ملاذ. أماكن لقفاء يررض نفسه على . يعود نفسه أر
الصيف والشتاء ‎ »‏ يلجأ . يتردد يتكيف . يتخلى عن يتلم ل
على ‎oneself to the will of‏ - 10
النتجم الصحى _ ‎health‏ | يفوض أمره لله ‎Allah‏
‏الصيف ,-- ‎summer‏ | استقالة ‎resignation (n.)‏
‎resile (v.) resource (n.)‏
رسيلة . ملاذ. ثروة . ذريعة . مورد يعرد لوضعه السابق . يرتد. يتراجع
يحترم. ييجل - ‎respect (v.n.)‏ يات
احترام . محاباة. علاقة ‎resiliency‏
‏| من جهة كذا. بخصوص 10 ‎0f‏ 08 | المرونة . ارتداد. مقارمة الضغط
نظرً ل ‎in__ that‏ | الرائنج ‏ يستعمل ‎(nv) gt N‏ 88800 |
ا بخصوص . فيما ‎With 0 Gl‏ | يقارم . يصد. يمارض ).1( ‎resist‏
‏الإحترام التأدب (.8) ‎respectability‏ | مقارمة.صد ‎resistance (n.)‏ ٍ
التنفس )1( ‎respiration‏ | مقاوم ‏ المقارم ‎resistant (ad).n.)‏"	al-shamil-dictionary
480	"بحدد. يقصر على . يحصر ‎FESUICT(V.)‏ | جهاز التنفى الصناعى ‎respirator (n.)‏
يكظم . يضبط . يقمع ‎restrain (v.)‏ | الجهاز ‎respiratory system (n.) izl‏
اسك علبك لانك ‎respire (v.) iz ١ fo_your tongue‏
اذ . قصر . تقيد ‎restriction (n.)‏ | برجيىء. يرجل .مهل . ‎RSptE(V.n)‏
‏بيت الراحة . ا مرحاض ‎rest room‏ تأجيل . إرجاء
لنهجة . ثمرة. ناتج ‎(n.v.)‏ الناقعم )00م
يزدى إلى. بنشا عن يستجيب . يذهن - ترئيمة فصيرة
يزدى إلى . يفضى إلى ‎response (n.) —in‏
ينعا من. ينشا عن ‎from‏ | استجاية . إجابة .4 مطابقة
‎resume(vn)‏ | سئولية ‎responsibility (n.)‏
يستأنف . يسترد . يلخص - ملخص مسئول عن ‎responsible , 6: (adj.)‏
‎rest (n.v.) reswrrect (v.)‏
‎Gl‏ راحة . رقاد. بقة . سائر. طمأنينة
أحياء. بعك نشور ‏ )1( ‎bttt - | resumection‏ يتكيء.
‎the Day of ٠.‏ ييقى . يرقاد
يوم القيام . يرم البحث. يوم النشور وهلم جرا ‎andall the __ of it‏
‎o rectionist (1)  ثعبلاب sigh‏ | فيما يتعلق بالمسائل ‎Jorthe .M‏
.ارق الجلك من القبور يستانف . يدا من جديد  ‎restart (v.)‏
ينعش . ينتمش . ‎resusciate (v)‏ | يصرح ثانية ‎restate (v.)‏
يعطن . يتعطن ‎restaurant (n.) o e‏
(افه زفة.م.») انوزيم | هادىء. مستريع .ساكن ‏ ((24) ‎restful‏
‏يرد . يقص . بردى . ‎g‏ بالتجزثة - ‎restoration (n.)‏
البيع بالشجزتة آر القطاعى - استعادة . استرداد. تعويض . ترميم +
‎relain(v.)‏ | يتعيد.يترد.يترجع | ‎festore (v.)‏"	al-shamil-dictionary
481	"| عيبي
‎setainet (n.) retraction {n.)‏
انكماش . سحب . تراجع . ضم توكيل . تابع . خادم . مقدم الاتعاب
يتراج . بسحب ‎retreat (v.n.)‏ للمحانى
‎et‏ تراجع . انحاب ‎setard (v.n.)‏
يحذف . ينقص . ‎retrench (v.)‏ | يثبط . يتأخر. يعوق - تشيط . إعاقة
يخفض . يقلل . يخندق ‎retardant (adjn.)‏
‎retrenchment (n.)‏ | مشبط . مؤخر. معوق ‏ العوق
انقاص . تخفيض . خندق المتخلف ‎retardate (n.) Wi‏
‎retrieve (v.n.)‏ ينفيا - تقيز ‎(v.n.)‏ طعاعم
يحبى . يجدد . بعوض . يسترد . ‎retention (n.)‏
يسترجع - تجديد. استرجاع احتجار. استبقاء . إحتفاظ . التذكر .
‎(v.)‏ 1060 إحتباس ‎١‏ البول. معلومات .60
يرد. يسترد. ينسحب . يرجع ‎reticulate (v.adj.)‏
يتقهقر. يحب ‎retrogress (v.)‏ | يتشابك . يكون شبكة ‏ شبكى
ارتداد . انكفاء الرحم . ‎retroversion (m.)‏ | شبكية العين ‎retina (n.)‏
انقلاب للوراء يتقاعد . يستقيل ‎retire (v.)‏
‎return (v.adj.n.)‏ . يقيل . ينسحب . يعتزل
يعود. يرجع . ‎G‏ تفريرا. يعيد - ‎retirement (n.)‏
عائد . سرتجع ‏ سلع مر تجعة . الإحالة إلى المعاش . التقاعد . مرطن
جراب. مقابل . ريح عزله أو خلرة. إنسحاب
مقابل كذا سطع ‎(v.n.)‏ 606
تذكرة ذهاب وعودة تتلا[ | بجيب. يرد بحجة معاكة رد
يوحد.ثانية - يعيد توحيد )( 3008097 | ‎g‏ وحاسم . ‎ol‏
‏يوحد ثانيةٌ ‎retract (v.) runite (v.)‏
يكشف . يظهر . يلهم . يُرحى (0) 0081 | رحب .يضم ‎S S‏
إلى. يفشى . يعلن يتراجم
قابل للإنكماش ‎retractile (adj.)‏"	al-shamil-dictionary
482	"مراجعة . تنقيح )1( ‎tevelation (n.) revision‏
انبعاث . إحياء . نهضة )( 918 ‎١‏ إظهار . إفشاء . رحى . إلهام. تنزيل
يزدهر . بنعشر . يحبى ‎(v)‏ 280198 | يتتقم . يثار ‏ إنتقام. ثار ‎revenge (v.n.)‏
‎revolt (vn)‏ | دخل .عائد .ريع ‎revenue (n.)‏
يثور. بهتاج . يترد - ورة» تمرد العاكس . المرجع ‎reverberator (n.)‏
‎reverberatory (adj.) revolution (1) |‏
| تمرد. دوراذ حول محرر العكاسى - فر عاكس
يدور . يتعافب ‎revolve (v.)‏ يحترم. يجل . يوفر ‎tevere (v.)‏
سدس ‎reverence (n.) revolver (n.)‏
يكافىء . مكاتأة )0 | إحثرام. تبجيل. توقير . مهابة
‎gl‏ المتغير ‎theostat (n.)‏ | يمكس . يفي الإغياء. ‎reverse (v.nad))‏
الربص ‎١‏ قرد هتدى € ‎thesus (L)‏ يقلب . يطل . ينقض - الحركة
‎rhetoric (n.)‏ العكسية. العاكسة . هزيمة -
فن الشثر أو الخطابة . علم الإلقاء مضاد. مسقلوب.ارتدادى
بلاغى . متم . متكلف ‎thetorical (ad).)‏ . عكسى . معكوس
ارنشاح . زكام. دموع ‎theum(n)‏ | يعود. ترجع .ترد ‎revert (v.)‏
الحمى الروماتيزمية(.7) ‎fever‏ 1160008116 | إحياء السئة 0
‎rhin‏ | نظرة شاملة أر ‎review (n.v.)‏
3 معناها ‎١‏ أنف * !ميلم عامة. معايئة. فحص .نقد
أنفى . خاص بالأنف ‎rhinal (adj.)‏ مراجعة. سجلة نقذدية. تنقيح +
‎thinitis (n.)‏ عرض أر امشعراض عسكري -
التهاب الغشاء الخاطى للائف يستصرض أو يميد النظر فى
وحيد القرن. الكركدن )( 810006005 ‎١‏ .يقد ‎Ll‏
‏تحص ‎i1‏ بالمتظار 3 1 ‎rhinoscopy‏ يتفحص الجند
الريزوم ‎١‏ ساق أرقي + ‎e (L)‏ | الناقد الاي ‎reviewer (n.)‏
‎s |‏ 0م | ينقع . يهذت بعد . يفير ‎(V1)‏ 080158
تيح . تبديب تعيل"	al-shamil-dictionary
483	"thyme (n.v.) riddle (n.v.)
‏الشعر.‎ i ‏لغز . فزورة. غربال - يفسر أو يحل سجع . 6 إيقاع.‎
rhythm (n.) 0 ‏التناغم . الإتزان. التناغم‎ | ride (von)
‏يركب . يبحر . يمنطى - ركرب الرزن الشعرى‎
thythmic , _ al (adi) ‏خدعة متاغم . إيتاعى‎
fialo )0.(  ىراجت ‏حى المسارح. سوق‎ ١-8 ‏يدهس . يدرس‎
‏طم‎ (n.v.) ridge (n.v.) .
- ‏عر , دعامة ضلم‎ B ‏ظهر الحيوان.سلسلة من ثلال.‎
backbone and 5 ‏اقمة الصلب والترائب‎
ribbon (n.v.) ‏شريط.رشاح.‎ | ridgepole ()
‏الافقية فى أعلي السقف؟ خرنة  يزين بشريط‎ ١ ‏الرافدة‎
‎ice (n.v.) ‏يجمله على‎ V1| 00 (nv)
‏بندقية - يسلب . ينهب . يقذف شكل حبات الارز‎
tich (adj.) dflery (n) 0 ‏الرمى بالبنادق. الرماية‎
‏غلى . لرى. نفيس . فخم . خصب.‎ rift (n.v.)
‏شق . صدع . فلق - يصدع . بشق دسم. وافر‎
the _. ‏الأغياء‎ ١ ‏لماع‎
‎richen (v.) ‏بلابس .آلات. العربة والحمان. يجعله غنًا. يفنى‎
riches (n.) Ry ‏أشرعة المركب - يعد يقيم.‎
rick (W) RS ‏يُجهز . يزود بالأشرعة. يلبس. يلوى . بكوم . يكدس‎
ickets (n.) ‏يهندم‎
‏كسام الاطفال. مرض الكاح‎ | right ‏ص ئقة)‎
rid , of (v.) ‏يمينى . أبمن . مستقيم . قويم . قائم . يحرر . بخلص‎
ٍ ‏إن انظ‎ el ‏إتصاف . يمين‎ -l . ‏لائق‎
‎i ‏بعدد. ينصف‎ e ‏حق‎
‎i
‎S ‏ااا‎"	al-shamil-dictionary
484	"| ال ات
‎rise(vr)‏ | حا. انا اه
‎v‏ إبعث. بشرق + بعدل . بحن . بإنصاف } ‎by _s.‏
تشرى. يقف . بونفع « الثمن ؟. ‎by good ٠‏
بصمد . بقوم ‏ نهوض . ارتفاع. | يصلح.يبعدل ‎setio s‏
بزرغ. شررق شرعى. عادل ‎rightful (adj.)‏
.منيع . مصدر. متشا قاس. عنيف. صارم ‎rigid (adj.)‏
ع5( 0 , 11568 | فارص .صارم. مدقق  ‎rigorous (adj)‏
قاقم . مرتفع . طالع . صاعاد يغضب . بكدر . ‎tile (v.n.) < By‏
‎(v.)‏ مام غضب. كدر
يخاطر . يجارف ‏ مخاطرة. مجارفة يقشر - قشرة. قلاقة. لحاء 0 ‎find (vn)‏
فرض . شعيرة. مذهب . سئة ‏ ل8) 551 | ‎G‏ حلقة . خاتم . ‎sy Gy‏ - )1( 3108
‎ritual (nadj.)‏ يرن. يدق الجرس
‎s‏ شميرة. كتاب القرافض حلق ‎ear_s‏
‏والطفوس - شعائرى. طفى رعيم العصابة ‎ringleader‏
‏مناسك . نسك. شعائر . طفوس 5 | ضجة .عربدة. شغب ‏ يحدث (.801)77
شعائر الحج ‎the Hajj _s‏ شقب.يعريد
لسلس | ددر د ‎riotous (adj.)‏
‎it‏ مناظر خصم - ‎G‏ بش - مزق . شق . فلق ‏ (780) 80
‎il‏ يسابق . يتسابق . يناظر ‎riparian (ad].)‏
مناظرة. مباراة. مسابقة ‎rivalry (n.)‏ واقع على شاطىء النهر
‎s‏ يتمزف. يزق . ‎five (vh) LGN‏ أو مختص به
شاطىء. ماحل ‎ripe (adj.) o]‏
"" )غلم كامل التمو. بألغ. مستعد
كثير الانهار ‎ripen (v.) G gy | 7 (adj.}‏
‎Y‏ برشام ء يوشم (ام) ‎rivet‏ (ليه) ‎ripple‏
‏ْ ريز الما . تموج الرمال. فوج -
| يلمج _برنج"	al-shamil-dictionary
485	"لص
سرفة. نهب . سرقة ‎Riviera robbery (n.)‏
‎AL‏ لصوصية الريفيرا ‎١‏ شريط ساحلى بقع على
‎L‏ يكسى - رداء للمرأةا ‎robe (vn)‏ ساحل ‎el‏ التوسط يمتد من
روب. ‎A‏ كسوة رسمية ايطاليا مشي لغرب كاسن
لباس الإحرام « للمرأة 4 .1078 ‎Loty‏ وهر ‎L‏ مياحية
طير أبو الحناء ‎robin(n)‏ | شهرة
) عصفور أخمر الصدر ) ‎g‏ ساقية . جدول رم ‎fivuket‏
‏ارا مقر ء عقو ‎roborant (LAGK)‏ | طريق. سكة.عرب.سلك 0 (050)8»
الإنان الآلى ‎١ robot (n.)‏ فيل الطريق #8
الآلبات ‎١ robotics (n.)‏ غائق. مائع ,. ‎inthe‏
‏رم م | طريق أ عر سهل ‎royal ١.‏
‎e‏ صصخرة. مغزل. ملاذ ‎runaet (n.)‏ 1020
هاوية. ‎gl‏ تأرجح ؛ لقود الجوانب ؛ طائر ‎8t‏ €
- يهزء يذبذب . يتارجح . يقلق ‎e‏ الطريق ‎roadside (n.)‏
حمام برى. الحمام الهزار ‎roadster {n.) __dove‏
‎_androll‏ | حصان دراجة . سائق عربة
روك آند رول * رقصة علي أنغام يطوف .يجول يهيم )( ‎o‏
‏موسيقى ‎O‏ - جولان. نطواف
صاروخ . سهم نارى . قذيفة )1( ‎roar (v.n) rockel‏
صارونية يزأر. يزمجر . يهدر. يصخب -
للكرس الهزاز (م) ‎rockehair‏ | زنير . زسجرة عجيج ورلد
وعر. جلي . كثبر الصخورل [04) 5007 | يشوى. يقلى . ‎YRS e‏
‎١ 00‏ الحم ‎Syt‏ شواء
جبروت سلطة عصا. ‎roaster (n.) i‏
صنارة صيد مقياس إنجليزى ‎e‏ دول لم ‎S‏
‏(- 207 بغر ) بر بالقوة. بعلب . بقهب ‎OF (V.‏ , 05
ركب ‎rodepast, of ide‏ | يادق مص > نخراى ‎robber (n.)‏"	al-shamil-dictionary
486	"rodentia (n.) 100M (1) ‏موضع . مكان. مع‎ B
‏الحيوانات القارضة. القوارض‎ | 1010606 L ‏يفسح . يخلى مكانًا. يوسع‎
roe (n.) ‏بطارخ السمك. بيض‎ | roomily (adv.) ‏بوسع. باتساع‎
‏المك .غزال صغير‎ roomy (adj.) ‏رحب . راسع. فيح‎
rogation (n) ‏تضرع . توسل . ابتهال‎ | TOOSU(MY) - ‏مجثم الطير. سرب طيور‎
rogue (v.) P
. ‏جذر. أصل. منشا. شرس - (:) 001 | يحتال . يخدع . بتشرد  الحثال‎
2 ‏ينقب . يمدد جذرًا. بتاصل‎
roguery (n.) ‏خداع.غش‎ I ‏يقتلم . يستخرج. يستأصل . يتزع‎
roil (v.) ‏يزعج .يغب‎ | Square ١, ‏الجذر التربيعى‎
role (n.) ‏دور . وظيفة. فصل‎ | fake ‏يرسخ . بثبت . يتمكن‎
play the ‏راسخ . ثابت . متأصل . عريق (.84) 1007 | يلعب دور «كذا ؟ له‎
roll (n.v.) TOPE(NV.)  ديقب ‏حبل - بربط بحبل.‎
‏اسطوانة. ملف اسطوائيى.‎ L | ropy (adj) ‏غررى. لزج . مطاط‎
. ‏قرص. دحرجة . سجل‎ 10SarY () ‏مسبحة . سبحة . حديقة ورد‎
‏يلف . بدحرج. يطوف.‎  ةمئاق‎ rose past , of rise (v.) ‏قام . نهض‎
‏يكدر. يدر ييرم. يتمايل‎ | rose(nadin) 50 ‏وردة. جوهرة.‎
roller skate (n.) ol ‏الوردى - رردق‎
romance (n.) ‏رواية خيالية. قصة . حكاية‎ | rosiness(n.) ‏اتورد . احمرار‎
107101 ‏رهمى خيالى (.0ه)‎ s | 01)
rondo () ‏هراء. عبث - مرض قصيدة ثلائية الأبيات‎ s
roof (n.v.) - ‏يصبب حوافسر الغنم  مطح. سقف‎
‏يتعذن . يعطن . يبلى يُظل . يضال .سقف‎
rook ‏رجحم‎ fotary (adi) sy 5515 ‏دار . دولابى‎
1 - ‏الدوثرة السواد + الطبية «فى الشطرنج+‎
T A t
‏ل‎ S |"	al-shamil-dictionary
487	"الروليت «لعبة قمار» آلة  ‎rotate (v.adj.) roulette (F)‏
مسئنة لعمل سلسلة من النقاط يرواح . يتنارب. يدور على محور
أر الثقرب - محررى
‎Tound (n.adjv.)‏ | دورة - دورة . دوران ‎rotation )80.( k.‏
| دائرة. دورة. جولة. حلقة متعفن . معطن . فاسد ‎rotten (adj)‏
ا شوط. طلق تارى. مدى. أغنية * ‎rouge (n.v.)‏
قصيرة ‏ مستلير. كررى. أحمر الشسفاة. روج ‎١‏ متحضر
ممتلىء الجسم . نام . كامل . نشيط ‎P LY‏ يحمر -
‎L‏ صريح - يُدبر. .يدور تستخدم أحمر الشفاة
حول . يكتمل . يصقل . يطوق ‎(adj.n.v.)‏ لولم
يخدع . ‎makea‏ | شرس . فظ . نحشن . غلسيم. وعرء
من كل جهة ‎all ٠‏ قاس. غير تهذب. غلس.
على مداز ‎e -;*‘-"" alltheyear _. (i‏ ارض دعر
‎١ (adv)‏ دسم أدلى. شخص غلس آر
غير بهذب. خطة أر تخطيط
بصراحة. بوضوح برشاقة ‎B‏ - يعد بطريقة ارلية
استدارة . وفرح . امتلاء )1( 100700655 يخشن . يحيا حياة غشنة
مزاد - يبيع بامزاد سدس ‎_copy by‏
يستفر. يثير. ييه ‎TS0‏ | رسم ‎o‏ 0
يقلق . يضايق . يزعج ‎TOUSHOVW)‏ | مسودة ‎draught‏ _
(0) ا0©؟ | تقدير ‎s‏ أر اولى ‎_estimation‏
‎١‏ تجمهر. شغب . هزمة . مادبة - حياة حشنة ‎_life‏
‏يوفظ. يهزم بحر مضطرب أر هائج ‎_sea‏
‏اطريق . تمر سير لقا غ01 | صرت اجش 8
رحلة ‏ يعد. يرسل طقس عاصف 007 _
نس مطرد. ترتيب 0 )( ‎roughen (s 1 i | MRS‏
مع تمطى , على ‎Ay G‏ الرعاع . الأوباش . فئوات ‎foughs‏
‏| ينجود )1( ‎fove‏ ["	al-shamil-dictionary
488	"قله أدب. رفاحة () 000084 | صف. ‎Bl g‏ شغب. تجديف - ‎oW (n.v.)‏
اج رثومة . نطفة . أصل . مبداً ‎rudiment (n.)‏ يجدف, يصف . يتشاجر
بتأسف . يندم - أسف .ندم ‎me(va)‏ | زورق نجديف ‎rowboat‏
‎nff (n.v.)‏ مشاغب. مشاكس . فظ  ‎rowdy (adj.)‏
عمجرفة. كبرياء ء رداء. طول ‎Gy‏ ناخسة المهماز - ‎rowel (ny.) e‏
مكشكش كان يرتدى تديما - ‎royal (adj.n.)‏
يطل . يشرش ملكى . ممتاز . فاخر - الملكى . ‎S‏
‎royally (adv.) suffed grouse (n.)‏
الطيهوج ‎Sl‏ 8 طائر أمهركي © مثل الملوله . ملكا . على نحر رائع
‎royal palm tuffian (n.adf.)‏
شخص وحشى - رحشى التخيل الملركى « نخيل زيئة ‎١‏
‏تشويش . حيرة. اسطراب . ‎royalty (n.) 2uffle {n.v.)‏
‎g‏ كشكش - ‎b‏ إقارة. الاسرة المالكة
يغضب. يكشكش .يرمع ‎(nv.)‏ طلم
سجادة . بساط . بطانية ‎B0‏ | وتكاك .ولك . فرك . حك . عقية .
أشعث . فظ. غشن ‎sugged {adj.)‏ مشكلة ‏ بحك. بذلك.
‎ST‏ دمار . خراب . ردم ‎(VS‏ لل ‎S A‏ » يزيل . مصقل
يخرب . يدمر . يهلك تمحاه. استيكة ‎rubber (n.)‏
بهلك . يدمر. بخرب ‎ruinate (v)‏ | زبالة , نفايا. لمامة ‎rubbish (n.)‏
قاعدة. حكم . سلطة أمر  ‎rule(nv.)‏ حجر صغير . دبش ‎rubble (n.)‏
انضائى. دستور. قانون باقرت أحمر ‎ruby (n.)‏
مقياصس . مسطرة. ‏ يحكم. ثنية . حشد - ‎ruck (n.v.) S‏
‎ey‏ يسود . يسطر «بالمسطرة؟ دقة السفيئة ‎rudder (n.)‏
‎S‏ مسيطر . سائد. متملط ‎TR‏ | مورد. أحمر (زقه) ‎ruddy‏
‏أولو الأمر ‎rude (adj.) the _s‏
)( لال"" | ‎g‏ الادب. فظ .وقح غام غير
‎s‏ تسلط ‎oS‏ حاكم مصقول"	al-shamil-dictionary
489	"& —w i |
Jjurispradential __s 148 (et | witha -, ‏فجأة‎
‎rumble (v:n.) ‏يكركب - كركبة. فجة‎ | 0008 . pestpart. of ring ‏دق‎
‎‘yuminant (n.adj.) 000085 )8:( ‏عداه. نبات مداد. سجادة طويلة‎

ربنى . ‎s‏ (/24) 0020 | المجتر. حيوان مجتر ‏ مجثر. متأمل
‎١ rush (nv)‏ الحهوانات المجثرة (.م) ‎Tuminantia‏
‏اندفاع . تدفق . تزاحم ‏ تزاحم - يجتر . يتأمل ‎ruminate (v.)‏
يندفع . يهجم . يتراحم ‎(n.v.)‏ 100007
ساعة الذورة ‎W} | howr‏ خبر. ‎o WS‏ بطل إشاعة
عدا يصدا ‎msiine)‏ | ودف , كفل ‎(n) o‏ وميد
‎TUStic (adj.n.)‏ | وجعاء. بثلي ‏ جعدة. 43 ‎fv.n)‏ 00770016
ريفى . خلوى . ساذج - رجل ‎G‏ يرق : بطوف : يبع - للب
‎S| rusticate (v.)‏ نجال
يطرد طردًا مزفت « من المدرسة 4 يصدم ‎Ggainst‏ —
يسكن ‎e‏ يتتحم . يهجم على 7و_
خشخشة. حفيف  ‎١ orstle(nv.)‏ بفر. بهرب ‎away‏ —
بخشخش. يحف ""| متحرف المزاج. موعوك. بسقط ‎down‏ —
| مصدى. أجش . فظ . متعفن (.(24) 0559م ‎1١‏ يقل . بحس #أ_
‎rut(nv)‏ | بلتقى مصادفا. يصطدم ب ‎o‏ —
أخدود, ثلم . هدير . فصجبج . ‎A‏ يتحدر عن ‎—of‏
‏دورة الشبق «عند ‎0l‏ فثرة | بند إلى ‎—out‏
‏طلب التعشير «للجبوتانة؛. طلب ينف . يفرغ . يرهق ‎—ourof‏
‏التعشير - يعشر ء يهدر ‏ حدر يدرس . يدمس ‎—over‏
‏| شفقة حنان. مراساة () 001 | ينمرا بنشر لا
| شفوق مثير للشفقة  ‎rubfuladi)‏ | عامة الناس ‎the __ of people‏
| كثير .لا حاديد. شهدائى  ‎oty fadi)‏ | مع طول المدة ‎in the bong ٠‏
|"	al-shamil-dictionary
490	"1 ¢
‎S |‏
رملى . ينبت أو ينمو فى ‎b | sabuI0Se (adi)‏ التاسع عشر من حروف 50500
التربة الرملية الهجاء الإنجليزية
كيس . جيب . جراب (88) ‎sacseesack‏ | أمريكا الجنوبية ‎America‏ 50010 , .5.8
يحول إلى سكر ‎saccharify (v.)‏ | مملكة سبا «باليمن 5 ‎Saba(n.)‏
‏مادة السكرين ‎(n)‏ 586000 | سبتى أخاص بيوم ‎Sabbatarian (adj.n.)‏
سكرىق ‎saccharine (adj.)‏ السبت| محافظ على بوم
كيى الشكل. } ‎sacciform (adj.)‏ السبت. السبت أمن لا يعمل
شبيه بكيس ‎saccular (adi)‏ | يوم للبت
كبس صغير. حوصلة ‎saccule (n)‏ | السبت ‎azef‏ اليهودا . ‎sabbath (n.)‏
خاص بالكهنة ‎sacerdotal (adj.)‏ الاحد أعند النصارى| «يوم
كهلوتى ‎b‏ الراحة؛ يرم الانقطاع عن العمل؟
كيس . فتان واسع .سلب - (8) 5860 | بدون توتف أر  ‎sabbathless (adj)‏
يضع فى كيس . ينهب . يلب انقطاع عن العمل . لا سبت له
ملئ كيس ‎sackful (n)‏ | يقتل بالليف.ميف ‎saber (v.n.)‏
مقدلس ‎sacral (adj)‏ | عابد الأجرام السمارية. ‎sabian (adj)‏
سر مقدس ‎S sacrament (n.)‏
القربان المقدس ‎Sacrament (n)‏ | وحدة امتصاص الصوت 0 ‎sabin(n)‏
‎s o‏ مقدس. (.20[.0) [530:2006012 | أسود قاتم. مصنوع من (8.زفة) ‎sable‏
‏خاص بالطفوس - طقس فرو السموز - السمور «حيران؟
مقدس . دينى . قدسى . حرام ‎(ad))‏ 53060 | ثوب الحداد ‎sables (n.)‏
الشهر الحرام ‎the __ month‏ السباط «حذاء حشى 53 ¢ ‎sabot (F))‏
‎a__hadith i‏ قبقاب
‎Sacredness (n) et}‏ | يعطل أو يخرب ‎(v.rr.) - (e‏ 58501386
| يصحى ‎el ln) .o‏ | تخربا تعطيل |_."	al-shamil-dictionary
491	"Birth __ ‏عفيقة‎ | safekeeping (n.) ‏حماية . صيانة‎ 4G,
Theday,of ٠ ey | safety (nadj) . ‏صمام أمان . سلامة . أمان‎

أمن - وقائى قربانى ‎sacrificial (adj.)‏
حزام الأمان ‎belt‏ | انتهاك الحرمات. تدئيس ‎sacrilege (n.)‏
ديوس مشبك . دبوس الأمان ‎—pin‏ المقدسات
صمام الأمان ‎١ valve‏ العجز ‎sacrum (n.)‏
العصفر . القرطم ‎sufflower (n.)‏ | حزين . محزن. كثيب . داكن ‎sad(adj.)‏
‏الزعفران ‎(n)‏ 50/000 | سرج .سرج ‎saddle(nv.) Gl‏
الحراف . ميل . انخفاض فى ‎(nv.)‏ 588 «مقعد - يُرج ‎A‏

الأسعار . تدل . ارتخاء - تتخفض يمنطى . يرهق

الأسعار . يتحرف عن الخطط . جواد الركوب ‎saddle horse‏

saddler (n) gy, ‏يرتخى . يضعف صانم او بائع‎ b
saddlery (n) ‏«الراجةة‎ g N s | 88810 ‏قصة بطولية. ملحمة‎
520016 shoes (1) ‏حذاء من اكسفورد ذر‎ | S2BCIOUS (ad) ‏ذكى . عاقل‎
‏لونين مختلفين عند مشط القدم‎ sagacity (n.) ‏ذكاء. نباهة‎
‏أبيض رأسود أو بنى وله رباط‎ 5886 (nadj) . il  ميكحلا ‏العاقل‎

حكيم حزن غم كآية ‎sadness (n.)‏
‎e‏ الشكل ‎SOt (ad)‏ | رحلة «صيد أو قنص؟ ‎safari (n.)‏
الصحراء الكبرى |منطقة  ‎Sahara (n.)‏ أو أفرادها

ريق قد انط اللي آمن . مأمون . راق . مضمون ‎safe (i)‏

إلى نهر النيل أذ إلى البحر غير مذ - خزانة . خزية نقود

safe - conduct (.} ‏جواز أو امتياز مرور‎ [
safeguard (vn.)  ىقي‎ , ‏يصون . يحفظ‎ ١ gaid past and past ‏الهم‎ of say ‏قال‎
‎et ‏حرس اس‎ - said (adj.) ‏ماتم ذكره سابثًا‎
safeguard the commandments . T .
a;A/:a;. 0 ‏رون‎ | I AR ‏رس‎"	al-shamil-dictionary
492	"بروز . سمة ظاهرة. ] ‎il | salience (n.)‏ اسمك ضخم ‏ (.8) ‎sailfish‏
‎e e‏ تغاط ل ‎saliency (n)‏ ذو زعتفة ظهرية كير جد
يملح . يحول إلى ملح ‎salify (v)‏ | بحار. ملاح ‎r sailor (n.)‏
الملاحة ‎a0‏ صنع رتكوين ‎(n)‏ 980006 | طائرة شراعية ‎sailplane (n.)‏
املح بصلب على ‎sain(v) B,k‏
محلول ملحى . بحيرة ))1( 88006 | % قديس . ولى ‏ يجعله ‏ )1( 5801
ملحى ‎Lt‏ يندس «
يفرز ‎Ui | salivate (v.) CW‏ «كلب خم }.1( ‎Saint Bemard‏
لقاح «ضد شلل  ‎Salkvaccine (n)‏ | القداسة }.( ‎saintdom‏
‎Wby‏ ورع . تفى . فدرس ‎sainted (adj.)‏
التهاب القناة السمعية )( ‎salpingltis‏ | القداضة ‎sainthood (n.)‏
القناة السمعية ‎gy | 380010 (n.)‏ رزفه) ‎saintly‏
‏ملح .شك . يحار - ‎sall(nv.ad))‏ | غرض. قصد. مصلحة ‎sake (n.)‏
يملح - مالح . ملح . لاقع | لخاطرها.من اجلها ‎for her sake‏
‎03y‏ .5 رقص . تغير  ‎saltation (n)‏ | ملطة ‎salad (n.)‏
[ أيام الطيش ‎salad days‏
ملح المائدة ‎saltcellar (n.)‏ | راهب . مرتب ‎salary (n.)‏
مالح. تملح . محنك ‎salted (adj.)‏ أركازيرن.بيع ‎sale (n.)‏
مصلع ملح . ملاحة ‎&Y | salem(n)‏ اه 70
ملوحة ‎saltiness (n.)‏ | سوق خيرية 107 --
علج لائع. غير محتشم  ‎osalty(adi)‏ | بيع العربرث ,___ 6871651
مفيد. تاقع . ضحي ‎salutary (adj.)‏ & المقايضة ‎parter ٠‏
نحية. سلام ‎@t | salutation (n.)‏ فى متجر ¢ ‎salesman (n)‏
خطاب الترحيب - ‎salesmanship (.) o | salutatory (adin)‏
] ضرية البيمات ‎sales tax (n.)‏
14 عسكرية , يعظم 440 ‎salute (1v.)‏ | البائعة دفى ‎salesawoman (1) € e‏
عذكرية؛ |"	al-shamil-dictionary
493	"اشىء مقدس , حرمة. 0 (8) 800080 | ‎salvage (vm)  .ذاقتإ  صلخي diy‏
قدسية. طهارة. ربع تعريض

محراب . ‎sancuery (n.) g‏ { إنقاذ . تخليص . نجاة ‎salvation (m.}‏
مكان مقدسس . حر .ملا يسكن . بلطف . يهدا. يذ < (87) ‎salve‏

الحرم المكقى .5 «مقادقط م18 عرهم . داه مسكن

samara (L) ‏الثمرة الجتاحية‎ | The Madinite 5... ‏الحرم المدنى‎

ممنزل . حرم مقدس . حجرة . 68060070 | السامري . السامرى ‎(n2dj)‏ 5401801100
خصرصية الشخص نفسه ‎same )0007.301.50[.( o‏

i . ‏فاته‎ LR iy sanclum sanctorum (.45t ‏قدس‎

رمل ‏ شاطئ رملى . ‎sand(nv) o‏ | دتابة.مائل ‎sameness (n.)‏
الرملى ‏ ينتخدم الرمل | داج السموم العلا

010658 (Jap) L% ‏آله موشيقية بابانية‎ | sand ablution (n.) 7 ‏ليمم‎

صندل. خشب الصندل ‎sandal‏ الارتار

sample )80(  . ‏عينة - يختير. يفحص‎ | sand-Biind (ad) U ‏أعمى‎

Lo ‏باخ‎ sander (n) oy ‏ماكينة الصقل‎

ورقة الستفرة  ‎andpaper (mv.) iy‏ | آخذ أو جامع العيئات. 0 ‎sample(n.)‏

Lo VW ١ ‏#عوزوقعوم‎ )8( e ‏زمار الزمل‎

سندوتش - يصنع ‎sandwich (n.v.)‏ | يكرم. يقلس . يكرس.  ‎sanctify (v)‏
سندوتش , يقحم يطهر دمن الخطيئة! . يجمله

‎by‏ اند لت تب

‏عاقل . حكيم . ‎e‏ (241) معدو | ولا يزكى ‎Noonecan__ amybody‏

‎Bofors Allsh -- ‏على الله أحد‎ sanguinary (adj.) ‏سفاح‎

‏متعطش للدم . دمورىء ‎sanguine (adj.)‏ | مرالى. متظاهر ‎sonctimonlous (adf)‏
متورد بالتقوى. منافل

‏صحى - المختص فى(.20(.0) ‎sanitarian‏ | تظاهر بالتقوى . نفاق (.8) ‎sanctimony‏
‏على الصحة تصديق . موافقة. إلرار. ‎sanction (n.v.)‏

‏نظيف صحى ‎sanitary (adjn)  -‏ فانون . عقوبا ‏ يجيز . يصدق
مرحاض على"	al-shamil-dictionary
494	"آكل للعفن ‎saprophagous (adj.)‏ | فوطة ‎&)y‏ صحية }.1( ‎sanitary napkin‏
نقار الخشب ‎sapsucker (n.) ¢ by‏ فوطة دم الحيض . حفاض
تهكمى سخرى ‎sarcastic (adj.)‏ | يمد ار يزود بالوسائل ‎sanitate (v.)‏
‎sari‏ الصحية
السارى «ثرب ‎i s‏ } عيبو | حفظ الصحة. ‎sanitation (1) Jur‏
الشيطات د | العا
عبادة الشيطان. التزوع  ‎Satanism (n)‏ | % ريعقم . يجمله صحيً )( ‎sanitce‏
‎A‏ سلامة العقل ‎sanity (n.)‏
حقيية مدرسية ‎(n,)‏ 161 | السنسفيرية عشب ذات )1( ‎sunsevieria‏
‏قمر صناعى . التابع المرافق ‎(n.).‏ عااااعيدي | أفداق سيفية؟
الدولة التابعة ‎iz St a3‏ «الغة الهندية )1( ‎Sanskrit‏
‏يشيع ‎bt‏ يتخم - ‎satiate (v.adj)‏ الادبية القديمة؟
‎g‏ متخم ‎Gy‏ غير عميق. ‎SAP (V)‏
تخمة. شيع ‎satiety (n.)‏ النسغ «سائل فى أرعية
الساتان «قماش» - صقيل . ‎satin (n.adj.)‏ النبات». شخص ساذج -
‎Sl‏ يقترب من مراقع العدد
صقيل .املس ‎satiny (adj.)‏ يلغم يستتزف. بضعف
هجاء ‎sapheaded (adj.) Gt | sadire (n)‏
هجائى ‎sapinece (n.) | LS | satiric, __al (adj.)‏
يهجر ‎sapiency (n.) satirize (v.)‏
إرضاء. ارتياح . إشباع )( ‎١ catisfaction‏ شجيرة.شاب ‎sapling‏
‏, #رغبة أو ‎St‏ | | التسين. لتحيل )1( ‎saponification‏ |
خطيئة» إلى صابون !
يعرض . يشيع ‎saisly (v) i‏ | بنصان. يصين ‎saponify (v.)‏
‎s‏ يفي . يوتى ‎sappy (adj.)‏
ّ يوضى .بسر مقعم ‎Lkl‏ غض . كثير العصارة
‎١‏ عسبب للتعفن . تعفنى ‎saprogenic (adj.)‏"	al-shamil-dictionary
495	"منشار. قول ‎gl‏ بقع (087 58# | ‎ooy‏ ينقع . بشحن ‎(v.adj)‏ 8810216
نشارة خشب ‎sawdust (n.)‏ يوم السبت ‎Saturday (n.)‏
حمار البنك «ركيزة النشر؟ ‎sawhorse (n)‏ | زحل «كركب؟ ‎Satum (n.)‏
السكهورن ‎U‏ موسيقية؟ ‎saxhom (n)‏ | التسمم «بالرصاص ‎saturnism (n.)‏
مفتت لحصى المثانة ‎saxifrugous (adj.j‏ رمركباته؟
السكسية ‎U0‏ موسيقية؛ ‎saxophone (i)‏ | صلصة. فاكهة معلبة. ‎sauce (n.v.)‏
يقول - 5 ‎say (v.n)‏ رقاحة ‏ ينبل . بخاطب بوقاحة
قول ماثور . مثل ‎saying (n)‏ | طاجن . طنجرة ‎saucepan (n.)‏
قشرة الجرح . جرب - يجرب )1( 5680 | صحن الفنجان ‎saucer (n.)‏
جراب . جفير . غمد - ‎scabbard(mi.‏ | بوقاحة ‎saucily (adv.)‏
‎Ay‏ سليط. رتح ‎saucy (adj.)‏
دكة. سقالة «البناء؟ )( ‎Scaffold‏ | سجن ‎sausages (n.) e‏
درجة . سلم .كفة ‎seale(nv.) O‏ مكن إنقاذه ‎savable (adj.)‏
مقياس الرسم . مقياس متوحش . همجى . بربرى . (./00) 51288
الميزان - مدرج . قشرة ‎scales (n.)‏ قاس. شرس
اسمك - يقشر. ‎Gl‏ يزن . ‎savagencss (n.)‏
الاسقلوب لمحار مررحى ( م ‎savagery (n.) }  ةيجمه.شحرت ١‏
الشكل». شريحة لحم رقيقة - يدخر. يوفر. بنقذ . يصون ‎(VPIEP)‏ 5898
يجمع قالاستلرب سوى. إلا . ماعذا
فروة. جلدة الراس لح ملف | وخاز توي ‎saving (nadjprep)‏ ا
‎scalpel (n.) N v:\,‘»,w:,—n‏ ا |
نضيحة. رشاية ‎scandal A‏ مدخرات. رفورات ‎savings (n.)‏
‎e‏ بوشى ) ‎scandahize (v‏ الخلص .القذ }.( ‎saviour‏ |
تصفح . تفرس . ‎Gy‏ 00 36258108 15 طعم. رائحة ‎savour (n)‏ !
‎f‏ تتعيل ‎S, A‏ عت ‎saw, past of‏ |"	al-shamil-dictionary
496	"خوط سير . جدول أوقات ‎schedule (my.).‏ | بصعوبة - ناقص . ‎soont (adv.adj.v)‏
قائمة جرد. يدرج في جدول. ثدية .أثر اندمال الجراح ‏ يلتثم ‎(n.v.)‏ 5888
يحدد ‎G g‏ جعران ‎scarab (n.)‏
خطة. مشروع - يدير ‎(v)‏ 860606 | بصعوبة . بالجهد ‏ نادر . ‎scarce (adv.adj)‏
خطة . بخطط عزيز. قليل الوجود
شقاق. انشقاي . خروج عن (.8) 5601900 ‎١‏ نادرًا. بالكاد ‎scarcely (adv.)‏
الدين ندرة. قلة. وجود. } زم ‎wearceness‏ |
يحرض على الانشقاق ‎schismatize (v.)‏ عرزا شح ‎scarcity (n.)‏
الشيزودرييا «اختلال ‎g | Schizophronc (n.)‏ خوف - يفزع . يرعب  ‎(V)‏ 56266
15 الصاب بالانقصام خيال ‎sl‏ فزاعة ‎scarecrow {n.}‏
الشتوور «كلب ‎taps‏ (.8) 50000287 | ربطة ‎o‏ كراناتة. رشاع 0 ‎sarl(n)‏
‏آداة للتنفس أثناء التنفي ‎schnorkel (n.v.)‏ .رداء . إيشارب للراس
نحت الماء ‏ يسبح باستخدام هذا يشرط الجلد . يشق . يخدش ‎scarify (v.)‏
الأداة الحمى القرمزية ‎scarlet fever (n.)‏
طالب علم . تلميذ . أديب, ‎scholar(m)‏ | ندبة.علامة ‎(n.)‏ 5807108
عالم إناوة. ضرية ‎seat (n.)‏
علماء المسلمين ‎scatter (v.) sdz. fay | Islamic S‏
عالم ‎o‏ .._ كل«داولاءم ن | منظر . مشهد. فصل دمن 00 ‎scene(n)‏
‏النذ: . علم ‏ ثاقة. ‏ (نه) ‎scholarship‏ رراية. مكان ونوع الحادثة
معرفة مشهد. منظر ‎acenery (n.)‏
متحذلق . ‎(adi i‏ له , ‎scholastic‏ | تنبلى مشهدى. ‎scenic, __al(adj)‏
مدرس . مكلى . تدربسى مختص بمناظر المسرح
شرح ار نعلي علي (8) 5000100 | ‎b‏ لمعطرا . رائحة. ‎AL‏ (8070 56801
الهامش . ‎e‏ تعليق حاسة الشم ‎o‏ يعطر. بشم
يشك . يرتاب )1( ‎scepticize‏
‏رسا ا سي"	al-shamil-dictionary
497	"ل :- سسا ل
يهزأ ب. بسخر. يتهكم ‎L‏ (.7:8) 3004.31 | مدرسة. تعليم. ملعبة. .9000018
وقحة . سلبطة - يمنف . وريخ ‎(1Y)‏ 86008 يدرس . يهاجر فى ‎ey‏
‏يحصن . بخندق . يأرى - (8:) ‎sconce‏ ررض يربخ

حصن. مأوى. محوفة. مدرسة ‎Boarding ., sl‏
جمجمة. رأس. حاملة المصباج مدرسة خارجياً ‎Day__,‏
‏الجدارية تريخ . تتقيف . تدريب. (.8) ‎whooling‏
‏ملعقة . مغرفة كبيرة .0 ‎s KOOP(M.V.)‏
يجرف . بجرف . بغرف. يقور ‎Loyl S‏ بعلم ) ‎sehootmaser‏
‏دراجة أطفال «صغيرة؟  ‎e SCOOMEr (n.)‏
هدف . مجال . مدى «النظر؟. ‎g3, | 50008 (M)‏ الدراسة أو المدرسة (.8) ‎schoolmete‏
‏مجال «الفكر؟ معلمة. مدرسة ‏ (.6) ‎schoolmistress‏
‎Cinema .‏ | علم مهارة. ‎bl‏ (م) تصضاعو
‎Lt‏ المجسمة «بعيدة المدى؟ قصدا. عن تصد. ‎scienter (adv.) s‏
‎score (v.n.)‏ علمى .5 ‎scientific, __al(adl.)‏
يخدش . ينجح . ينال . يخطط ؛ جز - عالم ‎sqienust (n.)‏
اترضع يم جرح . عجباء الأحدب سيف ‎oot e‏ |
موضوع. خط .سطر ير . يريض . يخرج  ‎scinkillae (v)‏
ايسجل أو يحرز مدنا 01 0 -- شور بشع
}3 . سخربة . يزدرى . بحتقر (.7.7) 56007 وريث .ابن سبيل . غصن ‎wiom (n.)‏
‎e‏ تسجلس» ابلس سد لعليسنها
باحتقار ‎scornfully (adj.}‏ حاد
.عقرب . برج العقرب 0 ‎SeopiON(n)‏ | يقص. يقرض ‎saissor (v.)‏
«فى الفلك؟ ‎scissors (n.)‏
‎g‏ ضيب رحصة ‏ (30010 | مص ) ملسم ‎apawol‏
‏! 5001041 | ينيسن يتساب.يُصلب ‏ (ل) ‎sclerosis‏
‏أمكرتلائدي ) ‎i Scotch (adj.)‏"	al-shamil-dictionary
498	"‎(v Byl gk‏ 8050# | يسحت . يخدش - خدش ‏ (.0.) ‎scotch‏ إ
يُرغى . لرلب يصقل . يطهر . يجلى رم ‎scour‏ |
‎__driver K™‏ يجرف. يطوق صقل |
أ رزة ‎ey‏ إسهال. جلى
! آله رقع الأثقال «عفريثة* ‎jock‏ | سوط . قصاص . عقاب - ‎(nv.)‏ 3000180 «ً
, يشخبط . يكتب بغير اعتاء . )( ‎scribble‏ يغدب. يعاقب. يعنف ‎١‏
‏يخربش - شخبطة . خربشة يستكشف. براف ‏ كشاف ‎scout(vn)‏ ا
‎o‏ ينخ - ‎S‏ ناسخ (.100) 561108 استكشاف. استطلاع
صك أصلى . حرف مطبعى - (500801)8 | امتطلاع. كشافة ‎scouting (n.)‏ ,
مستند أصلى. حط دروى ‎iy‏ . يحيو . يتسلق . )1( ‎scramble‏
‏الكتاب المقدس ‎Scripture (n.)‏ يندقع - رحف. حبو. تلق
كتب سماوية ‎Lot scriptures (n.)‏ {
اهل الكتاب  ‎The peopleof the LS‏ | نت .يشاجر ‏ كرت ‎serap(vn)‏ |
‎serivener (n) PR‏ | ثنذاية.ثقات
يرق . يختلس )( ‎SCrOUNGE‏ | كخط ‎s‏ جرت. 0 رتم تمعد ‎i‏
‏مؤخر العثق ‎(n.)‏ )56001 ورطة. مشكلة ‏ يكشط. يمح ا
يتردد. يرئاب . ‎(v.n) Lol‏ 5600016 يمحر
ترد . ريبة . شك ممسحة الأرجل . مجرفة . محكة )1( 5620087
| يدثق فى . يتفحص  ‎(v)‏ 800000158 | ناطحة السحاب . ‎sy‏ ,
| تتحصر . إمعاد النظر )1( 50000 | يخدش . بحك . يحثر .80 عالضعة |
يتعارك . يتشاجر - عراك . (.00) 560016 | بخريش - خدش. خريشة ‎١‏
‏مشاجرة ‎e‏ قا) اصع |
يجدف ‏ مجداف زور سباق ‎P scull (V1)‏ |
يتحت .يفم ‎sculpwre (v Y‏ | يزع يصيح يفرع 0 لسسع |
البحت. ضاعة ‎e‏ زعقة ‎[P‏ ا
| قشرة لرأس ‎seurf (n)‏ | يقريل بكر ‎s‏ لا مم |
شخ تافة أو حقي ‎seut (n.)‏ ] م عزرياتا. ‏ صدر
لا الث اناا ا اا"	al-shamil-dictionary
499	"تجفيف . توابل ‎scasoning(n.yv.)‏ | مرض الإسقربوط . حقير ‎scurvy (n.adj)‏
يجلس . يركز . ينصب ‏ مفعد (3821)70 | منجل. محن ‏ يحن (.2) ‎seythe‏

sea(n.) ‏ثابت . جلسة . مركز. قاعدة بحر‎
seaboard (adjn)  لحاس‎  ىلحاس‎ | scaurchin(n) ‏قنفذ البحر‎
sea - breeze (n.) ‏لسيم البحر‎ | 8880250 adv) et e ‏تجاء آر‎
seal (W) ‏يسد يمنع‎ Gy | scaworthy (adi) 0 ‏صالح للملاحة.‎

مناسب للبحر. صالح للإبحار ‎o‏ ختم ‎gl‏ التسرب
القاطع . خط يقطع ‎secant () Ly‏ عجل البحر. الفقمة
‎oty‏ من.ينشى على . ينشى )1( ‎secede‏ | شمع الحتم ‎sealing - wax (n.)‏
المنشق )( ‎seceder‏ | ملاح . نوتى ‎seaman (n.)‏
الخوارج ‎The Seceders (n.)‏ | ملاحة. إيحار ‎seamanship (n.)‏ ,
يرشح . يفوزر ‎secerm(v.)‏ | غير مخاط ‏ بدون خياطة ‎seamless (adj.)‏
انعزال . امشقاق ‎secession (n.)‏ | يفنش. يبحث. ينقب ‎search (vn) L‏
يعزل . بفصل . يبعد . بطرد. ‎seclude (v.)‏ تفتيش . [

search - warrant ‏أمر بالتقيش (ز4ة)‎ oy
seashore (1) ‏شاطئ البحر‎ | seclusion (m) ‏عزل. فصل . إبعاد . طرد‎
seasickness (n.) ‏دوار البحر‎ | second (nvadi) - ‏ثانية . المؤيد , الثائى‎

يزيد . يعضد. يساند - ثان. شاطئ البحر ‎seaside‏

إضانى. مكتب ‎iy‏ يقدد اللحم. 0 ‎(vn)‏ 58500
ثانوى . قليل ‎secondary (adj.n.)‏ يملح . يجفف. ‎B3‏

الأهمية - شىء ثانوى. مساعد موسم. فصل امن ‎Sy‏
‏مدرسة ثانوية 00 -- ‎s‏ أوان. ينبل الطمام . فترة
مستعمل من ‎second - hand (2dj.n)‏ عطلة رئيسية . فى مرسمة . فى

قبل - الوسيط . عقرب ‎S‏ رقته . فى حينه .
ثاب ‎١ secondly (adv.)‏ فى غير أرائه .اله »0
سرد شرق ‎e | secret (nadj)‏ مناسب ) ) ‎scasonable‏

ا ات اا و -"	al-shamil-dictionary
500	"| أل ااا ااا
‎secutity ()‏ | نخخص ‎Sl‏ تمل للم ‎secretarial‏
‏غمان. سلام . أمن . ‎R‏ بأعمال السكرتارية
الياسن . الكنيل اسكرثير ‎secreiary (x.,‏
مجلس الأمن (.0) ‎fn.) Security Council‏ دين ‎secretary‏
‏محفة ‎sedan )«( i,‏ | الكاتب ‎iy e‏ على
وزاثة . وقار (.8) ‎sedateness‏ الزواحفة ‏ |
مسكن. مرطب ‎sedative (ad).)‏ | وزير برذ
ناث الحلفا. بردي ‎sedgefn)‏ | وكيل رزارة ‎Under __ of state‏
ايفرسيب . يرسي ‎SN | sediment (V) L‏ 5 العام . ‎secretary + 800881 (n)‏
راسب.نفل الامين العام
بحري او يغرى على الزنا. ‎(v)‏ 320008 | سكرتارية. أمانة الس )( ‎sccretaryship‏
‎oo S SR‏ يخفى . يفزر. يرشع ‎(v.)‏ 5605616
إطراء . حريض . فسق + ‎seduction (m)‏ | كنم . إخناء. 50 رشع (بع) دنه ‎L]‏
‏هنك العرض سر خفية * ‎secretly (adv.)‏
‎ek e‏ (0) 886 | طائفة. فرقة مذهب ‎sect(n)‏
‏بتصور . الشخص التعصب - ((0.84) ‎sectarian‏
‏يتحص ‎Sl im0‏
يودع شخص . له 50006 | يقسم. يجزئ. يفصل - ‎section (v.n.)‏
‎e‏ شيء ‎something ow‏ — قسم. جزء. قطاع. إقليم
يستعرض ‎over‏ ات | قطاع الدائرة «مدحقة | ‎sector(n)‏
‏د ‎somebody thromgh‏ | بس يد صل ‎occular (ha)‏
نحت - العامى .
بذرة.حبة .يذر. | ‎seed(nvadi)‏ | يصون . يحفظ . يأمن  ‎secure (vadi)‏
يزرع - ذر بذور . بذرى على . يكفل . بعشقل - مصون
بذرر .هوب ‎secds (n.)‏ دامون . محكم . مطمنن
غلاف البذرة ‎vessel (n.)‏ - 5660 | بلام بأمان. بإحكام ‎securely (adv)‏
علبل . كثهر البذور ‎seedy (adj.)‏"	al-shamil-dictionary
501	"(e w |
seek (v.)  دجب‎ . ‏ببحث . يفتش . يلتمس‎ | 5611 - action (n.) ‏عمل ذاتى‎
seel (n.) ‏توسم.تمل‎ | selfomalysis(n) i ‏حليل‎
‎seem (v.) ‏يدر .يلوح يظهر‎ | self - composed fadk) ‏دنين‎
‎scomingly (adv.) ;45 ‏يدر. كما‎ L ‏على‎ | self confidencafm) R, ‏الثقة‎
‎seemliness (n.) ‏لياقة. مناسبة‎ | self -deceit (n.) ‏خداع النفس‎
seen, 08500071, 0) 568 ‏مشاهد‎ 3, | self - demial )( ‏اتكار الذات‎
serfn)  دهاشم‎ . ‏عراف. قارئ. البحث‎ |oself - determination )( ‏تقرير المصير‎
‏كله | ااه اليس‎ employed fadk)
segregate (v.adj.) - ‏يعزل .يفصل‎ | self - esteem (n) ‏احترام الذات‎

لثاتى ‎selfish (adj.)‏ معزول. تفتصول
‎seigpior (m.) ) selfishness (n.) i‏
عصانى .انع ‎self made (adi) i‏ عض ] ‎seigneur (n.)‏
إضرار («) ‎self-will‏ | آلة رصد رتسجيل  ‎scismograph (m.)‏
‎(v.n)‏ الغو الزلارل
جيم . يتصرف , يخون . يخدع - حيلة علم الزلازرل ‎setamography (n.)‏
البيع بالمزاد ‎by auction‏ | يقبض على . يعتقل . يمك 0 (0) تامو
‎iy | seller(n) &‏ مرضية. مك . بص( انتدام
‎seldom (adv.) Gl | selves, sing . sl ueesd 3‏
‎١ somntemete) S‏ يختار. بتتقى . ‎sclect (vadj) oy‏
‎semmtzamelgiots) D L‏ | لبا —
عم لاني ملم لادلا ‎Semontica fru)‏ المختبارى. اتقالى . متخب ‎selective (ad).)‏
السيعافير:ميهفر  ‎semephosedam)‏ | حلم تكوين القمر ‎selenology (x.)‏
التنظيم مرو القاطرات» .نظام تفن .نات 0 (6618) امام ‎sl‏
‏الإعطا = ‎e e‏ علمين الذات . النفس - وحبد اللون ‎self (n.adj)‏
بعطى بشارة بادثة معناها : #ماتى . ذاتبًا . بطبيعتة» ,- ‎self‏"	al-shamil-dictionary
502	"يعيد. برجم ‎A | __back‏ .ماء التذكير . بذرة النبات )( ‎semen‏
‏يودع . يعد نه | لصفا سئة لمدرسيةة 0 ‎semester (n.)‏
يخرج . يصدر . يطلق 00 . فصل ‎el‏
‏يرصل ‎By | -_ 50010078 off 4y‏ معناها: الصف شبةا .5880
كبر شبخوخة () 5065000 | نصف سترى  ‎semi-annual (adj)‏
سن .شيخ ‎senescent(adj.)‏ | نصف دائرة )560161616
‎semicolon (n.) senior (adj.)‏
الأعلى ‎Ol‏ أكبر ‎A0‏ علامة الوقف 143 «فى القراءة؟
‎seminar (n.) Gl‏
أسبقية. أولرية ‎scniority (m.)‏ | السمينار . حلقة دراسية. منتدى
أسبرع ‎sennight (n.)‏ درامى
إحساس . شعو . إدراك )1( ‎semiology (n.) sensation‏
‎sense (vn)‏ | السيميولوجيا اعلم العلافات*
يشعر ب. يدرك. يفهم - 2 داتم  ‎semi permanent (adj)‏
شعور . إدرال. فهم . إحساس ‎semi weekly (n.adj.adv.)‏
‎senseless (ad).)‏ | 2 نصف أسبوعى - نصف
فاقد الحس أو الشعور . بليد أسبرعى - مرتين فى ‎Y‏
‏إحساس . شعور . إدراك ‎sensibility (n.)‏ | السميد «دقيق؟ ‎semolina (n.)‏
حساس . معقول . عاقل ‎senary (adj.) b | sensible(adj)‏
‎gy‏ التأثر. حساس  ‎senate (n.) sensitive (ad.)‏
‎sensitiveness )‏ | مجلس الشيرخ. الجلس الاعلى
إحساس . سرعة التأثير ‎senator (n.)‏
‎gl‏ شهوانى () ‎sensual‏ | عضو مجلس الشيوخ . ستانور
‎send (v.) sent past pastpart. of send‏
أرسل . مرسل يبعث . يرسل يطلق (صيحة»
يحكم على . يصدر )1( 50016068 يندد ‎S‏
‎US|‏ حكم عارة. جماة ‎b‏ 007
اا ل ا ا ا ا اه"	al-shamil-dictionary
503	"5601600005 (adj)  زجرم ‏مختصر.‎ | 58026 (adj.v.)
sentimental (adj.) | ‏حاس‎ bl ‏مشرشر. مسان. يشرشر. يمان‎
separate (v.adj.) servant (n.) ‏خادم‎
‏يفصل . يفرز . يبعد . يفرق - منفصل‎ | sETVE ‏يخدم . يعامل . يُصلح‎
‏منعزل . متفكك‎ service (n.adj.) ‏اخدمة. وظيفة.‎
separation (n.) ‏لوارم المائدة - إصلاحى . نافع‎
‏فصل . انفصال. طلاق . فراق‎ | 5016118 (n.) ‏فوطة المائدة‎
September (n.) ‏شهر سبتمبر‎ | servitude (n.) ‏ارق . عبودية‎
septic (adj.) ‏فاصد. متعفن‎ | sesame (n.) ‏السمسم. سمسم‎
sepulture (v.n.) ‏يقبر .يدفن  دفن‎ | sessile (adj.)
‏لا عنقى .متصل بالقاعدة مباشرة قبر. ريح . مقام‎
sequence (n.) ‏تسلل.تابع‎ | session (n.) ‏جلسة . دورة‎
5600651818 (v.) ‏يصادر أو ينزع الملكية‎ | set(nv.) ‏طاقم . طقم . مجموعة‎
serenity (n.) ‏.جماعة. نهاية. غروب - رصانة . هدوء‎
sergeant (n.) ‏يعين. برع فى .يرجع. رقيب . شاويش‎
sergeant major ‏يدون. يركز . ينظم . يجلس رقيب أرل‎
serial )8.24[.( - ‏.يصف. ينزل كتاب يصدر بالتسلسل‎
‏يخمصص 7 -- متابع .مصلل‎
58865 (n.) ‏تتابم . سباق . سلسلة . المتسلسلة‎ ١ __aside ‏يطل . يتركه جانبًا. ينحى‎
__ winding ‏لف على الترالى‎ | back ‏يعطل . يعيق‎
568005 (adi) ‏خطير .هام جدى . تقى‎ | __fire S ‏يشعل‎
‎sermon (n.) ‏موعظة. خطبة‎ | ___ forth ‏يعلن . يرتب.يبين‎
delivera ٠ ‏يخطب‎ ١ free ‏يطلق سراح . يحرر‎
sermoner (n.) | ‏يدخل ) #-- | ماعب‎
sermoniser (n.) _out ‏بشرع فى. يدأ‎
serpent (n.) ‏لعاناحية‎ | sail ‏بحر‎
‎0180848 ‏يبدا أو يشرع فى العمل‎"	al-shamil-dictionary
504	"Kot 502 sha)|
—up ‏يشيد. برقع‎ gy | Sewm, pastpant. 01 sew
sefter () ‏مخاط .تم حياكته عركب. كلب صيد‎
settle ‏زج‎ sewn clothes (n.) ‏الخبط‎
‏برتب. برسخ‎ A ‏يسكن.‎ oy | © (nadj.v)
‏الجنس . الغريزة الجنسية. الاتصال .استقرار . تهيئة . غررب‎
seitler ‏(.م)‎ St ‏الجنسى - جنسي - بثير الغريزة مستوطن.‎
settings (n.) ‏الجنسية . بحدد أو بعين الجنس تفل . راسب‎
saven (n) ‏سبعة‎ | 18380802737 )8( . Lu ‏عمره سلون‎
sevenfold (adj.adv.) ‏ابن سلين سن‎
‏سيعة اضعاف  سباي‎ | SeRdigitistadl) ol i
seventeen (1) ‏سبعة عشر‎ | sexless(ad)) d ‏لاجنس‎
‎scventeenth (n.) ‏السابع مشر‎ sexual (adj.) ‏تناسلى‎ o
seventh (adj.n.) ‏السابع - سابع‎ | intercourse  ةعجاضم ‏جماع.‎
‎seventieth (adj.) ‏السبعون‎ | —oOrgans ‏أعضاء التناسل‎
seveaty (x.) vy gyt 4 ‏شهرة جنسية‎
sever (n.) ‏ينفصل . يفصل . يقطع‎ sexuality (n.) ‏صفة الجنس‎
several (adj.) ‏عديد . عدة. بضعة‎ | Sexually (adv.) s - G
‏بعض . متفصل . مستقل‎ shabbiness (n.) ‏وساخة . دناءة‎
severance (n.) ‏فصل. قطع‎ shackle (n.v.) ‏يقيد‎  ديق‎
severe ‏بست بحجب. يطلل.  (:08) ©8080 | صارم. قاس .عنيف . شديد (ز4ة)‎
severely (adv.) ‏يغطى - مأرى . خبال . طل بقساوة‎
severity (adv.) ‏قسارة.صرامة‎ | shadoof (m) 455 ‏الشادوف «لرى‎
sew (v.) ‏بحبك. بخيط . يطرز‎ | shadow (nadjv)
sewer (n.) ‏ظل طيف . خبال. رمز . حماية مجرور. خباط‎
somerage (1) bl ‏شكلى - المجارى . شبكة‎  ةيافو‎
sewing (n.) ‏بحمى . يعنم . يظلم . يظلل حياكة . خياطة‎
sewing machine ‏ماكينة القباطة‎ | shadowy (adi)  ىمهر ‏مظلم . ظليل‎"	al-shamil-dictionary
505	"— ا
يولع اه | مظلل . ظليل . بهم . مشيره ‎shady (ad).)‏
‎shake (v.n.) sharp (adj.adv.n.)‏

لبيب . ماض . ‎G‏ مزثر. فمال رجفة. رمشة. هز

—hands 0 ‏خبير . زيرة بتصاقع يصاقع. يسلم‎ - O ‏بحشة.‎ -
o ‏يتخلص بن‎ | angled ‏حاد الزاوية‎
shaken , pastpart , of shake sharpen (v.)

بشحذ . يسن . يحد . يبرى . يدبب امهتز. مرنج
‎o‏ الاملحة ‎sharpener (n.)‏ | الشاكة «قبعة عسكرية مزدانة ‎shako (f.)‏

ik, pencil ٠. ‏براية الأقلام‎
shaky (6d].)  شمترم‎ . ‏النصاب . المحتال . أونططجى (.8) 508/067 | متزعزع . مرتج‎
shall (aux ) ‏سوف‎ | shampic(n) }

shallow ‏(.0.ز4ة)‎  dewd il - ‏ضحل‎ | sharpy (n)
shame (V) ‏الشاربى «مركب شراعى؟ يخجل . بخزى . عار , خزي‎
shameful ‏للحتال. شخص يفظ أر نيه مخجل (.زهد)‎
a___sin ‏اذنب فيح‎ | shaver (v.n)
shameless ‏يهشم . تكسير. تحطيم وقح . ليل الحياء (.ز4ه)‎ Gy
shampoo (v.n.) shave (v.) ‏يحل «بالموس؟‎

يقشر . يكشط . مسح بالقارة يدلك . برك . يفل . يدعك - ملك
يغمد . يضع بالجراب ‎sheath (v.n.)‏ . شامبر
. يغلف. بسقر - محمد. جراب ‎shape (v.n.)‏
يخلف . ‎ey‏ 0 000 | يصرغ. بشكل. بصور. يكيف -
يحزم. يضم يجدف ‎(V1)‏ 558276 شكل . فيئة. قالب. مظهر
عكيًا . البكرة المحزرزة ‎share (v.n.)‏
بنك . يشر . يلفى . يسكب . 5060740 | ‎el gL‏ بتقساسم +
الحشية. زرية اللحراث"	al-shamil-dictionary
506	"مذهب الشيعة ‎Shiism(n.)‏ | يتلالا .يرق تلألز. ‎sheen (v.n.ad)‏
الشيعى . أحد ‎Shiite (n.)‏ لمان بهاه - لامع
أفراد المذهب الشيعى غنم . شاة . ضأن. خروف ‎sheep (n.)‏
‎sheet (v.n.) Shiitic (adj.) )‏
‎Ay iy | shift(vn)‏ - ملاءة. لوح
يتحايل - تحول. تغيير . مثاوبة . «ورق؟ . جريدة . نشرة
حجة. تايل . مناربة. قمصيص صاج. حديد مصفح  ‎sheet-iron (n.)‏
داخلى (حريمى؟ منقط . أرقط . مبرقش ‎sheld (adj.)‏
عديم الحيلة ‎shelf (n.) G, | shiftess (adj)‏
مخادع . ذر حيل ‎SIftY (adi)‏ | يقثر . يضرب بالقتابل. .م ‎shell‏
‎shine (v.n.)‏ يجمع أصداف ‏ صدفة.
‎iy‏ ضيباء. تالق. طقس قوقمة . ردعة. محارة. صدفة ).1( ‎shellfish‏
‏جميل يحم يئر بارى.  ‎shelter (v.n)‏
‎shingle (v.n.)‏ ملجأً. ملاذ
يكس . يداخل - حصى . زلط . لوح يهمل . يتحدر ‎shelve (v.)‏
خشبى.قمصة شعر قصيرة مائل . متحدر ‎shelvy (adj.)‏
«للنساء» ‎shepherd (v.n.)‏
مشرق لامع صا مضئ ([04) 58007 | برعى الغثم ‏ راعى الغتم. راعىق
‎ship (vn.).‏ الكنية. الكاهن
يسافر بالسفينة . يخدم فى السفيئة . شربات ).( ‎sherbet‏
‏يشحن السفينة ‏ مركب . سفينة ‎shereef (n.)‏
‎sherif (n.) } shipwreck (v.n j‏
يخرب يدمر ‏ حطام السفيئة . الشريف . العمدة لعمدة ‎AL‏
‏اخرابت ضياع سفينة غارقة يسثر . يحمى . ببرأ - ج 1( ‎shield‏
‏| بكان لا وتضيع السفن ‎i St stapyard (n.)‏"	al-shamil-dictionary
507	"سرقة بضاعة من محل ‎ShOPIft(n)‏ | مقاطعة. قطر. ناحية ‎shire (n.)‏
لص المحلات ‎shitk (v.n.) shoplifter (n.)‏
التسوق.تبضع ‎shopping (n.)‏ | يتملص من . يتخلص من حيلة
شاطئ البحر. دعامة . يدعم ‎ey | SHOTE (n1v)‏ قميصس ‎shirt (v.n.)‏
‎shiver (v.n.) short (adj.n.adv.)‏
قليل. غير كاف - الشورت. رجفة. رعشة
شىء ‎JO TR‏ قصيرة ‎shock (v.n.)‏
الأاجل - باختصار. بجاء. يكوم . يصدم . بهز. يفزع . يفجع -
فجاة صدمة . هزة. كومة
نقص . عجز ‎shoe (n.v.) shortage (n.)‏
تقصير . نراخ . قصور )1( 50016001008 | حذاء . نعل . مركرب . حدوة. العائق
يقصر . يوجز . يقتضب ‎shorten (v.)‏ الحركة ما - يركب حدوة للفرس
اختزال ‏ مختزل  ‎et shorthand (n.adj.)‏ ينمل
‎shortly (adv.)‏ | ماسح الاحذية ‎shoe - black (n.)‏
بالاختصار . إيجازا . عن نريب رباط الحذاء ‎shoe - lace (n.)‏
ضعيف البصر  ‎shorsighted (adj)‏ | صانم الأحذية ‎shoemaker (n.)‏
طلق نارى. رش + ‎shoot (v.n.) shot, (n.adj.v.)‏
خردق. قنبلة. رصاصة. لقطة. يطلق النار. يقذف الكرة. يصبب
الالوان. سكران. تالف. موشح - (السعرا .ينبت . يرز . يحقن +
أطلق الثار يصعاد. يمرق - طلس نارى.
كان ‎pastof shall g‏ 0010م | تصوير. تيار مساء. مزراب. شماع
مكب كتف - رياو قزمي ‎١‏ صباراة. رماية. الدضاع.متحدر
يحمل على عانقه . يدنم بالكتف مات
يتوق : يه - ‎shop (v.n.)‏
‎shoulder - blade‏ -_ ضع . ‎١‏
‎T ""‏ ادكان. محرن . منجر 030
عظم الوح «فى الطب ‎shopkeepertn) s e‏ |"	al-shamil-dictionary
508	"| & دنا
المجيرة ‎‘shout (v.n.) ‘shrub (n.)‏
‎shrunk . past, pastpent. of‏ | بصرخ. يصبح ‎i‏ - صراخ .
تقلص .الكش ‎shrink‏ هتاف صاع
‎shuffle (v}‏ | بفحم . ‎gl‏ بفعة قوية ‎dhove (v.)‏
يمشى . تافلا بوارغ. يخاط - كربك . مجرفة ‎shovel (n.)‏
حيلة. مراوفة. تعديل . خلط ‎show (v‏
مراوفة. ‎ety | 80000008 )8( W Uyl‏ بمسرض. يين. يوضح -
‎ety‏ بيتعد عن ‎shun (v.)‏ عرض . امهم . حفلة ‎gt‏
‏مفلق . مطقول . موصد ‎o‏ (.0(.7ه) ‎shut‏ برنامج . معرض
‎shower (n.v.) o - Jik‏
؟ يفلق ‎B0 | __down 0٠٠ o‏ لظهر.مسين.رخة ‎Ly‏
‏يس #-_ مطر .ابل من الاسئلة. بطر .
يقلن الباب .يمع من الدخول ‎Ot‏ يبلل . يرش . يدل ‎LR R‏
يريط ب يلجم مع 0 7092086 | تمطر.ماطر ( يقه) ‎showery‏
‏يسدقم بسكت ‎showy(adh) b Sl | up‏
ا نان السك ‎shrank,‏
‏شيش الشباك «ورقة الشباك مزق يقطع ‎e‏ (.08) بعلم
الكرك «فى ماكبنة ‎shrewd (adj.) shuttic (w.v.)‏
الخباطة؛. الذهاب رالإياب - ‎S5‏ عنيف . ناقب الفكر . داهية
شحرك كالمكولا ,23,5 على يزعل - صماح ‎shriek (v..)‏
مكان أكثر من مرة جبرى ‎shrimp (n.)‏
‎i‏ خجول. ‎sheink (v.n.) shy (adj.v.n.)‏
‎i‏ يطعن ‎i+‏ يكفن . يغطى ‎shroud (v.)‏
طمن . محاولة. ‎i‏ التكفين ‎shrouding /n.)‏
- . حال الصارى ‎shrouds (n.)‏"	al-shamil-dictionary
509	"ار ‎١‏ هالع صداعر ‎L‏
‏دررة الأرض السنوية حول الشيس ‎Siamese (adf.n.)‏
‎sidesaddle (n)‏ | سيامى . ملتصق . مشائل ‎o‏
‏السرج الجانى «يستخدم للسيدة السيامى . اللغة السيامسة
جاملة رجلبها على جاب القط السيامى ‎Slamese cat (n.)‏
واحد من الفرس؟ . (ه) ‎sibilance‏
‎(adv.adj.)‏ ) - .ع ٍ بم مم
‎sidewards‏ | يفح. يصفر )( ‎sibilate‏
‎G‏ - جانى . على ‎@y S‏ سليم . علبل ‎sick (ad))‏
طريل جانى ‎sicken (v.) A | sideway(n)‏
بحاصر. يطو حصار  ‎osiege(vn)‏ | منجل . ‎sickle (n.)‏
القيلزلة اتوم الظهيرة» 00 ‎siestalm)‏ | مر ‎sicklinens (n.)‏
ارول . ينل (.) 8ل | مريض . عليل - يمرض ‏ (.ز0ة) ‎sickly‏
‏ايتنهاد . ‎sy‏ - تنهد. ‎sigh(vn) U‏ | مرض. عله ‎(n.)‏ ممموطءتد
‎side (n.v.ad).) sight (v.n.)‏
منظر. مشهد. نظر. حاسة ‎Ly‏ اجانب . جهة . جلب . ناحية + يعد
يلاحظ . يشاهد يسائد . يزيد - جانى . انوق
عند الاطلاع ,@ | الإضافة إلى ,. ‎onthe‏
‏ظاهر . واضح . بين - مرثى ‎to___ with S in_,‏
متغيب . بعيد . ‎ourof‏ | نظرة مناطفة أو عابرة ‎side - glance (n.)‏
عن النظر . غائب عن الانظار صديل مخلص ‎side - kick (n.)‏
فاقد البصر . كفيف  ‎osightless(adi)‏ | متحدر. نائل ‎sideling (adj.adv.)‏
جيل ‎sightly (adj.)‏ اجانبى - بانحدار . بانحراف
‎sidelong (adj.adv.) sightseeing (n )‏
مشاهد المناظر «الجديرة بالمشاهدة» متحرف. جانى - بانحراف
المتفرج . المشاهد ‎sightseer (n)‏ | كركى . تلكى ‎sidereal (adj.)‏
دورة ‎BN‏ البومية حول نفسها ‎e @Y‏"	al-shamil-dictionary
510	"جلسة أرعنية الشباك السفلى . ‎Sil(n)‏ | بوقع.بمضى. يشير - ‎sign (v.n.)‏
‎silly (adjn.)‏ إشارة. علامة . لافئة . دليل
سخيف . غبى . أحمق - شخص إشارة. علامة . دليل - ‎signal (nadj.v.)‏
‎e‏ ميز - يومئ. يعطى إشارة. بشير
السلوة «مبنى أسطوانى ‎silo(Sp)‏ | يرمىء. ينخاطب ‎signalise (v.)‏
لحفظ علف الحيوان» أو يخاطب بالإشارة
طمى ‏ بمتلئ بالطمى ‎silt(nv)‏ | توقيع . إعضاء. لحن 3¢ ‎signature (n.)‏
‎silver (n.v.ad)‏ | يافطة الاسم ‎sign - board (n.)‏
فضة ‏ يطلي بالفضة - فى أهمية. مغزى ‎significance (n.)‏
صائغ الفضة ).( ‎significant (adj.) silversmith‏
فى ‎silvery (adj)‏ | مهم ذو معتى أو مغزى
مشاب . مائل . متشابه  ‎signify (v.) similar (adj)‏
مشابهة. تشابه.تمائل ‏ (.8) 51011180 | يدل على . يشير إلى . يعبر. بين
يضطرب . ‎١ simmer (v.) A‏ لوحة الإعلانات ‎signpost (n.)‏
‎silence (n.v.) simoon‏
رياح السموم ‎simon Y‏ | مكوت. صمت .هدوه  ‎Sy‏
‎simple )80(0(  جذاس.لهس b‏ | اصمت.اسكت ‎keep ٠.‏
- شخص أراشيء بيط صامت.ساكن.ساكت  ‎silent{adi)‏
‎Bl‏ إخلاص ‎simplicity (n)‏ | بكون. بهدرء. بصنت ‎silently (adv.)‏
‎simplification (n.)‏ | رمل الصوان ‎silica (n.)‏
تبسيط . توضيح . إبضاح . تسها . ‎siliceous (adj.)‏
يط و ا ‎silicious (adj.) ) ke‏
باطة بهولة ‎simply (adv)‏ | شريحة اليليكون ‏ (.8) ‎silicion chip‏
‎simulate (vadi)‏ | حرير .حريرى ‎silk (n.adj.)‏
يتصنع . يتظاهر ‏ مصطع . زائف كالحرير .ناعم كالحرير  ‎siken (adj.)‏
تظاهر . تصنع محاكاة (8) 8000000108 | دودة الحرير .دودة القز 1001 000 < ‎Silk‏
‏خطية إثم ا ذنب ‏ يذتب ‏ الخضاهيع | حريرق ‎silky (adj.)‏"	al-shamil-dictionary
511	"agrave __, ‏ذلب عظيم‎ | sink {vn)
major __s ‏يغوص . يغطس . يهوى. يضعف . أكبر الكبائر‎
mortal 5 ‏يتقصى . يتجاهل  بالوعة. المربقات‎
an unpardonable __, ‏مغسلة . حوض . مكان الفسق ذنب لا يفتفر‎
sinapis (n.) ‏نات الخردل‎ | sinless (adj) ‏بلا إلم. طاهر‎
since (prep.) ‏منذ‎ | sinner(n)  ملآ.مرجم ‏مذنب. خاطئ.‎
sincere (adj.) ‏وفى . صادق. أمين. مخلص‎ | sinuate (v.adjn.)
sincerely (adv.)  صالخإب ‏يلتوى . يتعرج - متعرج ' يصدق.‎
sincereness ‏.متموج - تعرج‎
sincerity } () ‏صدق. إعلا‎ sy | 8008 Fein ‏الشين فين «الركة الأبرلندية‎
5108 (nadv.) (ol ‏الجمهورية الماركسية» جيب «فى‎
‏بدون. بلا‎ - sinus (1.) ‏جيب . فجرة. تجويف‎
sinew (v.n.) sip (vn.) ‏برنشف . برشف . يمص‎
‏ا مصة. رشفة يقوى . يعضد - عصب. ثرا أقوة‎
sinewy (adj.) ‏ترى.عضى‎ | siphon(n) ‏سيفون. سحارة‎
sinful (adj.) sir (n.) ‏سيد . سيدى . مولى‎
b . ‏شرير. اليم . عاص‎ | 55882 (1) R ‏أخت . الشقيقة . راهبة‎
‏إ‎ sing (v.) ‏يغنى . بنشد. يطرب‎ | sisterhood (n) iy
| singer ‏اخت الزرج 0 (8) 8866-10-12 | مغنى . منشد. مطرب لم‎
singing (n) 0 ‏أو الزوجة . زرجة الاخ الغناء . الطرب . الترنيم‎
single (adj.v.) Sistrum )016( ‏الصلاصل 1& موسبقية؛‎
‏يجلس. يستقر (7) 500 | أعزب . مفرد. واحد - يفوز. يفود‎
singleness (1) ‏يستريح - الجلوس عزربة . عزوية . انفرادية‎ R
singly (adv.) ‏على انفراد‎ | ——back ‏يستريح‎
‎singular (adjin.) —_our ‏يظل للنهاية‎
i ‏فردى شاد المفرد أو صيغة المفرد‎ —up ‏يسهر‎
‎| ‏بتاكم‎ (adj) o ‏يويخ 0 | لحن‎"	al-shamil-dictionary
512	".
‎sketch - book (n)‏ | موضع . مكان - بعدد موقت (87) 9808
كتاب رسوم تخطيطية علم الاغذية ‎sitology (n.)‏
سيخ . سقرة ‎skewer(n)‏ | جلية أو مربية أطفقال ‎sitter (n.)‏
‎Gl A‏ على الجليد ‎١ skiing (n.)‏ غرفة الجلرس ‎sitting - room (n.)‏
ماهر. بارع ‎(ad.)‏ انقائطة | نوتم ‎S0 K.‏ نقام. )( تمتتفتفع
بمهارة ‎skilfully (adv.)‏ [
مهارة. براعة ‎skill(n)‏ ا اننا
ماهر بارع ‎i | skilled (adj)‏ أاضعاف (أزد) ‎sixfold‏
‏جلد . الشرة » ‎e | 5807 )8.0( . p ey Ay‏ عثر ‎sittcen faf‏
بلغ سادس عشر (ز4م) ‎sixteenth‏
‏رثع الجلد ]3( 8 | السافس - سادس سس (ز4ة.8) ‎sixth‏
‏عملية ‎skingrafting (n)  akbt o7‏ | الستون ‎sixtieth (adj.)‏
نوع من السعالى م يصب ‎KNk (1Y)‏ | ستو }.( ‎sixty‏
‏انشرربيا ‎size (nv.} A‏
‎3y | skinner(n)‏ تمثرل ‎sized paper (n.}‏
تاجر جلوه. الدباغ. النصاب ‎Ay‏ - أريز ‎sizzle (v.a.)‏
‎skate {vn.) skip (v.n.)‏
‎skip instruction ).(‏ ,""
تخطى التعليمات #بالحامب؟ قبقاب التزحلى «الباتبناج؟ ,__ ‎roller‏
‎skelton (n.adj.) skipper (n.)‏
رم ‎S skirmish‏
‎S‏ بناوش ‎P‏ تحرش . بطاثة لخطيطية ‎skeleton card (n.)‏
‎skeich (n.v.) L‏
‎١ 5600 (ny)‏ رسم تخطيطى . ‎M‏ سرهي.
جوئلة . حاشية . حافة ‏ بُنقذ . بطرق مسودة - ‎i o‏"	al-shamil-dictionary
513	""" ‏ا‎ 511 2
WUk (V] iy . ‏بتهرب .تعاض‎ | 510080157 (k) . k. ‏يجزر‎
‎skull (n.) [ ‏اذبح . مجززة. نحر‎
skunk (x.v.) slave (nv.adi) - b ‏العبد. الجارية‎

ايستعبد ‏ تعد الظربان الأمريكى احيان
عبودية .رق ‎slavery (n.)‏ الدىاات يدع
يلبح . يقل ‎ool | slay(v)‏ علوى ‎sky (nadj)‏
رحافة اللجليدة ) () 5160 | السماء الدثيا لل
‎sledge(n)‏ 1 ناطحة ‎skyscraper (n.) s‏
يثام. يرقد ‏ ثوم رقاد 0 ‎(v.n.) secp(va)‏ ااا
مصاب بالارقى. أرق (.ره) :عامععلة | يسبل آر يجرى الفعاب ‏ لعاب
نائم ‎2y‏ ناعمس . هادئ  ‎slack (adj.v.n.) sleepy {adj)‏
كم يجمل للثرب كم ‎sleeve(my.)‏ مترهل . متراخ . مثوان. معئدل . ليل
عربة الجليد . ‎sleigh (n.) Wy‏ النشاط - يطئ. يمد . برخى >
خدعة. حيلة (ج) ‎stoight‏ ركرد. بنطلون فضفاض
‎slepe, past , pastpant. of sleep‏ ترهل . نراخ . توا ‎slackness (n.)‏
نام رقد ‎slander (v.n.)‏
.)116 | مشوه السمعة. يفترى. يوقي -
شريحة - يقطع إلى ضرائح . شرح تشوبه السمعة , افتراء. وشاية
‎slanderer (n.) slide (n.v.}‏
انزلاق. تدمور التصادى. ‎WAL‏ مفتر. وا .( هماز . مختاب
الشريحة التزلقة ‏ يتزحلق. يتلفظ بالفاظ جارح (4قه») ‎dhong‏
‏ينزلق . ينحدر . يزحف . يتبدد العرف . المامية  ‎P‏
‎slide projector (n.)‏ يصقم . يلطم - صفعة. لطمة )ا
جهاز عرض الشرائح بشرط سكين . يخدش ‎sloth (vn.) . iy,‏
‎silde rule (n.)‏ يجرح . ينقد - قطع. ‎b‏
‏المسطرة المنزلقة . المسطرة الحاسية شطب. الشرطة المائلة ‎O‏
‏الصمام ‎slide valvern) A‏ | بلط لوح الإردواز ‎slate (v.n.)‏"	al-shamil-dictionary
514	"حى الرعاع ‎slight (v.n.adj.) slum (n.)‏
تهبط . تنخفض - (.) 51000 | يستهين. يتخف ‏ استهانة . ازدراء
تتدهور ‏ كساد سوق المال - زهيد . خفيف . سطحى
اخبث . دهاء ‎stymess(n)‏ | موحل .لزج ‎slimy (adj.)‏
‎SMACK (V1)‏ | يرمى بالمقلاع - مقلاع . حمالة ‎(v.n.)‏ 31108
يفرقع . يقبل بصوت . يصفع بشدة اقصاصة. قطعة . قميص من ‎(1Y)‏ مزل
- صفعة. قبلة شديدة الكنان. مقود الكلب . مم .
صغير . ضعيف . زهيد ‏ (/00) ‎small‏ يزلق . يندس . يهبط . يتزلن
الأسلحة الخفيفة ‎___amns‏ زلة لسان ‎a___ of the tongue‏
‎smallness (n.) S‏ | بمر بسرعة. ينقضى ‎__by‏
‏مرّض الجدرى ‎smallpox (n)‏ | يدخل ‎s‏ ل
خردرات ‎smallwares {n.)‏ يكشف. بلح ‎—of‏
‏أنيق . ذكى . حاذق.  ‎smart(adiv)‏ | يذهب خلة لاه _-
نشبط . صارم - يتوجع . يؤلم ‎slippers (n.) s‏
ابنشط . يحسن هيثته ‎(v.)‏ 5012060 | 35 متقلب . مارغ ( ز4ة) ‎slippery‏
‎smash (n.v)‏ | البطاقة الخ ليا ‎slit - hole cards (n.)‏
يحطم . يهشم . يضغط على. ‏ يكسر السلوب «مركب شراعى؟ ‏ )1( ‎SI00p‏
‏ادام .هجوم يحطم. ‎slope (v.n.adj.)‏
تدهور فى الأسعار يميل . ينحدر - انحدار . ميل . منحدر
يهذر بداعب. يثرثر ‎S - smatter (v.)‏
‎(von)‏ !50081 | الكلان «حيوان أمريكى»  ‎stoth (n)‏
يشم . تظهر أو تفرح رائحنه - ‎slouch (vn.)‏
رائحة . حاسة الم يترهل . يرنخى - ترهل استرخاء
قم ‎smelt past, past part. of smell‏ بطىء . متراز . بليد - يبطئ ‎slow (adj.v)‏
, يصهر . يذيب ‎smelt(v)‏ | بيطء.على نهل ‎slowly (adv.)‏ |
ينسم - يهزأ أو نخر بن ‎osmile(van)‏ | نطاء رم ‎slowness‏ |
أ ‎oy‏ بضاب الاعر ‎١ 80516 (i)‏ غيل ‎b‏ كل رب جة جهو"	al-shamil-dictionary
515	"يعطس.عطة ‎sneeze (v.n.)‏ | الحداد. المشتغل بالمعادن ‎smith (n.)‏
‎snick (v.n.)‏ | الحدادة ‎smithery (n.)‏
يضرب. يجرح - جرح بيط يدخن . دخان ‎smoke (v.n.)‏
‎g‏ يشتم . يستنشق ‎sniff (v.)‏ يلون الدخحان . داخن . قاتم ‎smoky (adj.)‏
يشخر داثناء النوم؟ - 0 ‎smooth (adj.v.) snore (v.n)‏
شخير ناعم . املس - ينعم . يمهد
خرطوم الفيل ‎smother (v.n.) snout (n.)‏
جليد. ثلج - يتساقط الثلج )1( 5809 | يختنق . يكظم ‎ik‏ يكتم النفس -
مغطى بالثلج ‎snowy (adj.)‏ دخان كثيف
يربخ . يعنف - توبيخ . تعليف ‎(V)‏ 50000 | معجب بنفه ‎smug (adj.)‏
يشم . تنشيق . نشوق ‎sunff(vn)‏ | بهرب بضائع ‎smuggle (v.)‏
‎snuffle (v.n)‏ | مهرب ‎smuggler (n.)‏
يتنفس بصعوبة . يخن . يتكلم من ‎snack (n.v.)‏
‎(adv.conj.adj.pron.)‏ 50 | شكيمة ‏ يشكم الحيوان ‎snaffle (n.v.)‏
أيضًا. وكذلك . هكذا. جد - عقب . نتوه - يعوق. يتزع 0 (80) 5888
وبالتالى . لكى . وهكذا - مطابق ‎Wiy‏ (.م) ‎snail‏
‏للواقع . صحيح - حوالى ذلك أفعى . لعبان. حية - يمشى  ‎snake (m.v.)‏
نحو ذلك . رهكذا خلسة. يتدحرج
إلى الآن. للآن تا | يخطف. ينهش . يتزع . يطلق ‎(vn)‏ 5089
لهذا الحذ. إلى هنا ‎—for‏ الرصاص بسرعة. ينهار - خطف
طالما. شرط أن 8 -- انتزاع . نهب . نهش
لكى . حتى 5 -- | فظ .شكس .شرس  ‎snappish (adj.)‏
اقلا | فخ .شرك يوقم فى شرك ‎(nv.)‏ 58858
وهلم جرا ©© 300 | يختطف. يخطف. ينتهز - ‎snatch (v.n.)‏
يبلل . ينقع . يرطب . ‎(V) Gy‏ 508.6 خطف. اختطاف
مبلل مبتل . منفوع ‎iy | 50060 (adj)‏ من. يهزا ب استهزاء ‎sneer (v.n.)‏"	al-shamil-dictionary
516	"لين . طرى . ناعم . ملس . دمث (./5080)64 | صابون. يفل بالصابون 0 ‎(nv.)‏ 5080
الاخلاق. عذب مثل الصابون. صابونى  ‎soapy (adj.)‏
اللهاة. لهاة الحلق ‎palate‏ .| حام. ارتفع ‎Gl‏ دفى ‎soar(v.) G‏
يطرى . ينعم . بلين. يخفف . ‎(V)‏ 80080 | حوم. ارتفاع. تحليق ‎soaring (n.)‏
‎soil (nv)‏ | ينشج . يشهق - نشيج . شنهفة  ‎SOb(vm)‏
‏اتربة . أرض . سماء . بقغة. لطخة - رزين . عاقل . وقور . رشيد ‎(adj.)‏ :5058
يلوث . يسمد . يشوه السمعة رزانة . تعقل . رشد . اعتدال )1( ‎sobriety‏
‎solace (v.n.)‏ | اجتماعى . أنيس ‎sociable (adj.)‏
يغرى . يواسى - عزاء . سلوىق اجتماعى . عمرانى ‎social (adj.)‏
‎١ 50122 )24(‏ البعد الاجتماعى (.8) ‎social distance‏ |
شمسى . متعلق بالشمس أر صادر التخطبط الاجتماعى( ‎social plansing in.‏ |
عنها التنشئة الاجتماعية ‎social raising (n.)‏
النظام الشسى ‎System‏ | الاشتراكية ‎socialism (n.)‏
غرفة مشمسة ‎solarium (n)‏ | الاشتراكى ‎socialist (n.)‏
‎gl‏ مباع ‎pastpastpart. of sell‏ 50108 | مجتمع . جماعة. الفة ‎society (n.)‏
‎soldering (v.n)‏ | التمثيليات الاجتماعية ‎socio drama (n.)‏
يلحم لحام بلحام كالقتصدير ثلا علم الاجتماع ‎sociology (n.)‏
جندى ‎soldier (n)‏ | القياس الاجتماعى ‏ (.8) ‎sociometry‏
‏رحيد . مفرد - حافر (4[.0ة) 5016 | نظام الحاسب «البرامج؛  ‎software (n.)‏
.نعل الحاء. سمك ‎e‏ سكة المحراث. جورب ‎sock (n.)‏
بمفردة. فقط لا غير 0 ‎solely (adv.)‏ قصير. فرشة الحذاء
مقدس . مهيب . حطير  ‎solemn(adi)‏ | جلبة . نقرة. تجريف ‎socket (n.)‏
‎1l | solemnize (v.)‏ او مذهب سقراط ).1( ‎Socratism‏
‏يقدس . يبخل . يمجد . يحتفل ب ‎sodomite (adj.)‏
‎solen(n) e‏ | مضاجع للذكور. اللوطى
يرجو . يلتمس . يتوسل ‎SOMicit(v.)‏ | مضاجعة الذكور . اللواط ‏ )1( ‎sodomy‏
‏يحرك. يثبر بعرى أريكة . كنية ‎sofa (n.)‏"	al-shamil-dictionary
517	"solicitation (n.) ‏التماس . توسل. إغراء‎ | sombrero (SP.)
solicitor (1)  ماحم‎ . ‏الصمبريرة (قبعة مكسيكسة؛ ماتمس . متوسل‎
solicitous (adj.) ‏جزع. قلق‎ | some (adjadv) ‏بعض . بضع - حوالى‎
solicitude (n.) Gl to___ extent
solid (adi) Aty ‏إلى حد ما. إلى درجة محدودة صلب . جامد . متين.‎
—__state ‏الحالة الصلبة‎ | in__ place ‏فى مكان ما‎
solidification (n.) ‏تصلب. تجميد. ترطيد‎ | somebody (pron.n.)
SOlidify (v.) ‏شخص ما - شخص مهم أواذو يبت . يوطد . يرسخ . يجمد‎
solidity (n.) 0 ‏شان صلابة . جمودة. مانة‎
solids (n.) ‏الاشياء الجامدة. الجوامد‎ | somchow (adv.) ‏بطريقة ما . بكيفية ما‎
solidungula (n.) ‏ذوات الحوافر‎ | something (n.) ‏اشىء ما.أمر‎
soliloquise (v.) ‏يناجى . يتكلم مع ثقه‎ sometime (adv.) ‏مرة. سابقًا . حينًا ما‎
soliloquy (n.) ‏مناجاة. نجوى‎ | sometimes (adv.)
solitaire (n.) ‏أحيانًا . مرارً . بعض الاحيان ناسك . متوحد‎
solitude (n.) ‏خلوة. عزلة . توحد‎ | somnambulist (n.)
solubility (n.) ‏شخص يمشي أثناء النوم قابلية الذربان‎
5010016 (adj.) ‏ممكن إذابته . قابل للإنحلال‎ | somniferous . )
solution (n.) ‏محلول. انحلا‎ | sOmnific ‏صما‎ 9
50101078 (adj) ‏تكلم اه النوم يهم[ مممعوهاتمم؟ محلل . مذيب . مهل . مرخ‎
solve (v.) ‏يحل. يفسر. يرضح‎ | 0001105
solvency (n.) ‏حل.تحليل. المقدرة‎ | son(m) ‏ابن . جل‎
‏على الوفاء بالدين‎ 500801 (n.adj) ‏حرف صوتى - صوتى‎
solvent(adj.) 0 ‏أغنية . نشيد . قصيدة. تغريد  (-5008)8 | مذيب .محلل . مقتدر‎
somatic, __al (adj.) 500-18 -law (n) . &3 ‏زرج‎
‏جدى. مرتط بالجد‎ | SONMEL(R) ‏بيت‎ ١4 ‏قصيدة مؤلفة من‎
sombre (adj.) ) s soon (adv)  ببرق ‏حالا. عاجلا. عما‎
sombrous (ad) ) as___as ‏حالما. بإسراع ما‎"	al-shamil-dictionary
518	")90د | ‎gt‏ قبلما. قبل أن ‎sooner (adv)‏
مترسط . بين بين . متوسط عاجلاً ام آجلا ‎___orlater‏
‏يدرى . يقصف - ‎١ 50088 )780( s‏ يلطف. يرطب.يسكن ‎soothe (v.)‏
الريح . قصف . أنين سناجى . قاتم . معتم ‎sooty (adj.)‏
‎sought past,past part. of seek‏ | فتة. عصيدة  ‎sop (n.) ek‏
بحث عن يغالط . يزيف . يغش . ‎sophisticate (v.)‏
النفس . الررح . حياة . مروءة  ‎soul(n)‏ يرارغ
‎sophistry (n.) sound (adj.)‏
خليج.ميل.مجس - يدق بخيل . حقير ‎sordid (adj.)‏
0 يفحص . يسبر ‎sore (adj.n.adv.)‏
الغور - راسخ . مثين. سليم شديد . متقرح . مؤلم . متهيج . موجع
عازل للصوت ‎—proof‏ . مر فرحة.مصدر الم
‎a___ hadith‏ حرارة - بحرقة . بمرارة. جد
صحيح . قانونى . شرعى . حديث نقطة ‎__point Ll‏
صحبح ترجع . تالم. رجم ‎soreness (n.)‏
سماعة ‎sounder (n.)‏ | نات الحبض ‎sorrel (n.)‏
رنان. عالى الصوت (.80[.0) 50008108 | حزن. غم - يحزن. يغتم ).1.0( ‎SOMTOW‏
‏- سير الغور ‎١‏ جس محزن. مكدر . حريق ‎(adi)‏ 50008101
‎Ly‏ بمنانة ‎soundly (adv.)‏ غم . اكتئاب. كدر ‎sorrowfulness (n.)‏
سلامة . متانة ‎(n.)‏ 500000855 | حزين . متاسف . آسف . ‎sorry, for (adj.)‏
شورية . حساء ‎soup (n.)‏ معتم
‎(n.v.) sour (adj.)‏ 568
حريف . فظ . حامض . شكس صنف . نوع . نسق . أسلوب -
يحمض . يررب ‎wm__,‏ يصنف. يبوب. يفرز
مصدر . أصل . منبع ‎١ source (n)‏ بطريقة ما. نوع ‎insome __, U‏
رثائق أصلية ‏ ( 800008000008010 | زعلان. متحرف ‎outof . gl‏"	al-shamil-dictionary
519	"source language (n.) ‏لغة اصلية‎ | sown pastpart. of sow
sourness (.) ‏مبذور. مزروع . متثرر حمرضة‎
souse (v.n.) soy ‏فول الصويا م‎
‏يملح . يشيع يغمر - ماء مالح‎ | 5098 , soyabean
‏للتخليل . تخليل‎ space (n.v.)
south (n.adj.adv.) ‏مسافة. فراغ . فضاء . اتساع . فثرة . الجنوب.‎
‏مدى - يوسع . يباعاد جهة الجنوب - جنربى - جنوبًا‎
southerly (adv.) spacious (adi) b ‏واسع . رحب‎
‏إلى الجنوب. نحر الجنوب‎ | spade ()
southen (n.adj.) ‏معول . كريك . البستونى «فى ورق‎
‏اللعب؛ الشدة» أحد أبناء الجنوب . الجنوبى - واقع‎
‏نحو الجنوب‎ span (v.n.)
southmost (adj.) ‏يعبر يجتاز. يشبر ١يقيس بالشبر) - & فى أقصى الجنوب‎
southward )807.( oyl ‏إلى ناحية‎ ٠ . ‏امتداد. شبر . اتساع . برهة‎
souvenir (n.) ‏تذكار . شىء تذكارى‎ | spanner (n.) ‏مفتاح صامولة‎
sovereign (n.adj.) spare (adj.v.)
< ‏احتياطى . زائد . موفر . فائض . قليل حاكم. سلطان. ملكة. مسيطر‎
‏عتاز .رئيسى‎ —parts ‏قطع غيار‎
sovereigaty (n.) Spareness (1)  فعض ‏نحافة. هزال.‎
‏ملك . ملكوت. سؤدد.سيادة.‎ | spark(n) gl ‏شرارة. ومضة. فت‎
‏سلطة عليا‎ sparker (n.) ‏مانعة الشرر‎
The __ of the heavens and sparkle (v.n.)
theearth ‏يبرق . يلمع . يتلالا - بربق . شرارة ملكوت السموات والأارض‎
sow (v.) ‏صغيرة. لمان ينثر. يبذر . أنثى الخنزير‎
sower (n.) ‏التناثر. الباذر. الزارع‎ sparkplug )8.( ) ‏شمعة الاحتراق‎
‏الإشعال‎"	al-shamil-dictionary
520	"نقود . مسكوكات ‎specie (n.)‏ | العصقور الدورى ‎(n.)‏ 50270
طائفة . جنس . صنف . نوع ‎species (n)‏ | مشت تتاعد ‎sparse (adj.)‏
‎specific (adj.)‏ عن بعضه . غير مزدحم
محدد . معين . نرعى . بات . محدد . تشنج . تقلص عضلى ‎spasm (n.)‏
مريح بصق ‎spatpast,pastpart. of spit‏
الثقل النوعى  ‎specific gravity (n)‏ | فيضان ‎spate (n.)‏
‎specifically (adv.)‏ | يطرطش . يطلخ . يلوث 0 ‎spatter (v.)‏
خصوصًا. ينوع خاص سكين الصيدلى أر الطبيب ‎spatula (n.)‏
‎specification (n.)‏ | بيض السمك. يطارخ . ‎(n.) iy‏ 8090
تحديد . تعين . تخصيص . المراصفات سمكة مبطرخة. أنثى السمك  ‎spawner‏
‏يحدد. يعين . بخصص ‎SPECY (V)‏ | يتكلم ينطق. يخاطب ‎speak (v.)‏
مثال , عينة . نمرذج ‎specimen‏ | جدير بان يذكر ‎—of‏
‏نسخة عينة ‎specimen copy (n.)‏ | يتكلم بصرت عال ‎___out‏
‏لطخة . بقعة ‏ بلطخ .بيقع ‎speck (nv)‏ | يرد على يدفع التهمة ‎—_up‏
‏منظر. مشهد ‎speaker (n.) spectacle (n.)‏
عوينات . نظارات («) 5060180165 | المتكلم. رئيس المجلس. سماعة
المشاهد. المتفرج ‎spectator (n.)‏ | مكبر الصوت ب ‎loud‏
‏طيف . خيال () 50600 | رمح .حربة ‏ يطعن بالرمح ‎spear (n.v.)‏
الطيف . الوان ‎spectrum (L) ikl‏ | تناع ‎spearmint (n.)‏
‎speculate(v)‏ | من نوع خاص . خاص  ‎special (adj.)‏
يتمعن . تفكر . امل . التكهن مكتبة متخصصة ‏ (.8) ‎special library‏
‎computer (n.) speculation (n.)‏ 0056نم ‎special‏
‏تمعن . تفكر . نامل . التكهن حاسب لاغراض خاصمة
مرآة معدنية . ‎Ui‏ طبى ‎speculum (n)‏ | يخصص ‎specialize (v.)‏
خطاب . كلام . خطبة . حديث (.8) ‎speech‏ | خصوصا. خاصة ‏ («0ة) ‎specially‏
‏جوامع الكلم __ ‎Pithinessof‏ | خاصية.صك. ‎specialty (n.)‏
سرعة . عجلة - يسرع ‎speed (n.v.)‏ عقد. شىء خصوصضصى"	al-shamil-dictionary
521	"عضلة عاصرة ‎sphincter (n.)‏ | عداد السرعة ‎speedometer (n.)‏
ابر الهول ‎Sphinx (n)‏ | طريق «خاص بيارات ‎speedway (n.)‏
تابل .بهار - ينبل ‎spice (n.v.)‏ السرعة». طريى السرعة
‎spicery‏ | عجول.سرب ‎speedy (adj.)‏
ترابل . بهارات ‎spell (v.n.) e spices Yo‏
كثير التوايل . كثير (04) ‎SPiCY‏ | يتهج . يغير . ينارب .يُرقى -
البهار . عطرى . حاد رقية ‎e‏ تعويذة
عنكبوت ‎spell - bound (adj.) spider (n.)‏
شوكة . سنبلة . مسمار برشام )( 50516 | معقود اللسان. مسحور. منذهل
اللبرشمة» . عنقود زهرى هجاء ‎spelling (n.)‏
مستبل . ذو سنابل . مبرشم ‎spelt,past,pastpart. of spell spiked (adj)‏
يسكب . يدلق. يفك - ‎spill (vn)‏ | تهجى. هجى
سكب . سفك . سدادة بيت المؤلة ‎spence (n.)‏
‎spencer (n.) PR spilt,past,pastpart.of spill‏
سكب.مقفك ينفق . يصرف . يبدد . ينهك  ‎spend (v.)‏
يغزل . يفنل - بطيل ‎spin(v.)‏ | مسرف. ميدد. مبذر ‎spendthrift (adj.)‏
‎spinach‏ التء.ها ‎spent past, pastpart. of‏
[ و ‎spend spinage‏
فقرى. مختص بالعمود  ‎spinal (adj)‏ | منى. السائل ‎sperm (n.) Syl‏
الفقرى. شوكى زيث المنبر ‎sperm oil (n.)‏
العمود الفقرى ‎column‏ | حوت ضخم ‎sperm whale (n.)‏
النخاع الشركى ‎__cord‏ | خصية ‎spermary (n.)‏
شوكة. السللة الفقرية ‎spine‏ | قذف السائل المنوى  ‎spermatism (n.)‏
غزل. برم ‎i | spinning (n)‏ تطغ - تئّ ‎spew (v.n.)‏
امرأة غير متزرجة ‎spinster(n)‏ | كرة. جم كررى. ‎sphere (n.)‏
شائك . شوكى . شاق ‎spiny (adj.)‏ درجة . منزلة. مجال
اللولب - لولبى . جلزوئى (.[0.80) ‎spiral‏ | كروى. مستدير  ‎(adj.)‏ له ,56:16"	al-shamil-dictionary
522	"طحالى . شكس ‎spire (v.n.) splenetic (adj.)‏
‎splice (vn)‏ | ينبت . يرتفع - منارة. برج .مسلة
يصل بين حبلين بأن يجبدل ‎spirit (n.)‏
طرفيهما ممًّا. يزوج - وصلة روح . نفس . حياة . كسحول. مسكر
يمزق . يتمرق . يجب ‎splinter (vn.)‏ فحوى. مضمون
ايضع جبيرة» ‏ فلقة. الروح القدس ‎Holy‏
‏كسرة. شظية الروح البشرية ‎The human ٠‏
‎split(v.nadi)‏ | متشرح . ميتهج. مسرور ,. ‎Inhigh‏
‏يفلق . يشق . يجزئ. يقسم - مكتب . ‎Outof‏
‏فلق. شق - مشقوق . مقلوق الشعور العام ‎Public ٠‏
غمغمة. لغط - يعمغم ‎splutter (n.v.)‏ نشيط . رشيق ‎spirited (adj.)‏
‎SPOIl(v.n)‏ | روحانى . نفسانى . عقلى ‎spiritual (adj)‏
ينهب . يسلب . يفسد. يتلف - جهاز التنفس الصناعى )1( ‎spirophore‏
‏نهب . سلب . غنيمة ‎spit (v.n.)‏
تكلم ‎spoke past, of speak‏ 9 ينفث . ينفل . يسيخ اللحم -
متطوق ‎spoken past part. of speak‏ تمطر السماء رذاذًا - بصاق.
متكلم بالنيابة عن ‎spokesman(m). s‏ | سيخ
ينهب . يسرق . يتلف ‎spite (v.n.) spoliate (v.)‏
‎ik | SPONEE (V)‏ يحقد - غبظ . حقد. ضغينة
يتطفل . يمحو. يمسح بالإسفتجة - مؤذ. حقود ‎spiteful (adj.)‏
اسفنج قاذفة اللهب - سريع  ‎spitfire (n.adj)‏
‎spongy (adj.)‏ الغضب . شرانى
ماص . اسفنجى . كثير المسام لعاب .يضاق - ‎spittle (n.)‏
‎SPOMtaneously (adv.)‏ | يطرطش .رش طرطثة  ‎splash (v)‏
‎Gl‏ . من تلقاء نه اسوداء. حقد. ضغيئة ‎spleen (n.)‏
‎5POOI (n) %‏ | فاخر .را . جليل . باهر ‎splendid (adj)‏"	al-shamil-dictionary
523	"SpOOn (m.v.)  لزاقي ‏يغرف.‎  ةقعلم‎ | 50:2 (V)
spoonbill (n.) ‏يرش - رشاش . رفاذ . غصن . علوج أبر ملعقة «طائر‎
‏ذو منقار ملعقى الشكل»‎ spread (v.adj.n.)
spoonerism (n.)  لادبالا« ‏ينشر . يننشر . يمند . يفرس . يمد.. يسط السبوترية‎
‏متنشر. مفروش . منشور. مفرود فى علم الصوتبات؟‎ -
spoonful (n.) ‏اتساع. فجوة. مادية ملء ملعقة‎
sport (v.n.) sprig (n.v.)
4 ‏بلعب بمزح. يهزأ ب يشذ‎ - spright (n.) ‏شبح . طيف .جن‎
sportful (adj)  بعللاو ‏يحب اللهو‎ | 30008 (ViR
sportman (n.) ‏يلب . ينفجر . ينبث . يبرل . ينيع محب الالعاب الرياضية‎ ik
spot (n.v.) ‏فصل الربيع. زنبرك. لولب.‎ -
+ ‏عين . ينبوع . ولبة . قفزة . مصدر + بقعة . لطخة . موضع . مكان . مأزق‎
‏بلطخ. بلوث.‎ iy - ‏ورطة‎ L
ST SR P coil __, ‏كمكى‎ B3y
‏يستكشف‎ elliptic  ,  »ىجيلها ‏ياى «زنبرك‎
spousal (n.) ‏رفاف . قران‎ half elliptic ٠
spouse (n.) ‏زنبرك نصف اهليجى زوج . قرين . روجة‎
spout (v.n.) spiral __, ‏زتبرك لولبى‎
‏يتدفق. يفجر. ينطلق . يتكلم بطلاقة‎ | 8060006 (m.) ‏رفاذ. رش - يشر . يرش‎
‏مزراب.ميزاب‎  باهسإو‎ | sprinkler (n.) ‏رشاشة‎
‎. ‏انبشاق. تدفق. دفق‎ Gyl sprinkling (n.) ‏ارش. نثر‎
‏نبت . ¢ - ينبت . يفرخ (8.70) 501006 صنبور . ينبوع . مطر غزير‎ &
sprawl (v.n.) sprung , past , pastpart. of spring
gt - ‏بصمعوية‎ |y )64(( ‏مرج خفيف الحركة رشيق‎
‏تشعب. تسطح‎ SpUME (V1) ‏يزيد . يرغى - ربد رغوة‎"	al-shamil-dictionary
524	"spun, past,pastpart, of spin © | squat(vadjn)
‏يحتل . يجلس القرفضاء. يربص . مفزول . مفتول . منسوج‎
‏تنام‎ (VL)  - ‏يقرفص - مقرفص . جائم - إيستحث. بنخس . يستفز‎
‏الفرفصاء . مربض . مجثم منخس . شوكة. مهمازر‎ L
50011 )7.0.( . ‏ينفجر . يتدفق - تدفق . جهد‎ ١ 5906628 (Vn) L ‏يعصر . يرهق . يكبس‎
‏يثقل على - عصر . كبس نشاط. . اندلاع مفاجئٌ‎
spy (nv.) - ‏جاسوس.رقيب‎ | squint (nadj.v.)
‏حول - أحوال - نظر 035 ينجسس. يترقب . ينقب‎
squander (v.) 3334y | squirrel (n.) ‏السنجاب‎
‎square (nadivadv) M | stbile(ad) ‏ثايت. ستقر رابغ‎
‏رباعى . مربع. قوى-‎  ناديم‎ stability )8.(  خوسر‎ it ‏ثبات.‎
‏عريض . متعادل. عادل.‎ stabilization (n.) ‏تلبيت . تقرير‎
g - ‏مترارن‎ e qubilne(v) g
- ‏ينسجم. يناسب. يوفق‎ stable (adj.n))
‏ثابت. راسخ . متوازن - إصطيل بثبات . مواجه . مقابل‎
0 ‏الجذر التربيى‎ ١ ‏يكوم. يكادس - كومة. كوم روريم اموز‎
‏طبق الاصل . كاللازم ااه‎ Gt n) i ‏عمال‎
‎08 ‏م0‎ upon the __, . ‏أساتذة. أركان حرب الجيش‎
‏مرظفون . امدرج الموسبقى باستقامة . بعدل .على زاوية قائمة‎
three __, ‏هراوة. صارية ذو ثلاث أضلاع متساوية‎ S ‏عصا.‎
‎squarely (adv.) ‏العلم . مقياس مدرج - يزود يعذل. بأنصاف . تريييًا‎
squash (n.v.) ‏بالاساتذة ار العمال القرع دنبات» . الإسكواش.‎
, ‏رحام شديد. عصيرا شىء‎ | card ‏بطاقة الموظفين‎
| + ‏مهروس - يستحل_يهرس‎ __ manual ‏دليل شئون الموظفين‎
‏يتسحن. يخرض فى‎ __room ‏قاعة المرظفين‎
| ‏الرحل . يخمد «ثورة»؟‎ Moses' . ‏عضا نوسي نيتم‎"	al-shamil-dictionary
525	"يعضد. يساعد ‎١ by‏ مرحلة. دور. حالة ‎stage (n.)‏
بيت على ‎L‏ © | درجة. خشية ابرح
يؤخر . يهمل ‎over‏ | ركود.كساد ‎stagnancy (n.)‏
ينهض . يفوم ‎stagnant (adj.) Bkl | up‏
يناصر . بدافع عن ‎__upfor‏ | يركذ . يكسد. يسكن. يوتف ‎stagnate (v.)‏
يواجه بجرأة ‎upto‏ | ركود.كساد ‎stagnation (n.)‏
معبار . مقياس ‎tandard (n.adi.)‏ | يصبغ . يلون. ييقع .يعيب - ‎(V1)‏ هتف
.عبار . وحدة القياس. أساس. صبغة . صباغ . بقعة . رصمة ‏
قاعدة. لواء. أصل ‏ متيسر ‎b‏
‏الحصول عليه. سليم سلم .درجة ‎stair (n.)‏
روايات كلاسيكية ‎novels (n)‏ زوايورويي | سلم كامل .درج (م) ‎staircase‏
‏عنوا ان مقن ) ‎e‏ | ساق النبات. جذع ‏ مشية  ‎salkiny)‏
‏ا ل متشامخة ‏ يتلل يطارد
توحيد قياس )0 ال خلة.يتخطل فى المشى
يجعله قاعدة - يوحد )1( ‎standardize‏ يعلف. يضع فى زرية. ‎Slen)‏
‏القياس أو المعيار. يعاير يغرز فى الطين. يرقف المحرك
البديل . التصير ‎standby (n.) i‏ فجأة . يؤخر - . اصطبل . المربط
المشاهد. تفج ‎stander-by (n)‏ اللبقرة؛. بكس . مصطبة . دكة
سكون. وقوف . توقف تام ‎standstill (n.)‏ .دكان . كشك . مقعد
‎stammer (v.n.) stand - up (adj.)‏
‎(nv.adj)‏ تمك ا 2 بصمة. 9 ‎stamp (n.‏
‎S‏ - يختم.
يرمع بالنجوم. يتالق «فى يضرب
| صناعة أو دور لامع. ‎plis‏ . منصب . مركز ‎stand (n.v.)‏
بجمى . تمتاز . موقف . ركيزة . كرسى . انتصاب
نشا. التمسك بالرسميات (.8.7) ‎starch‏ حامل. مشجب. قاعدة -"	al-shamil-dictionary
526	"إحصائية. الإحصاء - ‎(n)‏ 81808005 | نشوى. رسمى. جامد ‎starchy (adj)‏
تمثال. نصب ‎statue’(n.)‏ | يحدق. يحملق ‎stare (v.n.)‏
قوام . قامة . طول ‎stature (n.)‏ يتفرس فى - حملقة . تحديق
‎U‏ وضع . مركز ‎status (n.)‏ | نجم البحر . تنديل البحر )( ‎starfish‏
‏الوضع الراهن ‎status quo (n.)‏ | الزرزور «طائر» ‎starling (n.)‏
قانون. دستور. سنة ‎(n)‏ 51001 | يدا. بشع ‎start (v.n.)‏
‎Personal __, .‏ فى. يسأفر. يلب . يقفز . يدبر -
قانون الأحوال الشخصية بداية . نقطة الانطلاق
تشريع . قاتون )201 ‎١‏ البادئ دفاتح للشهية؛ . ‎starter (n.) &y‏
القانون التشريمى ‎statute law (n.)‏ | يفزع. يخيف . يجفل ‎startle (v.n.)‏
قانونى . تشريمى ‎statutory (adj.)‏ - فزع . ذعر
‎stave(vn)‏ | مجاعة. جرع ‎starvation (n.)‏
يتحطم . يحطم . بشم يلقب .يملع بمرت جوع يجرع ‎starve (v.)‏
.يملى بسرعة - درجة فى دولة . حكومة . هيئة . مقام . حالة ‎(1.v.).‏ 51816
سلم . عصاءهراوة. مقطع وضع - يعلن . يقرر . بشرع
شعرى. السلم الموسيقى نظاميًا ‏ فى أوقات معينة ‎statedly (adv.)‏
‎stay(van)‏ | عظمة. أبهة ‎stateliness (n.)‏
يقى . يمكث . يظل . يحجز . ممنع ‎٠‏ تقرير . بيان ‎statement (n.)‏
يسند. يدعم . يرجئ. بقاء. ‎statesman (n.)‏
استصرار . دعامة. سند.إقامة مبياسى .من أرباب السياسة +
كورسيه «مشد للبطن» رجل دولة
يفيد. ينفع . يعوض - ‎station (n.v.) 5698 (V)‏
بقعة . مكان . عرض . بدل محطة. موقف. منزلة. مقر
بدلا من.عوضً عن و« يركز بوظف 0
‎G, | R e G Y‏ لاوم
ثابت. راسخ ‎A‏ | رامع.لابت ( رفه) ‎stationary‏
‏نشات . برسوخ . يحزم (:207) ‎oyl | SRy‏ 2 أدوات ‎stationery (n.) S‏"	al-shamil-dictionary
527	"تضييق . قبض . ضيق . تقلص (.8) 51600515 | ثبات. رسوخ . مثابرة . حزم ).( ‎steadiness‏
‏يصد. يمع . يوقف . يحص (08) 91601 | ثابت.راسخ ‏ يثبت ‏ (لازفة) ‎steady‏
‎stepav)‏ | شريحة لحم ‎steak (n.)‏
خطوة. درجة ‎il‏ وقع أقدام. يرق . يلب ‎steal (v.)‏
مسافة قصيرة. إجراء - سرقة.عمل خفى ‎stealth (n.)‏
خطوات - درج 5 | بخار - يبخر. يفتاظ ‎steam (n.v.)‏
يتخطى 5 -_ | المحرك البخارى.آلة بخارية ‎___engine‏
‏تتحى ‎aside‏ | آلة للتبخير . باخرة ‎steamer‏
‏يتراجع . يرجع ‎١ —back‏ زورق بخارى ‎steam - launch (n.)‏
يخفض أر يقلل شدة الثيار ‏ 4088 | شحمى. دهنى ‎stearic (adj.)‏
يتقدم . يخطو إلى الأمام  ‎_forward‏ | صلب. فولاذ ‏ فولاذى  ‎steel (n.adj)‏
يدخل ‎in‏ | اليزان القبانى ‎steelyard (n.)‏
يخرج ‎g,y | —oUt‏ يدير الدفة. يقود  ‎steer (v.)‏
يمر على . يتخطى . يعبر ‎stem (v.n.) _over‏
يزيد شدة التيار ‎١ P‏ بمنع ‎A‏ يوفف . يزيل . يوقف
أخ من أحد الوالدين ‎stepbrother (n.)‏ التزيف - ساق النبات. جنع .
ابن الزوجة .ابن الزوج (..0) ‎stepehild‏ علق .أصل.نب.مقدم
زدج الأم ‎stepfather (n.)‏ السفينة . سلالة. أورمة
سلم «نقالى» ‎step _ 120067 (n.)‏ | رائحة 48 أو ثثنة . ثتانة ‎stench (n.)‏
زوجة الاب )1( ‎stencil (n.v.) stepmother‏
‎stereo )0.8(‏ | ورف استنسل #ورق حرير للطباعة؟
نظام صوتى مجسم - مجسم يطبع أو ينسخ على ورف
قاحل .مجدب .عقيم  ‎sterile (adj)‏ =
جدب.عقم ‎stenography () sterility (n.)‏
يطهر. يعقم بمادة تعقيم ‏ (0) ‎gerilize‏ | كتابة الاختزال ‏ آلة الاختزال
جهاز التعقيم ‎١ sierilizer (v.)‏ يخزل ‎stenography (n.)‏"	al-shamil-dictionary
528	"يثابر . يواصل ‎sterling (n.adj ) . _to‏
يخيف. بررع | الإسترلينى «عملة إنجليزية» -
يعضدد. يساند 007 - إسترلينى . نقى . خالص
‎stern (n.adj.) sticker (n.)‏
اللاصقى. مادة أو شىء لاصق. مؤخرة. مؤخرة السفينة - صارم
سلعة غير رائجة. المثابر قاس . شديد.عبوس. مقطب
الزوجة ‎stickness (n.)‏ | عظم القص )( ‎stemum‏
‏يعارض. يماحك ‎stemutation (n.) s e | stickle (v.)‏
ديوس رياط العثق )1( ‎stickpin‏ | سماعة الطبيب ‎stethoscope (n.)‏
لزج ‎stew (v.n.) sticky (adj.)‏
‎stiff (adj.adv.n)‏ | يقلق . يهتاج. يطهى ار ‎Gy‏ رويدًا
عنيف . رسمى . معوق . صليم . قاس يبك الطبخ - مكان الدعارة.
كبير . يتبيس . بإفراط - العامل ‎steward (n.v.)‏
المتكبر. شخص سىء السمعة اللفيف «فى طائر. . إلخ».
غلاف مقوى ‎Stiff cover (n.)‏ موظف بالششون المالية. المدير -
‎By‏ مترى ‎stiff paper (n.)‏ يدير
يتصلب . يصلب. يتيس ‎stick (n.v.) stiffen (v.)‏
(بم) 0ن | عصا.عود. شخص غابات. طعنة
المرقوب - ‎g‏ يكظم . يقيد ورخزة.القدرة على
‎stigma (n.)‏ الالتصاق. توقف. عقبة -
اليم لفى الزهرةا. سمة. وصمة يطعن. يوتف . يخدع. يلتصق.
عار. أثر جرح «ندبة» يبرز . يتردد . يعطل . يرهق
‎—ar »7 | stigmavc (adjc.)‏
كريه. تغافه النفس مشوة يلصن ‎__down‏
‏باب ‎s‏ القائم المضادة ‎le(n)‏ | رذ ‎—out‏"	al-shamil-dictionary
529	"still (adj.n.v.adv.) stock (adj.n.v.adv.)
‏مالرف.عادى . مخزون. قياسى - هادى. ساكن. صامت - مقطرء‎
- ‏«الدبشك». جنع الشجرة. يهبدىء. يسكن, يقطر‎
‏الساق . سلالة . أصل . زند . صنم لايزال. رمع ذلك. بسكون‎
stimulate (v.) ‏شخص أحمق. المخزون. راس بنبه . يحفز . يثير‎
stimulus (n.) ‏المال . السهم فى شركة. خادمة - المنبة . المحفز . المثير . اللحاث‎
sting (v.n.) ‏يرعى الماشية. يختزن. يجهز ب.‎
‏مون قانا يلسع . يقرض - لسع قرص. رخز‎
sting (adj.) ‏معد للبيع سال‎
‏هزيل. نيل . لاسع. لاقع‎ s | 0046 5 ‏نحت الإنشام أو الإعفاد‎
stink (v.n.) 000 ‏له‎ ١ ‏ناقذ الم يتبقى منه شىء؟‎
‏رائحة كريهة. احتجاج‎ stockad (n.v.)
stinky (adj.) ‏خط دفاعى . حصن يحمصن كريه الرائحة. من‎
50001)70.( 0 ‏يقيد - قيد. حصر‎ 5 | Stockbroker )(
stintless (adj.) ‏سمسار الأمسهم المالية.سمسار لا نهاية آر لا حد له‎
stipulate (v.) ‏البورصة بتعهد ب . يتعاقد على‎
stipulation (n)  دقاعت‎ . ‏الشركة المساهمة )( [600:930 51066 | شرط . اشتراط‎
stir (vn.) stock dove (1) Ll
‏حركة‎ - gy | 90008 ( ‏جورب‎
‏تحريك . إثارة.اضطراب . نشاط‎ stockish (adj.) ‏أبلة . غبى . أحمق‎
stirk (1) ‏عجل أو عجلة صغيرة‎ stock market (n.) ‏البورصة‎
‎stirring (adi) ‏ممتلئ الجسم وقصير 0 (441) 51000 | مث منعم بالحبوية والنشاط‎
500160 )9 0.(  قتري‎ . ‏بخيط . يطرز. يلفق‎ | StOCKYard (n) ‏فناء الماشية‎
‏ألم حاد. غرزة‎ stodge (v.) o
stole past of steal ‏مرق‎
‎51018 )0.( ‏دثار البطرشيل «ثرب الكاهن»‎"	al-shamil-dictionary
530	"stomach (n.v.) stoop (v.n.)
stomach ache (n.) ‏على - تنازرل. انحطاط شرفة ألم فى المعدة‎
stomachy (adj.) ‏صغيرة. انحناء‎
‏سريع الغضب . كبير البطن‎ stop (v.n.adj.)
stone (n.adj.v) ‏يوقف . يرد . يصد . يهزم . يترد‎
‏سدادة. توقف . انسداد. «التمرة» - يرجم بالحجارة. ينزع‎ Pl
‏النوى . يبلط بالحجارة‎ gl . ‏حاجز‎  ةياهن‎
Stone - Age (n.) ‏العصر الحجرى‎ | StOpeock (n) ‏لجس‎
‎51008 - blind (adj.) Gl ‏أعمى‎ | StoPPage (n)
stone curlew (n.) ‏المفتطع من الراتب. إضراب الكروان‎
stoned (adj.) ‏انداد. توقف مسطول. متحجر‎ .
stone - deaf (adj.) O ol Stopper (.v.) 0 ‏يد بسدادة‎  ةدادس‎
stoneless (adj.) ‏بلا نواة‎ stop press (n.)
stone pit (n.) ‏الخبر الأخير «بالجريدة قبل طبعها» الحجر‎
stone - still ‏ساكن . بلا حركة  (.ز64)‎ stopwatch (n.) ‏ساعة إيقاف‎
stony e | SOTBBE(M) 0 ‏المخزون. خزن. اختزان‎
stoney ‏متحجر ضما‎ storage cell
1 ‏المركم ب‎
stool (n.v.) storage battery
‏كرسى بلا ظهر.بزاز.غائط‎ | 5100608. 39[(
‏يخزن. يزود ب . يسع ل - مخزون. تبرز. تغوط . فرع نام‎
‏مخزن. زخيرة - جاهز. مصنوع الطعم‎
stool pigeon (n.) ‏بالسوق‎
‏صاحب الدكان. أمين 5018066067081 | جاروس أو شخص يعمل لخدية‎
‏العهدة أو المستودع الشرطة‎
‏ا‎ storey (n ) ‏قصة . دور . طابق‎"	al-shamil-dictionary
531	"storied . | straight (adj.n.adv.)
Vadi) | ‏لها 9ل""‎
storeyed ‏صريح.مستدقيم. غير متقطع.‎
storiette (n.) - ‏قويم. قائم. شريف‎
‏استقامة.خط مستقيم - قصة قصيرة جد «أقصوصة»‎
stork (n.) b ‏باستقامة. بشرف . بخط مستقيم اللقلاق‎
storm (n.v.) straighten (v)  موقي‎ . ‏يسوى. يعدل‎
‏عاصفة. نوبة. تدفق .هجوم‎ straight forward (adj.adv.)
el ‏يثور. تعصف‎ &
stormy (adj.) ‏عاصف‎ straightness (n.) ‏استقامة‎
‎Story )0.7( ‏قصة. حكاية - يحكى . يقص‎ | 50800 )0:70(
stor ‏أصل . سلالة . نوع . أغنية . لحن . نبرة‎
7 ‏دور . طابق نم‎ 7  نح‎ v . ‏صل‎
‎storey + ‏توتر. انفعال - يتوتر. يرشح‎ .
51001 (adjn) . ‏يقارم . بشد. يصفى بدين . قوى . جاع . متين‎
‏عليف - شخص سمين‎ strait (adj.n.)
stouten (v.) ‏يقوى . بمتلئ. يصبح بديئًا‎ b ‏صارم. صعب‎ i
stove (n.v.) et - ‏أضيق. مضيق موقد‎
stover (n.) ‏علف للماشية‎ | 58008600 (adi) - ‏متشدد. متزنت‎
stow (v.) ‏يحمل. يملا .يرتب‎ Strake (1) ‏شريط . خط . قطعة. مجموع‎
straddle (v.n.) . ‏من الالواج‎
‏يرشح. بوسع ما بين القدمين.‎ strand (n.v.)
strafe (V1)  - ‏تجنح «السفيئة؟ يعاقب . يهاجم . يقصف‎  ئطاش‎
‏هجرم. قصف‎ L ‏يجدل . يدفع‎
straggle (v.n) - ‏يمند وينتشر بغير نظام‎ sirange (adj.) ‏أجنبى . فاتر‎
‏يشرد - عدم انتظام‎ stranger (n.adj.)
‏الاجنبى . الدخيل - أجنبى . دخيل‎"	al-shamil-dictionary
532	"‎gi | stream (n.v.) )‏ بشتق ‎strangle (v.)‏
مجرى مائى . جدول. نهر. تيار يخلق ‏ يعصر ‎strangulate (v.)‏
شعاع. بتموج . يتدفق . بفيض اختناق «الفتق ‎strangulation (m.) Gt‏
‎streaming (adjn)‏ | شريط . رباط . حذاء ذو ‎strap (V)‏
متدفق . حار - تدفق . جريان سيور - بربط . يجلد .يسن
شارع - خاص بالشارع ‎strategy (n.) street (n.adj)‏
مومس . بغى ‎street walker (n.)‏ | الاستراتيجية . براعة فى التخطيط .
البغاء . الدعارة  ‎street walking (n.)‏ خطة حربية
آقرة. سند ‎١ strength (n.)‏ علم الطبقات ‎stratigraphy (n.)‏
‎١ strengthen (v.) S‏ الحكومة العسكرية ‎stratocracy (n.)‏
‎(adj)‏ تت اننال لت ‎straw (nadi)‏
‎1Y‏ نشيط .متحمس نافه - قشى . تافه
‎stress (n.v.)‏ | فراولة ‎strawberry (n.)‏
إجهاد . توتر . ضغط . وطأة . توكيد . المسرح الصيفى  ‎strawhat theatre (n.)‏
أهمية.نرة ‏ يجهد. يؤكد ‎stray (v.adj.n.)‏
على . يضغط على . يضع النبرة ‎sty‏ - فال . تائه -
على الضال . الشارد
‎to__from Allah’s path stretch (adjn.v.)‏
مرن. قابل للمط - امتداد. مد يضل عن سبيل الله
قتسرة. ال مرونة. مدى - ‎streak (n.v.)‏
يتمدد خط.أثر مبسحة - بخطط
نقالة الجرحى . لبيسة الحذاء (.8) ‎stretcher‏ بقلم . يقلم . يندقع
‎stretchy (adj.) op‏ | مقلم . مخطط . قلق ‎streaked (adj)‏
يغطى . يكسر . يبذر الحب . ينثر ‎streaky (adj.) 5156 (v.)‏
يخطط . يخزز . يفلم - ‎(Vad])‏ 518816 | مخطط . مقلم . غير جدير بالثقة"	al-shamil-dictionary
533	"مخطط .مقلم ‎strict (adj.) striped (adj.)‏
يجاهد. يناضل ‎strive (v.)‏ | ضيق . متزمت . صارم . كامل .تام
‎stride (v.n.) ___in the way of Allah‏
يجاهد فى سبيل الله يمشى بخطى واسعة. ‎ety‏ -
‎stroke (n.v.)‏ خطوة واسعة
ضرب.ضربة مفاجشة.عمل تضال . كفاح . نزاع ‎strife (n.)‏
مفاجئ. عمل فذ . نبض . جرة ‎strike (v.n.)‏
قلم - بلاطف. بشطب. يملم بضرب عن العمل».يرتطم ب
بالقلم ينكس الراية؛. يهجم . يحم
يتمشى . يتجول ‏ تجول  ‎Sl stroll (van)‏ يطعن. ينشر. يصدم ‏
المتشرد.عربة أطفال ‎stroller (n.)‏ يشعل . يفتن . يلاغ . يشطب. ينزع
‎strong (adj.)‏ يخترق - إضراب.ضرية.
شديد. قوى. مركز. متحمس . هجوم عكرى
راسخ . حاد. خصب . ضخم القرة الضارية. ‎striking force (n.)‏
قلعة. حصن )( ‎stronghold‏ | حبل . مقود. وتر. خيط.  ‎(L)‏ 50188
متأثر ب - مغرم ‎struck (adj.)‏ | سبطرة - يشتق. يزيل
‎structure (v.n)‏ الخبوط . يثير . يزود بأوتار
يبنى . يشيد - بناء . تشييد . تركيب ‎string bean (n.) Gy‏
‎siruggle )7.8(‏ | غطاء ركيزة السلم 0 ‎stringboard (n.)‏
يناضل . يكافح - نضال . كفاح ‎it‏ جرائب السلم؟
يتبختر . يخنال. تفخ - 0 ‎strip (v.n.) 50001 (van)‏
عنيد . حرون ‎stubbomn (adj.}‏ مهبط_الطائرات. شسقة. قطمة
قصير ربدين ‎e stubby (adj.)‏
‎siripe (vn.) stuck past , past par.t of‏
لص ملصوق ‎stick‏ يقلم . يخطط - خط . شريطة. قلم.
الطالب . التلميذ. الباحث ‏ (901080:10 | سير تخطيط. تقليم على
القماش"	al-shamil-dictionary
534	"Studentship (n.) ‏التلمذة . منحة جامعية‎ | stupid (adjn)
studious (adj.) ‏أحمق . غبى  الأحمق . الفبى‎
- ‏مُجد.خريص على‎ | stupidity (1) ‏حماقة .غبارة‎
‏غييوبة, سبات . ذهول  (500802)8 | ملام . دراسى .مولع بالدراسة‎
study (n.v.)/ sturgeon (n.)
‏الحفش «سمك يستخرج منه دراسسسة. بحث . هدف . مكان‎
‏الكافيار» للدراسة - يدرس . يفكر‎
stuff (n.v.) style (n.v.)
‏أسلوب.زى شكل . نوع . طراز. سقط المناع . أستعة . زاد «طعام»‎
‏إبداع. ترف شراب». جوهر الشىء. مادة‎
‏يصبر «الحيوانات»‎ SISt (1) ‏مصمم الازياء . كاتب متميز‎
stuffy (adj.) suasion (n.) ‏إقناع . استمالة‎
+ ‏مدود. مزكوم.غاضب.عبوس‎ | suavity )( ‏لطف . رقة‎
G ‏ضيق‎ sub__,
stumble (v.n.) ‏أسفل . مساعد‎ . oA ‏بادثة معناها‎
- ‏ركيل من الباطن فرعى . بديل. بتلعثم . يشردد. يربك . يتعشر‎
‏عرض رلة . غلطة . عثرة‎
stump (n.v.) , | subacute(adj.) Gyl
‏خشية. شخص‎ s i ١ ‏وا عدون‎
‏قصير بدين - يشذب .يبتر . يربك‎ subaqueous ( ‏نحت سطع لاد ززهه)‎
‏يصدم‎ S . ‏يتجول‎ . subcommitiee (n.) ‏لجنة فرعية‎
5008 )9.0.( 0 ‏بذهل. يضعق - صدمة‎ | subconscious ‏(.ز4ه)‎ .
stunning (adj.)  لهذم‎ . ‏الإدراك الباطن . الحس الباطن فاتن . ساحر‎
50004 )00( - ‏عق ثانوى 5 )1( 006000861 | يعوق. يوقف النمو‎
‏اشىء معوق .عمل مثبر‎ subcontractor (n.)
stupefy (v ) ‏مقاول فرعى دمن الباطن؟ يذهل . يخبل‎"	al-shamil-dictionary
535	"يخضع ل . يذعن ب ‎submit (v.)‏ | قسمة الجزء أو الأجزاء )( 50501715108
‎Allak's power‏ 10 | يخضع. يتغلب على . يقهر )( ‎subdue‏
‎el‏ أمرى إلى الله ‎Subduer , The‏
‎subordinate (v.adj.n.)‏ | القهار لمن أسماء الله الحسنى»
يشبع . بقلل . يخفع - خاضع. ركيل مفتش ‎subinspector (n.)‏
تابع. مسرؤرس . أقل رتبسة - ‎subject (adj.n.v.)‏
التابع . الخاضع . المرؤوس خاضع.تابع ‏ الفاعل. البتدا.
‎subordination (n.)‏ موضرع .مادة ‏ يخضع
تبعية . إعضاع . خضوع امال . خضوع . إذعان ‎subjection (n.)‏
يغرى . يحرض ‎(v.)‏ 90500 | ذاتى . شخمى , داغلى ‎subjective (adj.)‏
حزب دمن القرآن الكريم» 0857 - 500 | موصول. المضاف  ‎subjunctive (adj.)‏
‎SUDSCTiE (v.)‏ | صيغة الشرط. صيفة التمنى ‎—mood‏
‏يشبرع. يكتب اسمه على . ينضم يلغى . ينكر ‎sublate (v.)‏
إلى. يوقع على . يشترك. يُقر ملازم ثان ‎sublicutenant (n.)‏
مذيل . مكتوب دقن (241) 80056880 | عال. سام مرتقع ززفه) ‎sublime‏
‏أسفل الصفحة كشرح؟ خلق عظيم ‎morals‏ _
تبعية. لاحقة ‎Sublime Porte subsequence (n.)‏
تابع . لاحق . تال ‎subsequent(adj)‏ | الباب العالى.حكومة الدولة
‎subsequently (adv.)‏ العثمانية
فيما بعد. بالتبعية. ومن ثم ‎submarine (n.)‏
يهدئ. يكن ‎(v.)‏ 5005008 | غواصة. شىء يوجد أو يعيش تحت
يقدم معونة ‎subsidize (v.)‏ | سطع البحر
جزية . معوثة . إعانة ‎subsidy (n.)‏ | تحت الوسط ‎submedial (adj.)‏
مادة . جوهر . مال . خلاصة (.8) 500512068 | يغطس . ‎submerge (v.) o‏
‎submersion (n.) substantial (adj.)‏
جوهرى. أساسى. حيوى . سنين غطى . غرص . غمر . تغطيس
مادى . مقرر خضرع . إذعان. تليم ‎submission (n.)‏"	al-shamil-dictionary
536	"substantially (adv.) ‏ذاتيًا. ماديا‎ ١ succor
substitute (v.n.) succour ‏ب‎
‏إغاثة. عون. ماعدة بدل‎
subtle (adj.)  قيقر. ‏مهذب. لطيف‎ | such (pron.adi)
subtract (v.) ‏هذا. هذه . هكذا. تلك. كذلك‎
‏.ذلك - مثل . أمشثال. شديد يطرح . يسقط دفى الرياضيات»‎
subtropical (adj.) ‏هائل . كبير اشبه استوائى‎ .
suburb (n.) ‏ضاحية المدينة‎ | —and_, ‏كذا وكذا‎
suburban (adj.n.) —as S
‏بضراحى المدينة - ساكن أو‎ gl | 070 ‏ناا‎
‏وهكذا. وقس عليه . ونحر ذلك. قاطن الضواحى‎
subvert (v.) ‏بهذه الكيفية يدمر. يخرب‎
subway (n.) ‏بمرنحت الارض‎ | and . ‏وهلم جرا‎
succades (n.) such __ like (adj.)
‏أشباه . أمثال . وما إلى ذلك فاكهة محفوظة فى محلول سكرى‎
50006868 (v.) ‏بعده. بلى‎ b ‏ينجح . يخلفه.‎ suck )7.0.( ‏منص . بمص . يوضع - رضاعة‎
succeding (adj.) ‏لاحن .تال‎ | sucker(n)
success (n.) ‏المصاصة «انبوبة للمص١.الماصة. نجاح. فلاح‎
successful (adj.) et 1N ‏مصاصة‎
‎. the(n) ‏المفلحرن‎ | sucking (n.) ‏رضيع . مص‎
succession (n.) ‏تتابع . توال‎ — bottle ‏ببرونة رضاعة الاطفال‎
successive (adj.) suckle (v.) ‏يرضع . برضع . ترضع‎
‏متابع . متوال. متماقب . محال‎ suckling (n.) ‏الرضاعة‎
‎10 fast two _ months sucrose (n.) ‏سكر القصب‎
‏رضاعة . امتصاص )1( 906000 | يصوم شهرين متالين‎
sudatory (n.) ‏حمام بخار‎
i"	al-shamil-dictionary
537	"سكر نبات ‎candy (n.)‏ :088 | فجالى.سربع باعث ‎sudden (adj.}‏
قصب السكر ‎sugar__cane(n.)‏ | نجأة ‎allofa__,‏
‏الذرة السكرية «علف؟ ‎sugarcom (n)‏ | فجأة. على حين غرة ‎suddenly (adv.)‏
يقترح ‎suggest(v)‏ | مفاجاة. مباغنة 0 (8) ‎suddenness‏
‏اقتراح ‎suggestion (n.)‏ | قناة السويس «(بمصر) ‎Suez Canal (m.)‏
التحار ‎١ suicide (n.)‏ يعانى من . يقاسى من ‎suffer , from (v.)‏
‎suffecance (n.) Wlas | Commit _, o‏
‎suit (v.n.)‏ يكفى . يغنى . ‎suffice (v.) A‏
يشاسب. مناسب . يوفق. يمدل كفاية . مقدرة , كفاءة.  ‎sufficiency (n.)‏
. يتلاءم - بدلة. «عرى. قضية. مقدار كاف
هدف كاف ‎sufficient (adj.) ١‏
مناسب .ملائم زأزقه) ‎suffix (v.n) ١ suitable‏
حقيبة أمتعة ‎suit_case (n)‏ | يضيف بآخر الكلمة. يُلحق -
حاشية . خدم ‎suite (n.)‏ اللاحقة. مقط فى آخر الكلمة
خطيب «طالب الزواج؟ ‎suffocate (v.) G gy | suitor (n)‏
يقطب . وجهه . بكشر ‎suffrage (n.) sulk (v.)‏
كبريتات . سلفات )( ‎SUlphate‏ | مرافعة - تصويت . شهادة. موافقة
كبريثت ‎sulphur (n)‏ | المرأة التى تطالب بحتق ‎(n.)‏ 5015886116
شديد الحرارة. ‎sultry (adj.) Ci\l‏ النساء فى النصويت
مبلغ. كمية . حاصل . مسألة حسابية ‎(n)‏ :807 | ينشر. يلون. ينقع ‎suffuse (v.)‏
يلخص . يوجز . يختصر ‎sugar (n.v.) SUMMATize (v.)‏
‎summary (n.adj.)‏ | سكر. يحلى بالسكر مزج
اللخص - خلاصة . موجز . ملخص ‎S‏ كر
‎alumpof _, summer (n.adj.v.)‏
فصل الصيف ‏ صيفى - يصطاف قطعة ‎S‏ صغيرة ‎B‏ صغير
اصطياف ‎summering (n.)‏ من السكر؟
صيفى . حار كالصيف ‎summery (adj)‏ | شمندر. بنجر السكر  ‎sugarbeet (n)‏"	al-shamil-dictionary
538	"summit (n.) ‏قمة. ذروة‎ | superine (adj) . glo. ‏فائق‎
‎__ conference ‏القمة‎ 2y | superheated (adj.) ‏محمص‎
‎summon (v.) ‏يستدعى إلى اللحكمة‎ | superhuman (ad).) ‏فوق الطبيعة البشرية‎
summoner (n.) ‏محضر المحكمة‎ | supererogatory ‏نفل . تطرع‎
summons (n.) ‏طلب استدعاء‎ ١ __prayers gkt ‏صلاة النفل‎
sumptuous (adj.)  رخاف ‏نفيس .غال.‎ | __deeds Jity
00 (1Y) - ‏الشمس.ائعة الشمس‎ ١ superior (adj)

أفضل . أرفع منزلة .رئيس يشمس. يتشمس
‎sunbeam (n.) o2zt | superiority (n.)‏
أفضلية . تفوق . رياسة . الترفع . افوس زح ‎sunbow (n.)‏
التشامخ الفحة شمس ‎sunburn (n.)‏
‎superlative (adjn.)‏ | محروق بالشمس ‎sunbumt (adj.}‏
فائق . مختص باسم التففسيل - يوم الأحد ‎Sunday (n.)‏
اشخص متفوق وقت الغروب ‎sundown (n.)‏
درجة المقارنة بين أكثر من اثنين 488766 | زهرة عباد الشمس 0 (0082)8 - 508
أفضلية ‎past part . of sing & | superlativeness (n.)‏ , 5008
‎superman‏ | نظارة شمس ‎sunglasses (n.)‏
السوبرمان. إنسان ذو قوة ‎Wl‏ انور الشمس ‎sunlight (n.)‏
‎Sunnah (n.) 2y | supermarket (n.)‏
متجر للبيع بطريقة الخدمة الذاتية. نشس ‎sunny (adj.)‏
السوق المركزية اشروق الشمس ‎sunrise (n.)‏
سماوى . علوى ‎supemal (adj.)‏ | غروب الشمس ‎sunset (n.)‏
‎superpose (v.)‏ | تجاه الشمس ‎sunward (adv.)‏
يطابق . يتطابق «فى الهندسة؟ يزيد . يفيض ‎superabound (v.)‏
يكتب عنواا . يعنرن ‎superscribe (v.)‏ رائم . فخم . جليل ‎superb (adj.)‏
جرت شابخ (زفة) ‎supercilious‏
‏ظاهرى . خارجى ‎superficial (adj.)‏"	al-shamil-dictionary
539	"supersonic (n.adj.) supporter (n.ad}.)
‏سمعية؟‎ Gy ‏المؤيد . التصير . أنصارى موجات فرق صوتية‎
‏أصرع من الصوت . تردد فوق‎ - TheS _s ‏الانصار‎
‎supervenient (adj.) ..y ‏تابع .تال‎ | suppress ‏ل‎
‎supervision (n.) ‏يخفى . يكبت . يبطل . يلغى . يوقف إشراف . مرافية‎
supervisor (n.) suppurate (v)  ديدص ‏يتقيح . بكرن‎
‏المشرف. المراقب. الملاحظ‎ ١ supremacy (n.) ‏تفوق . سيادة‎
supper (n.) ‏رجبة العشاء‎ | supreme (adj)
50001601681 (V1) ‏متمم‎ - gl . ‏يكمل‎ M ‏.سام . أصسمى. الاكثر‎ G0
supplemental Jadi) eSS .)""-51 ‏الاهم‎
‎supplementary ‏ملح‎ 1116 supreme commander (n.)
‏القائد الأعلى‎
supplementary angles The __ Deity ‏الله تعالى‎
امهغرمجم١ ‏الزاريتان المتكامتان‎ ١ sure (adf.) ‏أكبد. ثابت‎
‏درجة؟‎ ٠ surely (adv.) ‏بالتأكيد‎ G
supplicate (v.) sureness (n.) oyl
‏يتوسل . ييتهل . يتفرع‎ el | 50780 () ‏الضامن . الكفيل . غسمانة . كفالة‎
1o _ for somebody ‏يدعو لفلان‎ | surface (v)
supplies (n.) ‏سطح أوجه «الشىء» - يصقل إمداد. مزن‎
supply (v.n.) surfacing (n.) i ‏صقل . نسوية‎
‏يمد . يزدد. يجهز - مدد. إمداد.‎ | Surgeon (n) ‏جراح‎
‏تجهيز‎ 505887 (n)  تايلمعلا ‏جراحة. غرفة‎
support (v.n.) ‏الجراحية‎
‎- ‏بعين. يزيد . يمضدد. يتحمل‎ | surgical ‏جراحى (4د)‎
‏إعانة. مساعدة. غوث .ركيزة.‎ ' | summount(v)  رهقي‎ - ‏يتغلب على‎
‏دعامة .سند‎ 50/0855 (v.)  قوفي ‏يتجاوز. يجاوز.‎"	al-shamil-dictionary
540	"علاقة. حمالة البنطلون ‎suspender(n.)‏ | فائض. وافر ‎surplus (adj.)‏
حمالة البنطلون ‎surprise (n.v.) _s‏
‎Suspense (n.)‏ | مفاجأة . مباغنة ‏ يفاجئ. بدمش
حيرة . قلق . نوقف . إرجاء . تعليق . ‎surrender (v.n.)‏
ترقب يذعن. يخضع . يستلم - إذعان
فى ترقب ‎in_,‏ خضوع. استشلام
شكاك . مريب . مشبوه ‎suspicious (adj)‏ | سريالى ‎surreal (adj.)‏
ينبت . يؤكد . بسائد . يعين  ‎sustain (v.)‏ | السيريالية ‎surrealism (n.)‏
‎surround (v.n.) swag (v.n.)‏
تارجح . يتدلى . يرسب - غنائم . حيط ب. يطرق - طرق . حاشية
‎A‏ باح . مقدار ‎S‏ محيط .بيثة ‎surroundings (v.n.)‏
‎swage (nv.)‏ | ضريية إضافية. رسم إضافى ‎surtax (n.)‏
قالب طرق المعادن ‏ يشكل المعادن ‎survey (n.v.)‏
‎swagger(v.n)‏ | معاية .مسح الاراضى . نظرة
عصفور الجنة ‎swallow (n.)‏ يمسح «الارض». يعاين.يراقب
‎swallow (v.n.)‏ . يشرف
يتلم . يدع . يكتم.يخفى - المساح . مساح ‎surveyor (n.) SN0‏
‎ek‏ ازدرار بقاء . انتعاش ‎survival (n.)‏
سبح .عام ‎survive (v.) swam , past , of swim‏
امستقع أرض موحلة - (8.7) 583700 | ‎U i‏ بمد ‎iy‏ شخص أر
يوحل . يغمر ‎Lol‏
‏مرحل.مستقع ززه) ‎swampy‏ | غرضة ل. تايل ل ‎susceptive (adj)‏
أوز عراقى . شىء فائى الجمال )1( ‎suspect (v.n.ad).) swan‏
تارجح ‎swang past of swing‏ | بشك فى. يرتاب فى الشتبه فيه -
مبادلة . مقايضة ‏ يادل . يقايض (.0.7) ‎DR R SWap‏
أرض خضراه . مرج )580 ‎١‏ يرقف . يعطل . يزجل 0 ‎suspend (v)‏"	al-shamil-dictionary
541	"زيت الزيترن. الزيت الحلر ‎swarm (v.0.) sweet - oil (r.)‏
‎swell (v.n.adj.) .‏ يحشد. يحتشد ‏ حشد مندفع .
يتفخ . يتررم. يبرر. يعلو - جماعة أر سرب النحل
ردم التفاخ - أنيق . رائع .ممتاز ‎swash (v.n.) [T‏
‎il‏ - متفخ ‎swash letters (n.) swelling (nadj)‏
‎Gy 4 | swept, past, pastpant . of S‏ المذيلة بشكل رخرفى
‎sweep‏ الصليب المعقرف  ‎swastika (SKT)‏
‎SWift (adj.adv.)‏ | بربط . يتعصب . يعصب. ‎swathe (V.0)‏
الحركة . مفاجئ ‏ بسرعة ينحنى , بتمايل . يترنح - 0 ‎(vin)‏ 598
يبح ‎swim (v.)‏ ميل. تمابل. نفوذ
السباح ‎sWimmer (n.)‏ | يقسم.يحلف ‎swear (v.)‏
‎swimmingly (adv.)‏ | يحلف بلله العلل رط _
بسهولة . بيسر . برشافة . بنجاح عرق - يعرق . يفرر . يتعفن (.0.7) :59/68
يفش . ينهب . ينصب_غش ‎(V1)‏ 5810016 | سويتر استرة. الكادح )( ‎sweater‏
‏النصاب. الغشائن ‎swindler (n.)‏ | مرهق. بلل بالعرق ‎sweaty (adj.)‏
‎swing (v.n.)‏ يكنس . يجرف = مجداف ‏ (.7.0) ‎SWEEP‏
‏يتارجح . يتدلى . يهستز. بهز. يضرب مكنسة. الكناس ‎sweeper (n.)‏
تارجح . أرجرحة. نشاط زبالة «الكناسة» ‎sweepings‏
‏خنزير ‎swine (n.)‏ (لزفة) ‎sweet‏
‏عناء .كدح . يكدح ‎(v‏ 500 | حلو.عذب.رقيق - شىء
المفتاح الكهربائى. ‎switch (n.v.)‏ حلر . حلرى . حلاوة. المحبوب
مفتاح الكهرباء. مفتاح التحويل الريحان ‎__basil‏
‏«فى السكة الحديدية». يحلى ‎sweeten (v.)‏
قضيب . ضفيرة. انتقال. تحرل - الحبوبة. الحبوب ‎sweetheart (n.)‏
‎Ay‏ يحزل. بحسول خط ‎sweetish (adj.)‏
السير. يختطف .يسوط مائل إلى الحلاوة. خلر قليلاً"	al-shamil-dictionary
542	"يرمز إلى . يشابه. يمائل ‎symbolise (v)‏ | لوحة مفاتيح الكهرباء ‎__board‏
‏رمزية ‎symbolism (n.)‏ | الوصلة المتراوحة ‎swivel (n.v.)‏
علم الربوزر ‎symbology (n.)‏ حامل يدور الكرسى فوفة -
ينسق . يرتب ‎symmetrize (v.)‏ يدور على محرر
تناسق . ترتبب .تمائل  ‎symmetry (n)‏ | الكرسى الدوار ‎swivel chair (n.)‏
‎swollen , past part . of swell sympathetic (adj.)‏
عاطفى . جذاب . ملائم مرتفع . منتفخ . وارم
حبر سرى. حبر للكتابة السرية ‏ 888 | يقمى عليه . إغماء ‎swoon (v.n.)‏
‎Sympathize (v)‏ | ينقض على .يتزع ‎swoop (v.)‏
يتعاطف . يعطف على . يجتذب ‎swop (.) Ay‏
‎sword (n.) o | Symephy (n)‏
اجام عطف :بانس جاذية أقسم سب ‎swore , past, of swear‏
ف ‎past part 0]. swear symphonic “dj')""u""_f""‘.‏ , 50/000
نغم . توافق . ‎symphony (n.) i‏
إيقاع . حفلة موسيقية يعمل بجد. يدرس يجد.  ‎SWOL(YAL)‏
‏عرض . إشارة .علامة  ‎(n.)‏ 570001080 يضرب بشدة ‏ درس أو عمل
تزامن . مزامئة  ‎synchronization (n.)‏ باجهاد
‎synchronize (v.)‏ عام. سبح ‎swum . Past part. of swim‏
يحدث فى زمن واحد. يتزامن مرجع ‎swung , past part . of swing‏
‎SYncopation (n)‏ | جيز ‎sycamore (n.)‏
مقطع موسيقى . تأخير النبر ‎syllabic __ al (adj.)‏
‎e syndicate (v.n.)‏ مقاطع هجاية ‎T‏
‏مجيع ‎S‏ ريم موي | يجزكا. يقطم الكلمة )( ‎sylsbize‏
‏نج ‎Clerical _, S‏ | مقطع هجائى ‎syllable (n.)‏
‎synonym (n.)‏ | مختصر. ملخص ‎syllabus (adj.)‏
مترادف . كلمة مترادفة مع غيرها اجنية . حورية ‎sylph (n.)‏
مترادف . مرادف  ‎synonymous (adi)‏ | رمز . تشبيه . مثال - يرمز (.0.7) ‎symbol‏
‏ملخص. موجز ‎SYROPSis (n.)‏ | رمزى . تشيهى ‎(adj)‏ له ‎symbolic,‏"	al-shamil-dictionary
543	"‎syn 541 55‏
نحليل النظم  ‎systemanalysis (n.)‏ | نحوى . صرفى . مختص ‎syntactic (adj.)‏
تصميم النظم  ‎system design (n.)‏ بتركيب الكلام
‎syntactic analysis (2.} system implementation (n.)‏
تنفيذ النظام التحليل التركييى للكلمات
‎systematic, _al‏ | علم النحو.الإعراب . عبارة مركبة )1( 800138
مرتب . منظم . منسق . نسق . منهجى متساوى درجة الحرارة ‎synthermal (adj.)‏
أسلوب النظم ‎systematicapproach (n.)‏ | يؤلف . يركب * ‎synthesize (v.)‏
‎systematic arrangement (n.)‏ | تاليفى .تركيى. ‎synthetic (adj.n.)‏
الترتيب ‎Al‏ اصطناعى ‏ زائف . المادة الاصطناعية
‎syphilis () 0 | Systematic observation (n.)‏
ملاحظة منظمة مصاب بالزهرى ‎syphilitic (adj.)‏
)( قتعا 905168136 | ررى . شخص سررى (صازفة) ‎SYHAN‏
‏مصطلحات نسقية سرنجة . محقن ‎syringe (n.v.)‏
‎systematically (adv.)‏ محقنة - يحقن
بنظام. بترتيب . بنسق شراب ‎syrup (n.)‏
ينظم . يرتب . ‎system (n.) systematize (v.) Gy‏
بلا نظام أو ترتيب ‏ (/24) ‎Systemless‏ | نظام مط ‎G‏ املرب. طرارء
انقباض القلب ‎systole (n.)‏ ترتيب
انقباضى ‎system * telephone * (n.) systolic (adj.)‏"	al-shamil-dictionary
544	"77
-~

تابلره. صورة كبيرة . لوحة (.8) ‎tableau‏ | الحرف العشرون من حروف ‎T.t‏
‏رسم. رسم الهجاء الإنجليزية
ستارة مسرحية  ‎curtain (n)‏ 1068 | يُجدل. يرتب. يجعل للشىء. ‎(V1)‏ 185
مفرش تربيزة السفرة  ‎tablecloth (n.)‏ عررة أر اذن. يلقب -
نجد. سهل واسع ‎table land (n.)‏ أذن. مقبض. صغير لان
مرنفع. صعيد «الحذاء». عروة. سعر . علامة
بياضات المائدة ‎table linen (n)‏ | صدرة فارس ‎tabard (n.)‏
ارج « للكتاية أو الرسم 9. ‎tablet(n)‏ | العانس . حرير متموج  ‎tabby (n.adj.)‏
ترص. لوحة . قط - ملون. أرقط
أدوات المائدة ‎tabefaction (n.) Jiz | table - ware (n.)‏
اتبويب. تنسيق . نرتيب نما غمتاطما رفم( معطم
ملخص . خلاصة . مختصر . )1( ‎١ tabloid‏ نحيف . هزيل ‎tabid‏
‏مركز. ترص دواء ‎tablature (n.)‏

(0.7.زفة) ‎taboo‏ | لوحة تحمل نقشا. صورة أو رسم
حرام ‎١‏ محظور اجتماعيا 6 على حائط .أو سقف
محرم. معزول - تحريم - ترابيزة . مائدة . ‎table (n.v.)‏
يحرم بحظر طارلة. جدول. لوحة ‏ يجدل

dining ٠ ‏تريزة السفرة‎ | tabulate (v.)

يسطح . يجعله مستوي السطح + جدول الضرب ,__ ‎multiplication‏
‏يط . يجدل ‎s,‏ الظروف أر ‎NI‏ 5 5 106 :007
تبويب ‎tabulation (n.)‏ معلوم. أمر عموى ,_ ‎upon the‏
واضع الجدول. ماكينة . (.8) :18001800 | عملية الجدولة ‎function‏ __
منظمة للجدول .آلة نبويب قائمة الحتويات ‎__of contents‏"	al-shamil-dictionary
545	"خباط - يخيط ‎(nv.)‏ :10ثة1 | مفهرم ضما . صانت . مقدر ‎tacit (adj)‏
خباطة ‎tailoress (n)‏ | يسرج القماش. يلحى. ‎tack (v.n.)‏
خياطة ‎tailoring (n.)‏ ايضيف. بضم. بلبت
ملحق . ذيل ‎tailpiece (n.)‏ بجسمار . مسمار % ‎PR‏
‎taint (v.n.)‏ حركة متعرجة . مجري السفيئة.
فساد. عيب . رصمة عار. ‎tackle (v.n.)‏
مان . فاسد. معفن ‎tainted (adj.)‏ آلة لرفع الأثقال. آله
لا شائبة فيه . لاعبب فيه ‎raintless (ad).)‏ | مهارة.لباقة. ذوق ‎tact (n.)‏
‎(v)‏ علق | ماهر.لق ‎tactful (adj.)‏
‎ey L‏ يستازم. بمسادر ‎tactic (n.adj.)‏
يخدع .ينهم تكتيكى . مختص بالحركات
يدهش . يحير ‎__aback‏ الحربية
ينتهز فرصة. يغتتم 2 00140086 | بلس رزه) ‎wactile‏
‏يقبل أر يتقبل النصيحة ‎١ _ advice‏ بدون ذرق.عديم الحيلة ‎tactless (adj.)‏
‎s‏ يشابه. يسلك مسلكه ‎_afer‏ | فرخ الضقدع وما شابهة  ‎tadpole (n)‏
يهب للحرب. يمل 5 ‎s‏ | مين ‎taffy (n.)‏
يلب . يخطف. يطل ‎away‏ | طرف . هدب .ذيل - ‎tag (n.v.)‏
بحب يترجع 0 _ يرصل . يضم. يذيل
يتحفظ . يعتنى . بهتم . يحاذر روم | الرعاع . الاوباش . ‎tag-rag(n) Sy‏
يهنم ب . يعثنى ب ‎careof‏ | 05 طرف ذتب. مؤخر  ‎(v‏ الها
يذل . يقيد . يهدم ‎down‏ _ . أسفل - يلارم . يذيل . يتعقب
يسرى مفعوله ‎in_, &S et‏
يطفش. بهرب ‎١ flight‏ بهرب لط
يحذر . يحترس ‎١ ey‏ الباب الخلفى للسيارة النقل )( ‎tail gate‏"	al-shamil-dictionary
546	"يفل الرأس بالثرثرة ‎_theheadoff‏ | يقبض على . يستولى على ‎—holdof‏
‏يحتال على ‎—apersonup‏ | يضيق. يفهم. يضم يحترى 0 7#
يدرس . يقنع © | يشلح. ينزع. سقط يسخ ‎_of‏
‏يتكلم كلامًا متقرلاً ‎sense‏ | يتظاهر ب. يدعى ‎—on‏
‏ثرثار . كثير الكلام ‎talkative (adj.)‏ | يشارك ‎—partin‏
‏غلباوئ . ثرثار . متكلم ‎alker(n)‏ | يتفق مع ‎part with‏ __
الفيلم السبنمائى الناطنى ‏ (./64) ‎talkie‏ | ""يحدث. يقع . يحصل _-_
طويل القامة. باهظ .ضخم ‎tliadi)‏ | يثق ب ‎stock in‏ —
طويل قليلاً. أقرب إلى ‎tallish(adi)‏ | يعنف. يربخ ‎__task‏
‏الطول يشترى . يدفع . يقيم - ها
م[ ‎tallit‏ يصلى . يقترض . يشغل . يستغرق
‎tallith‏ | بتضمن. يشمل
الطليس « رداء يرتدية اليهود أثناء بتصاحب مع ‎up with‏ —
الصلاة ؟ حيلة . خجدعة . مراوغة . خداع 0 10 عطقا
طول القامة ‎allness (n.)‏ | ماخوذ ‎taken , pastpart , of take‏
شحم .دهن . يشحم ‎tallow (mv.)‏ | مؤلر. ‎taking (adj.) Dbt‏
شاحب ‎tallow - faced (adj) o1‏ | حكاية . رواية. إشاعة ‎tale (n.)‏
شحمى ‎tallowy (ad).)‏ | إساطير الاولين ‎tales of ancients‏
مخلب ‎(n.)‏ 18100 | ان راش مام ‎talebearer (n.)‏
التمرهندى ‎tamarind (n)‏ | فتة . نميمة. وشاية ‎talebearing (n.)‏
دفا. طارٌ ‏ طارة التطريز ‎tambour (n.)‏ | نبوغ . نباهة . ذكاء . فطئة ‎talent (n.)‏
أليف . داجن . ‎(@div) il‏ 180 | موهوب. بارع .ذو فطنة. ‎talented (adj)‏
. أهلى - يرورض . يذلل ذكى
النامية ‎١‏ قلنسوة ‎shanter (n.)‏ 0 - 180 | ثميمة. طلسم ‎talisman (n.)‏
صوفية ¢ ‎١‏ حديث . كلام . محاورة. ‎talk (n.v.)‏
‎tamper with (v.J‏ محاضرة.لغة
بتحرش ب. بعبث ب. ‎Ny‏ قيل وقال. لغو ,_ ‎idle‏"	al-shamil-dictionary
547	"الدودة الشربطية ‎tan (n.v.) tapeworm (n.)‏
خمارة ‎١ taphouse (n.)‏ لون أصفر قاتم. تلريح البشرة
التابير ¥ حيوان يشبه الخنزير € )1( :5م18 بتعريضها للشمس - يدبغ . يسفع
بساط .سجادة ‎tapis‏ | واحد خلف الآخر (.[8017.80) ‎tandem‏
‏قيد البحث . تحت البحث ‎uponthe  ,‏ ترادفيًا - ترادفى
بزل « فى الجراحة ؟ ‎e | tapping (n.)‏ الدائر. أر القوس ‎tangent‏
‏قطران . زفت - يطلى بالقطران ‎g tar (n.v.)‏ الهندسة؟
‎tarantula (n.)‏ اليرسفى ‎tangerine (F.)‏
نوع من العناكب الكبيرة ‎tangibility (n.)‏
تمهل . تاخر . ‎(n.) oy‏ 185010658 | امكانية اللمس. ماسة. محسوس
متأخر . مهمل . بطى+ ‎tardy (adj.)‏ | واضح . ظاهر. محسوس ‎tangible (adj.)‏
‎target(n.)‏ | يعقد . يررط - ‎o))‏ . عقدة ‎tangle (v.n.)‏
غرض . هدف الرماية. هدف. ترس خزان. صهريج . دبابة ‎tank (n.)‏
تعريفة ‎١‏ الأسعار ¢ قائمة ‎tariff(n)‏ | سفينة لشحن البترول ‎tanker (n.)‏
الأسعار . تعريفه دباغ الجلرد ‎tanner (n.)‏
تارماك 3 مادة كالاسصفلت؟ ‎tarmac (n.)‏ مدبغة ‎tannery (n.)‏
نبات القلقاس )( ‎tarO‏ | يحنس. يكايد. يعذب ‎tantalize (v.)‏
مشمع عازل ‎larpaulin (n)‏ | حنفية. صبور. ضربة خفيفة. ‎(nv.)‏ 188
الترسيس ‎١‏ قرد » ‎tarsier (F.)‏ نقرة - يقرع . يدق . يعين
رسغ القدم. الكاحل ‎tarsus(n)‏ | شريط ‎tape (n.v.)‏
حاد . حريف . لاذع - كعك (.30[.0) 1855 | تركيب الشريط 8 -_-
الفاكهة. ‎T‏ . نتاة مومس الإجراءات الروتينية المعقدة 780,00
مهمة. شغل . واجب - ‎task (n.v.)‏
يرهق . يكلف ‎taper (adj.n.v.)‏
مذاق. طعم . ولع + ‎taste (n.v.)‏ مخروطى الشكل.مستدق
ميل يتذوق الطرف . مذرج - شمعة. يستدق
طرفه . يتوقف تدريجيا"	al-shamil-dictionary
548	"تقسيم أر تصيف - ‎taxology‏ | حسن الذوق ‎tasteful (adj.)‏
الحيوانات طبقا ‎Y | taxonomy‏ طعم له ‎tasteless (adj.)‏
لاجناسها ذات مذاق لذيذ . طيب  ‎tasty (adi)‏
شاى ‎tea(n)‏ المذاق. جذاب
يعلم . يدرس ‎teach (v)‏ | ثوب بال. خرقة بالية 0 ‎tatter (nv.)‏
قابلية التعليم ‎teachabiiity (n.)‏ يبلى. يسحق. يهريد
‎teachable (adj)‏ | تخريم ذو ‎tatting (n.) b‏
قابل للتعليم . ممكن تهذييه أقاويل . يثرثر. يوشى ‎tattle (v.)‏
مدرس , معلم . مهذب ‎teacher (n)‏ | أقاويل. القيل والقال ‎tattlings‏
‏دار المعلمين )( ‎taught past , past part . of teacher college‏
ابط برى. شرشير )1( ‎teal‏ | علم. متعلم ‎teach‏
‏فريق . جماعة . سرب ‎team(n)‏ | يوبخ . يعير - تويخ ‎taunt (v.n.)‏
نات الشاى ‎tea - plant (n.)‏ ام قادح ‎taunter (n.)‏
أبريق الشاى ( 001 - 188 | برج الثرر « في الفلك 6 (.0) ‎Taurus‏
‏دمعة - يدمع. يكزق . يشرمط ‎tearnv)‏ | خمارة . فتدق. حانة ‎tavem (n.)‏
‎o]‏ أسمر بلفح الشمس. ‎tawny (adj.)‏
‎tease (v.n.)‏ أسمر مائل للصفرة
بغيط . يزعج . يكدر . بندف القطن - ‎iy‏ خراج . أتاوة - يفرض  ‎(nv)‏ 188
طقم الشاى ‎tea-service(n.}‏ | يتهم ب ‎with‏ —
قرس المنجد ‎teasing - bow (n.)‏ | ضرية العقار « الأملاك ¢ ‎property  ,‏
حلمة الثدى ‎taxable (adj.) teat (n.)‏
اصطلاح 5 - (.[8.20) 001 ,1800016 | تفرض أو تستحق عليه ضريية
فتى . تقنى . اصطلاحى فرص الضرائب ‎taxation (n.)‏
‎١ technical journal (n.) o‏ تاكسى عداد ‎taxicab‏
‎techmical processes (n.)‏ | تنحنيط الحيوانات ‎taxidermy (n.)‏
الإجراءات الفنية"	al-shamil-dictionary
549	"اقل الصور ‎technically (adv.) G | televisor (n.)‏
الكتابة بالاسلكى  ‎telewriting (n.)‏ | التصوير ‎technicolor (n.) APV‏
التلكس ‎telex (n)‏ | اصطلاحات فنية ‎technics (n.)‏
يخبر . يقرر . يررى () ‎tell‏ | وسيلة . صياغة. أسلوب. ‎technique (n.)‏
مجازفة ‎temerity (n.)‏ طريقة معالجة «مرضرع؟
سجية . طبع . خلق - ‎١ temper (nv.)‏ الولد الشقى «الشاب ‎teddy - boy (n.)‏
يصلح . يلطف . يقوم المتمرد؟
اعتدال. ضبط النفس )1( ‎tedious (adj.) Gl | temperance‏
‎temperate (adj.)‏ | تحبل . تحمل . تلد. يتكائر . يحتشد ‎teem (v.)‏
معندل. متوسط .غير متطرف مراهق . مراهقة ‎teen (adj.)‏
درجة الحرارة ‎temperature (n.)‏ | المراهق ‎teenager (n.)‏
‎tempered (ad).)‏ | أسنان ‎teeth, sing , 001 (n.)‏
معتدل. ملطف . حسن الطب النواجذ ,__ ‎premolar‏
‎tempest (n.v.)‏ ظهور الأسنان 3 التسنين ¢ ‎teething (n.)‏
ثورةء هياج . عاصفة - يثير عاصفة برفية - يبعث برقية 0 ‎telegram (n.v)‏
‎temple (n)‏ | التلغراف. برقية - ‎telegraph (n.v.)‏
ماسونى ‎telemeter (n.)‏
دتيوى . عالى ‎temporal (adj.)‏ | مقياس الابعاد. مقياس عن 1
‎G‏ وقتبًا ‎telephone (n.v.) temporarily (adv)‏
وقتى . غير ‎temporary (adj.) s‏ | تليفون ‏ يتصل ‎Cpils‏
‏عرضى . مزقت تلسكوب . مرصد - ‎telescope (n.v.)‏
ماعد مزقت ‎temporary assistant (n.)‏ يجعله يتداخل . يوجز . يضغط
بطاقة مؤقتة ‎temporary card‏ | ,15 عن بعد. يرل ‎televise (v.) 4l‏
يساير العصر أو الزمن ‎temporize (v.)‏ يستقبل بالتليفزيون
- يتمشي مم الظروف التليفزيون ‎television (n.)‏
يغرى . بحث ‎tempt (v.)‏ الصورة التليفزيونية ‎tetevision image (n.)‏"	al-shamil-dictionary
550	"قابلية الشد والمط ‎١ tensility (n.)‏ اغراء.حث ‎temptation (n.)‏
‎tension (n.v.)‏ | المغرى. الخادغ ‎tempter (n.)‏
‎5y‏ مط . شد. اجهاد - يشد. يوتر المغرية . الفانثة. ‎(n.)‏ 6001855
‎tent(ny.)‏ | عشرة ‎ten(n.)‏
‏خيمة . فتيل «فى الجراحة» ل"" يقيم حصين ‎tenable (adj.)‏
فى خيمة . يسكر يستأجر . يؤجر ‏ المستاجر ‎tenant (v.n)‏
عضو الحس فى الحشرات ‎tentacle‏ | يلازم. يخدم. يحائظ على ‎tend (v.)‏
‎tentative (adj.)‏ | خدمة . رعاية. عناية ‎tendance (n.)‏
تجربيى . اختبارى . تجربة . امتحان ميل . اتجاه . انعطاف ‎tendency (n.)‏
العاشر. ‎tonth(nadi) st o‏ | يعرض للبيع . يقدم عطاء - ‎tender (adi)‏
لطيف . رقيق . نحيف  ‎(adj.)‏ 1600005 عطاء. عرض . سعر. مناقصة ‏
يجعل الشىء «لماء؟ 36( ‎tepefy (v.)‏ غض. طرى. هذيل. ضعيف.
فاتر ‎١‏ بين الحار والبارد + (/24) ‎tepid‏ سريع التلف .حساس
‎١ 1600 (nv.)‏ السفيئة التي تمون سفيئة ‎tender (n.)‏
نص . شرط . تعبير . مدة . أجل . ‎T‏ أخرى. السفيئة الممونة
نهاية. فصل١مدرسى!‏ فثرة مقدم المناقصة أو العطاء  ‎tenderer (n.)‏
‎e e‏ يصلنف. يسمى طراوة. رقة ‎tenderness (n.)‏
إلى أجل مسمى ,_ ‎forastated‏ | المحلاق « فى النبات 6 ‎tendril (n.)‏
على وفاق. على تقاهم ‎on__s,‏ | مزل.مكن ‎tenement (n.)‏
متحابون ‎ongood s,‏ | مذهب .رأى. عقيدة. معتقد  ‎tenet (n.)‏
شروط سهلة __ ‎easy‏ | عشرة اضعاف ‎tenfold (adv.)‏
‎by 2‏ اشتراطات . حيض  ‎ems(n)‏ لعبة الس ‎tennis (n.)‏
ختامى . نهائى ‎terminal )20[.0.(  -‏ | لسان. شكل لسان من الخشب ‎tenon (nv.)‏
نهاية. طرف . محطة إتصال سباق . قصد . مضمون. فحوى )1( 16002
ينهى. يتم . ينجز ‎terminate (v.)‏ نخة. طب الأصل. صفة. طبيعة
نهاية . انتهاء . إنقضاء ‎tense (n.adj.) termination (n.)‏
زمن الفعل - متوتر . مشدود. صلب"	al-shamil-dictionary
551	"صدفى.كالصدف | ‎testaceous (adj.)‏ | المصطلحات الفنية. ‎terminology (n.)‏
وصية . عهد . وثيقة. ‏ )1( ‎testament‏ مصطلحات
‎Sl‏ آخر الخط . نهابة الطريق ‏ (.8) ‎terminus‏
‏الإنجيل . العهد الجديد ‎New_,‏ | طائر شبيه باللورس ‎tem (n.)‏
الترارة. العهد القديم .01/4 | ثلاثى العناصر ‎temary (adj.)‏
تارك رصية عند ‎Gy‏ (./24) 1650806 | مصطبة. شرفة ‏ سطح لبيت؟ )1( 165468
موص . تارك الوصية ‎testator (n.)‏ | سلحفاة المياة العذبة ‎(n.)‏ فاقوا
موصية. تاركة الوصية ‏ (8) 818018 | مريع .مخيف .هيب (زفه) اتوم
خصية ‎testicle (n.)‏ | مريع . هائل .مخيف ‎terrific (adj.)‏
شهادة ‎testification (n.)‏ | يروع . يخيف. يفزع ‎terrify (v.)‏
الشهادتات ‎thewoT_s‏ | أرض تابعة ‎territory (n.)‏
يشهر . يقر . يبين ‎testify (v.)‏ لدولة . منطقة . أقليم . جهة
ينكد . بقرف . بفظاظة ‎testily (adv.)‏ | ._رعب. خوف. ذعر ‎terror (n.)‏
هدية شكر . شهادة ‎testimonial (n.adj)‏ | يرعب . يخوف ‎terrorise (v.)‏
- تقديرى إرهاب. تخريف ‎terrorism (n.)‏
شهادة. دليل . بينة . برهان ‎testimony (n.)‏ | الإرهابى ‎terrorist (n.)‏
يكتم الشهادة .8 142 | إرهابى ‎terroristic (adj.)‏
شهادة الزور . ‎false‏ | بررع.يخيف. يرهب 0 ‎terorize (v.)‏
فحص . اختبار. تجربة ‎testing (n.)‏ | أناقة ‎terseness (n.) et‏
خصية ‎testis, see testicle (n.)‏ | فسيفساء. ترضصيع ‎tessellation (n.)‏
أنبوبة إختبار ‎test tube (n.)‏ بالفسيفاء
ستر . درع . وقاء .سلحفاة ‏ (8) 1680000 | _تجربة . امتحان. فحص . بوتقة. ‎test(nv.)‏
‏سريع الغضب . شرس ‎testy (adj.)‏ مجس . مقياس - يختبر. يخضع
يصاب بمرض التبتانوس  ‎tetanize (v.)‏ لإنتحان
مر التيتانوس ‎tetanus (n)‏ | إخختبار البيانات ‎__data‏
‎١ tetra‏ اطفال الأثابيب ‎tube baby‏ _
بادثئه معناها 1 رباعى . أربعة 6 ‎١ tetr  (‏ الإخصاب داخل الأنابيب ©"	al-shamil-dictionary
552	"tetragon (n.) ‏مربع الزوايا. مربع الاضلاع‎ | thank - offering (n.)
tetragonal (adj.) ‏تقدمة شكر . قربان شكر رباعي الزوايا أو‎
W | thanks (n) ‏تشكرات . اشكرك‎
tetrahedron (L.) that (adj.pron.adv.conj.)
‏إلى حد أنه - تلك . كذلك . التى الرباعى السطوح « فى الهندسة؟‎
tetravalent (adj.) ‏ذلك . ذاك . إلى هذا الحد. إلى رباعى التكافؤ‎
text () T S - ‏حد بعيد‎
‏النص. أصل. موضوع. آية . شاهد‎ ١ ‏وما أشبه .لاه‎
‏كتاب مدرسى‎ A ‏متن‎ and _, ‏وهلم جرا. وهكذا‎
text book (n.) 1١0 ‏علارة على ذلك. برغم ذلك‎
‏الكتاب المارسى . كتاب منهجى‎ | s 10 7 ‏أعنى . يعنى‎
text edition (n.) inorder __, ‏لكى‎
‎. ‏طبعة معدة للمدارس فقط‎ | theater ‏المسرح . مكان وقوع رم‎
‏«الطبعة المدرسية»‎ theatre ‏الأحداث‎
‎text hand (n.) i ‏خط‎ ١ theatrical (adj.) o~
textile (n.adj.) ‏نسيج. يط‎ | thee(pron) Gl e « ‏انت‎
‏فى حالة النصب والجر ) + يستخدم فى النسج - مشرج‎ (
textual (adj.) i ‏حرلى‎ ١ theft(n) ‏اختلاس‎ . &
texture (n)  ةكابح‎ . ‏تركيب . بناء . نسيج‎ | theism (n.) ‏الإعتقاد بالله‎
than (conj.) theme (n.) ‏مغزى . مبحث . مقالة‎
‏تستخدم بعد‎ ١ ‏موضوع. موضوع إنشائى بالمقارنة مع. مِن‎
‏أفمل التفضيل 4 .إلا . حتى.‎ then (adv.) ‏عندئذ . ثم . إذا‎
‏على ان‎ | nowand _ .
thank (vn) ‏يحمد. يشكر. يشي ل‎ | everynowand _, ‏من وقت لآخر‎
-- 0 ‏بفضل . نتيجة ل‎ | thenceforth (adv.) ‏بعد ذلك . فيما بعد‎
thankful , for (adj.) thenceforward (adv.)
‏منون. حامد‎ S ‏من ذلك الحين فصاعدا‎"	al-shamil-dictionary
553	"هؤلاء ‎١‏ للقريب ¢ ( ‎these (sing this‏ | المزراة 3 لقياس الزرايا « ‎theodolite (L.)‏
مبحث . مسئلة . مو ‎thesis (n.)‏ الاهوت. ‎theology‏
‏رسالة تقدم ا جامعية ال بين ‎theologics‏
‏سحر. شعوذة ‎theurgy (n)‏ | يضع نظرية ‎theorize (v.)‏
هم هن ‎they (pro)‏ | نظرية .علم نظرى .رأى 0 ‎theory (n.)‏
‎theosophical RV thick (adj.adv.)‏
كثيف . غليظ . نخين - بكثافة متصوف - صولى"" ‎theosophist‏
‏يكلف .يُغلظ . يحتشد 0 ‎thicken(v)‏ | التصوف ‎theosophy (n.)‏
]4( . حرش . غابة ‎thicket (n.)‏ | مداواة. الطب اللفى ‎therapy (n.)‏
قليل الفهم. ‎there (adv.n.) thickhead , _ed (adji)‏
يليد هناك . هاهو . هو ذا ذلك المكان
الصء حرامى . سارق ‎thief(n)‏ | ما يقرب من ذلك. ‎thereabout (adv.)‏
يرق ‎thieve (v.)‏ فى الجوار
ورا . فخذ ‎١ thigh(n)‏ بعد ذلك ‎thereafter (adv.)‏
‎oL‏ قمع الخياطة ¢ ‎thimble(n)‏ | بذلك. لذلك ‎thereby (adv.)‏
. أنبورب معدنى صغير لذلك. لهذا ‎therefor (adv.)‏
‎thin (adj.v.)‏ | بناء على ذلك. لذلك ‎therefore (adv.)‏
نحيف . رفيع . ضئيل . قليل السك فى ذلك ‎therein (adv.)‏
أر الكثافة ‏ يقلل . يرفق . يقلل حرارى . حار ‎thermal (adj.)‏
الكثافة . يخفف . يرق ‎thermograph (n.)‏
لك . خاصتك ‎i | thine (pron)‏ تسجيل درجة الحرارة
أمر . شىء . مسالة . حاجة . حالة )1( ‎thermometer (n.) thing‏
شىء ما .3072 | الترمومتر «ميزان الحرارة 4
يفكر . يعتقد . يظن . ‎think (vn)‏ | الترموس ).7( ‎thermos bottle‏
يتفكر ‏ تفكير . رأى الترموستات ‎thermostat (n.)‏
متقرقا . بتباعد ‎thinly (adv.)‏ « منظم ‎Gyl‏
‏رقة . نحافة 0 }.( ‎thermotaxis (n.)  ىراز ::,-y\ thinness‏"	al-shamil-dictionary
554	"third (adjn) ‏الثالك. ثلث‎  كلاث‎ ١ though (conjadv.)

مع أن. ولو - مع ذلك ثالنا ‎thirdly (adv.)‏

thirst (n.v.) . ‏عطش. ظما - يعطش‎ ١ thought, past past part . of

thirstiness (n.) ‏عطش . ظما. توق . رغبة.‎ | thought(n)

thirsty (adj)  شطاع ‏عطشان. ظمآن.‎ | thoughtful (adj.)

كثير التفكير والإهتمام. ثلاثة عشر . ثلاث عشرة  ‎thirteen (n.)‏

يتامل . مراع لمشاعر الاخرين الثالث عشر ‎thirteenth (n.)‏

عديم التفكبر . طائش (./24) ‎thoughtless‏ | الثلالون ‎thirtieth (n.)‏

thirty (n.) 0% | thousand (n.) ‏الالف‎

this (pron.) * ‏للقريب‎ ١ ‏هذا هذه‎ | thousandth (adjn.)

الدرجة الالف ‏ جزء من الف نبات شائك. الشوك ‎thistle (n.)‏

thither (adv.) ‏إلي ذلك المكان. هناك‎ | thread (nv)

خبط . فستلة. مسلك. مجرى من هنا إلى هثلا. هنا ‎Stay‏ ب ‎hither and‏

thorax (1)  ردصلا‎ . ‏شاع يلضم الخيط . التجويف الصدرى‎ g

يلولب . يش طريقة بحذر ‎s,‏ مشوك. أمر متعب 0 ‎(n)‏ 1508

(زفه) لافقةاطا | ينين .تام كامل.  ‎thorough (adi)‏

thoroughbred (adj.)  .ميرك.لصأ‎ | threat(n) ‏تهديد . رعيد‎

يهدد. يوعد ‎threaten , with (v.)‏ أنيق . ممتار

ثلاثة ‏ ثلائى ‎thoroughfare (n.) three (n.adj.)‏
‎(adv.ad)‏ 1018 10866 | طريق عام. شار عمو . مرور

ثلاثة اضعاف - ثلاثى ممنوع ‎no_ M‏

those (pron.) ١ ‏أولتك. الذين « للبعيد‎ | thresh(v)

يدرس ‎١‏ الحنطة 8 يفحص ‎thou (pron.)‏
‎UL‏ برسم خطة. يجلد + | ‎el‏ 3 للتعظيم والتبجيل»"	al-shamil-dictionary
555	"threshing machine (n.) through (adv.prep.)
‏من أول إلى آخر - بين .ما ماكينة الدراس . الدراسة . الثورج‎
threshold )( ‏بين . خلال‎
‏مستهل . بداية.عتبة الباب.حد‎ | throughout (adv)  ناكم ‏فى كل‎
threw , past of throw ‏رمى. القى‎ | throve, past, of thrive ‏نجح. يزدهر‎
thrice (adv.) ‏ثلالة مرات‎ | throw (nv.) . ‏رمية . طرحة‎
‏فقطا‎ (v) 05 ‏رشقة . غطاء . وشاح . مشامرة - يلضم د الخيط أو‎
thrift (n.) ‏يدد. يذهب . بدرن إنجاه محدد 4800 | تدبير المصروفات‎
‏.اقتصاد. نبات قرتفلى‎ _away ‏ييدد. يرف‎
thriftless (adj.) ‏سرف.ميلر‎ | back ‏يعرق‎
‎thrifly (0d].) ‏مزدهر. تام بقوة. مقتصر‎ | —down ‏يحزن‎ Gl ‏يوقع . يطرح‎
thrill (n.v.)  ةفجر ‏أضاف. يدخل طنوة 8 | رعشة .هزة.‎
‏ابرتعش . يثير. يسرى . يهتز‎ lightupon ‏يلقى الضوء على . بنير .بين‎
thriller (n.) ‏يخلم . يطرد 7 | رواية مثيرة‎
throat (n.) ‏حلق. زور .بلعوم‎ | _over ‏يهجر. يترك‎
throb (v.n.) —up ‏ينب . يعرض عن‎
‏ينبض . يخفق - نبض . خفقان‎ | thrown, past part . 01 throw
throe (n.) ‏مرمى. مطررح‎
‏طلق الولادة. مخاض . ألم شديد‎ | thrust (nv.)
thrombus (n.) ‏رخزة . هجوم (عسكرى؟. جلطة دموية‎ T
throne (n.v.) Jﬁ't""*ﬁ ‏تهجم - بطعن‎
‏عرش يجلس على العرش‎ | 0050085 (n.)
throng (v.n.) ‏شرش « اللبن؛ . مصل اللبن‎ |
‏يحتشد. يزدحم - حشد. زحام‎ | thumb (n.) .
throtle (n.v.)  - ‏إيهام اليد يقلب الصفحة بالايهام قصبة الرثة . الحنجرة‎"	al-shamil-dictionary
556	"مرتب . منظم . أنيق ‎thumbscrew (n) tidy (adj.)‏
)ع0 | مسمار قلاووظ يربط بالابهام
‎T ¢‏ . رباط العثق . رباط + رعد. دوى ‏ توعد ‎thunder (n.v.)‏
عقدة. ارتباط. صلة.علافة - «السماء». يتوعد
يربط . يشد . يحزم . يقيد صاعقة ‎thunderbolt (n.)‏
الثمر المخطط .بير ‎tiger(n)‏ | مبخرة ‎thurible (n.)‏
الأسد الهندى ‎Thursday (n.) TR‏
ضيق . محكم . مشدود - ‎UBRU(ad)‏ | هكذا. إذن. على هذا التمط ‎thus (adv.)‏
سطور متقاربة ‎tightline (n)‏ | خاصتك ‎thy (adj.pron.)‏
يضيق . يحكم . يشد + على ‎(V)‏ 1080188 | أنت بنفسك .نفك | (قم6م) ‎thyself‏
‏بإحكام. ‎tightly (adv) G‏ | تاج مرصع بالجواهر ‎tiara (L)‏
إحكام . متانة. ضيق ‏ )1( ‎tick (n.v.) tightness‏
حبل البهلوان ‎tightrope (n)‏ | حشرة القراد. نقطة أو علامة -
‎A‏ البير. أنثى الثمر 0 ‎tigress (n)‏ يضع نقطة . يؤشر بعلامة
‎till(n)‏ | على الحاب ‎on__,‏
‏حتى . إلى أن. لغاية. صندوق النقود تذكرة . بطاقة - يزود بتذكرة . (.01.7) ‎ticket‏
‏يحرث. يزرع. يفل ‎till (v.)‏ يضع بطاقة على
‎(n)‏ عهماانا | تيل لمراتب ‎ticking (n.)‏
فلاحة . عزف . أرض مهيأة للزرع مختص بالمد والجزر ‎tidal (adj.)‏
‎١ time (nadjv.)‏ حركة المد والجزر . فيضان. تيار ‎tide (n.)‏
وقت . مدة . حين. زمن . الساعة ‎٠ S‏ ططاء
عصرا توقيت - موقوت. ‎(s‏ ال .- ‎flood‏
‏مقسط. تقسيطى - يوقت. يناغم جدول زمنى ‎__table‏
‏وقت الفراغ ‎free‏ | بكياسه. بإتقان. بترتيب ‏ («0ة) ‎tdily‏
‏فى الوآت المناسب ‎GU | indue ١.‏ . هندسة. ترتيب . اتقان ‎tidiness (n.)‏
فى غضون ذلك . ‎inthemean‏ | بشرى. بشائر ‎(n.)  رابخأ . s‏ 1000083
وقت العراغ . أوقات القضاء ‎L‏ 16650076 | بشير ,__ ‎glad‏ إه ‎abearer‏"	al-shamil-dictionary
557	"وم 555 ‎Kiim‏
‏عنوان. لقب . وثيقة. (.0) ‎title‏ | بعد الاوان. بعد الوقت ‎outof ٠‏
سند الملكية - يعنون. يلقب جدول زمثى ع4 _
بدون عنوان ‎(adj.)‏ 0161655 | مناسب ‏ فى ‎timely (@djadv.) o‏
نهد . تدى . حلمة . بز ‎|ttty (m)‏ جدول المواعيد ‎time - table (n.)‏
لي . نحو . حتى . بالنسبة إلى ‎OGP‏ | جبان.هياب. خجول ‎timid (adj.)‏
اجيثة رذهابًا. رايح جاى ,400/50 _ | جبن. خجل. خورف ‎timidity (n.)‏
ضفدعة. شىء تافه ‎toad‏ | علبة صفيح . قصدير. صفيح - ‎tin(nv.)‏

قطر سام ‎toadstool (n.)‏ | يُعَلب. يطلى بالقصدير
‎Bl‏ - ينافق . يتملق ‎toady (n.v.)‏ | المادة ‎١‏ سريعة الإلتهاب ¢ ‎tinder (n.)‏
خبز محمص ‏ يحمص  ‎0BSUAY)‏ | يرن - رين ‎ting (v.n.)‏
‎tobacco (sp.) &‏ | مبا فى علب. ‎tinned (adj.)‏
‎toboggan (n..)‏ مطلى بالقصدير
الحدار . مزلقة. هبوط السعر فجأة - سمكرى ‎tinsmith (n.)‏
يهبط السعر نجأة صغير جدا. طفيف ‎tiny (adj.)‏
ناقوس أر جرس الخطر ‏ (8) 10650 | بقشيش . سن. راس - يعطى ‏ (108)8.7
اليوم ‏ فى هذا اليوم (.[0ة.8) ‎et 10-day‏ يدبب. بُقلم. ينغلب
اصبع ‎toe (n.v.) - i‏ . يتحرف . يزرد بمعلومات.
يمشى على أطراف أصابعه يضرب بخفة
التوجه «ثوب رومانى واسع؟. (1) 1088 | عربة قلاب ‎tip - cart (n.)‏
ثوب جامعى أر رسمى أو مهنى طرف أصبع القدم ‏ حَذْر ([8.4) 100192
معا. جملة. سوية ‎tiptop (adj.) together (adv.)‏
‎١ toggle (n.v.)‏ أول درجة. عال العال. نوع ‎il‏
‏ممار العقدة لبيتها - يثبت يتعب . يرهق ‎tire (v.)‏
‎s‏ عقده متعب ‎tired (adj.)‏
الوصلة المفصلبة ‎١ toggle joint (n.)‏ تعب .عل ‎tiresome (adj.)‏
‎١ toggle switch (n.)‏ نسيج . منديل ‎tissue (n.)‏
المفتاح المفصلى الكهربائى ورقى . شاش . تركيب. ساق"	al-shamil-dictionary
558	"يقوى الصوت أو يشدده لم | تعب . كد.غباء ‏ يتعب.يكد (..10(1)8
‎longs,apairof _,(n) il‏ | تزين . زينة. تبرج . هندام . ‎toilet (n.)‏
‎tongue (nv)‏ | تريحة. مرحاض. تنظيف لجرح
لسان. لغة. كلام . لسان « الحذاء» - أو لإجراء عملية
يلسن . يعشق الخشب. يوبخغ ورق تواليت. ‎__paper‏
‎tonic(adjn)‏ | بودرة ‎__powder‏
‏صوتى . مقو - دواء مقرٍ ومنشط )( ‎past past part. of tell‏ ,1010
‎(advn)‏ هه | بلغ أخبر
فى هذه الليلة - هذه الليلة احتمال. تحمل . تساهل . ‎tolerance (n.)‏
حمولة السفينة بالطن  ‎(n.)‏ 1000886 تابح
لوزة 3 الحلق + ‎tonsil (n.)‏ متسامح . شاهل ‎tolerant (adj.)‏
التهاب اللورتين ‎tonsillitis (n.)‏ يتسامح . يتساهل . يصبر  ‎tolerate (v.)‏
‎tonsillectomy (n.)‏ على . يبوح. بسكت عن
عملية استئصال اللوزتين تسامح . تساهل . احتمال )1( ‎toleration‏
‏كذلك . أيضا. أكثر من اللازم ‎(adv)‏ 100 | طماطم ‎tomato (n.)‏
أخذ. تثاول ‎tomb (n.v.) took , past of take‏
آلة . عدة. أداة ‎tool (n)‏ | ضريح . قبر. لحد. مهد - يقبر
سن . سنة  ‎ey‏ يشرشر )1( :1000 | من المهد إلى اللحد ‎Sromwomb 1o‏
الم الأسنان ‎tombstone (r.) toothache (r.)‏
فرشاة أسنان ‎tooth - brush (n.)‏ | بلاطة الضريح. شاهدة القبر
سلاكة الاسنان. سواك ‎toothpick (m.)‏ | مُجلد ‎tome (n.)‏
‎tomorrow (adv.n.) W | top(rv) .‏
قمة . رأس . ذروة . طرف - يشذب. الطن > ‎٠٠٠١ ١‏ كيلو جرام 6 )1( 108
يزيل . يعتلى . يبلغ القمة نغمة. صوت. أسلوب ‎tone (n.v.)‏
حجر كريم ‎topaz(n)‏ | عارة ‏ يتناغم.ينسجم
‎top - boot (n.)‏ | يخفف الصوت أو ‎_down it‏
حذاء . برقبة ‎١‏ طويل الساق * يلطف «العبارة أو اللون؟"	al-shamil-dictionary
559	"المجمرع . الجملة ‎totality (n)‏ | موضوع. مبحث. محور ‎topic (n.)‏
يجمع . يجمل . يكمل 0 ‎toMalize(n)‏ | موعى. تحلى  ‎topic ,-al(adi)‏
باكمله. تماما ‎G | totally (adv.)‏ شوشة .عرف 00 ‎opknot (n.)‏
بأصره . برمته ‎#٠‏ | الاعلى . فوق الكل . الأرفع ‎topmost (adj.)‏
الطوقان 3 طائر )( 100088 | طبيعة مكان ما أو أقليم ‎topography (n.}‏
أميركى ذر منقار خم + الخصائص الطبيعية لمكان
‎touch (vn)‏ | سرى للغاية ‎top secret (adj.)‏
يلمس.يجس.حاسة اللمس - ‎topside (n.adj.)‏
يلمس .يمس . بتلامس . يحرك الجاتب الاعلى ‏ على النطح
مشاعره. يصل إلى قبعة نسائية ‎toque (n.)‏
يلمح إلى ‎—On‏ | بطارية جيب ‎torch (n.)‏
يصلح ؛يرمم © | عزق ‎past, of tear‏ , 10:6
على اتصال ب ‎in _ with‏ عذاب . ألم . كرب يعذب 15( ‎torment‏
‎tough (adj.)‏ مزق ‎past part . of tear‏ , 1008
جامد . صلب .ناشف . كثيف القوام يحمص . بقمر . يجفف بالنار ‎(V)‏ ]1008
يقسى . يخشن . ينشف 0 (.) 1008588 | محترق . حار ‎tornd (adj.)‏
'جولة , سياحة . ‎tour (n.) B‏ المنطقة الحارة ‎torrid zone (n.)‏
سائح - ‎tourist (n.adj.)‏ «فى الجفرانيا؟
ضاغط لوقف التزف  ‎tourniquet (F)‏ | سلحفاة البر ‎tortoisc (n.)‏
من وعاء دموى ملتو . متعرج ‎tortuous (adj.}‏
يفيظ . بكدر )1( ©1005 | يعدب يضايق - ‎(vn) e‏ 0056
‎__s (adj.prep.)‏ , 10200 كرب
قريب الحدوث . وشيك - تجاء. جهة ‎A‏ يلقى القرعة . يتقاذف. ‎(v1.)‏ 1058
بشكير . فوطة الوجه . ‎towel (n.v.}‏ يقدف . يرمى . يناقش . بطس -
برج . حص فى قلعة ‎tower(ny.)  -‏ | حاصل. مجموع. جملة - ‎wal(nv)‏ إ"	al-shamil-dictionary
560	"مقالة دينية . كراسة . بقعة . كتيب )( 15281 | شاهق . شديد. مفرط  ‎towering (adj.)‏
صغير . نشرة مدينة . بلدة ‎town (n.)‏
مقالة. رسالة (.8) ‎tractate‏ | حديث القوم »لق
جر . سحب. إنحاب ‎traction (n.}‏ سكان المدينة ‎townfolk (n.)‏
‎tractor (n)‏ | مام شي ‎(adj.)‏ عتما
الساحب . الجار. تراكتور.آلة جر - ‎toxicant (adj.n.)‏
تجارة . حرفة . صناعة _ (.[0.7.80) ‎trade‏ | مولد سمومًا ‎toxicogenic (adj.)‏
يتاجر . يتسوق - تجارى علم السموم ‎toxicology (n.)‏
ماركة تجارية . ‎toxin (n.) o | trade - mark (n.)‏
ماركة مسجلة . علامة تجارية ‎toy (n.v.adj.)‏
‎(n) b‏ 120 | لعبة «اطفال» ‏ يلعب . يلهور-
تقاليد. عرف .تسليم 0 ‎tradition (n.)‏ كالدمية
تقليد. حديث منقرل محب للعب.سحيف - ‎(adj.)‏ قثلاما
تقليدى . نقلى ‎Jadv)‏ لمعاف برسم . يتتبع سير ‎(wn.) G2‏ 15368
حديثى . عرنى ‎traditionary‏ يعزر. يكتشف. يستشف  ‎B‏
‎traditionalist (n.)‏ 'جرة آثار. كمية قليلة. قص الأثر
محدث . المتمسك بالتقاليد قصاص الاثر. رسام ‎tracer (n.)‏
أهل الاثر «المشتغلون بالحديث *-- | رخرفة فى أعلى نافذة قوطية ‎tracery (n.)‏
الشريف + قصبة الرثة ‎trachea (n.)‏
‎traduce (v.)‏ كتاتعطاعو
ينتهك . يطعن فى . يحرف الكلام التهاب القصبة ) م ‎trachitis‏
‏الواشى . النمام. المغتاب  ‎traducer(n)‏ | متابعة ‎tracing (n.)‏
‎traffic (n.v.)‏ ررق شفاف للرسم ‎tracing - paper (n.)‏
حركة المرور . تجارة . الحركة التجارية مسار . طريق . سبيل ‎track (Rv.) s‏
يتاجر . يهرب «الممنرعات؟ أثر القدم - ‎e‏ يرحل.
‎tragedian (n.)‏ يجناز . بمشى . يقتفى الأثر
مزلف أو ممثل الروايات المحزنة غير مطروق لا أثر & ‎trackless (adi)‏"	al-shamil-dictionary
561	"tragedy (n.) ‘Tranquility descends upon
‏رواية محزئة . مأساة . فاجعة . كارثة‎ him ‏تنزل عليه السكينة‎
tragic , _al (adi) ‏محزن. مفجع , فاجع‎ | tra0SECL(3.) ‏يتعامل . يتم . ينجز‎
trail (v.0) . ‏معاملة . بيعة . عملية  )1( 1120581000 يجر . يحب . يجرجر . يطارد‎
- ‏مالية . إجراء يتبع  يتدلى . يزحف‎
. ‏أثر . ذيل . درب . قافلة‎ transactions )88.( ‏معاملات . عمليات‎
trailer (1) . ‏مالية . سجلات الأعمال عربة مقطورة  سيارة كبيرة‎
‏تقرير الجمعية «المطبوع؟ 50660 0/6 نات واحف‎
train (n.v.) transcend (v.) . ‏يفوق . يتفوق . يزيد عن‎
‏يسمر قطار . فافلة تموين . ذيل. حاشية‎
- ‏أمير . موكب . سلسلة. مجرى‎ transcendent ‏(زليه)‎
‏سام . فائق . رفيع . يفوق العقل يجسر . بسحب . بيقطر . يدرب‎
‏بعلم , بررض . بهذب‎ . transcribe (v.j
trainer (n.) ‏ينسخ حرفيا. يترجم مدرب . مروض . معلم‎ G ‏ينقل‎
‎training (n.) ‏تدريب . تعليم‎ transeript ‏تقليد . صورة. نسخة طبق‎
training center (n.) 0 ‏الأصل. السجل المدرسى مركز التكوين‎
training school (n.) ‏سجل الدراساث مدرسة مهنية‎
trait (n.) ‏صفة . خصلة . خاصية . ميزة‎ transcription (n.)
waitor (n.) ‏نخة. نخ. تقليد. ثقل خائن وطئه .غدار‎
traitress (n.) 2. | transfer (vn)
‏ترام - يركب الترام رم صا‎ s . ‏ينقل . يحول . يرحل - نقل‎
ramp (n.v) ‏دقع الاقدام . رحلة على‎ | 1780568008 (v.) ‏يغير الشكل أر الهيئة‎
‏الأقدام . جوال  يتجرل‎ transform (v.) ‏يحول . يقلب . يغير‎
152516 B  ءطو‎ . ‏الشكل آر الهيئة دوس‎
wance (n) ‏عون معدا | غيوبة. ذهولعية. باب‎ (v.)
tranquil (adj.) ‏ينقل الدم من شخص إلى آخر مطمثن  مرتاح‎
tranquility (n.) ‏ينقل . يخترق , يتخلل الكينة. الطمائينة‎"	al-shamil-dictionary
562	"ينقل . يوفد . ينفذ . يحول ‎transmit (v.)‏ | نقل الدم من شخص ‎transfusion (n.)‏
يغير . ‎d‏ . يحول ‎transmute (v.)‏ إلى آخر . تحويل
شفافية ‎transparency (n.)‏ | _ينتهك . يتخطى . يتجاوز . ‎transgress (n.)‏
شفاف ‎transparent (adj.) ety‏ يعتدى . يطغفى
يخترق . ينفذ ‎transpierce (v.)‏ شىء سريع الزوال  ‎transient (n.adj.)‏
‎transpire (v.)‏ . شخص مترحل - زائل .
يبخر. يعرق. برشح . يفشى . بشيع عابر .6
‎transport (v.)‏ | يعبر . يجتاز . ينقل - ‎transit (v.n.)‏
ينقل . بعد . مزح . ينفى . يشير - عبور . مرور . ترحيل
‎P‏ [ انتفال. تحول. مرور ‎transition (n.)‏
النقل . حماس . تهيج تحولى . تغيرى . يتدلى ‎transitional (adj)‏
نقل . تفى . إبعاد  ‎transitive (adj.) transportation (n.)‏
مستعرض. ‎transverse (adjn.)‏ | متعد «فى النحو ». انتقالى
بالعرض - شىء مستعرض ‎transitory (adj.)‏
القرلون المستعرض ‎colon‏ 6 | وقتى . زائل . سريع الزوال
‎translatable (adj.) trap (n.v.)‏
مجيس لمنع التسربدهواء أو ماء؟: قابل للنقل . ممكن ترجمته
مصيدة . فخ . مكيدة. شرك - يترجم . يحول . ينقل ‎translate (v.)‏
يوقم في شرك من لغة إلى أخرى
باب فلاب .باب في سقف ‎(n)‏ 18300002 | ترجمة . نقل . تحويل ‏ (8) ‎translation‏
‏المعين المتحرف ).1( ‎translucence (n.) trapezium‏
شبه انحرف ‎trapezoid (n.)‏ | صفاء . جلاء. وضوح . شفانية
مخاض . عناء . تعب ‎travail (n.v.)‏ | صاف. نصف شفاف ‎translucent (adj.)‏
طلق ‏ يكدح . يأتيها اللخاض مهاجر نازح ‎transmigrant (n.)‏
‎wavel(vn)‏ | يهاجر. ينزح ‎transmigrate (v.)‏
يسافر. يرحل. ‎Syl‏ - سفر. رحلة مهاجرة. تزرح  ‎transmigration (n.)‏
تناسخ الارواح. التقمص 6/5001"	al-shamil-dictionary
563	"traverse (v.n.ad).) tremendous (adj.)
‏يدحض. ينكر - عقبة. حاجز.‎ tremor (n.) ‏رعشة . رجفة . اهتزار‎
- ‏شرفة. حاجز رقائى‎ tremulous ‏مرتعش . مرتجف . مهتز (.ر64)‎
‏معترض . مستعرض . جانبى‎ trench (n.)
tray (n.) ‏خندق , أخدود - يخندق . يقطع صينيه‎
treacherous (adj.) ‏غدار. مخادع . خائن‎ | 0800 (nv)  .هجتي‎ - ‏ميل . إتجاه. نزعة‎
10088 (10.). ‏يتزع ار ميل إلى مشية . خطوة . درس - يدرس‎
‏يلك طريقًا‎ trend 5000165 (n.)  تاهاجتإلا ‏دراصة‎
‎treason (n.) ‏“غدر. خيانة‎ | 188080 (un) ‏يثقب . يخدع . بوقع فى‎
treasure (n.v.) ‏فخ فخ . غشاش كنز . ذخيرة - يكنز . يدخر‎
‏#للافقعيا‎ trove (n) ‏خصلة شعر. ضفيرة شعر  (8) 1855 | لقطة. لقية. كز دين‎
treasury ‏الخزيئة . أمرال‎ ١ restle ‏مسند. حامل « حمار ؟ 0م‎
treat (v.n.) ‏بعامل. يعالج. يدارى‎ | tressel ""١ ‏من أدوات النجارة‎
‏وليمة . مآدبة‎ o ‏يتصرف‎ . trial (n.adj.). ‏محنة . جهد . محارلة . تجربة‎
treatise (n.) ‏اختبار . محاكاة - تجريى رسالة. بحث‎
treatment (n.) trial and error (n.)  أاطخلاو ‏المحاولة‎
‏معاملة . معالجة. سلرك . تصرف‎ | 10 be putto _ ‏يمن . يُتلى‎
treaty (n.) ‏أتفاق . معاهدة.‎ triangle (n.) ‏مثك‎
‏مداولة . ميثاق. ممارسة‎ triangular (adj.) ‏مثلث الزوايا‎
156016 (@dj.v.) - ‏ثلائى . ثلاثة اضعاف‎ | wribal (adj) ‏عشائرى. تبلى‎
‏يثك‎ tribe (n.) ‏قبيلة. عشيرة‎
tree (n.) ‏شجرة. مشتقة . قالب‎ | the tribes (n.) ‏الأسباط‎
‏الاحذية .عريش العربة‎ tribulation )8.( ‏محنة . بلية . مصية . بلوى‎
tree fern (n.) ‏السرخس‎ | tibunal (n) . ‏محكمة. منبر القضاء‎
15200016 (v.n) - ‏يهتز‎ ik . ‏كرسى القضاء إبرتعش‎
‏رعشة . ارتعاش رجفة‎ tribune (n.) ‏مرا منصة‎"	al-shamil-dictionary
564	"للاثة شهور ‎trimester (n.)‏ | خراج . جزية. اثارة ‎tribute (n.)‏
بإتقان . بإحكام ‎trimly (adv.)‏ | حيلة. خدعة . ملعوب - ‎trick (nv.ad))‏
ثلاثة أضعاف . ثلالى ‎trinal (adj.)‏ يخدع . يحثال على -
«مؤلف من ثلاثة أجزاء »؟ أنيى . مخادع . غادر
ثلائى - الوث ‎trine (adj.n.)‏ غشاش. مخادع ‎tricky (adj.)‏
الثالوث ‎Trinity (n.)‏ | مقدار طفيف . شىء رهيد ‎trifle (n.)‏
‎trip (n.v.)‏ تتك . زند البندقية - يفجر ‎trigger (mv.)‏
يتعثر . ‎R . i‏ . يدرس حاب لخلقات  ‎uigonometry (n.)‏
‎>ty Uiy‏ قصيرة؟ اشكل ‎trihedron (n.)  حوطسلا SR‏
يتعثر . يكعبل . ‎tilingual ٠ _up JS‏
الكرش ‎LS.‏ الأمعاء )( ‎١ tripe‏ ثلالى اللغات د ‎trilinguar‏
‏المطرقة القاطة ‏ (.8) ‎trip - hammer‏ | برعش الصرت.يسيل .يدر )( ‎ill‏
‏ثلاث مرات ‎ki triple (n. adj.v.)‏ رعشة . رجفة. هزة
- ثلالة أضعاف - يضاعف «اللسان أو الصوث ؟
‎triplet (n)‏ | تريليون « مليون مليون 6 ‎(n.)‏ 15111108
ثلاثة فى واحد . شعر للائى . شعر (مل) ‎trillium‏
‏فى ثلاثة أقام الزهرة الثلائية . الإطرليون ‎Ll‏
‏يطبع أو ‎trilobate wiplicate (v.n.adj.)‏
تت ثلات نسخ - النسخة مثلك الورقة هما ‎trilobed‏
‏الثالثة . مثلث . ثالث الثلاثة يخدع يهزم . يهندم . ‎trim (v.n.adj.adv.)‏
حامل بثلاثة أرجل ‎tripod (n.)‏ يزين . يقلم . يقص . يوارن
رشيق . خفيف ‎tripping (adj.)‏ السفيئة. يتوازن. يضرب ‏ لباس.
تافه. مبتذل . بايخغ ‎(adj.)‏ غاانا كساء. ‎s‏ .نظام. عرض
الحليث ‎titheism (n.)‏ السلع فى الفترينة . شذابة . قلامة
‎triumph , over (v.n.)‏ لظلم. مشذب.متسقن
‎s‏ يفو يطفر - نصر. فور الترنيب . أنيق ‏ بأناقة
3"	al-shamil-dictionary
565	"مدار الجدى ‎of Capricon (n.)‏ — | نصرى. إنتصارى ‎triumphal (adj.)‏
المنطقة الحارة ‎tropic zone (n.)‏ | متتصر . مظفر . غالب ‎triumphant (adj.)‏
‎tropical (adj.)‏ | زهيد. تافه. حقير ‎trivial (adj.)‏
استرائى . مجازى . امتعارى شىء زهيد. تفاهه . حقارة )1( ‎triviality‏
‏مجاز . استعارة ‎of tread Wyt | tropology (n.)‏ , لفقم , 1508
يعاهد . يخطب - ‎trodden , past part . of tread troth (v.n.)‏
خطبة . خطوية . عهد مداس . موطوء. مطروق
‎il‏ صدق حرب طروادة ‎Trojan (n.)‏
‎trOUDIE (0.)‏ | بتدحرج. بدحرج .يميد .ا ‎WOl‏
‏هم . إزعاج . قلق . اضطراب. مشكلة يغرى . يصطاد بصنارة.
- يقل . يثير . يكدر . بزعج يدير - نشيد . ساحرة. نزولى
مزعج . مل . شاق ‎trolley troublesome (adj)‏
معلف . طواله. جرن 00 (.8) 0080 ™ ‎oty‏
‏. حوض . ركود «اقتصادى؟ ترولى . أوتريس كهربائى ‏ ينقل
بنطلون ‎trousers (n.)‏ بحامل كهربائى
مسطرين «البناء؟ ‎trowel (n)‏ | المترددة « آلة مرسيقية + ‎trombone‏
‎troop (n.v.) trowsers see trousers‏
طروادة ‎TrOY(R)‏ | فوج . حشد. فرقة. سرية. جوقة -
‎truant (v.adj.)‏ يحشد. يحتشد . يمشى . يندفع
يتغيب . يتهرب - متشرد . كلان اجند. جيش ‎troops (n.)‏
هدئة حربية . فثرة )( ‎truce‏ | فارس . جندى راكب ‎trooper (n.)‏
‎truck (n.v.)‏ | غذائى . مختص بالتغذية ‎trophic (adj)‏
شاحنة . عربة نقل البضائع . عجلة تذكار نصر . نصبً يقام 85{ (.0) ‎trophy‏
‏صغيرة . مبادلة . مقايضة - ينقل لانتصار . غنيمة ‎i‏ الحرب؟
بشاحنة . بقايض . ييادل المدار الإسترائى . المدار - ‎tropic (n.adj.)‏ |
‎trucalent (adj.)‏ مختص بالمنطقة الحارة
مهلك . متو حش . صارم . عنيف مدار السرطان 0 ‎_ofCancer(n)‏"	al-shamil-dictionary
566	"جدير بالثقة ‎true (adj.nadv.v.) trustworthy (adj.)‏
‎trusty (adin)‏ | حقيقى . راقعى . صحيح . عادل .حر
مستقيم . أمين . صادق - شخص طبق الأصل . واقعى - الوضع
صدق . حقيقة . حق . صواب )1( 10000 - يقوم. يسوى .
قريم. صادق ‎truthful (adj.)‏ | من اصل طيب . أصيل ‎true - bred‏
الصدق ‎truthfulness (n.)‏ | الدين الحنيف ‎the True Religion (n.)‏
‎leads 10 right-‏ 0400010655 | صدق. صحة. أخلاص  ‎trueness (n.)‏
الصدق يهدى إلى ‎eousness It‏ تقيقة ثابئة . قضية مسلم بها )1( ‎trism‏
‏يحاول. يجرب . يجتهد ‎G |ty (v)‏ صدقًا. بأمانة ‎truly (adv.)‏
‎e‏ يحاكم بوق . ورقة رابحة - ‎trump (n.v.)‏
متعب. شاق. رهق ‎trying (adj.)‏ يفرق . يلفق
ا زاوية الضبط القائمة  ‎try square (n.)‏ يشهر يذيع - برق ‎trumpet (v.n.) i‏
المسطرة الثائية ‎square (n)‏ 1 | يتر . يتاصل . بشذب - ‎(adj.)‏ 100616
, التوبة « آلة موسيقية + 01م متطرع.مشذب
أنبوبة . أنبوب . ماسورة ‎tuben)‏ | زلومة. خرطوم ‎(n.)‏ ا
‎tuber‏ «الفيل». جذع . ساق . حفية .
‎i‏ درئة . عقدة ب ‎١ tubercle‏ )اجن
‎tuberculr (adf)‏ | يثى ب. ينتظر.يستامن. يركن
ا ‎s‏ . مسلول . تدرنى . متدرن إلى.يأتمن - لقة. إعشماد.
« التدرن . سل %) )1( ‎tuberculosis‏ أمانة . إثتمان. تعويل وديعة
سرسون 333 )( ‎putone’s __in God wberose‏ 0 |
أ بوم الثلاثاد ) ‎Tuesday‏ | يتوكل على الله 1
‎١‏ ,ررق القطر أو اللحب ‎١ g (v‏ متكل . آمن .وان ‎trustful (adj.)‏
| رفاس . شدة بعنف - يقطر . يجر إعتماد . أمانة )510655
‎١‏ لعبة شد الحبل عام و | لا يزغ ‎trustiess (adj.)‏ 1
| بت الترليب ) ) ‎١ wlip‏ الأمانة ز) ‎trustworthiness‏ !
."	al-shamil-dictionary
567	"ردم . تررم ‎tumble (v.) ‘C""""""é‘""""*'gﬁ! turgescence (n.)‏
تركيا ‎Turkey (n)‏ | التفاخ. تررم ‎tumefaction (n.)‏
ديك رومى ‎_cock‏ ينتفخ . يتورم ‎tumefy (v.)‏
الدجاجة الررمية . أنثى الديك ‎١ hen‏ متفخ .رارم ‎tumescent (adj.)‏
الررمى خراج .دمل . ودم ‎tumour (n.)‏
قماش أحمر زاهى + ‎_red‏ | اكمة.رابية ‎tump (n.)‏
اللون الأحمر الزاهى شغب . ضصوضاء . هرج ومرج )1( 00001001
مباراة 1 الديكه الرومي ¢ 50004 ‎tune (n.v.)‏
تركي الجنسية . اللغة التركية (/64) ‎Turkish‏ | نغمة . لحن . نغم - يلحن . يتوافق
كُركم . رعفران ‎turmeric (n.)‏ | يعدل. يضبط. يوفق ‎—in‏
‏هياج . اضطراب . شغب  ‎urmoil (n)‏ | ينقض التوفيق. يشرش ‎—out‏
‏لفة. دورة. تجا . انقلاب. ‏ (.8) 0070 | مُطرب. مؤتلف الصوت (/24) ‎tuneful‏
‏تغيير. نوبة.صيل - يذير. أر النغم
يدور . يحول . يغير . يثغر . يتجارزر الشوكة الرنانة ‎tuning fork (n.)‏
.يشير . برقا . يوب تفق . ممر تحت ‎wnnel (nv.) . s N‏
يقصى . يطرد . ينولى . يُعرض 89087 | سرداب - يحفر سرداب
يعود. يرتد ‎—back‏ | تونة. سمك التونة ‎tunny (n.)‏
يولى الادبار ‎tupper ware (n.) — one’s back‏
يصرف. يبعد . بطفى+ 7 | اطقم التوير ‎b‏ بلاستيكية ؟
«النور». ‎g‏ عمامة. قبعة نسوية ‎turban (n.j‏
يدير «الراديو» . ينور . يفتح © | ملتف.مدور. ‎trbinate, _d(adj.)‏
«الصنبور؟ دوامى الشكل . دوار الشكل
يخرج . يطفى+ اناه — | صخب. هياج . شغب ‎turbulency (n.)‏
«النور» . ينتهى . يطرد مطبقية ‎tureen (n.)‏
يقلب . ينقل إلى 7 - | أرض مكسوة بالعشب ‎wrf (n.)‏
يظهر . يحضر . يكتشف ‎=P‏ | بكر بالعشب ‎turfy (udj.)‏
معاملة رديثة . أمر ‎S‏ 884 | رارم متفخ ‎turgent (adj.)‏
/"	al-shamil-dictionary
568	"زوجان. اثثان ‎twain(n)‏ | معاملة حسنة. معروف . فضل ,_ ‎agood‏
‏رنة .ونين . غنة ‏ يرن ‎twang(nv)‏ | نهاية ممنعة أو سارة ,_ ‎ahappy‏
‏ينتف . يننش . بشد ‎tweak (v.) Lo‏ دائما. فى كل مناسبة __ ‎atevery‏
‏ملقط شعر ‎tweezers (n.)‏ | بالدور . بالتناوب ‎by _s‏
الثانى عشر ‎twelfth (n.)‏ | الشدادة ‎tumbuckle (n.)‏
اثنا عشر . اثنتا عشرة ‎twelve (n.)‏ | المرتد. الخادع ).( ‎turncoat‏
‏العشرون ‎Bl twentieth (adj.)‏ . يعمل بالمخرطة ‎turner (n.)‏
عشرون ‎twenty (n.)‏ | اللفت. الشلجم ‎tunip (n.)‏
لا يحصى ولا يُعد ‎__and_,‏ | مزلقان. تحويلة. إضراب  ‎(n.)‏ 00/0001
‎Ol‏ ونكراراً 00-5 - العمال . كمية الإنتاج
مرتان. ضعف ‎twice (adv.)‏ | انقلاب. قلبة ‎turmover (n.)‏
‎twin (n.v.adj.)‏ دورة رأس المال
التوائم - بزاوج. نضع نوأمين - طبلية ‎turn plate (n.)‏
ترأمى . ثنالى . مزدوج عباد الشمس «نبات؟ ‎tumsole (n.)‏
‎١ twine (vn)‏ باب دوار ‎turnstile (n.)‏
يفتل . يبرم . يلف . يلتف . يجدل - الفيروز . لون ‎turquoise (n.)‏
فتل . برم . جدل. شىء مجدول الفيروز (أزرق مخضر»
‎twinge (v.n.)‏ سلحفاة ‎trtle (n.)‏
يرخز . بخز . يقرص - وخزة . قرص بمامة ‎turtledove (n.)‏
‎twinkle (v.n)‏ | ناب اليل نكت .اف (زوعاهقة) ‎tush‏
‏يومض . يتلالا. يطرف بعينه . يرمش ناب الفيل ‎tusk (n.)‏
- ومضة . وميض . تلالؤ الوصى . القيم . معلم خاص - ‎(m.v.)‏ 00168
اوميض. لحظة ‎twinkling (n.)‏ | وصية ‏ قيمة. معلمة (.0) ‎tutoress‏
‎(n) Sty‏ 110 | درس خصوضى ‎(n.)‏ 101063
يدور .يبرم يفتل . يقذف 0 (0) 1101 | لرثرة. كلام سخيف ‎waddle (nv.)  -‏
يرث . يهذر"	al-shamil-dictionary
569	"الآلة الكاتبة ‎twist (v.n.) typewriter (n.)‏
الحمى التبفودية ‎typhoid (n)‏ | يلوى . يتلوى . يلتوى . بفتل . يجدل -
‎typic, __ al (adj.)‏ يتلولب. يُحرف - رقصة
مثالى . نموذجى . مثالى . مماثل . التويست . تلوى . لفة . برمة . فتلة
رمزى . مجازى . مطابق للاصل انحراف
‎twitter (v.n.) typically (adj.)‏
مثاليا. على نحو نمرذجي . رمزيًا يغرد . يز قزق . يناغى . يرتعش . يهز -
يرمز إلى + يصور. يجسد ‏ )( لانو | تغريد . رقزقة. لغ . ارتعاش
الخصائص الأساسية لشىء اثنان ‎two (n.)‏
الكاتب على الآلة الكاتبة  ‎twofold (adj.adv.) typist(n.)‏
غلطة مطبعية دين ‎١‏ مضاعف.ثنائى ‏ بصورة مضاعفة
الطابع . طباع حروف ‎typographer (n.)‏ | ثائى الطور ‎two - phase (adj.)‏
‎tympan (n.) 4> | typography (n.)‏
طباعة الحروف . فن الطباعة مختص بطبلة الأذن  ‎tympanic (adj.)‏
‎tyrannical adi)‏ | تطبل الاذن ‎tympanites (n.)‏
‎tyrannic‏ | التهاب طيلة الأذن ‎tympanitis (n.)‏
طاغية . استبدادى . جائر . مستبد ‎tympanum (n.)‏
حاكم أو سلطان جاثر ‎ruler‏ 0 | طبلة الاذن. طبلة . الاذن الوسطى
يستبد. ‎by‏ يتجير 0 ‎tympany (n.) tyrannize (v)‏
استبداد. طغيان ‎tyranny (n)‏ | انتفاخ البطن . غرور . كبرياء
‎type (n.v.) tyrant (n.) ;;u.h.‘;wu,;;u‏
إطار العجلة «المطاطى أو 00 ‎yre(n)‏ | نوع. مقال. رمز . ‎i‏
‏المعدنى» . طبان العجلة إشسارة.رسمة اعلامة مميزةة
حرف مطبعى - يطيع «على
الآلة الكاتبة»؛ يصنف
نسخة #مكتوبة على الآلة (.7) ‎typescript‏
‏الكاتبة»"	al-shamil-dictionary
570	")
‎F .‏
ذررة. قمة ‏ الاخير. (.[0.30) ‎ultimate‏ | الحرف الحادى والعشرون من نان
نهائى . أخير حروف الهجاء الإنجليزية
أخيرا. فى النهاية. ‎ultimately (adv.)‏ | التنزه عن المكان؛ كلية ‎ubiquity (n.)‏
جوهريا. أساسيا الوجود. التواجد فى كل مكان
قرار نهائى أو خير. إنذار )1( ‎ultimatum‏ رفى جميع الارقات
الشهر ‎ultimo(n,) Lol‏ | ضرع. ثدى « الحيوان 0 ‎udder (n)‏
‎Sl‏ معناها د مفرط . زائد. (./24) 0158 | مقياس المطر ‎udometer (n.)‏
فائق . متطرف؟ يقح الشىء « الصورة ‎uglify (v) ١‏
فوق بنجي ‎١ ultraviolet (ad.)‏ قبح . قباحة. بشاعة ‎ugliness (n.)‏
ينبح . يعول . يولول ‎ululate (v.)‏ | فيح .بشع ‎ugly (adj.) (oo‏
ازهرار خيمى ‎umbel (n.)‏ المملكة المتحدة ‎UK (abbrev.)‏
مختص بسرة ‎umbilic, _al (adj)‏ | الاكلال 0 فيثارة برتغالية ؛ ‎ukulele (n.)‏
البطن . سُرى قرحة - يتقرح ‎uleer (n.v.)‏
الحبل السرى ‎_cord(n)‏ | تقرح ‎ulcerate (v.)‏
‎umbilicus (n.) Sy‏ | فراغ فى الزجاجة بعد ملزما ‎ullage (n.)‏
احشاء. أمعاء ‎١ umbles (n.)‏ عظم ‎ulna (L.) L‏
‎Ll‏ ظلام. ظل ‎umbrage (n.)‏ | رراء. خلف . خلفى . آخر . ‎ulterior (adj.)‏
شمسية. مظلة ‎umbrella (n.)‏ أخير
الأميك د زررق الاسكيموة )1( ‎umiak‏ | الابعد. الاقصى .المقطع ‎ultima (L)‏
يحكم . يفصل فى الأمر ‎umpire (m.v.)‏ الأخير ١من‏ كلمة ما ؟
حكم آخر حل السهم  ‎ultimaratio (n.)‏
‎Bl‏ معناها «يعكس . يغير ‎un,‏ الأخير . الحجة الأخيرة
.يزيل . عديم . ليس . ‎N‏"	al-shamil-dictionary
571	"UN uncial (adj.n.)
( united Nations ‏الأمم المتحدة‎ .
UN. ‏إلي الحرف الإنشى - الحرف‎
unable (adj.) ‏غير قادر‎ o ‏الإنشى أر‎
unabridged (adj.) ‏غير مختصر‎ uncinate (adj.) ‏معقرف‎
‎unaccented (adj.) ‏غير محرك «لفظ»‎ | uncivilized )24/.( ‏غير متحضر. همجى‎
unacknowledged (adj.) ‏غير معررف‎ | 00018 (n) ‏عم . خال . زوج العمة أو الخالة‎
unaided (adj.)  نيعم ‏بدرن مساعد أو‎ | unclean (adf) - ‏غير نظيف . قذر . دنس‎
unalloyed (adj.) ‏رائق .غير معتم  (./84) 086100080 | خالص . صاف . صرف‎
unanimity (n.) LN ‏اتماد 1 اتفاق‎ | uncomely (adj) G ‏غير ظريف , غير‎
‏إجماع‎ uncomfortable (adj.)
unanimously (adv.) ‏غير مربح . متعب بالاجماع‎
unappaled (adj)  تاخي ‏ثابت.لا‎ | uncommendable (adj.)
unarm (v.) ‏لا يوصى به.غير محمود يجرد من السلاح‎
unaware (adv.) e ‏غافل . غير‎ uncommon (adj.)
unbar (v.) ‏غير شائع .غير مالرف يفتح الترباس‎
unbelief (n.) ‏كفرارية. شك‎ | uncommunicative (adj)
unbeliever (n.) ‏كتوم . متحفظ كافر. غير مزين‎
unbend (v.) ‏يستقيم .يفك يعثن‎ | uncompromising (ady.)
unblemished (adj.) ‏صلب الرأى . عنيد. صلب طاهر. نقى‎
unbleesed (adj.) ‏متعوس . منحوس . تعس‎ | 007 (n) ‏عدم أهتمام‎
unbutton (v.) ‏يفك الازرار .يحل‎ | unconditional (ad).) ‏غير شرطى‎
uncanonical (adj.) ‏غير قانونى‎ | unconfined (adj.)
uncertain (adj) ‏مطلق.غير محصور متردد. مشكوك فيه‎
uncertainty (n.) uncongenial (adj.)
‏غير متجانس . مختلف التباس . أمر غير محقق أر مشكوك‎
< unconscionable (adj)
| uncharitable (adj.) ‏باهظ . مخالف للعقل . غير معقول غير. محسن‎"	al-shamil-dictionary
572	"unconscious (adj.) underground (adv adj.)
‏عليه‎ il . ‏تحت الأرض. سر - راقع تحت فاقد الوعى‎
uncontested (adj.) ‏سطح الأرض . سرى‎
‏الت اح‎ underling (nv.)
uncontroverted (adj.) ‏خط تحت كلمة أو عبارة - يضع مقرر . لا نزاع فيه‎
unconverted (adj.) ‏خطا تحت كلمة .يؤكد لا يتغير . غير متجدد‎
uncork (v.) ‏ينزع السدادة‎ | underling (n.) Sl ‏شخص‎
‎uncounted (adj.) ‏لا يعد ولا يحصى‎ | undermine (v.) ‏ينسف . يقوض . يخرب‎
unction (n.) ‏زبت . مرهم . دهان‎ undermost (adv.adj.)
unctuous (adj.) ‏نحت الكل . فى الأسفل - زيتى . دهنى‎
uncultivated (adj.) ;. ‏سفلى . أسفل غير مزررع‎
‏غير مهذب . همجى‎ undemeath (adv.prep.)
undefined (adj.) ‏فى الأسفل - تحت‎
‏غير محدد. غير معروف‎ | undemourishment (n.) ‏نقص تغذية‎
under (adv.ad).) underpopulated (adj.) ‏قليل الكان‎
- ‏تحت. أسفل. أقل. فما دون‎ | underquote (v.) ‏يقدم سعر أقل‎
‏ثانوى . سفلى . ثان‎ undershot (adj.) ‏يدار بالدفع السقلى‎
underage (adj.) ’ ‏قاصر‎ | understand (v.)  ملعي‎ . ‏يفهم . يدرك‎
underbid (v.) ‏ينقص الثمن‎ | understanding (n.)
underdealing (n.) ‏احتيال . خداع‎ k- ‏فهم . إدراك . عقل‎
underdo (v.) + ‏أرثر الألباب - له 171161 يطبخ نصف طبخ‎
‏لم يتمم الراجب‎ undenake (v.)
undergo (v.) ‏يتكفل ب . يتعهد . ياخذ على عاتقه يقاسى . يعانى‎
undergraduate (n.) undertaker (n.)
‏الخانوتى . الدفان . متعهد دفن الموئى تلميذ مازال فى المدرسة . تلميذ لم‎
‏يتخرج بعد‎ undertaking (n.)
__ studies ‏تدبير . عمل . مشررع . تكفل . تعهد الدراسات الجامعية‎"	al-shamil-dictionary
573	"underworld (n.) ‏العالم السقلى‎ | uneven (adj.)

غير ‎undescried (adj.) Ny‏
غير عادل. مجحف ‎unfair (adj.)‏ | مسحر.مستور.غير منظور
غير مخلص . خائن ‎unfaithful (adj)‏ | غير مستحق ‎undeserved (adj.)‏
يحل . يفك . () 001 | غير مرغوب فيه ‎undesirable (adj.)‏
ينشر. يتنشر. يتفتح ‎undeviating (adj.) unfold (v.)‏
غير متوقع حدوثه ‎(adj)‏ 00600865680 | لا يضل. لا يتغير .راسخ
غير محصن ‎undiscerned (adj.) unfortified (adj.)‏
تمس . قابل البخت (24/0) ‎unfortunate‏ | لا يُدرك. غير منظور
لسو ‎undisguished (adj.) unfortunately (adv.) kit‏
غير مثمر ‎unfruitful (adj.)‏ | غير ‎Az‏
‏يبط .يفرد. ييدى. يظهر  ‎undismayed (adj.) unfurl (v.)‏
شري مُلحد ‎ungodly (adji)‏ | الجاش.غير هياب
غير مهذب ‎undisputed (adj.) ungracious (adj.)‏
ناكر المعروف. (.4ه) ‎ungrateful‏ | ملم به .لا يقبل الجدل

جاحد ‏ عاق يخرب. بفك . يفسد ‎undo (v.)‏
حافرى . ظلفى ‎undoubted (adj.) ungual (adj.)‏
اظفر. حافر ‎ungula(n)‏ | لا ريب فيه .لا شك فيه
لا أخلاقى . غير ‎unhallowed (adj)‏ | بلا شك. قا ‎undoubtedly (adv.)‏

شرعى . غير مقدس يجرد من الملابس . يعري  ‎undress (v.)‏

undulate ‏مرج.عرج - شرع (زفة.+)‎ | unhandy (adj.)

تنقصه البراعة. غير ملائم عاق. غير مطبع ‎undutiful (adj.)‏
‎(n.) ol‏ 00020010655 | مرتبك . متضايق . قلق ‎uneasy (adj.)‏
تميس .غير سعيد  ‎unhappy (6di)‏ | عاطل . بدون عمل ‎unemployed (adi)‏
سليم ‎o).‏ يصب أذي ‎unharmed (adi)‏ | غير ‎unequal (adj.) oz‏
غير صحى ‎unerring (adj.) unhealthy (adj.)‏
وحيد الخلية ‎uniceliular (adj.)‏ | معصوم من الخطا. صالب"	al-shamil-dictionary
574	"يُوحد ‎unicomn (n.) unionize (v.)‏
وحيد . فريد. فذ ‎unique (ad).)‏ | وحيد القرن ‎١‏ حيوان خرافى »
«استثنائى . ليس له مثيل ‎unidirectional (adj.)‏
نسخة فريدة ‎copy‏ | موحد الإتجاء . أحادي الإتجاه
اتفاق . ألفة ‎unison (n.)‏ | موحد ‎unified (adj.)‏
مجموعة متكاملة . وحدة. 0 ‎uniform (n.adj.) unit(n)‏
واحد. كم زى موحد أر متمائل . بدلة نظامية
بطاقة مرحد 0 موحد. تمائل
‎unitarian (n.)‏ | مدخل موحد ‎ heading‏
‏الوحدوى. القائل بإله واحد عثران موحد ‎—title‏
‏يتحد . يوحد . يضم . بربط ‎uniformity (n.) unite (v.)‏
متحد. مجتمع .ملم ‎(adf)‏ 000660 | إطراد. تناسق. مماثلة . مشابهة
آحاد. أقسام ‎unify (v.) a7y ١ units (n)‏
خانة الأحاد 3 فى الحاب + ‎unimpeachable (adj.) __place‏
اتفاق . وحدة . انحاد ‎unity(n)‏ | لا ريب فيه .لا شك فيه
‎universal (adj.)‏ | قليل الأهمية . زهيد ‎unimportant (adj.)‏
فى كل أتحاء العالم.عمومى . غير مسكون ‎uninhabited (adj.)‏
عام . كونى . كلى . شامل غير متصود ‎unintended (adj.)‏
‎unintentional (adj.) __copyright convention‏
الإتفاقية ‎LI‏ لحماية حقرق بدون قصد . عرضى
التأليف ‎unintermitting (adj.)‏
)م ‎universal joint‏ | غير منقطع . مستمر
الورصلة ‎union (n.adj.) universal coupling‏
الجامعة اتحاد. نقابة. انضام . تضافر. وثام +
‎universally (adv.)‏ اتصال جنسى . امتزاج - إتحادى .
عموما. جميعا. فى جميع الأماكن تقابى
الكون. الخليقة.العالم  ‎umiverse(n)‏ | فهرس موحد ‎catalogue‏ _"	al-shamil-dictionary
575	"تيس ‎unlucky (adj.)‏ | رب العالمين ‎Lord of the Universe‏
غير متزرج ‎unmarried (adj.)‏ | جامعة ‎university (n.)‏
‎sl 3t | unmask (v.)‏ 00/507 __
يفضح . يهنك . يكشف القناع عن | مطبوعات الجامعة 0 ‎_publicarion‏
‏غير مناسب ‎١ unmeet (adj.)‏ التشريعات الجامعية ‎regulations‏ __
‎unmelodious (adj.)‏ | ذو معنى راحد ‎univocal (adj.)‏
غير مطرب. مشوش ليس له مفصل ‎unjointed (adj.)‏
‎(adj.)‏ 0010000060 | غير عادل. مجحف. ظالم ‏ )@( ‎unjust‏
‏لا يحزن عليه لم يحزن عليه 1 ‎unjustifiable (adj.)‏
غير طبيعى ‎unnatural (adj.)‏ | لا عذر له بدرن حق
غير ضرورئ ‎unjustified (adj.) unnecessary (adj.)‏
يضعف ‎(v.)‏ 000606 | بلا سبب مقبول. بدون وجه حق
غير فضولى ‎unobtrusive (adj.)‏ | غير مرتب. أشعث | ‎unkempt (adj.)‏
‎unostentatious (adj.)‏ | أشعث الشعر ‎__hair‏
‏غير مباه. غير متفاخر غير كريم . عديم الشفقة ‎unkind (adj.)‏
لا بواريه ‎unpacalleled (adj) st‏ | يفك ار يحل العقدة ‎unknot (v.)‏
يقفر ‎unknowingly (adj.) unpeople (v.)‏
قاس . عديم الشفقة ‎unpitying (adj)‏ | عن جهل . بدون أو بغير علم
غير سار . كريه ‏ بفيض ‎unpleasant (adi)‏ | غير معروف ‎unknown (adj.)‏
‎unprolific (adj.)‏ | محرم . حرام .غير شرعى ‎unlawful (adj.)‏
غير مخصب. غير مثمر غير مختمر ‎unleavened (adj.)‏
‎unless (conj.prep.) unpromising (adj.)‏
لا أمل فيه .غير واعد إلا إذا. إن لم .ما لم - باسعناء
لا يلفظ ‎unlettered (adj.) unpronounced (adj.)‏
لا يخمد . لا يطفا( ‎unquenchable (adj‏ | غير أمتعلم . جاهل . أمى
يكشف. يرضح . يفسر  ‎unravel (v)‏ | بعيد الاحتمال. بغيض ‎unlikely (adj)‏
غير ‎unreasonable (adj)  Jyins‏ | لرالحظ ‎unluckily (adv.)‏"	al-shamil-dictionary
576	"unr 574 uph)
unrelenting (adj.) ‏عديم الرحمة. قاس‎ | unVeil (v.) ‏يكشف القناع . يفضح . بهتك‎
unremitting (adj.) ‏متابع . متوال‎ | unwarp (v.) ‏يقيم العدل. ينصف‎
unrighteous (adj.) ‏آلم. شرير‎ | unwaranted (adj)
unruly (adj.) ‏غير مضمون. غير مباح عنيد‎
unsanctified (adj.) ‏شرير .غير مقدس‎ | unwell (adj.)
unsanctioned (adj.) R . ‏متحرف المزاج. مترعك‎
‏ميا‎ o ‏غير راغب .متنع  (00000088)040 | بدون رخصة .غير محلل‎
unsavoury ‏لالم له (زأزقه)‎ | mvilingly V) ‏كرما يدون رغ‎
unseen (adi) ‏صب عب حسف د نه‎ 2
0 ) anworthy , of (adj.)
unsightly (adj.) ‏تبيح المنظر‎
0 ‏غير مناسب أو لائق "" ""م‎
unsoiled (adi) ‏اليدب نات ملاعب‎
‏فوق. عاليا. إلى فوق - ستبقظ. غير ثابت. متقلب رزفه) فتعامو‎
unsteady (adj) ‏عال .إلى حد ماء مرقوع - غير مستمر . غير ثابت‎
unstinted (adj.) ‏ينهض . يرتفع . يرفع . يزيد - فيا . وافر‎
unsuitable (ad.) ‏نحو . إلى .داخل 2 حالة غير لائق .غير مناسب‎
unsurmountable (adj.) ‏ازدهار . حركة صاعدة لا يقهر‎
unsurpassable (adj.) ‏لا يقوقة شيء‎ | anddown ‏هنا وهناك‎
untained (adj) ‏تقلبات الزمن أو الدهر 40083 #0004 — | غير ملوث .لا عيب فيه‎
untenanted (adj.) all _, — N ‏قضى‎
‏من الكان‎ J ‏غير ماهول.‎ | Whatis_? ‏ماذا حدث‎
until (prepconi) ‏حى .إلى إلى أن‎ | UPCASL(Y) ‏طرحة .رمية‎
untimely (adv.adj.) upheaval (n.) ‏اضطراب .ارتفاع‎
‏يرفم .يصعد )( 000686 | قبل الاوان - غير ملائم‎
unto (prep.) ‏تحر . إلى . حني‎ uphill (adj.n.)
untrue (adj.) ‏مرتقى‎ - e . ‏متجه لاعلى‎
‏كاذب. غير صحيح . غير وفى‎ upholster (v.) ¢ ‏ينجد « المفررشات‎
unusual (adj.) ‏شاذ. غير عادى‎ | 00001518 (n) ¢ ‏تنجيد د المفروشات‎"	al-shamil-dictionary
577	"upland (n.) ‏مرتفع.نجد‎ | upstairs (adv.adjn)
uplift (v.) ‏فرق . فى الطابق العلوى - ينهض . يعلى . برقع‎
upon (prep.) ‏علوى . أعلى - درر أعلى‎
‏على رشك . .فوق . على . بناء على‎ | upstanding )24/(
upper (adj.) ‏اعلى. فوقى.علوى‎ | upthrust(n.)
-- 7 ‏انبعاج لجزء من قشرة الأرض. عضد. ساعد‎
__class ‏ارستقراطى‎ Ul ‏ضغط الطبقة‎
__hand ‏سلطة. تفرذ هيمنة‎ | upward (adv.ady)
uppermost (adj.) ‏إلى فوق. لأعلى  أعلى . صاعد‎
‏الارقم . الاعلى . الأسمى‎ | upwards )807( ‏زيادة على - أكثر من‎
upright  .لداع‎ . ‏قائم . منتصب . عمودى‎ uranic (adj.) ‏فلكى . سمائى‎
‏استقيم. حيف‎ uranology (n.) ‏علم الفلك‎
Be _! ‏استقم‎ urban (adj.) ‏مدنى‎ (§
uprising (n.) ‏انتفاضة . ثورة‎ urbane (adj.)  بذهم‎ . ‏لطيف‎ . b
uproar (n.) ‏ضوضاء.هدير‎ iy | urbanization (n.) ‏تمدن تحضر‎
uproot (v.) ‏يقتلع.يتاصل‎ | urbanize (v) ‏يُمدن.يُحضر‎
‎upset (v.nadi) ‏قنفذ البحر (0) هلطلا | يقلب .ينقلب.يقلق.‎ i
‏اضطراب. قلق.‎  دفي‎ ureter (n.) 4 ‏الحالب 1 بالجهاز البولى‎
- ‏تشريش . اختلاط . شجار‎ uretic (adj.) ‏يولى‎
‏مضطراب. مقلق‎ urethroscope (n.)
upset price (n.) ‏منظار لمجرى البول. منظار الإحليل السعر الاسامى‎
upside down ‏زفة. لافة)‎ ( UGS (V) - ‏يستعجل . يثير . يحرض‎
ULy ‏راسا على عقب. مقلوب‎ | urgency (n) ‏الحاح.حافز‎
‏الماح . اضطرار على عقب‎
upspring (v.) ‏يرز.يبت‎ | oUmgeR(ad]) ‏مستعجل . عاجل .هام‎
uria (n.) ‏مادة البول‎"	al-shamil-dictionary
578	"ينقد . يستهلك ‎—up‏ | مولة ‎urinal (n.)‏
استخدم. ستعمل ‎urinary (adj.) Sy ١ used(adi)‏
مفيد. ناقع ‎useful (adj)‏ ا ا ‎urinate (v.) J;‏
بدون فائدة.عبث ‎useless (adj.)‏ تبول ‎urination (n.)‏
المستعمل. المستفيد ‎user(n)‏ | بول ‎urine (n.)‏
منافذ المستفيدين ‎terminals‏ __ | سلن الول 0 .كه ‎incontinence‏
‎usher (nv.)‏ | أبريق كبير لعمل الشاى . قارورة (.8) 585ل
المرشد ‎١‏ فى السينما ‎RO (R‏ الحصاة البولية ‎wrolith (n.)‏
الدليل . الحاجب . مدرس . مساعد علم الامراض البولية 7 ‎(n.)‏ 1200108
- يفود. يرشده إلى مقعد «فى ‎Ursa - Major (n.)‏
السينما مثلا ». يواكب الدب الأكبر «فى الفلك»
عادى . مالوف . اعتيادي  ‎Ursa - Minor (n.) usual (adj)‏
عادة . اعتياديًً ‎usually (adv.)‏ | الدب الاصغر «فى الفلك +
التملك بوضع اليد (.8) ‎usucaption‏ | نحن ضمير المتكلمين فى حالة ‎us (prop.)‏
الإستغلال. حت الإتفاع ‎usufruct (n.)‏ النصب أو الجر
عراب ‎usurer (n.)‏ | يمكن استعماله. يصلح  ‎usable (adj)‏
‎usurious (adj.)‏ للاستعمال
رباوى . مراب . خاص ‎usage (n.) ) LA‏
‎usurp (v.)‏ استعمال . عرف . استعمال الالفاظ
يغتصب بالك ‎G‏ تصبَّاء .+ يستخدم. يستعمل . يتعود - 0 ‎Use (VAN‏
الريا الفاحش . ‎usury (n) by‏ استخدام. استعمال . فائدة. نفع +
وعاء. إناء ‎utensil (n.)‏ ضرورة
‎o‏ رحم ‎١ 016005 (n.) 1A‏ مقيد الاستعمال . مستعمل ‎in_,‏
‏هادف . منفعى ‎١ utilitarian (adj.)‏ غير تعمل ,_ ‎outof‏
‎utility (n.adj.)‏ | يستفيد من . يستعمل ‎make __of,‏
منفعة ‎R‏ فائدة . شىء ناقع - معد مقيد . ناقع . ‎of‏
‏للنفع . منفعى لا فائدة منه .. ‎ofno_,‏"	al-shamil-dictionary
579	"__ 0 ‏امج المساعدة‎ A utterable (adj.)
utilization (n.) ‏ممكن التفره أو النطق به . يتداول‎
‏استعمال. انتفاع . مرحلة الإستخدام‎ | 0018:2066 ()
utilize (v.) ‏تفوه. تلفظ . نطق . ترويج تعمل . يتفع .ينف‎
utmost (adj.n.) utterly (adv.) ‏كليً. تماما. برمته‎
‏أكبر. أعظم. أقصى . أبعد - الحاد‎ | uttermost )30[.0(
‏الأبعد. الأقصى  غاية . تمام الاقصى‎
utopia (1) ‏المديئة الفاضلة . المكان الخيالى‎ | uvula (L) ‏لهاة الحلق‎
‏للسعادة الوهمية‎ uxorious (adj.)
utter (v.adj.) ‏خنوع . مفتون بزوجته . خاضع لها‎
‏يلفظ . يطلق «صرنًا». يعبر < تام‎"	al-shamil-dictionary
580	"الا 77 ٍ
كتاب الجيب . السمير ‎١ 7808 mecum (L)‏ الحرف الثانى والعشرون من 7
الصاات «كنيب» حروف الهجاء الإنجليزية. خمة
تشرد .عار ‎vagabond (nvadi)  -‏ | فراغ . خلو . وظيفة خالية (ز4ه) ‎vacancy‏
‏يتشرد ‏ متشرد . طواف . تاف « شاغرة؟
‎vagabondage Yy s‏ | فارغ خال. مهجد 0 ‎vacant (adj.)‏
‎vagabondary‏ | يفرغ. يُخلى . يتخلى ‎vacate (v) e‏
تقلب . هرى . شررد الفكر ‎vagary (n.) ٠‏ يبطل . يكرس . ينصرف
رهم فراغ . إخلاء . عطلة . إجازة ‎(n.)‏ 1868000
مهيل . غمد ‎vagina(n)‏ | الذى يقضى عطلة.  ‎vacationer (n)‏
مهبلى . غمدي ‎vaginal (adj.)‏ المستمتع بعطلة
التهاب المهيل ‎Vaginitis (n.)‏ | يطعم. يعطى لقاح «يلقح» ‎vaccinate (v.)‏
منظار المهبل )( ‎vaginscope‏ | طحم . لفاح - جدر ‎vaccine (n.adj.)s i‏
ضلال. تشرد ‎ey vagrancy (n.)‏
‎vagrant (adjn) -2  درشتم s‏ | جدرى البقر ‎vaccinia (n.)‏
الطواف 2074 يتذبذب . يترنح . يتقلب ‎vacillate (v.)‏
مبهم . غامض ‎vague(adi)‏ | خلر. فراغ ‎vacuity (n.)‏
سدئ. عبث . باطل ‎vain (adiy‏ | خال. قانع ‎vacuous (adj.)‏
ستارة قصيرة ‎vacuum (n.adj.v.) valance (n.)‏
مدى. عبنا ,ل | فضاء. خلر من الهواء.فراغ -
وداع . توديع ‎valediction (n.)‏ مفرغ جزئيا ‏ يفرغ ‎Wi‏ من
‎valence‏ | الهواء. يستخدم مكنسة كهربائية
التكائز فى الكييا*' )1 رمومزون | ‎sl‏ اليرياية ‎vacuum cleaner (n)‏
رسالة غرامية ‎valentine (n.)‏ | ترموس ‎vacuum jar (n.)‏"	al-shamil-dictionary
581	"رقعة. رش الحذاء.مقدمة ‎VAMP (V)‏ | خادم خصوصى - يخدم  ‎valet (nv.)‏
الحذاء. فاتنة الرجال - يرفع+ المريض . العليل -(.[8.20) ‎valetudinarian‏
‏تغوى . تفتن «الرجال؟ مريض . سقيم
عربة نقل مقفلة . طليعة . مقدمة ‎valiance van (n.)‏
‎G‏ شجاعة. بسالة ™' ‎valiancy‏
‏لحبة قصيرة مستدقة الطرف )1( 1800368 | جاع . باسل . ذو بأس - ‎valiant (adj.n)‏
درارة الرياح . دليل اتجاه الريح ‎vane (n.)‏ الشجاع
مقدمة اليش ‎(n.)‏ 18080800 | قانونى . شرعى . متين . قوى . ‎valid (adj.)‏
نبات الفانيليا ‎vanilla (L.)‏ سارى المفعول
يتلاشى . يضمحل . يختفى (7) 180050 | يصادق بصفة ‎validate (v.) L‏
2 عن الانظار؟ يثبت . يجعله شرعيًا. يؤيد .
غرور. خيلاء . باطل ‎vanity (n.)‏ يعزر . يصادقة
أخذته العزة ‎Seized him‏ — | صلاحية.سريان مفعول. ‎validity (n.)‏
يقهر . يتغلب على ‎Lyl vanquish (v.) ٠‏
ينتصر على حقية ‎valise (n.)‏
مصلحة. نفع .أفضلية ‏ (.8) 7801888 | جورة. اخدرد. فجوة. جز )1( ‎vallecula‏
‏فى المقدمة ‎(adjadv)  -‏ 7309350 | يعمل جورة. يحدث اخدود ‎(v.)‏ 1201660116
نحر المقدمة واد ‎valley (n.)‏
بخار . يتبخر.  ‎Vapor , vapour (v.)‏ حاجز.سور ‎vallum (n.)‏
يتبجح . يتفاخر قيم . ثمين . ذر قيمة - ‎valusble (adjn)‏
تفاخر . تبجح ‎vaporing (n.)‏ اشىء قيم
يتبخر. يبخر. يتبجح . يتفاخر ‎VAPOTIZE (V)‏ | تقييم. تقدير. تثمين ‎valuation (n.)‏
بخارى . رهمى . سريع ‎vaporous (adj.)‏ يقيم . يثمن - قيمة . قدر. ‎value (vn)‏
الزرال فئة من العملة
‎variability ()‏ | عمام ‎valve (n.)‏
أمكانية التحول أو التغير . التنوع صمامى .له مام ‎valvular (adj)‏
التهاب صمام القلب ‏ (.8) ‎valvalitis‏"	al-shamil-dictionary
582	"واسع .رحب . فيح ( زه) ‎vast‏ | متغير . متبدل . مشحول ‏ (قازفة) ‎variable‏

ضريية القيمة المضافة 0 ‎VAT.(n)‏ شىء قابل للتغير

variance (n.) ‏فرق. تباين . اختلاف‎ | Vatican (n) ‏الفايكان‎

مجلس الفاتيكان | ‎Vatican council‏ . خلاف. نزاع . رخصة

‎Y‏ خعشخاشة ‎vault(nv.)‏ | على خلاف. على نزاع ان
سرداب - يلب. يقفز مختلف . متنرع. ‎variant (adj.n.)‏

‎vaulting (n.adj.)‏ متباين . شكل مغاير
سقف معقود . عقد . قنطرة - رثبى + فرق . اختلاف . ‎variation (n.)‏
لحم عجالى ‎veal (n)‏ | جدرى الدجاج ‎varicella (n.)‏
‎gy | vegetable (nad))‏ معدل ‎varied (adj.}‏
خضار . نبات ‏ نباتى ‎varie(y(n.)eb_.h.d'—a.tj.ﬂ,d‏
‎vegetarian (adj.)‏ حفل منوعات ‎Show‏ —

‎variorum (n.adj.) ‏طبعة محققة.‎ Ll ‏يعيش على الاطعمة‎ U

‏يزرع ينبت ‎vegetate (v.)‏ محفقة . متباين المصادر

‏شدة. حمية ‎vehemence (v.)‏ | طبعة متعددة القراءات ‎edition‏ __

‎various (adj.) vehicle (n.) ‏مركبة .عربة‎

‎veil (mv)‏ | متعدد الاشكال . متباين. متنرع

‏حجاب . خمار . نقاب. ستار - يقنع متعدد الترقيم ‎__paging (adj.)‏
.تضع الحجاب. يستر. يحجب ‎vamish (n.v.)‏

‏أمرأة منقبة ‎woman‏ -_ »© | الورنيش . طلاء الأظافر. لمعة -

‏وريد .عرق «فى التشريح» 0 ‎vein (n)‏ يررنش . يصقل. يلمع

‎varsity (n.) ‏المتخب الرياضى‎ | velar(adi) gl ‏حلقى .مختص‎

‏رفى. قماش نصف شفاف (-8) 180000 | ينوع . يفير . يختلف ‎vary (v.)‏
«للتجليد» زهرية ‎vase (n.)‏

‎vascline (n.) ‏الفازلين‎ | vellum . roll (n) ‏لفة رق‎

‏سرعه (الضومء...)  ‎(M)‏ 78/06 | موسع للارعية الدموية )1( ‎vasodilator‏"	al-shamil-dictionary
583	"نهرية . تجديد الهراء  ‎١ ventilation (n.)‏ حجاب. حاجز ‎velum‏
‎١ ventilator ()‏ مُخمل. قطيفة ‎velvet (n.)‏
مروحة . آلة لتجديد الهراء ثررة الجدائل ‎velvet Revolution‏
بطين ‎ventricle (n)‏ | وريدى. قابل للرشو ‎venal (adj.)‏
البطين ‎venation (n.) left _, AV‏
البطين الأيسر ,_ ‎right‏ | التعرق «نظام انتشار العروق فى
‎venture (v.n.)‏ جاح الحشرة أو ورقة النبات»
يخاطر . يجارف . يغامر - بائع ‎vendor (n.)‏
مخاطرة. مغامرة يوقر .ييجل ‎venerate (v.)‏
جرىء . مقدام ‎the Venerable Companions venturous (adj.)‏
جيرة. جوار. سرح الحرادث ‎venue (n)‏ | الصحابة الكرام
‎veneral (adj,) Venus (n.)‏
فينوس ‎١‏ إلاهة الحب والجمال عند تناسلى . مختص بأعضاء التناسل
الرومان» . الزهرة «فلك؟ ‎venery‏
‎Venus's - flytrap (n.)‏ جماع . نكاح . اصطياد. صيد . قنصى
نبات خناق الذباب ثار . انتقام . الأخذ بالثأر ‎vengeance (n.)‏
دقيق . صحيح . صادق ‎veracious (adj.)‏ | حقود. آخذ بالثار . متقم ‎vengeful (adj.)‏
دقة . صحة .صدق ‎venial (adj.) veracity (n.)‏
فرندة. شرفة واسعة ‎veranda(n)‏ | يعفى عنه. هين. بسيط .عرفى
‎verd(n) o‏ | خطيئة تغتفر ‎__sin‏
‎verbal (adj.)‏ | سام.سمم ‎venomous (adj.)‏
لفظى . حرفى . شفهى . مشتق من كثير العررق. وريدى - ‎venose (adj.)‏
فمل ‎vent (v.n.)‏
يحول إلى فعل ‎verbalize (v.)‏ | ينطق . ينفوه ب . يفجر . بطرد -
شفهبًا. مشافهة . بالقم ‎verbally (adv.)‏ تفوه. نطق . لقب . مصرف. منفذ
حرفى . ‎s, verbatim (adjadv.) G-‏
تقرير ‎(n) i‏ 26000 9600000 | يهرى. يجدد الهواء 0 )1( ‎ventlate‏"	al-shamil-dictionary
584	"العمود الفقرى ‎vertebracolumn (n)‏ | حشو. لرثرة. لفو ‎verbiage (n.)‏
ذروة. رأس . قمة ‎vertex (n)‏ | عمل. طويل ‎verbose (adj.)‏
رأسى . عمودى .6 ‎(adi)‏ 760002 | هراء.لفر ‎verbosity (n.)‏
عمويًا. راسيًا ‎vertically (adv.)‏ | مغطى بالعُشب . اخضر  ‎verdant (adj)‏
دوار. دوخة ‎vertigo (n.)‏ حكم . فترى . قرار ‎verdict (n.)‏
‎very (adj.adv.)‏ افترى شرعية ,_ ‎religious‏
‏مطلق . فعلى . حقيفى . مجرد. نفس صولجان. أفق . حد - ‎verge (n.v.)‏
جدا. إلى حد بعيد. تماما يتاخم . يجاور . ينحدر
مثانة . حوبصلة )1( ‎VeSicle‏ | يحقق . ينبت . براجع . يفحص )1( 6018ل
صلاة المساء ‎(n.)‏ :©7660 | التحقيق . تحقيق . مراجعة ).( ‎Verification‏
‏وغاء . إناء ‎vessel (n.)‏ | حشرات. هوام .ديدان ‎vermin (n.)‏
بقبة. أثر ‎(n.)‏ 76508 | بقنات على ‎vermivorous (adj.) syl‏
رداء . كساء ‎vemacular (adj.n.) vestmeut (n.)‏
مجلس الكنبة )( ‎vestry‏ | عامى . وطنى ‏ اللغة العامية.
ثوب . رداء . وشاح ‎vesture (n.)‏ الاسم الدارج
طيب بطرى ‎veterinarian (n.)‏ | اللغة العامية ‎—language‏
‏(.8) 7610 | ربيعى . شبابى . نضر . جديد ‎(adj.)‏ ,16012
تحريم . معارضة . رفض . حق النقض آية. بيت شعر. نظم ‎verse (n.)‏
- يمنع . ينهي خبير . محنك . بارع ‎versed (adj.)‏
يكدر . يزعل . بغضب ‎vex(v)‏ | الشعر ‎versification (n.)‏
‎via, via (prep.)‏ | ينظم الشعر ‎versify (v.)‏
طريق . ملك . عن 5 «كذا» . ‎version (n.)‏
براسطة ترجمة . نقل . رواية . إمالة. قلب
يمكن أن يعيش . فية روح ‎(adj)‏ 118516 | فى ‎ina__byMuslim i)y,‏
جر ‎viaduct (n.)‏ | ظهر الورقة. ظهر العملة ‎verso (n.)‏
امبولة . قارورة. قنيئة ‎vial(n)‏ | ضد. تقايل ‎versus (prep.)‏
ماكولات. قوت . طعام 0 ‎oviands(n)‏ | فقرة «عظمية» ‎vertebra (n.)‏"	al-shamil-dictionary
585	"الفكونة ‎١‏ حيوان"" ‎vicuna (SP)‏ | بهز. يهتز. يتذبلب ‎vibrate (v.)‏
أميركى يشبه الجمل؟ اهتزار . ارتعاش ‎vibration (n.)‏
انظر «كذا». راجع ‎١ vide (L)‏ كاهن.قس ‎vicar (n.)‏
ينافس . ‎the vicar of Christ (n.) vie (v.) Aol‏
‎view ()‏ | الحبر الاعظم.البابا |
منظر . مشهد . صورة. بحث . دراسة منزل قس أو معاشه ‎vicarage (n.)‏
. فكر . ظن - يشاهد . يعاين . ‎vice (n.prep.)‏
تحت النظر. مشاهد اال عوض ‏ بدلا من
بخصوص .بالنظر إلى /# ""7 | بادله معناها : «نائب. وكيلة 0 ‎Vices‏
‏يهتم بالآمر. يضعة نصب ‎Keepin  .‏ | ناب تمل (م) ‎vice - council‏
عينيه نائب رئيس ‎vice - president (n.)‏
لكى . علشان . بغرض ‎S‏ 10 488 | وكيل. نائب . نقيب  ‎vicecergent (n.)‏
مشاهد«التليفزيون» . المشاهد .)( ‎VIEWET‏ | نائب الملك. والى .حاكم  ‎viceroy (n.)‏
المعاين . منظار والعكس بالمكس ‎vice - versa‏
غير منظور. لا وى (ئ24) 83ع«©13 | جرة. جوار.مجاورة )1( قافا
وجهة نظر 0000 ‎viewpoint(n)‏ | فاسد. شرير. اليم ‎vicious (ad).)‏
ليلة العيد. سهر. سهاد. يفظة (-180)8 | نوق (0) ‎viciousness‏
‏أقوى.عنيفه 0( ‎i | ViBOTOUS‏ ذبيحة. قرية. تيل )1( ‎VICHM‏
‎Oy‏ اليا ‎victimize (v.)‏
‎ey | 0‏ .يقدم ضحية. يغلر ب
سافل .دنىء . خسيس . وغد (24/0) 7106 | المتصر.الظافز. الغائب 0 ‎victor(n)‏
‏الفاضح . الساب. العائب  ‎Vilifier(n)‏ | مركبة هكشوفة ‎victoria (n.)‏
يب يفترى على. يوشى ‎YO‏ | ظافر. مظفر ‎victorious (adj.)‏
ليلا 1020 | نص ر.إتصار ‎(n.)‏ لماعل
قرية . ضيعة ‎signal __, o ya | village(n)‏
فلاح . قروى ‎Villager (n)‏ | ماكولات . مؤن. اطعمة ‏ (.8) 1000805"	al-shamil-dictionary
586	"امرأة مشاكسة أر مشاغية أو ‎virago(m)‏ | وغد.نذل.سافل ‎villain (n.)‏
مسترجلة سفالة . دناءة؛حسة ‎villainy (n.)‏
العذراء. البتول - ‎AT | virgin (n.adj.)‏ مرسيقية هندية ‎vina (skt.)‏
عذرى . بتولي . طاهر . بكر ء يُغلب . ممكن قهرة ‎vincible (adj.)‏
‎T‏ يزكى . يبرر . يحمى . يحقق ‎vindicate (v.)‏
مريم العذراه ‎VirginMary , 18 (n)‏ | كرمة.نبات معرش ‎vine (n.)‏
عذرى . بتولى ‎virginal (adj)‏ | خل ‎vinegar (n.)‏
بكارة ‎virginhood (n.)‏ مزرعة عنب . حقل نشاط ‎vineyard (n.)‏
رجولة. نشاط . قوة (.م) ‎virility‏ الفرد
عملى . راقعى . جوهرى ‎virual (adi)‏ | خمرى. ‎vinic (adj.) IS‏
‎virtual image (n.)‏ | رراعة ‎viniculture (n.) el‏
الصورة التقديرية . صورة تقديرية ‎vintage (n.adj.)‏
‎Virtually (adv.)‏ | قطف العنب . قديم. كلاسيكى
فعلبًا . عمليًا . واقعيً. جوهريًً يتعدي على . ينقض + ‎violate (v.)‏
فضيلة؛ بر صلاح. طهارة. ‎virtue (n.)‏ يخالف. يدنس المقدسات.
‎good conduct‏ قا 10016 | انتهاك. تدنيس «القدسات؛» . ‎violation (n.)‏
البر حسن الخلق نكث. اغتصاب. هتك العرض
بفضل الله ‎bY—ofAllah‏ | رد د ‎violence (n.)‏
بفضل . بمرجب . بناء على 0# | قسوة. ظلم. عنف. شدة ‎violent (adj.)‏
الباحث . الفنان.غاوى  ‎(M)‏ 11800050 | بعنف . بشدة. بقسوة  ‎violently (adv.)‏
‎Virtuous (ad).)‏ | زهرة أو نبات البنفضج ‎violet (n.)‏
بار . فاضل . صالح . طاهر. مستقيم ‎(n.)‏ متام
‎g‏ لقاح . جرلومة ‎(m)‏ 1005 | الكمان. الكمنجة ‎U‏ موسيقية ؟
تأشيرة ‎Vis2(n)‏ | حنش. ‎il‏ الخيث ‎viper (n.)‏
محيا. سيماء. طلعة ‎VIP (n.) very important person visage (n.)‏
غررى لزج ‎viscid (ad))‏ | شخص عظيم الدان"	al-shamil-dictionary
587	"يتحول إلى زجاج ‎vitdfy(v)‏ | لزج.غررى ‎viscous (ad).)‏
نشيط . زاه. بهى ‎vise vivid (adj.)‏
ينشاط . بيهاء . بحماسة (88) ‎vividly‏ | منجلة ™ ‎viee‏
‏بنعش. ينشط ‎vivify (v.)‏ | مرلى. منظور ‎visible (adj.)‏
‎vocabulary (n.)‏ | ,43 . بصيرة. حاسة البصر  ‎vision (n.)‏
مجموع مفردات اللغة. معجم وجهة نظر
جامع مفردات اللغة. مجموعة بصيرة ,__ ‎mental‏
‏كلمات تخيلى . بصرى . نظرى ‎visionary (adj.)‏
مصطلحات ‎vocabularies‏ | يزور . يتفقد ‏ زيارة ‎visit (v.n.)‏
صوتى. ملفوظ . ذو ‎voeal (adin)‏ | يزور ‎paya__‏
‏صوت ‏ أغنبة. صوت ملفرظ الضيف. الزاثر ‎visitant (n.)‏
الاونار الصوتية  ‎visitation (n.) vocalcords (n.)‏
حروف العلة ‎vocalism (n.)‏ عقاب أو ثواب لمن عند الله .
يلفظ . ينطق . يغنى ‎vocalize (v.)‏ ] من عند الله » .تفقد
حرفة . مهنة . اختيار ‎vocation‏ . تفنيش
« لغرض ديثى ؟ سجل الزيارة ‎visiting book (n.)‏
‎vocational (adj.) S‏ | الأمتاذ ‎visiting professor (n.) i‏
‎vocational - guidance (n.)‏ | الزائر ‎visitor (n.)‏
التوجية المهنى مقدم الخوذة ‎visor (n.)‏
صوت . تعبير . صيقة الفعل ‎visual (adj.) Sy | 70168 (V)‏
يعبر. يلفظ رسائل بصرية ‎visual aids (n.)‏
لصوت له (.زته) 01601655 | حيوى. ‎ot‏ قاتل .مهلك ‎vital (adj)‏
لاغ ناقص . باطل . فارغ )@ ‎Void‏ | حيوية. النشاط .روح ‎vitality (n)‏
.عقيم - ‎il bl‏ يفسد ‎vitiate (v.)‏
يفرغ . يُخلى . يبطل . يطرد يفسد الصوم ‎__Jast‏
‏يمكن إيطاله أو إلغاءه ‎voidable (adj)‏ | تلف . فساد . تعطيل . إبطال )1( ‎vitiation‏
‏تفريغ . إخلاء . فضاء 0 ‎voidance(n)‏ | زراعة العنب (م) ‎viticulture‏"	al-shamil-dictionary
588	"الزنبرك الحلزونى  ‎volute spring (n)‏ | فضاء. خلاء ‎voidness (n.)‏
يتقيا - قى* ‎vOmIL (vn)‏ | متداول. رشيق . خفيف | ‎volant (adj.)‏
قىء ‏ استفراغ . قذف  ‎(n)‏ 70000008 | متبخر. متطاير. طيار  ‎volatile (adj)‏
أكول. شره. نهم ‎(ad))‏ 7086105 | يبخر . يتبخر . يصعد ‎volatilize (v.)‏
الحركة الدرامية «حركة ‎vorticism (n.)‏ | بركانى ‎volcanic (adj.)‏
فنية تجريدية» بركان ‎volcano (n.)‏
نذير . عابد . ناسك . الورع. ‎votary (n)‏ | قار الحقل ‎vole (n.)‏
‎vote (v‏ | اختيار . إرادة. مشيئة ‎volition (n.)‏
يقترع . يصوت ‎١‏ فى الإنتخابات» - اختيارى . إرادى ‎volitional (adj.)‏
صوت ‎١‏ فى الإنتخاب» الفولت « وحدة قياس ‎volt (n.)‏
الناخب . المقترع ‎voter (n.)‏ فرق الجهد الكهربى؟. ‎Ly‏
‏يستشهد . يشهد. يؤكد . يقرر ‎vouch‏ | الفولتمبتر «جهاز يستخدم ‎voltameter (n.)‏
نذر - ينذر. يقسم . يكرس  ‎VOW (V)‏ لقياس فرق الجهد الكهربى +
بحث بالعهد ,__ ‎breaka‏ | طلق اللسان. سريع الحركة ‎voluble (adj.)‏
صوم النذر ‎__edfasting‏ | مجلد. كتاب. جزء ‎volume (v.)‏
‎voluntary (adj.n.) vowel (n.)‏
حرف علة . حرف صوتى . حركة إرادي . اختيارى - المتطوع
معطى العهد. ناذر ‎vower(n.)‏ | عمل تطوعى ‎—act‏
‎__acts Jily | voyage (n.v.)‏
رحلة بحرية - يسافر بالبحر صوم النافلة ‎__fast‏
‎vulgar (adj.)‏ | صلاة النافلة ‎__prayer‏
‏سوقى . دارج - عامى . فظ . بذىه متطرع ‎volunteer (n.)‏
شخص سوقى ‎vulgarian (n.)‏ شهوانى . متغمس فى ‎voluptuary (adj.)‏
لغة عامية  ‎&l‏ خشونة ‎vulgarity (n.)‏ الشهوات
‎voluptuousness (n.) vulnerable (adj.) .‏
غير حصين . غير مني . قابل الإنغماس فى الشهوات
للجرح . قابل للفاد والعطب حلزونى . لوبى ‎volute (adj.)‏"	al-shamil-dictionary
589	"vulnerary (adj.) valvitis (n.) ‏النهاب الفرج‎
oAl ‏شاف للجررح ..مختص‎ | vying (pres.part of vie)

يتنافس - ‎bl‏ منافس . مبار نر شخص جشع ‎vulture (n.)‏

vulva (L.) ‏الفرج‎"	al-shamil-dictionary
590	"اا
معدية للعبور ‎(n.)‏ 202 | الحرف الثالث والعشرون من انا
‎wag (n.v.)‏ حروف الهجاء الإنجليزية
يتارجح . يهز . يهتز . يتحرك - وات ‎W,w (n.)‏
الضحك ‎W., (nadj)‏
اجر «العامل؟ - ‎(nv.)‏ 886 | جهة الغرب . من الغرب
يستخدم. يستأجر. يشتبك فى ويلز . واشنطن . يوم الأربعاء. (.[8.80) .15/7
حرب . يجازف . يراهن أحد أبناء ويلز
رهان. مراهئة - يراهن 0 ‎wabble (v.n.) . wobble wager (nv.)‏
اجور ‎١ wages (n)‏ يتمايل . يتهادى . يتراوح . يترقص
هزل . مزاح . مفاكهة 0 (.8) 28860 يتذبذب . برتعش . برتجف . يعرج
محب للمزاح . بارح  ‎waggish (adj.)‏ - مايل . تذبذب. فتل . ارتعاش
‎wagon‏ احمق ‎wacky (adj.)‏
‎wad (n.v.) waggon Ynv)‏
- ينقل بعربة مواد للحشو ‎wadding (n.)‏
‎waggon-lit(n.)‏ | يدلف. يدرج . ‎waddle (v.) ol‏
عربة النوم 3 في القطار * يخوض فى الماء ‏ السير 0 ‎wade (vn)‏
اسقف محدوب ‏ (-8) ‎waggon - 100f‏ فى الماء. تخريض
أبو قصادة 1 عصقور ¢ ‎١ wagtail (n)‏ داد نهر ‎wadi (n.)‏
مذهب الوهابيين  ‎Wahhabism (n.)‏ | رقاقة من بسكويت وخلاقه  ‎wafer (n.)‏
متشرد. طفل «لقبط». لقية 0 ‎waif(n)‏ | يبعث. سبح. يطفو - ‎waft (v.n.)‏
يتح .عويل . يندب . بشكو - )( اتوي | السمداهية. ريج
نواح . عريل . نحيب. النقل بالمراكب ‎waftage (n.)‏"	al-shamil-dictionary
591	"wailing (n.) ‏نحيب . نراح.عويل‎ | walk (nv)
the Wailing Wall ‏سير تمشى . نزهة . فسحة - حائط البكى‎ . e
wain (n.) ‏يمشى. يتنزه عربة نقل‎
waist (n.) ‏خصر. رسط. صديرىق‎ | walker ()
waistband (n.) ‏ماش . حارس الغابة . بائع متجول منطقة . حزام‎
waist coat (n.) ‏صديرى.صدرية‎ | wall (n)
waistline (n.) ‏حائط . جدار  يحبط بجدار خط الخصر. محيط‎
‏الجسم عند الخصر‎ ‘wallaby (n.)
WAL (V) ‏الولب 3 كنغر صغير ؟ ينتظر . يترقب . يصطير  يصبر‎
‏انتظار‎ walk - creeper (n.) ‏ثبات العليق‎
‏""م‎ wallet(n) 0 ‏محفظة . جراب. خرج‎
808 ‏يتقلب. يتمرغ. يتغمس فى () 0800# | يخدم. يقوم على خدمة. يترتب‎
‏على‎ walrus () ‏شبيه بالفقمة»‎ oyt ‏الفظ‎
‎_up ‏يطيل السهر‎ | wan (adj) ‏شاحب.باهت‎
‎waiter (n.) wander (v.)
‏يتسكم . يتجول بدرن هدف - الجرسون . السعرجى . صينية . طبق‎
waiting list ).( ‏يتوه . يضل . يتشرد . يهيم على قاتمة الانتظار‎
waiting room (n.) ‏رجهه غرفة الانتظار‎
“waiting woman or maid (n.) ‏الخادمة‎ | wane (v}
waitress (1. ‏مطفم؟‎ P ‏يتضاءل. يصغر . بتناقص .. تضازل الخادمة‎
waive (v.)  كرتي. ‏يتخلى . يتنازل عن‎ | — of the moon P
wake ‏رقنا‎ waning (adj.) ‏متضاؤل. متناقص‎
‏يسهر. يتب بوفظ - يقظة. سهر.‎ | Wanly (adv) ‏بتضازل. بتناقص‎
‏يزيد . يرغب . يحتاج - 0 (.008) 0801 أثر سير السفينة فى الماء‎
wakeful (adj.) ‏حاجة. عوز . قلة سهران‎
waken (v.) ‏يوفظ .ينبه‎ | wanton (adin) - ‏فاجر. خليع . طائش‎
‏الخليع . العايث‎"	al-shamil-dictionary
592	"wantonly )207.( ‏بخلاعة . بعبث . عبثا‎ warm (adj.v.)
Wapiti (n.) 2 ‏دافىء . حار . قوى . حام . شهوانى. الوبيت «الأيل الاميركى‎
war (nv.) ‏.غاضب. حماسي - يدقىء. حرب . صراع - يحارب . يقائل‎
__room LA ‏ينعش . يسعد . يثير . يلهب غرفة العمليات‎
warble (n.v.) warmhearted (adj.)
‏عطوف . طيب القلب شدو . تغريد .لحن - يشدو. يغرد‎
warbler (n.) ‏طائر مغرد‎ | warmish (adj.) ‏دافىء لحد ما‎
ward (nv.)  . ‏القاصر. رصاية. سجن‎ | warmth ()
‏دف»ء. حماسة . صرامة . عنف اعتقال. حى «من مديئة ؟  يصد.‎
‏يرد يتفادي . جناح او قسم‎ | warm-up (n)
warden (n.) ‏تسخين «قبل المبارةا , استعداد حاكم المدينة, القيم.‎
‏لعمل هام ار حدث المراقب. الوصى على العرش؟‎
warder (n.) 0 ‏الحارس . السجان‎ it | wam (v.) ‏يحذر .ينه إلى‎
wardress (n.) ‏الجانة‎ | warning (nadj) - ‏تحذيرى‎  ريذحت‎
wardrobe (n.) ‏دولاب الملابسن‎ | warof nerves (n.)  باصعالا ‏حرب‎
‎wardship (n.) warp (mv.) 3 ‏طمى . طبقة مترسية.‎
Loy ‏ضلال. أساس . قاعدة. سدادة - تلمذة. حراسة . صيانة‎
ware (v.n.adj.) ‏يضل. يزيغ. بتحرف. يجر.‎
‏يحرف . بشوه . يلوى . يُسدى ينتبه إلى . يحذر - نوع من السلع‎
£l e ‏بضاعة - مدرك‎ warp and woof (n.) 0 ‏قاعدة. بدأ‎
warehouse (n.) ‏مستودع.مخزن‎ | War power (n.) ‏القرة الحربية‎
wareroom (n.) wammant (nv.) . ‏كفالة . ضمائة . تفريص‎
‏لعرض الملع؟‎ ١ ‏برهان. رخصة . ترخيص - متجر. معرض‎
warfare (n.) ٠ ‏يكفل. يضمن . يغرص‎
‏يرخص . يجيز. ييرر تضال. صراع  الخدمة العسكرية‎
warily (adv.) ‏بإحتراس . بإتباء . يتحتظ‎ | wamantable (adj)
wariness (1) ‏يمكن تبزيره. حلال . مباح احتراس . انتياه‎"	al-shamil-dictionary
593	"wamantee (n.) 0 ‏من يعطى ضمانة‎ | wassall (nv.)
warranter - ‏نخب . على صحتك . نخبك‎
‏يرف فى الشراب الضامن . الكفيل !""لون‎
warrant officer (n.) | ‏لد‎ | Wastage(n.) ‏خسارة. تلف . فقد‎
wamanty (n.) 0 ‏مسرغ.برهان.دليل‎ | waste (vn.adj)
warrior (n.) k. ‏يدمر. يضعف . بتضاءل - تبذير. المقاتل . المحارب‎
warsle ‏ضياع. فقر. أرض‎ )
‏بور. تبديد. نفاية - مبدد. ضائع يصارع !""مون‎
wat(n) Gl ‏صغير. تُؤلول.‎ e | wasteful(adi) ‏مثلاف. مبذر. مرف‎
warthog (n.) ‏الحتزير الوحشى الافريقى‎ | 3580280 (n)  ةلحاق ‏أرض بور أو‎
warty (adj.) ‏ذو تاليل‎ | wateh(vn)
was (past Istand 3rd sing. 0 ‏يلاحظ . ينه . يسهر . يحرس + كان‎
of be) ‏يراقب - مراقبة . حراسة . سهر‎
wash (v.n.) watchband (n.)
‏يفل . يجرف . ينقى . يغتسل . يمحى‎ Ll ‏أوستيك الساعة « جلدة‎
‏يشاكل - غسل. اغتسال.‎ watchdog (n.) ‏كلب الحرامة‎
‏مرجة . طلاء . دهان . الغسول‎ watcher (n.)  سراحلا‎ S ‏الساهر‎
‎washed - out (adj)  cab.owe | watchful (adj) ‏يقظ‎
‎washing (n.) ‏أغتسال. غل‎ watchman (n,) ‏الحارس . الخفير‎
washing machine (n.) 491 ‏القالة‎ | watch night (n.) ‏صلاة التهجد‎
washout (n.) waich tower (n.) ‏برج المراقبة‎
‏أخفاق. إحباط . اجتراف التربة‎ | watchword (n)  راعش.رسلا ‏كلمة‎
‎washy (adj.) water (n.adj.v.)
‏ماء. الماء  ماثى - يزود بالماء. شاحب .بات . صقيف . كثير الماء‎
wasp (n.) ‏يروى . يسقى . يبلل . يندى دبور‎
indeep _, ‏فى ورطة‎"	al-shamil-dictionary
594	"مايل . ارتعاش . ترئح فى ضائقة مالية ,_ ‎inlow‏
‏متمرج . مضطرب ‎wavy(ad))‏ | ظيى لماء ‎waterbuck (n.)‏
‎wax(nv)‏ | بيت الحلاء ‎watercloset (n.)‏
شمع - يتخدم الشمع . يكبر الرسم المالى ‎watrercolor (n.)‏
. يتعاظم . ينمر . يزداد طيور الماء ‎waterfowl (n.)‏
شمعى . أملس . شاحب  ‎waler gauge (n.) waxen (adj.)‏
‎WY (n2d))‏ | مقياس الماء « لمعرفة منسوبة »
طريق . سبيل . ممر. منوال . طريقة. نبات زتبق الماء ‎water lily (n.)‏
حالة . حرفة . حى ‏ مترسط البطيخ « فاكهة «)1( ‎watermelon‏
‏على فكرة. بالمناسبة ‎Yt‏ | حورية لماه ‎water nymph (n.)‏
غير لاثق . بعيد ,_ ‎water proofing (n.) outof the‏
يشرع. ينطلق. بيدا :864067 | سطح او طبقة مقاومة للماء
يفسح الطريق. بسع ‎٠‏ 0 | بزبوز. مزراب ‎waterspout (n.)‏
‎waybill (n)‏ | سافية ‎waterwheel (n.)‏
بيان الشحنة أو حمولة السفيئة محطة المياة ‎waterworks (n.)‏
ابن السبيل . عابر السبيل )1( 804805 | مالى.دامع. ضعيف ‎watery (n.)‏
‎wayfaring (n.)‏ الوات ) واحدة قياس القدرة  ‎walt(n)‏
‏السير أر السفر سيرا على الأقدام الكهربائية »
‎Wayside (n.adj)‏ | اللعد. الغبب.غبب ‎wattle (n.v.)‏
جانب الطريق . مرجود على جانب الطيور. غصن. سئط -
الطريق يضفر . يجدل
نحن ‎we (pron.)‏
ضعيف .واه ‎wave (n.v.) weak (adj.)‏
‎Vesken(v) ik‏ | موجة. تلويح « باليد ».رفرفة.
ضعيف لحد ما ‎g weakish (adj.)‏ . بتموج . يرفرف
بضعف: برهن ‎e | WeKlY (adv)‏ مشرشر. مموج  ‎waved (adi)‏
يتمابل . يخفق . يتريد 0 )( ‎waver‏"	al-shamil-dictionary
595	"weak - minded (adj.) weather (n.v.adj.)

الطقس . حالة الجر . حالة. وضع - أحمق. ضعيف العقل

ينجو من خطر . يقاوم خطراً ضعف .رهن ‎weakness (n.)‏
‎Weathercock (n.)‏ | ثروة.اغى ‎Wealth (n.)‏

ديك الرياح « بيان اناه موسر اغنى ‎Wealthy (adj.)‏
‎ey i‏ الشخص التقلب يفطم ‎wean (n.)‏

weanling (n.) weatherproof (adj.)

صامد؛لا يتاثر بالعوامل الجوية المفطوم حديثا (عن ‎LS‏

weapon (v.n.) ‏يلح - ملاح‎ ‘weather station (n.)
weaponless (adi.) ‏اعزل. بدون سلاح‎ Lyt ‏محطة الارصاد‎
wear (wn.) weave (v.n.)
‏حبك. نيج لبس . ملابس. موضية. القدرة‎
Sl ‏على‎ web (n.v.)

مؤامرة. نسيج «المنكبوت؛ . شبكة يرهن . يلى ‎__down‏
‏- يوقع فى شسرك. بنسج . يزول . يتناقص ‎_of‏
‏المنكبوت «خيرطا». يتشابك يمحر . ‎—out‏

مكفف .كاقدام الاوز ‎webbed (adj.)‏ تمل . مقرف . متعب ‎weariful (adj.)‏

weariless (adj.) Y | wed(v) ‏يزرج .ينربج‎
wearily ‏بلل.بنب (لفة)‎ | wedding (n) ‏رفاف . عرس‎
weariness (n.) ‏ملل . تعب. إرهاق‎ | Wedge (nv)

خابور . ] = يثبت إصفين . يتوتد ‎S‏ مرهق ‎weaky (@dj.v) - L.‏

‎wedlock (n) g‏ | يضجر.يمل.يآم

‏يوم الأربعاء ‎Wednesday (n.)‏ العرسة .ابن جرس - ‎weasel (n.v.)‏

‎weed (v.n.)‏ يرارغ . يتملص

‏يتخلص من . يغربل . يزيل العشب

‏عشب ضار سيجارة"	al-shamil-dictionary
596	"يلحم .لام التحام. وصل ‎(W)‏ 080 | مبيد للعشب ‎weedicide (n.)‏
رفاهية . سعادة. خير ‎weedy (adj.) welfare (n.)‏
الفضاء . السماء . القبة الزرقاء ‎welkin (m.)‏ | كثير الاعشاب. متعلق بالاعشاب
‎g‏ نيع ماء . ينبوع ماء - ‎well@madv)‏ | أسبوع ‎week (n.)‏
معافى . خبر . جيد كل يوم ‎weekdays (adv.)‏
طيب . خيراً. حنًا ‎weekend (n.v.)‏
متيس . في سعةٍ ‎—ff‏ | عطلة نهاية الاسبرع.نهاية
مرفق ‎١-0‏ الاسبوع . يقضى نهاية ‎eV‏
‏أيضا. بالثل كه ‎weekly (advadjn.)‏
كمثل . ومساويا ل 5 45 | اسبوعيًا . أسبوعى . الجريدة
‎well - advised (adj.)‏ الاسبوعية
مدروس .صائب. حكيم يبكى . بناب. ينز ‎weep (v.)‏
كابل الاثاث ‎well - appointed (adi)‏ | كير إلبكاء ‎weepy (adj.)‏
وا أسقاه ! ‎wellaway (inter)‏ | الوسة. سوسة ‎weevil (n.)‏
رفاهة . خير . سعادة ‏ (.0) ‎well-being‏ فا ارلقام»
فاعل ‎well-doer(n) s‏ | موس ‎weevilly‏
‎well - done ! (adj.)‏ | قماش.نسيج ‎weft (n.)‏
حنا. منجز على وجه يزن. يثقل . يسحب المرساة  ‎weigh (V)‏
حسن. أحت! بغ بغ رزن. ثقل . نفوذ ‎weight (n.)‏
الصحة. العافية ‎wellness (n.)‏ راقم الأثقال ‎weight lifter (n.)‏
رامع الاطلاع ‎weighty (adj.) weil - read (n.)‏
‎well - wishing (adjn.)‏ | ثقيل . ذر ثقل . بدين . عظيم ‎Ol‏
‎e‏ الخبر - تمنى الخير طائر الويكه 0 نيوزيلاتدى؟ة ‏ )1( ‎Weka‏
‏اضطراب . هياج - ‎welter (n.v.)‏
بمرج . يتلاطم . يتقلب ‎welcome (interj.adj.v.n.)‏
كيس دهلى . غدة دهنية () ‎١ wen‏ اهلا . مرحبا - مختص ب . مرحب -
بغى . خادمة - يزني ‎wench (n.v.)‏ يرحب به - ترحيب. ترحاب"	al-shamil-dictionary
597	"west (n.adj.adv.) ) whatever oroasdi)
‏غربي - غربًا. فى اتجاه‎  برغلا‎ | whatsoever
0 ‏ماذا. ما - مهما. كل ما . كيفما كان لغرب‎
western (n.adj.) ‏الغربى - غربى‎ | whatnot (n.)
Westerner (n.) ‏خزانة الكتب والتحف . يما شىء‎
© ‏أحد أبناء الغرب « الغربى‎ A
western hemisphere (n.) wheat (n.) ‏حنطة‎ b
‏نصف الكرة الغربى‎ | wheatear (n.) ‏الأبلق « طائر ؟‎
westernize (v.) wheaten (adj.) ‏تمحى‎
‏صدا القمح 08 068 | يجمله غربى الثقافة أو الملامح‎
westernmost (adj.) whealstone bridge (n.)
‏قنطرة هويتستون « فى الكهرباء؟ يوجد في أقصى الغرب‎
westward (n.adv.adj.) wheei (mv.) ‏عجلة .درلاب يدور‎
‏الغرب - نحو الغرب  غربى‎ | wheelbarrow (n) ‏عربة يد‎
wet (adj.v.n.) wheelchair (n.)
‏كثبر المطر - يبلل . يبول‎ . o . ‏كرسى متحرك « للمعاقين؟ مبلل‎
‏بلل. جو ماطر. ماء‎ - wheelman (n.) Gl ‏مدير‎ Gt
wetness (n.) ‏بلل. نداوة‎ ١ wheeze (vn) ‏يئز . يصفر - أزيز . صفير‎
wet nurse (n..) whelk (n.)
* ‏الولك «قوقع حلزونى بحرى». بثرة المرضعة. تريع  ولد غيرها‎
whale (n.v.) when (adv.conj.n.)
‏مستى ؟. ومن ثم.سابقا - برغم الحرت. شىء ضفخم يصطاد‎
‏زمان «وقت حدوث الحوت. يهزم - يضرب بعلنف‎  امدنع‎ |
whaler (n.) + ‏الشىء‎
‏صائد الحيتان. مركب لصيد الحيتان‎ | whence (adv.con.)
what (adj.pron.) ‏من أين؟ - لذلك . من حيث ما . ماذا  الذى . التى‎"	al-shamil-dictionary
598	"الوبت «كلب نحيل؟  ‎whencesoever (conj.) whippet (n.)‏
ضرب بالسياط )( ‎whipping‏ | من أى مكان كاذ
زربعة. إعصار ‎whenever (adv.conj.) whirlwind (n.)‏
‎(ny.)‏ فت ‎١‏ شي ؟ ‏ كلما
منشة . مقشة صغيرة . مضرب ‎where (adv.conj.n.)‏
‎whereas (conj.n.) whisker, _s (n.)‏
سنبلة السبلة . شارب «القطةء . .6 لما كان. حيث أن - حيثية . مقدمة
‎wherever (adv.con.) wisky (n.)‏
وسكى ‎١‏ مشروب مسكر ؟ حيثما. أينما. أين - كلما
‎whether (pron.conj.) whisper (n.v.)‏
همس. وشوشة - يهمس. بوشوش أى الأثنين ‏ سواء ... أم ...ما إذا
صفير . صفارة - يصفر  ‎whistle (nv.)‏ | يا سلام! - صيحة تعجب ‎whew (interjn.)‏
‎white (adjin.)‏ | مصل اللبن ‎whey (n.)‏
أبيض . شاحب ‏ اللون الأبيض ‎which (adj.pron.)‏
أسبيداج مم/ _ | أى - أيهما. الذى.التى
جبانذ ‎(pron.adj.) __livered‏ بحسي
يض () ‎whiten‏ | أي الاثنين ‏ أبما شىء
نباف )1( ‎whidah (1) whiteness‏
‎whitewash (mv.)‏ | الهويد 3 طائر ذو ذيل طويل *
‎Sl‏ الجدران بالجير - يبيض ‎while (conj.n.prep.)‏
‎whither (adv.conj.)‏ . برهة . فترة ‏ حتى ذلك الحين -
إلي حيث . حبيث - حيثما يقتل الوقت ‎whip (vn.)‏
اضارب إلى البياض  ‎whitish(adi)‏ | بضرب. يخفق . بقلب. يسوط -
داحوس ‎١‏ الأضيع € (68) اولاني | سوط . كرياج. الحوذى
الذى . التى للعاقل . من؟ (.00م) ‎١ who‏ الهيئة الحاكمة . سلطة (80) ‎whip - hand‏"	al-shamil-dictionary
599	"who 597 wil
whole (adj.n.) wickedness (n.) ‏اشر. فجور‎
‏سليم . صحيح  كامل. تام. جميع‎ | wide (adv.ad))
whole bound (adj.) ‏كاملا‎ (A€ ‏بعيدا < راسع . رحيب . عريض مجلد‎
wholeness (n) 0 ‏تمام. كمال‎  ةيلك‎ | wide - awake (adj)
wholesale (v.n.sdj.) ‏يقظان. صاح. متبه‎
- ‏بيع بالجملة  البيع بالجملة‎ | widely )20(
‏بعيدا. جدا . يفسح . باتساع بالجملة‎
_ bookseller ‏مكتبة جملة‎ | widen (v) ‏يوسع . يعرض‎
_-_ 00 ‏تجارة الجملة للكتب‎ | wideness (n.) ‏اتساع . سعة . عرض‎
__price ‏سعر الجملة‎ | widespread (adj.) ‏منتشر. فائع‎
wholesome (adj,) ‏نافع للصحة. صحى‎ | widow (n.v.) ‏ارملة. أيم - يُرمل‎
wholly (adv.) DSBS L | widower (1) ‏الأمل . أرمل.آيم‎
whom (pron.) widowhood (n.) ¢ ‏ترمل د الزرجة‎
S . ‏الذي . الذين. التى‎ yidowerhood (1) ٠٠ ‏ترمل « الزرج‎
whomsocver ‏عرض .اتساع بلطف | الس‎
‏ىكل من.أيا كان‎ it ) ‏زرجة‎
‎whoop (n.v.) .
. .| companion _,
‏شهقة. هتاف - يشهق. يهتف‎ (I 1 ‏زوجة ثانية د ضئرة‎
whooping cough (n) ‏جه اب ب وز | السعال الفيكى‎
wig (n. ‏ل شعر مس‎
‏بارركة شعر مستعار | د درت العا‎
whoredom (n.) ‏تعيف لعم يل زنا. زنى . فحش‎  فينع‎
whoremaster . ] ‏ا‎ (n) ‏برقة الحشرة‎
whoremonger ()7:( ‏قواد. ديوث. الزانى‎ | wigwam(n)  صاخد ‏كرغ بيضوى‎
. sl
whose (pron) ¢ 4 -y i ‏دقعم‎
‎whosoever (pron) ¢ ¢ -4
why (conj.adv.) o 9 | ‏برية - همجى . وحشى . برى . متهور‎
‏عزني | لماذاءلاى سبب ؟‎ (v
wicked (adj.) R s
1 ‏خدعة , مكيدة . ملعرب - يخدع شربر. فاجر‎"	al-shamil-dictionary
600	"يخرج ريحًا ,_ ‎wilful (adj.) pass‏
مصد للرياح ‎windbreak (n.)‏ | صلب الرأى . قصدى . متعمد. عن
‎o] windcone (n.)‏
مخروط الربح «لبيان اتجاه الريح؟ ‎negligence of prayer‏ _
‎windalass (n.v.)‏ | ترك الصلاة عن عمد
مرفاع . رافعة - يرفع بمرفاع عمداً. عن قصد ‎wilfully (adv.)‏
‎windmill (nv.)‏ | يريد. بشاء ‎will (v.aux.)‏
طاحونة هوائية . يدير أو يدور مثل إرادة . مشيئة . رصية ‎will (n.)‏
الطاحونة الهوائية بغفض . حقد .الل
بندقية هواء ‎(n.)‏ 10080 | بمشيئة الله ! . إن شاء الله ! ‎willing‏ 000
‎willingly (adv.) winding (n.adj.)‏
التواء . انحناء . عطفة . حودة - برغبة . اختيارًً . عن طيب خاطر
متعرج إرادة. مشيئة ‎willingness (n.)‏
نافذة. شباك ‎Window (n.)‏ | شجر ‎willow (n.) Glaiall‏
شيش الشباك ‎willy nilly (adv.) __blind‏
‎Windsor chair ()‏ | اراد ار لم يرد. ورجله فوق ‎Wi‏
‏كرسى وندسور ‎o SV‏ خشبى؟ ‎wimple (n.v.)‏
عاصف . كثير الارياح ‏ (./24) ‎Windy‏ | خمار. يغطى يخمار ‏ بموج
بيذ . حمر ‎Wine(n)‏ | يفوز.يريح ‎win (v.)‏
جناح - يزود بجناح . ‎winch (n.v.) WIng (M) by‏
جناح صغير تيح 0 (8) 00818 | ونش .رافعة الاثقال - يرفع بونش
يغمز بعيئه . يرمش - غمزة. (-6.8) فايلا
طرفة عين
غفوة. تعسيلة ,_ ‎wind (n.v.) forty‏
‎gy | 0860) o‏ سهب الرياح. غرور .ريح
رابح . فائز ‏ ربح . فوز )&( 008008 | ‎e‏ لفة.دورة - يدور يدير"	al-shamil-dictionary
601	"اسلوب . طريقة. منوال - (.[0.80) ‎winnow (v.n.) wise‏
العاقل . الحكيم يغربل . يذرى «القمح؟ - مذارة
الأبله. المتفلسف ‎wiseacre (n)‏ | غربلة. تلرية ‎winnowing (n.)‏
بحكمة.بعمقتل ‎winter (n.v.adj.) wisely (adv.)‏
‎wish, for (v.)‏ | فصل الشتاء ‏ بشتى . بقفى فصل
يرغبا فى . يتمنى . يبتغى - الشتاء ‏ شترى
رغية . مراد عز الشتاء ,__ ‎depthof‏
‏عظم الترقوة ‎winter - kill (v.n.) wishbone (n.)‏
) . المتمنى ‎(n)‏ 5082 | بمرت من شدة البرد ‏ الموت من
راغب . مشتاق . متمن ‏ (أز4ة) ‎wishful‏ اشدة البرد
برغية. باشتياق 7 ‎ol <y | Wishfully (adv.)‏ فصل ‎winter - tide (n.) st‏
‎Wisp(n)‏ | شترى.بارد ‎winterly (adj.)‏
منشة . مقشة . مكنسة . خصلة . ‎winy (adj.) i‏
‎wistful )4(‏ | سكران. منعش . متعلقى بالخمر
حزين . راغب . كثير الاهتمام ‎wipe (v.n.)‏
فطنة . ذكاء . حصافة . دهاء .عقل (:8 1 | يزيل . يمسح . ينشف . يزيل بالمسح -
العرافة . ‎LI‏ الساحر - ‎witch (m.v.)‏ مح . مسحة . مندل . ضربة .
‎with (prep)‏ | يبرق .يلضم بسلك أر يزرد ‎wire (vn.)‏
مع . ب. بواسطة. قرب. لولا. ذو بلك . سلك . خبط معدنى
‎withdraw (vn.)‏ | تدبيس باللك ‎staple‏ __
بسحب . يسترد. يتراجع - سجل خياطة بالسلك ‎stitching‏ __
المحوبات لاسلكى . اللاسلكى - ‎wireless (adjv.)‏
انحاب . استرداد ‏ (.0) ‎withdrawal‏ ييرق. يرسل ‎AL‏
‏سجل المستبعدات ‎s register‏ | سلكى . مثل ‎wiry (adj.) 5yl‏
‎withdrawn (adj)‏ | حكمة. عقل. فطنة ‎wisdom (n.)‏
متطر على نفسه ‏ متعزل"	al-shamil-dictionary
602	"ويل لك ! ! ‎wither (v.) Woe upon you‏
مهموم . مكتئب . تعيس . (41ه) ‎woeful‏ | يذرى . يذبل . يوهن . يجف .يبس
غابة . بيداء . فلاة (.) ‎wold‏ | يحجز. يحبس عن ‎withhold (v.)‏
‎sl‏ - ياكل بشراهة. يلتهم ‎within (n.prep.adv.) wolf (n.v.)‏
مفترس . ضار . مثل الذتب ‎wolfish (adj.)‏ | الجزء الداخلى - داخل فى
الشره 3 حبوان ثدى © (.8) ‎wolverine‏ | باطن.. ضمن ‏ داخلاً. من
امرأة. المرأة ‎woman (n.)‏ الداخل
يا معشر النساء ! ! ‎without (adv.prep.) 0 wonenfolk‏
‎womanhood (n.) eyl‏ | خارجيا. حارج المنزل -
أنشوى ‎L.‏ نسوى ‎womanish (adj)‏ | دراء. حارج كذا. بدون. من غير
النساء ‎withstand (v.) womankind (n.)‏
رَحم. الرحم ‎womb‏ | يعارض . يعترض. يقارم. يصد
من المهد إلي اللحد 0/0 _ ‎from‏ | الصفصاف ‏ لدن. طرى ‎withy (nadj.)‏
‎witness (n.v.) wombat (r.)‏
‎o‏ لحيوان يشبه الدب» شاهد. شهادة ‏ يشهد على . يشاهد
‎١ women (n.) R‏ شاهد عدل ,_ ‎competent‏
‎past, past part . of win‏ , 08 | شهادة زور ,__ ‎false‏
‏كب .ريح . تال اشهادة ‎i‏ . شاهد فى ,__ ‎counter‏
‎wonder , at (v.n.)‏ | يشهد الزور ‎givefalse ٠‏
يتعجب . يندهش . يتساءل. يشك - يؤدى الشهادة ,_ ‎bear‏
‏عَجب . دهشة . أعجوبة . تعجب ‎__for the defence‏
راز ‎wonderful‏ | شهادة نفى . شاهد نفى
مدهش.عجيب ‎wondrous‏ | شاهد إئيات ‎—for the prosecution‏
اعتيادى .عادى . معتاد  ‎wonted (adj.)‏ | فكاهة. نكتة ‎witticism (n.)‏
يلتمس . يعشق . بخطب ‎woo (v.)‏ | مارح . مليح ‎&Sl‏ . طريف ‎witty (adj.)‏
خشب . غابة - عشبى ‎wood (n.adj)‏ | يتاهل. يتزدج ‎wive (v.)‏
حفار الخشب ‎engraver‏ __ | راآسفاء! .هم . ريل.مصبية 0 ‎Woe (n)‏"	al-shamil-dictionary
603	"تكشيف الكلمات ‎ikt | indexing‏ على الخشب ‎__engraving‏
‏ارتدى . لبس ‎wore,, past, 04 wear‏ | ورق لب الخشب ‎pulp paper‏ —
‎work (nv.adj)‏ | خشبى . من ‎wooden (adj) bl‏
عمل . شغل . صناعة . مهنة . سعى + غابة. أرض مشجرة ‎woodland (n.)‏
كد - يسعمل. يسعى .ينتج ‎woodman (n.)‏
. يكد . يتقدم. يحثال على - صياد. حطاب . حارس الغابة
خاص بالعمل ثقار الخشب « ‎woodpecker (n.) ¢l‏
إدمان العمل ‎woodpigeon (n.) workaholic (n.)‏
طبقة العمال ‎workfolk (m.)‏ | الحمام للطرق.حمام برى
مصنعية , الاجرة  ‎Workmanship (n.)‏ | مار برمة خشابى ‎wood - screw (n.)‏
ورشة . حلقة دراسية . ندوة (.8) ‎Workshop‏ | خشبى .كثير الاشجار  ‎woody (adj.)‏
العالم . الخليقة . البشر . )( ‎world‏ | طالب الزواج . مغرم ‎wooer (n.)‏
المجتمع البشرى صوف. وبر زغب. العهن ‏ )1( ‎wool‏
‏محنك . مجرب . رجل, ._. ‎amanofthe‏ | العهن المنفوش _ ‎carded‏
‏الدنيا ™ ‎woolen (adj.)‏
بالضبط . تماما ,_ ‎forallthe‏ | صوفى. مغطى بصوف  ‎woolly (adj.)‏
على رؤوس ‎word (n.v.) forall the _ to see‏
الاشهاد كلمة . عبارة . وعد . عهد . رسالة
العالم الأسلامى 190714 ‎Islamic‏ 186 أمر - يعبر . ينص . يكتب
الكل جميمًا ‎_for_, GG | allthe_‏
دار الفناء _ ‎the temporal‏ الواحد . كلمة  ‎LS‏
‏الإهتمام بأمرر الدنيا ‎worldliness (n.)‏ | بالاختصار ‎ina_,‏
‏محب ‎worlding (n)  sys. LAl‏ | مشافهة ‎by __ of mouth‏
دنيوى ‎worldly (adj)‏ | بشرنى ,_ ‎uponmy‏
‏متاع الدنيا ‎thing‏ — | يفى ‎keep one’s ٠ oy‏
راسع الإنتشار . رائع (.[04) ‎wide‏ - 0018 | اخبار تداعى الكلمات ‎__assocation‏
‏الصيت. منتشر فى العالم كشاف الكلمات ‎__index‏"	al-shamil-dictionary
604	"شلة صوف - صوفى ‎worm (n.v.) worsted (n.adj.)‏
‎wort(n)‏ | دودة. حشرة. سومة. نقاشة
‎worm - eaten (adj.) e‏
قيمة . استحقاق . & )( 080 ‎١‏ متأكل. منخور. سوس
يستحق. يارى عجلة ‎(n)  ىدود ey‏ 8625 000
جدارة. استحقاق ‎worthiness (n.)‏ | مدود. كثير الدود ‎wormy (adj.)‏
تافه. لا قيمة له ‎Wworthless (adj.)‏ | ملبوس . لبس ‎worn , past part of wear‏
مُعتبر . فاضل . وجيه ‎worthy ,of (adi)‏ | بال .رث . مرههق ‎won (adj.)‏
أراد. شاء ‎past of will‏ 00014 | مضتى . بال. منهوك القوى. مستهلك ‎_out‏
‏جرح يجرح ‎wound (mv.)‏ | تجلد بال ‎outbinding‏ __
‎wound 0856, 0031 part of‏ | قلق . مضطرب. منزعج ‎worried (adj.)‏
لف ملفوف ‎worry (n.v) wind‏
‎wounded (adjn)‏ | قلق . اضطراب - يقلق. يزعج
مجررح . جريح - الصاب ‎worse (adv.adj.)‏
نج .حاك ‎st | wove past of weave‏ شر ‎2t‏ أردا. احط
حطام . خراب = يحطم  ‎worship (n.v.) 05886 (1.v.)‏
‎(V)‏ 780816 | عبادة. سجود. فضيلةالقب احترام»
يتشاجر . يخاصم - مشاحنة , خصام - يعبد. يسجاد
مشاحنة. خصام . جدال (.8) ‎wrangling‏ | أماكن العبادة ‎placesof ٠‏
‎ways of __ oL, | wrap (nv.)‏
رداء . حرام .دثار . صر . لفة - لك ,_ ‎actof‏
‏يغلف. يحبك ‎g‏ مكرم ‎worshipful (adj.)‏
‎and a garment‏ 70/088 | عابد . مصل . ساجد  ‎worshipper (n.)‏
يلبس الرداء والأزرار 1 ‎worst (adj.adv.v.)‏
ملفوف . مغلف ‎wrapped (adi)‏ | الاردا ‏ إلى ‎Ty‏ درجة -
ررق تغليف ‏ (0) ‎wrapping paper‏ يقهر . يغلب"	al-shamil-dictionary
605	"‎wring ).(‏ | غضب شديد. غيظ . سخغط ‏ (.8) ‎wrath‏
‏يعر . يلوى .يرم بغصب خط الله ,_ ‎Allah's‏
‏.يفتصب. يعذب - تلوى. مفتاظ . غاضب. ‎wrathful (adj.)‏
اغتصاب ينتقم . يصب نقمته على ).1( 08 , ‎wreak‏
‎Wringing - machine (n.)‏ | كليل ‎wreath (n.) a5 o‏
آلة العصر.عصارة ضفيرة من زهور
‎Wrinkle (vn.)‏ | يضفر . يجدل. يكلل . يطوق ‎wreathe (v.)‏
يجعد . يكرمش - ‎e‏ تجعد ‎wreck (v.n.)‏
معصم . رسخ اليد (0) 80لا | يتحطم. يحطم. يتلف. يدير .يكر
‎write (v.)‏ - حطام سفينة غارقة. أنقاض
يكتب . يخط . يؤلف . يدون. يصنف خراب . دمار
يحرر . يدون ‎—down‏ | حطام اللفيئة ‎wreckage (n.)‏
يحذف. يشطب ‎—of‏ محطم مخرب ‎wrecked (adj.)‏
يكتب بالتفصيل ‎—¥P‏ | يلوى.يلترى. ‎wrench (v.n.)‏
كاتب . محرر. مصنف ‎(n.)‏ :16 يشوه. يحرف - التواه. أفساد
يحرف . يلوى . يفتل . يرم ‎writhe (v.)‏ المعنى. تحريف . مفتاح ربط
يتضور جرعًا ‎wrest (n.v.) — with hunger‏
كتابة . رسالة. مؤلف )( 1008 | تشويه. نحريف ‏ يرم . يلرى
مواد للكتابة  ‎writing materials (n.)‏ يناضل . يصارع - ‎wrestle (v.n.)‏
ورقة كتابة ).( ‎writing paper‏ كفاح . نضال. مصارعة
مكترب ‎written, pastpan of write‏ | الماع ‎wrestler (n.)‏
‎wrong (adj.v.n.)‏ مصارعة. صراع ‎wrestling (n.)‏
غير صحيح . خاطىء. غير مرضي ‎wretch, _ed(adj.) . o‏
- يظلم . يجور على - ظلم. خطأ معيشة ضتكى )1( ‎wretch, _edlife‏
يظلم ‎—oneself i‏ | تماسة. شقاء ‎wretchedness (n.)‏
ظالم.آلم ‎wrongdoer (n.)‏
ابذاء. ظلم. إلم. خطا ‎wrongdoing (n.)‏"	al-shamil-dictionary
606	"wronged (adj.) ‏نظلوم‎ | wroughtiron (n)  عواطملا ‏الحديد‎
‎wrongful (adj.) ‏ظالم. جاثر‎ | wry(vad)  - ‏ييرم. بلوى .يحرف‎

معوج . ملتر. محرف ‎wrongfully (adv.)‏
يعوج . يلوى + يُصعر - ‎madj)‏ ل« | بغير حق. ظلمًا وعدرانًا

ملتر. معوج . ساخر. عنيد &< ‎wrote past of write‏
اللراء ‎١‏ طائر » () ‎wryneck‏ | مغتاظ ززقه) ‎wroth‏
‏مر . زقاق ‎wrought past,past part .of wynd (n.)‏
التنين المجنح احيوان خرافى؟ 91000 | مصنوع. مُشكل ‎work‏"	al-shamil-dictionary
607	"7«*

التصوير الجاف )( ‎xerography‏ | الحرف الرابع والعشرون من 7ص

‎xerophilous (adj.)‏ | حروف الهجاء الإنجليزية
بعلى د نبات ‎e‏ بادئه معناها 3 أصفر » ‎xanth‏
‏نباتات تنمو فى المناطق ‎xerophytes (n.)‏ | ضارب إلى الصفار . مصفر ‎xanthic (dj.)‏
الجافة حامض الصفراريك ‎xanthic acid‏

‏سيفى الشكل - ‎xiphoid (adj.n.)‏ «فى الكيمياء»

‏مؤخر القص الزانتين «مادة صفراء ‎xanthin (n.)‏

‏اشعة أاكس . الاشعة السينية (.8) ‎X -ray‏ تستخلص من الأزهار؟
الممالجة بالاشعة ‎X-ray therapy (n.)‏ | امرأة مشاغبة  ‎xanthippe (n.) (GK.)‏
السينية ليمونى ‎xanthocarpus (adj.)‏
فن النقش على ‎xylography(n)‏ | الاشقر ‏ أشقر ‎xanthochroid (n.adj)‏
= المتغولى . أصفر . ‎xanthous (adj.)‏
خشبى. شه بالخشب ‎xyloid (adj.)‏ | المحور السينى ‎x-axis (n) (F.)‏
قارض الخشب. ‎xylophagous (adj.)‏ | الإحداثى السينى  ‎x-coordinate (n.)‏
سوس مركب بثلاثة صرارى )( ‎xebec‏
‏الاكسليفون « آلة (.«) ‎Xylophone‏ | التزاوج بين الاجناس. ‎xenogamy (n.)‏

‏موسيقية ؟ الاخصاب التهجينى
بادثة معناها ) جاف ¢ ‎Xerorxero‏
‎xerogrophic printer (n.)‏

‏الطبع المصرر الجاف"	al-shamil-dictionary
608	"7
77
الطاؤب. فجوة. ثغرة ‎ -‏ (8.0) 738 | الحرف الخامس والعشرون من 0 ‎Y.y‏
‏يتناءب . ينشق الابجدية الإنجليزية
نعم . بلى . أجل ‎yeaseeyes‏ | يخت . سفينة للنزهة - ‎yacht (n.v.)‏
يلد ‎١‏ النعجة؛ ‎yean(n)‏ | يحر في بخت
‎o‏ . رضيع ‎yeanling (nadj)‏ | السياحة أو الإبحار فى 0 ‎yachting (n)‏
‎year (n.) gl‏ بيخت
كتاب سنوى « الحولية 4 ‎vearbook‏ | الرثرة - يثرثر ‎yack (n.v.)‏
سنوى ‎yearly )30[.807.0.( Gl‏ | الياك 3 ثور النبيت» . ثرثرة - (..ج) ‎yak‏
‏نشرة سنوية يثرثر
يشتاق . يحن ‎yeam(v)‏ | ليام 3 نوع من اليطاطا ¢ ‎yam(Pg)‏
‏خميرة. خميرة البيرة ‎yeast(nv)  -‏ | السراى « مقر الحكومة ‎yamen (chin)‏
رغوى . خميرى . غير 0 ‎veasty(adi)‏ | اثرثرة. تذمر - يثرثر .0 ‎yammer (n.v)‏
ناضج . مفعم بالحيوية يتحب
صرخة. رعقة - يصرخ . يزعق(87) ‎yell‏ | باردة ‎41١4‏ . سنتيمتر. حوش . فتاه )1( 13258
يشكو قطن مغزول. غزل . قصة ملفقة (.7) 250لا
لون أصفر - يجمله ([0.7.34) ‎yellow‏ | البشمك . حجاب المرأة.  ‎yashmak (n.)‏
الحمى الصفراء ‎yellow fever (n.) €5 ot‏ | البطقان «سيف تركى ‎yataghan (Turk)‏
ضارب إلى الصفرة ‎yellowish (adj.)‏ محدب ‎b‏
‏دبور لونه أصفر  ‎١ yellowjacket (n.)‏ يجعله ينعرج - الإنعراج 0 (.7.8) 328
أصفر القدمين «طائر ‎yellowlegs (n)‏ | نباح . مركب صغير. فلوكة - ‎yawl(nv.)‏
‎S‏ يعرى. يبح"	al-shamil-dictionary
609	"أنت. أنتم ‎gt‏ أنتما ‎you(pron)‏ | صفار. أصفرار ‎yellowness (n.)‏
صغير السن.حديث. ‎young(adin)‏ | يعوى . ينبح عراء. نباح 0 ‎yelp(vn)‏
‏صغير - الصغير. الصغار مالك . فلاح من الشعب  ‎yeoman(n.)‏
‏غلام ‎ayoungman‏ | خدمة جليلة 0 ‎yeoman'sduty(n)‏
‏طفل . صغير . حديث  ‎youngster(n)‏ | نعم ‎yes (adv.)‏
السن أمس - ‎yesterday (adv.n) NI‏
لك .لك . لكما. لكم ‎your (pron.)‏ | مختص باس ‎yestem (adj.)‏
مالك .مالك .ما ‎yours(pron) o‏ | ليلة اسن ‎yesternight (adv.)‏
نفك . نفك . بنفك ‎yourself (pron)‏ | لا يزال. يوما. حتى  ‎yet(@dv.eoni)‏
‏شاب. الشباب. ومن الصبى ‎youh(n)‏ | الآن ب علارة فوق فلك .يل
نشيط . ناضر. فى ‎youhful(adi)‏ | د .. - ومع ذلك
شباب ‎youthfulness (n.)‏ | الطقوس «شجر دائم الخضرة؟ ‎yew (n.)‏
ينبح . يعوى . يموء ‏ نباح + ‎١ yowl (v.n)‏ غلة . نتاج. محصول - ‎yield (n.)‏
غار الخردل ‎yperite (n.)‏ | يرتبط . بربط - عبودية. مقرن 0.0.1) ‎yoke‏
‏اليكة 3 نبات من نصيلة  ‎yueea (sp)‏ الفذان ‎١‏ ثوران ‎O3‏ بينهما بغير
‎s‏ رباطا
عيد ميلاد المي ‎yule(n,)‏ | اليوجا ‎١‏ فلسفة ررياضة 6 ‎yoga(skt)‏
‏موسم أر فصل عيد ‎yuletide (n.)‏ المح صفار البيض ‎yolk (n.)‏
اليلاد المسيحى هناك . هثالك - ‎yon,yonder (adv.)‏
محدث نعمة ‎yuppic (adj.)‏"	al-shamil-dictionary
610	"2 7
لالج
‎e‏ لا شىء ‎١ zero (Ar)‏ الحرف الادس والعشرون من ,2ص
ساعة الصفر . ساعة . ‎zero-hour(n)‏ | حروف الهجاء الإنجليزية
بدأ المعركة؟ الزكاة ‎zakat (n.)‏
التمثيل بصفر ‎zerofill (n.)‏ | إيتاء الزكاة ,_ ‎paymentof‏
‏نقطة الصفر ‎point (n)‏ 2600 | زمزم.بثر زيزم ممكة  ‎amzam(n.)‏
‏نكهة . طعم . لذة. متعة. 0 ‎st ny)‏ امكرمة»
فكاهة ‏ يطيب مضحك.تهريجى - )@ ‎zany‏
‏زيوس «كبير آلهة ‎Zeus(n) oLy‏ المضحك. المتملق
زجزاج «قماش» .(.0.2[.7.801) 218238 | الزريية «مكان تربية المواشى» ‎zareba(n.)‏
‏خط متعرج - متعرج . متعرج - المتعصب. التحمس - (ز4ة.8) 260101
يطلى بالزنك ‏ ثوتيا. زنك (00) 2000 | حماسى. حيس ‎2alous (adi)‏
‎zincky :‏ | بحم ‎zealously (adv.)‏
‎S‏ ضما ‎zealousness (n.) u_zf,u. zinky‏
الحفر علي الزنك. )( ‎zincography‏ | الحمار الوحشى . حمار مخطط ‎(n.)‏ 28058
النقش على الواح الزنك نوع من ‎AN‏ ذو ‎(n.) e‏ 200
أكسيد الزنك ‎zinc oxide (n.)‏ طابع أو سمة العصر ‎(n.)‏ 26016651
نشاط . أزير - بثز ‎zendik X zing (n.v.)‏
بيت القدس. صهيون )( موي ‎s ١‏ 940[ يزوين
أدرشليم . الشعب اليهودى أدج الجد ‎zenith (n.)‏
الصهيونية. الحركة الصهوينية ‎Zionism (n.)‏ النسيم .ريح غربية. زفير  ‎2ephyr(n)‏
‏الصهيونى - صهيونى (.(0.30) ‎Zionist‏ «قماش؟» .شال
منطاد ربلن ‎zeppelin (n.)‏"	al-shamil-dictionary
611	"s
;/ ”,
WWW.BOOKS4ALL.NET"	al-shamil-dictionary
