page	text	source
1	"2 DICTIONARY 4-3
English-Arabic
Arabic-English

= : Translated by: ; =

‎Moustafa Boudjerada Exe‏ ان"	word-to-word-bilingual-dictionary
2	"Digitized by the Internet Archive
in 2022 with funding from
Kahle/Austin Foundation
hitps:/archive org/details wordtowordbiing0000boud."	word-to-word-bilingual-dictionary
3	]ا	word-to-word-bilingual-dictionary
4	fat ‏ل‎	word-to-word-bilingual-dictionary
5	"ا

ن ‎a‏ ا
‎EC‏ سا ا

ل لا
‎Ki‏ لس 0 0

1 "" = 5 | 0

١ 0 ‏ب‎

‎i‏ ا

‏= م عد يهان"	word-to-word-bilingual-dictionary
6	i	word-to-word-bilingual-dictionary
7	"‎ey | LI‏ ا
‎N = -‏
م 7"	word-to-word-bilingual-dictionary
8	"Word-to-word Dictionaries
Englishrdu Urdu English comple by Or Khurshid A)
English Hind English (opie by Josesh W. Fer)
English Punjabi Puiabs English (complied by Prakash Sigh Gil
English.farsi | ‏مالو ادبو‎ (compild by Maryam Zaman)
Engish-Arabic Arabic Engh op by Aula Hosan Aare)
English Samal Sol Engi compe ty ‏لامعالا‎ Kersh)
English Spanish Spanish-English (camped b Cando esa)
English Gujarat Gujarat Engle (caplod by Neha eh)
Engisn-Chinese Chinese Engh comoied by Wesvo Lio)
Englah Korean Korean English comple by Mic Kim Chistes)
English Russian Russian-English (camped b Eaten Stity)
English Portuguese Portuguese English (camped by Suzana Sans)
English Vietnamese Vitnamese-English coped by Try Gvenn)
Engish-Geman Geman English (ampied by Hosa 1)
English Turkish Turkish Engh conpied ty Ng Yaz50)
English Bengal BengalEngls (ample oy Prodp Kar Outs)
English Tagalog Tagalog-Englsh (compe oy Norma Sri)
Engish Haan Grol Hain Caol-English (oped oy Kara Gent)
English Cambodian { Cambodian Engh Cape by ak Sckeang)
Engi french | Franch-Englich (amped by Vanessa rs)
English ash  Pashlo-Englsh (opie ty Sova ita)
Engin Romanian | Romanian English compe ty Ara Cran Dt)
English Thal | That Engh (copie by eso Kinin)
More languages in print
(ARN
>
STAR PUBLICATIONS PVT.LTD
New Delhi 110 002"	word-to-word-bilingual-dictionary
9	"Word-to-word (Bilingual)
DICTIONARY
ENGLISH-ARABIC
ARABIC-ENGLISH
Compiled by
Moustafa Boudjerada"	word-to-word-bilingual-dictionary
10	"Boudjerada, Moustafa

ENGLISH-ARABIC / ARABIC-ENGLISH
Word-to-word (Bilingual) Dictionary

© Bilingual Dictionaries Inc, USA

First Edition : 2009

Published in India by

Star Publications Pvt. Ltd.

4/58 Asaf Ali Road

New Delhi- 110 002 (India)

(e-mail: starpub@satyam net.in)

under arrangement with

Bilingual Dictionaries Inc, USA

Printed at: Star Print O Bind, New Delhi- 110 020"	word-to-word-bilingual-dictionary
11	"List of Irregular Verbs
present - past - past participle: ‘come - came - come

cost cost - cost
arise - arose - arisen creep - crept - rept
awake - awoke - awoken, awaked | cut-cut- cut
be -was - been deal - dealt dealt
bear - bore -bome dig - dug - dug
beat - beat - beaten do-did - done
become - became - become draw - drew - drawn
begin - began - begun dream - dreamt - dreamed
behold - beheld - beheld drink - drank - drunk
bend - bent - bent drive - drove «driven
beseech -besough - besought dwell - dwelt - duelt
bet-bet - betted eat- ate - eaten
bid - bade (bid) - bidden (bid) fal -ell- fallen
bind - bound - bound feed - fod - fed
bite - ‏اط‎ - biten 168-18-6
bleed - bled - bled fight - fought - fought
blow -blew - blown find - found - found
break - broke - broken flee -led fled
breed bred -bred fling - flung - flung
bring - brought - brought fy flew - flown
build - uit - built forebear - forbore -forbome:
bur - burnt - but * forbid - forbade - forbidden
burst -burst- burst forecast - forecast - forecast
buy - bought - bought forget - forgot -forgoten
cast -cast- cast forgive - forgave - forgiven
catch - caught - caught forego ‏نسب‎ foregone:
choose - hose - chosen foresee -foresa - foreseen
cling - lung - clang foretell - foretold - foretold"	word-to-word-bilingual-dictionary
12	"forget - forgot - forgotten tight -1t* it""

forsake - forsook - forsaken lose - lost lost
freeze - froze - frozen make - made made
get got- gotten ‘mean - meant - meant
give- gave - given meet - met - met

go- went -gone mistake - mistook - mistaken
grind - ground - ground ‘must-had to - had to
grow grew - grown pay -paid - paid
hang - ‏وملا‎ * - hung * plead - ‏064فعام‎ - pled
have - had - had prove - proved - proven
hear - heard heard put-put-put
hide - hid - hidden quit- ut * -quit*

hit hit hit read - read - read
hold hed - held rid -id - id

hurt ut - hurt ride - rode - ridden
hit- hit hit ring -rang - rung
hold held - held rise rose risen
Keep - kept - opt ‏ل 0180ل‎

kneel - et nel * saw - sawed - san
Know - knew - known say - said - said

lay - aid - laid see-saw - seen

ead - lod - od ‘seek - sought - sought
lean - leant * - foant* sell-sold- sold
leap -lept*- apt” send -sent sent
learn - eam * - leat * set set set

leave - ef - left sew sowed - sown
end - ent - lent shake - shook - shaken
let-let- let shear - sheared -shom
Tie lay lain shed - shed - she"	word-to-word-bilingual-dictionary
13	"shine - shone - shone stide- tod - stidden
shoot -iot-shot strike - snuck - struck (sticken)
show - showed - shown strive strove. stven
shrink - shrank - shrunk swear - swore - wom
shut- shut. shut sweep - swept swept
sing sang - sug swel- sweet - 0160 +
‏0ك‎ sank - sunk swim swam - swum
sit-sat-sat take - took taken

slay -slew- lan teach - aught aught
sloep - sloop - slept tear tore tom

slide sid sid tell told told
sling - sung - sung think - hough - tought
smell smelt"" - smelt throw - threw - thrown
sow - sowed - soun * thrust - thst rust
speak - spoke - spoken tread - od - 100007
speed -sped * sped” wake - woke - ‏اا‎
‎spell spol spol” wear - wore Wom
spend -spent- spent weave -wove * woven *
spill spit* spit wed -wed wed""
spin-spun spun weep - wept - wept
spit-spat- spat win -won won

spit spit spit wind - woud - wound
spread - spread - spread wing - wrung -wiung
spring - sprang - sprung ‏عل‎ ol - witen
stand -s00d - 00d

steal - 06 - soln

stick tuck - stuck

sting stung - stung Those tenses wih ‏م‎ * also have
stink - stank - stunk regular forms"	word-to-word-bilingual-dictionary
14	"لي
ليد ‎I‏ ~=
اف دو .سود سف
‎a ee‏ ا ‎ile‏
‎m‏ امسا ‎WT i‏
‎fn‏ عو وب ‎FI‏
‏ودج السو — انهم :0
يا ‎SS‏ | افد اي ل مان
حم | لح
ا جود وو تجح لكوي له
- ون | بد -5 بلج وس
كه مدي جا ب | جد ا ا ‎I‏
‎Sued al‏
‎a‏ عن اح دتري لمي ‎Nort maint‏
ا ‎ht‏ دودو الوا اك
‎stint‏ بو “كدر | ‎epee‏ عد
عا رسو به اذ 4 ‎pa (lp‏ ع ‎AT‏
‏0 سل سل ‎eed‏ خض د نين
ا دان الا عو جف وبا 0
ردقيه ار ا زو ب ‎vor‏
‏ار الو ا ‎AL |e‏
‎ag‏ يواج ‎|W‏ يل دا ليده ‎Rr‏
‏و و وتو اند تا 1 ‎١‏ سدح ضير = ها
لاسو رواحي | ‎dee aT‏
‎fe tip‏ موسة هد جه | كسا اوسن ‎oS San‏
مسا| اران اند احا
‎oo 11‏ د كف ‎el‏ ا وتم دن ايت
‎ll‏ ان الا باب
‎Sf wr‏ طاو
‎ey‏ بو لديا
‎em yall Te‏ هنا ‎oh‏
‏ا كود 7 لم سنا ما ‎id‏
‎oh‏ ="	word-to-word-bilingual-dictionary
15	English-Arabic	word-to-word-bilingual-dictionary
16	"po 8
accept ‏يَقْيل‎ achieve y=
acceptable ‏مقبول 4ه‎ achievement ‏إنجاز‎
‎866601308 ‏قبول م‎ across
access 0 ‏مَدْخَل‎ acidity nasgas
accessible of ‏في المُتَنَاول‎ ‘acknowledge ‏يعترف ب‎
860108040 ‏البلوطة 200007 مصادّقة‎
‘accidental a oc acoustic ad igo
80018001 can acquaint ‏يلم‎
‎acclimatize ‏بؤقلم»‎ acquaintance ‏معرفة ؟‎
accommodate ‏يلائم , يكيف ؛‎ acquire vj,
accompany v ‏برافق‎ acquisition 0 ‏اكتساب‎
‎accomplish vir acquit v sas
accomplishment ‏إنجارم‎ acquittal ‏إعفاء م‎
accord 0 ‏اتفاق‎ acre ‏قَذّان , أكره‎
according to ye bs acrobat ‏بهلوان‎
‎‘accordion 1 ‏الأكورديوت‎ across po ic.
8660004, ‏يمل 86 حساب , محاسَيَة‎
account for lus, action n Jas
accountable 4 ‏مسؤول‎ activate v Jai
accountant » ‏المجانيب‎ activation  bucs
accumulate » jus) active sg loc
accuracy bis activity nbliv
accurate sj ‏صحبح‎ 86002 1 ry aall Jinall
accusation ‏اتهامر؟‎ actress ‏المسرحيّة م‎ alinall
accuse ppl actual sq edly
accustom ‏يعو‎ actually ‏فى الواقع بده‎
ace n gol acute sd ‏حاد‎
‎ache ‏ألم متواصل خفيف ؟‎ adamant :4 Lo"	word-to-word-bilingual-dictionary
17	"الا م 5

adapt iS admire ‏يجب ب‎
adaptable sg ‏متكيّف‎ admirer ‏المعجب‎
‎adaptation 1a. admissible 4 ‏مقبول‎
‎adapter ria admission 0 ‏تسليم بقضية‎
add ‏ضيف‎ admit ‏يسمح‎
‎addicted x1 ‏مُدْمِن‎ admittance 1s.
addiction 7 ‏معافرة‎ admonish «ssl
addictive sg ‏ماني‎ admonition ss)
addition 0 ‏زيادة‎ adolescence 0 ‏المراشقة‎
‎additional sg slo adolescent 1 ‏مُرافِق‎
‎address 1 ulsac adopt sic

address vusic adoption 7 ‏ين‎
‎addressee 0 ‏المرسّل إليه‎ adoptive ag sll
adequate ‏كاف 4ه‎ adorable a is

adhere. ‏يتقيّد‎ adoration 1,55
adhesive sg ‏الاق‎ adore ‏يوقر‎

adjacent x ‏مجاور‎ adom uy

adjective rac 2008 5 ‏طافٍ‎

adjoin v ssl adulation aly
adjoining ‏مُجَاو ره‎ adult 0 ‏بالغ , راشد‎

adjourn + J>5; adulterate ‏؛‎ jus , Siar
adjust Solus adultery ‏زنآء‎

adjustable ‏بد‎ iio advance 1 p10
adjustment n ‏تسوية‎ advance nia
administer v3: advantage n ales]
admirable sg ‏رائع‎ Advent sl

مغامرة 0 ‎adventure‏ أميرال م ‎admiral‏

admiration 0 ‏إعجاب‎ adverb ‏حال‎"	word-to-word-bilingual-dictionary
18	"0 J ‘
adversary 1 a> afford y Jax
adverse ‏معاد 4ه‎ affordable os ‏سهل المأخذ‎
verti affront uss
advertise , plz; affront» ‏إهانة‎
‎advertising rule] afloat uh ‏طاف‎
‎advice nana afraid ‏خائف 4ه‎
advisable sf ‏مُسْتَضُوَب‎ afresh ‏أخرى 7ه‎ 855
advise ‏ينصح‎ after vo ‏خلف‎
‎adviser all, afternoon Jol
advocate sz asl afterwards sd ‏بعدتذ‎
‎aeroplane ‏طائرة‎ again at ‏من جديد‎
aesthetic ‏جَمالي 0ه‎ against pre ‏تجاه‎
‎8632 ‏من بُعْد له‎ 208 nai
affable ad ‏أنبس‎ agency 1653
86802 ‏مسألة , شأ‎ agendan ‏برنامج‎
‎affect 1 ‏بولع‎ agent ‏عامل‎
‎affection r ‏عاطفة‎ agglomerate v.JiS,
affectionate +4 ‏محبّ‎ aggravate ‏يفاقم»‎
‎affiliate 5J| aa aggravation r,t],
affiliation 0 ‏دمج‎ aggregate gas
affinity alo aggression ‏عُدُوان‎
‎affirm cus aggressive ‏عُذُواني 4ه‎
affirmative ss sul! aggressor all
affix «sal; aghast a ‏مشدوة‎
‎affict us agile ag ‏رشيق‎
‎affliction 0 ‏حزت‎ agitator ‏اميم‎
‎affluence 0 ‏وفرة‎ agnostic 0 ‏اللاأدري‎
‎80000801 ‏وافر4:‎ agonize vias"	word-to-word-bilingual-dictionary
19	". aed
agonizing +f ase aisle ison
agony nS ajar ag ‏مفتوح جزئيًا‎
agree ‏يتطابق»‎ akin og ‏قريب‎
‎agreeable = ‏مقبول‎ alam rb ‏إنذار‎
‎agreement  Slasl alarm clock 1 aZiall
agricultural «4 ‏زراعي‎ alarming a ‏مرعب‎
‎agriculture 1 ‏زراعة‎ alcoholic ‏سكير هه‎
ahead ‏متقدّما دم‎ alcoholism » ‏الكحول‎ oles],
aid pastas alerts ha
aid ‏بعاون؛‎ algebra ‏الجر‎
‎aide ‏المعاون»‎ alien reuse,
ailing ‏معتل 4ه‎ alight ot ‏مشتعلاً‎
‎ailment n ‏اعتلال جسدي‎ align acy
aim > alignment ra,
aimless ‏بلا هدف به‎ alike a ‏سواء‎
‎airndya , alive sj ‏حي‎
‎air ‏يهوى , يعرّض للهواء:‎ alla Js
aircraft 0 ‏مُطاد أو طائرة‎ allegation 0 ‏ادعاء‎ ,
200198 ‏الطيرات»‎ eM allege ١ nels
aifeld rapall , allegedly +1. G,alls
ailing ‏خط جوي؟‎ allegiance nV
ailiner ne, allegory ‏مجاز‎
‎airmail ‏بريد جوي ؟‎ allergic ad ‏استهدافي‎
‎airplane ro,ill allergy ‏الاستهداف؟‎
‎airport nss> ‏ميناء‎ alleviate ‏بخقّف ؛‎
airspace ‏مجال جوى؟‎ alley ‏مَمْشَى»‎
‎airstrip 1 ‏طائرات‎ bugs alliance nto!
airtight sd ‏سَدْوْدٌ للهواء‎ allied sq ‏مُتحد‎"	word-to-word-bilingual-dictionary
20	"_ J 0
alligator 0 ‏تمساح إستوائي‎ alteration 0 ‏تبديل‎
‎allocate ves, altercation rai>Lia
allot y aan alternate ysl
allotment a> altemate ‏متناوب وه‎
allow ‏يخصّص ل‎ altemative ‏خباره‎
‎allowance 0 ‏تصيب‎ although ‏مع أنّء‎
‏خليط معدني: لإقااة.‎ altitude neu!
allure cc altogether = alas
alluring ‏مغرو‎ aluminum ‏الألومينيوم؟‎
‎allusion 0 ‏تلميح‎ always sorlails
ally ‏دولة حليقة؟‎ amass vise
ally ‏يصاهر بين ؟‎ amateur ‏شاوه‎ ,
almanac ‏تقويم»‎ amaze ‏يُدْهِل؛‎ ,
almighty = ‏القدرة‎ SIs amazement ; Jia!
almond 1,5) amazing x Jake
almost a L,ss ambassador 1 ui
alms ra3io ambiguous ad asle
alone sj ‏متوحّد‎ ambition » ‏مَطْمَح‎
‎along es ‏على طول‎ ambitious ‏4ه‎ 23a
alongside pre ‏بجانب‎ ambivalent ‏متردد 4ه‎
a00f ‏متحفظ 4ه‎ ambulance / ‏سيارة إسعاف‎
aloud sv Lie ‏ب‎ ambush ‏يكمن ل‎
alphabet nl, ‏الألف‎ amenable a ‏مسؤول‎
‎already aa oUI amend ¢ Jia
alright so Ls amendment r ‏تعديل‎
‎also sa Lal amenities ‏لطافة‎
‎altar ١ ‏المَذيَم‎ American ag ‏أميركي‎
‎alter ‏يبدل‎ amiable af ‏أنيس‎"	word-to-word-bilingual-dictionary
21	"7 ‏لا ا‎
amicable ‏حي به‎ anatomy 1 ‏التشريخ‎ ale
amid pre ‏وبين‎ ancestor 1 GL
ammonia ‏سلسلة النسب 800890 شادره‎
ammunition naz, ‏ذخيرة‎ anchor 1 ‏مرْساة‎
‎amnesia 16,13) 16 anchovy 1 LI
amnesty ‏عام‎ sac, ancient sg pus
among oe hus and ‏واو العطف»‎
amoral ag ‏لا أخلاقي‎ anecdote ‏حكابة؛‎
‎amorphous ‏4ه‎ slice ‏الأنيميّة »800012 غير‎
amortize v ‏يستهلك الذّين‎ anemic ‏ابه‎ pl ‏مصاب بفقر‎
amount gl. anesthesia 1 i
amount to val, anew so 11> ‏بشكل‎
‎amphibious ‏4ه‎ Giles: angel 1 Jo
amphitheater 1 2s angelic ‏4ه‎ SSMS
ample 4 gis, anger veal
amplifier ‏عضب 8098 المصخم‎
amplify vgs angina» ‏خناق‎
‎amputate ‏ينث ؛‎ angle ‏زاوية؟‎
‎amputation 1, Anglican ‏الإنجليكاني 4ه‎
amuse ‏يُلهي؛‎ angry ag ole
amusement 55) anguish 1.3
amusing a Jue animal nulg.>
88 ‏أداة تتكيرة‎ animate ‏يحبي ؟‎
analogy 1 ‏تشابه‎ animation ‏احياء م‎
analysis Jl animosity 1 ‏حقد‎
‎803726 ‏يُحلّل؛‎ ankle » ‏الكاحل‎
‎202160154 ‏فوضوى‎ annex sala
anarchy 1 ‏فوضى‎ annexation » ‏إلحاق‎"	word-to-word-bilingual-dictionary
22	"852 0
annihilate ‏يطل‎ anticipation r 52
annihilation ‏تدميرة‎ antidote 0 ‏تزاف‎
‎anniversary ‏ذكرى سنوية م‎ antipathy 1 ‏كراقية‎
‎annotate ‏يحشّي؛‎ antiquated +4 sxe
annotation rable ‏حاشية,‎ | antiquity ‏العصور القديمة؟‎
announce + 1 anvil 1 ‏سندات‎
‎announcement ule] anxiety ‏قلق‎
‎announcer ‏مذيع‎ anxious 4 ‏قلق‎
‎annoy ves any a 1
annoying 4 ‏مزعج‎ anybody ro lui] ‏أي‎
‎annual ‏4ه‎ Spi anyhow ‏بأية حال م‎
annul sal, anyone 00 ‏شخص‎ 31
annulment ; ‏فسخ‎ anything ‏شيء دم‎ SI
anoint pda ‏يدهن‎ apart si Tsai
anonymity ‏اسم مستعارة‎ apartment ‏شفّة للسكن م‎
anonymous ‏مجهول 4ه‎ apathy ‏فتور الشعوره‎
another ‏قردة 806 أخردة‎
answer ‏للشهية 8060017 يجيب‎ oils
answer 7 ‏جواب‎ apex ass
ant rales apiece as ‏لكل‎
‎antagonize ‏يخاصم؛‎ apocalypse nis Ls,
antecedent alls apologize v, suas
antecedents » ‏أسلاف‎ apology Jaze!
antelope 1 ssl apostle ‏رسول»‎
‎antenna ‏هوائي:‎ apostolic sd ‏رسولي‎
‎anthem 18.5 ‏ترنيمة‎ apostrophe  Liall ‏الفاصلة‎
‎antibiotic ‏للجرائيمر»‎ Sas appall vc)
anticipate vs. appalling ay ‏مُرْعِب‎"	word-to-word-bilingual-dictionary
23	"© ‏للا بو‎
apparel clus appreciation 1 ‏تقدير قيمة‎
apparent ag ie apprehend ‏يعتقل , يقبض على‎
apparently as ‏ظاهِرنً‎ apprehensive si apall ‏سريع‎
‎‘apparition ٠ a: apprentice 1 ‏المتمهن‎
‎appeal 0 ‏استثناف , استغائه‎ approach vs.
appeal v. ‏يستقيت‎ = approach 1.
appealing ag 13> approachable ‏وه‎ assl, [Sao
appear  ulall pl approbation ‏استحسان؟‎
‎appearance n sels appropriate ‏ملائم 4ه‎
2008896 visser approval / ‏موافقة‎
‎appeasement ao approve «se ‏بوافق‎
‎appendix 7 ‏الزائدة الدودية‎ approximate «4 cass
appetite 12s 2006067 ‏المشمش‎
‎200602627 ‏مشهيات‎ April Juul
applaud « sac apron ‏مِنْزَر‎
‎applause « suas aptitude nalts
apple pasta; aquarium 1 cau! ‏حوض‎
‎appliance ‏استعمال م‎ aquatic sg ‏ماني‎
‎applicable ‏ملائمروه‎ aqueduct ‏فناة‎
‎applicant» ‏طالب الوظيفة‎ Arabic ‏وه‎ suse:
‘application » ‏استعمال‎ arable wey
apply Jams arbiter a5)
apply for Lb ‏قدم‎ arbitrary ‏اعتباطي زه‎
appoint ‏يع‎ arbitrate y pn
appointment 1 ‏تعيين , توظيف‎ | arbitration ‏التحكيم»‎
‎appraisal ‏تتمين‎ arC nus
appraise v pias | pak arch nohid
appreciate + lu. 3a archaeology ‏علم الأثار القديمة م‎"	word-to-word-bilingual-dictionary
24	"archaic ag pad arouse ‏يوقظ , يستحتٌّ؛‎
archbishop ‏مطرات م‎ arrange «pbs , ‏يرب‎
‎architecture so, taal ‏فن‎ arrangement ris
archive ‏أرشيف؟‎ aay rire

ardent ad ‏غيور‎ amest yas)

ardor ‏غير‎ arrest ola]

arduous a4 SL arrival 1 ‏وصول‎

area saab arrive Jai

تبر ‎arrogance‏ حلبة, المجتلد» ‎arena‏

PN arrogant ag Ss
argument ax> TOW 1 00

arid ag ‏جاف‎ arsenic 1 aw;

إحراف الماني 0 ‎arson‏ برز للعيات ‎arise‏
‏محرق المبانى ‎arsonist‏ الأرستقراطية 1 ‎aristocracy‏
‎artngs‏ الأرستغراطي 1 ‎aristocrat‏

arithmetic » ‏الحساب‎ ale artery robs

النهاب المفاصل 1 ‎arthritis‏ سفينة ‎ark ze‏
خُرْشوف م ‎artichoke‏ ذراع 0 ‎am‏

am alas article ‏ند‎

armaments » ‏حربية‎ cls articulate ‏؛‎ Jada, buys
armehair 0 ‏أريكة‎ articulation ‏الإرتباط بمفاصل م‎
armed sg ‏مُسلّح‎ artificial 54 ‏اصطناعي‎
‎armistice raja artillery r ‏المدفعيّة‎
‎amor re artisan 1 ‏الجرّفي‎
‎ampit 1 | artist olall

amy oi artistic uj 58
aromatic xf ‏عطري‎ artwork 1 ‏قطعة فنية‎
around wo Js as cols"	word-to-word-bilingual-dictionary
25	"2 ت١‎ [0
as aus) assemble s ‏يجمع , يحشد‎
ascend sa assembly rela! ‏,مركب,‎
‎ascendancy nosh assent ‏يوافق على‎
ascertain ‏من ؟‎ sax assert 1.55,
ascetic ‏هدي به‎ assertion 1 ‏توكيد‎
‎ash ‏رفادة‎ 2550S 1 ‏ضريبة‎ Lor
ashamed ag ‏حَجل‎ assessment ‏تخمين‎
‎ashore a ‏إلى الشاطئ‎ asset 1 ‏شيء نافع‎
ashtray ‏موجودات :285016 مرمدة‎
aside ‏جاتنا‎ assign ve ‏يتخلى‎
‎aside from ac ‏فضلا‎ assignment aga
250 ‏يسأل , يطلب‎ assimilate ‏يستوعب ؟‎
asleep od ails assimilation 1. Juos
3503/2905 » ‏الهأيون‎ clu ‏ساعد 9094فة‎
aspect ‏سيماء‎ assistance 1 ‏مساعدة‎
‎asphalt ns; associate ‏؛‎ Joly)
asphyxiate v 5:55 association 6 ‏جمعية‎
‎asphyxiation 0 ‏خنق‎ assorted as alan
aspiration nuts assortment n ‏تصنيف‎
‎aspire + ‏يتوق‎ assume v ‏يتولى‎
‎aspirin 1 ‏الأسبرس‎ assumption 1 Jos
assall polos assurance 1155
assailant 1 p=lpall assure ‏يؤكّد‎
‎assassin « ‏القائل‎ asterisk ‏المُجّمة ب‎
assassinate ‏يغتال‎ asteroid ‏سبي‎
‎assassination nlc! asthma ran cil
assault; ‏اغتصاب‎ asthmatic ‏ربوك 4ه‎
2958001: ‏يغتصب‎ astonish us’"	word-to-word-bilingual-dictionary
26	"2 م له
‎sala‏ وه ‎uss attached‏ به ‎astonishing‏
‎astound v sas attachment 15>‏
‎ius io attack pastes‏ وه ‎astounding‏
‎attack 1 oles‏ مال ‎astray‏
‎attacker r p>lpn‏ المنجّم: ‎astrologer‏
‏بحرز؛ ‎ale. attain‏ التنجيم» ‎astrology‏
‏شهل المنال 4 ‎attainable‏ الفضائي 0 ‎astronaut‏
‏التحقيق 20200016047 العَلَكِيَ 280000007
محاولة ‎attempt clue!‏ لكي 5+ ‎astronomic‏
‏اعتنى ‎astronomy nallall ale attond u‏
الحضور» ‎attendance‏ 555 0ه ‎astute‏
‎asunder un | attendant rol‏
‎attention oll‏ الحرم المقدس 1 ‎asylum‏
‎attentive og bas‏ عند م84
ينجل ‎atheism 1 a5 attenuate‏
‎attenuating os sine‏ الملحدة ‎atheist‏
‏يُظهز ‎Sia,‏ على ‎athlete 1 Grob! attest‏
‎ale‏ المنزل» ‎attic‏ رياضي 14 ‎athletic‏
‏,سلوك ,1 ‎attitude‏ الجوّء ‎atmosphere‏
‏الوكبل » ‎atmospheric x 55> attorney‏
يجذب ‎atom 1635 attract‏
‎atomic a3 533 attraction 0 i>‏
‎attractive of i>‏ يعو ‎atone‏
‏خاصيّة ؛ ‎attribute‏ تعويض » ‎atonement‏
‏مزاد ‎atrocious ag aul auction 1 ule‏
الدلآل 1 ‎auctioneer‏ وحشية 50610
جريء ‎atrophy «soz audacious af‏
جرأة ‎attach vy audacity ١‏"	word-to-word-bilingual-dictionary
27	"2 .
audible i ‏مسموع‎ avallabillty ‏تيسيره‎
‎audience ‏سماع م‎ available ‏قانوني 4ه‎
80088 ‏يدقّق الحسابات؛‎ avalanche 1 sel
auditorium » ‏قاعة المحاضرات‎ avarice 1 gis
augment ‏برداد‎ avaricious ui gc
August ‏أعُسْطْس م‎ avenge pai
aunt ran avenue n ‏طريق‎
‎auspicious «4 Usase average ‏المعدل»‎
‎austere » ‏قاس‎ averse ‏كار 4ه‎
austerity ‏قسوة ا‎ aversion r Cuan
authentic «3 ‏مونوق‎ avert, ‏يتحتب‎
‎authenticate + sis aviation 1 ul, Bll
authenticity » ‏أصالة‎ , aviator ‏الطبارب‎
‎author 7 ‏,مؤلف‎ avid glob
authoritarian ag ‏فَاشْستِي‎ avoid ‏يتفادى ؟؛‎
authority ‏سلطة؟‎ avoidable ‏مُتفادي 4ه‎
authorization ay avoidance 1 Cli,
authorize + ogi avowed aj ‏""مُعْتَرفٌ‎
‎auto nll await bi
autograph gs 2/6 ‏يستيفظ‎
‎automatic sg ‏أونومانيكي‎ awake sg olla
automobile 6, awakening ; aba,
autonomous 5 ‏استقلالي‎ award sua
autonomy null ‏الحكم‎ award 0 ‏جائزة‎
‎autopsy rai ‏تشريح‎ aware si ly
autumn 0 ‏الخريف‎ awareness 0 ‏معرفة‎
‎auxiliary ag ‏إضافي‎ away oo ‏بعيدا جانيا‎
avail sua awe res;"	word-to-word-bilingual-dictionary
28	"2 ...م له
ثأرم ‎backlog‏ مُخيف ‎awesome sq‏
حقيبة ظهره ‎awful ag asso backpack‏
دعم ‎backup‏ أخرق زه ‎awkward‏
‏ارتجاعيٌ = ‎awning r alk! backward‏
إلى ‎ax nals backwards sc)‏
‎dull‏ الخلفى؟ ‎backyard‏ بديهية 0 ‎axiom‏
‏لحم خنزير ‎axis ge bacon ol ales‏
‎bacteria 1b‏ محور ‎axe alas‏
,515 كه ‎bad‏
‏شارة م ‎badge‏
‏على نحو ‎badly adress,‏
يحيّر , ‎baffle vols‏
كيس ‎bag‏ 8
أمنعة « ‎baggage‏
‏فضفاض = ‎babble 5,5 baggy‏
‎baby 1 Jab baguette Lac‏
‎alas‏ ب ‎bail‏ جليسة ‎babysitter  Jlabl‏
‎bail out Ji;‏ حامل ‎bachelor sl‏
حاجب المحكمة؟ ‎back n,5b bailff‏
طَعْم ‎bait‏ خَلفَ م ‎back‏
‎bake 1.5‏ يسند ‎back‏
‏الخبّار ‎back down vc Jil baker‏
‎backup 13355 bakery 15k‏
بزن؛ 912066 العمود الفقري/ ‎backbone‏
‏ميزات , باقي الحساب م ‎balance‏ باب ‎backdoor 1 nal>‏
‎background nasal balcony a8).‏
أصلع وه ‎backing ruse bald‏
رزمة ضخمة 1 ‎bale‏ الحركة الارتجاعية :696/0250"	word-to-word-bilingual-dictionary
29	"7 base ‏و‎
‎ball ‏كرة , الكرة الأرضية ؟‎ barbarian r ses!
balloon ‏مُنطاده‎ barbaric ‏همجي وه‎
ballot ‏اقتراع‎ barbarism ‏همجيّة‎
‎ballroom 0 ‏فاعة الرقص‎ barbecue ‏,حفلة شواء؟‎
balm rol barber ‏لحلاف‎
‎balmy a noi bare ac.
bamboo ‏خيزرات م‎ barefoot af ‏حافي القدمين‎
ban ‏من الكنيسة0‎ p> barely si ‏بالجهد‎
‎ban, bargain «asso
banality asl bargain ‏يساوم‎
‎banana 1 50 bargaining 0 ‏مساومة‎
‎band ‏جزام»‎ , 435 barge ‏الج‎
‎bandage 1 aac bark sou
bandage / cass bark ‏باح , لحاء‎
bandit; a) barley ras
bangs aie ‏بضرب‎ barmaid 1 ‏السافية في حانة‎
banish 0 ‏يتفي‎ barman ‏الساقي في حانة؟‎
‏امسا‎ ca, 305 ‏الهُزي‎
‎bank 1.415; barometer ‏البارومتر‎
‎bankrupt» ula) barracks rail)
bankrupt og ulin barrage ‏سد‎

bankruptoy 1 ‏إفلاس‎ barrel 1 ‏برميل‎
‎banner rail, , barren «sl
banquet nail barricade 1 ‏فتراس‎
‎baptism 1 ‏,العماد‎ barrier ‏حاجزه‎
‎baptize s aia) barring ‏باستثناء م‎
bar 0 ‏قضيب , رناج‎ barter ‏قاض‎
‎bar vo ‏تُحكم إقفال‎ base ‏أساس؟‎"	word-to-word-bilingual-dictionary
30	"0 base %
base ‏بنى على أساس»‎ bayonet sau,
baseball ‏البابسبول ؟‎ bazaar 0 wpe ‏سوق‎
‎baseless xi ‏لا أساس له‎ be ‏كان‎
‎basement» ala ‏,دور‎ be born ‏قدم للحياة‎
bashful xj Joa beach scsi
basic x} ‏أساسي‎ beacon neue
basics nésslo beak las
basin cobs ‏حوض,‎ beam asl
basis ‏أساس؟‎ bean ‏فاصوليا»‎
‎bask vpusuicy bear ‏بم‎
‎basket ral bear ‏دعم سند‎
basketball » alll 6,8 ‏رياضة‎ bearable 1s ‏مُحْتَمَلٌ‎
‎bastard ‏ابن زناء‎ beard saa
5367 ‏النَبَوْت‎ bearded ole
batch razz, 5515 bearer ; ‏الحامل‎
‎bath Jue beast ‏بهيمة‎
‎bathe Juss 0980 ‏تبض , إنتصر عليه‎
bathrobe us’ beat rani , ‏ضربة‎
‎bathroom 1 slo beaten a ssn
bathtub © ‏حوض‎ beating 15,
baton nésl,a beautiful af ‏جميل‎
‎battalion 7 ‏كتيب‎ beauty ‏تحمل‎
‎batter ‏مخض‎ beauty ‏حمالم‎
‎battery ١ ‏القُنْدْس 891827 صَزب‎
battle 15,2 because GY
battle ‏يقاتل ؛‎ because of pe ‏يسيب‎
‎battleship ra, beckon «ess
bay russ become ‏أصبخ‎"	word-to-word-bilingual-dictionary
31	"27 benefactor 5
bed ‏فراش ؟‎ , pms belated ‏مأخرة:‎
‎bedding 0 ‏شراشف‎ belch «Lis
bedroom 1 esl 6, belch r<Lic>
bedspread 1 wall ‏غطاء‎ belfry ‏برج الحرس»‎
bee sal Belgian 4 ‏بلجيكي‎
‎beet ‏لحم البقره‎ Belgium r Sal, ass
beef up ‏قوى‎ belief roles]
beehive n Jul ‏خلية‎ believable ‏للتصديق 4د‎ Js
beer jaz believe ‏ب‎ oss
beet 1,ila is believer ; ‏شخصية‎
‎beetle ‏حَنْفَساء‎ belittle 5
before as ‏قل‎ bell JI
before ‏م‎ oll , bell pepper 1 55.ul ‏كلمل‎
‎beforehand a: loa belligerent as ‏محارب‎
‎befriend v ‏بصادف‎ belly ‏بطن»‎
‎beg ‏يستغطي؛‎ belly button 6,1
beggar 1st belong «ja
begin vl, belongings ass!
beginner xo beloved = ‏مجبوب‎
‎beginning rll below ‏اقل من انه‎
beguile « JLo below ro ‏مما لا يلبق‎
behalf (on) os ‏لأجل مصلحة‎ belt ‏جزام‎
‎behave sll bench saan
behavior 7 JsL bend vos, is
behead val, ghis bend down v ‏يَنْحَنِي‎
‎behind ss ‏خلف‎ beneath ‏دم‎ Gs
behold ‏شاهد»‎ benediction ra$) ala

being n ‏كينونة‎ benefactor ‏متعم‎"	word-to-word-bilingual-dictionary
32	"7 beneficial 0
beneficial ‏مفيد زه‎ between ‏بين عم‎
8606620 ‏المستفيده‎ beverage ‏شراب؟‎
‎8608017 ‏قائدة‎ beware : ‏يحترس‎
‎benefit ‏فيد‎ bewilder v Jak
benevolence ‏الخبرية م‎ bewitch ‏بحر‎
‎benevolent ag ‏خب‎ beyond sd ssl
benign 34 ‏لطيف‎ bias 1,
bequeath ‏يورّث بوصيّة‎ bible 1 ‏الكتاب المقدّس‎
bereaved ‏سالب 4ه‎ biblical ‏كتابى بد‎
bereavement » ‏التكل‎ bibliography ‏بسلوغرافيا‎
‎beret ral bicycle alsa ‏دراجة‎
‎berserk so sai bid 1 al
berth 1 ‏مَرْسَى‎ bid ‏أصدر امرا الى»‎
beseech i ‏توسل‎ big sa |
beset silo bigamy ‏المضارّة ؛‎
beside pe ‏قرب‎ bigot a ‏المنعضصب‎
‎besides yo lac bigotry » sacl aes
besiege i ol bike nas
best zg ‏أفضل‎ bile ‏مادة الصّفراء ؟‎
8084030 0 ‏وكبل العريس‎ bilingual ‏اللغة وه‎ ils
bestial as ‏يهيمي‎ bill ‏فاتورة, وتبقة م‎
bestiality 1 ‏تهيمية‎ billiards ‏البليارد‎
‎bestow «cua billion ‏البليون؟‎
‎bet ‏راهن على‎ billionaire ‏المليونيره‎
‎betrula, bimonthly og ‏نصف شهري‎
betray v Ja, bins usall ‏صندوق‎
‎betrayal nal, bind yb,
better a plac binding ag sla"	word-to-word-bilingual-dictionary
33	"0 blindness. ©
binoculars ‏مجهره‎ blame «ss;
biography n,ecdl blameloss ‏بريد بد‎
biological as ‏أحياني‎ bland ag 5.5,
biology ‏علم الأحياء»‎ blank zo aul
bird ‏طبر‎ blanket 141,
birth 0 ‏ولادة‎ blaspheme ‏على الله‎ Si
birthday ‏مولد»‎ blasphemy ‏التجديف»‎
‎biscuit ‏؟‎ gis blast naa
bishop nai il blaze ‏يلتهب؛‎
‎bison ‏البيسون:‎ bleach 1,55
bit all, ans bleach nosla ‏تقصير‎
‎bite pass, ‏بعض‎ bleak 6 ‏السمك الابيض‎
bite ‏؟‎ jac bleed ‏دمى»‎
‎bitter ad 55 bleeding 53
bitterly ss 50 blemish ‏عيبب‎
‎bitterness 10,1, blemish als
bizarre ‏غريب وه‎ blend 0 ‏مريج‎
‎black sds, blend «za
blackberry 1 sal] ‏ثمر‎ blender 1 53>
blackboard 5,5. bless «3S
blackmail ‏ايتزار المال م‎ blessed i Jie
blackmail ‏بالتهديد؛‎ So blessing r,s
blackness 3ls. blind «sacl
blackout pied blind sa ‏أعمى‎
‎blacksmith »sLil blindfold 1 ‏عصابة للعينين‎
bladder ‏منانة‎ blindfold v acl oc
blade 1 cL 5,5 blindly aa Cig iz
blame 5) blindness 1 xc"	word-to-word-bilingual-dictionary
34	"x bink ©
blink ‏العينّ‎ 35 Bluffs 2s
bliss ‏منتهى السعادة‎ blunder « als ‏خطأ‎
‎blissful ‏سجيد وه‎ Blunt a ull ‏عديم‎
‎blister «abi bluntness » ‏استقامة‎
‎bloat sas blur abl
bloated ‏و‎ 845i blurred uf ula
block » ‏كتلة خشبية‎ blush ag az
block saw blush ‏نظرق‎
‎blockade ‏يحاصر؛‎ boar 3.
blockade ‏حصاره‎ board 1 ‏لوخ حشب‎
blockage 15. boast sali
blond «3 ail 50847 ‏مركب‎
‎blood 155 bodily ‏عاد وه‎
bloodthirsty ‏وحشيٌ وه‎ body ‏جسد, جسم‎
bloody aq Spe bog ‏مستتقع؟‎
‎bloom 1,3: bog down 2 ‏يلتصق‎
‎blossom va, boil ‏يقلي‎
‎blot abs) boil down to + ‏في‎ Jail
blot» ol, boil over y ali
blouse 5; LI boiler rile
‏عاصفة ؟ مان‎ boisterous a4 ‏شديد‎
‎blow 1 lo, ‏هب‎ Old ad sg , ‏جريء‎
‎blow out » ‏انعجر‎ boldness 0 ‏وفاحة‎
‎blow up 1 34% bolster sc
blowout 1 ss ‏سهم قصير , صاعقة 5010 اتفجار‎
bludgeon sv, bolt ‏يتطلق‎
‎blue ‏أترق 4ه‎ bomb 0 ‏قبيلة‎
‎blueprint ‏الطبعة الزرقاء‎ bomb v Jiiall ‏يقذف‎"	word-to-word-bilingual-dictionary
35	"af boundless
bombing » ‏قذق بالقتابل‎ boredom 15s ©
bombshell als boring 1 Jas
bond 0 ‏وثاق‎ , 433 born «4 ‏مولود‎
‎bondage r ‏عبودية‎ borough 1e.al
bone «abc 80808 ‏يستعيرة‎
‎bone 020700 ‏مخ الغظم:‎ bosom 0 a>
008, ‏رئيس 0 5088 المَشْعَلَة‎
bonus reste boss around aia
00 ‏كناب‎ ossy ‏متأم‎
‎bookcase 1 ‏خزانة كتب‎ botany » ‏الات‎ alle
bookkeeper 1 clluucl ‏مسؤول‎ | boleh rosa
bookkeeping rll ‏إدارة‎ | both ‏كلاه‎
‎Booklet red | bother ‏رع‎
‎bookseller rs i3! bothersome «i acs
bookstore n ‏المكنية‎ bottle ‏رجاجة:‎
‎boom 1 ‏ذراع التطويل‎ bottle ‏في رجاجات؛‎ ins
boom ‏يدوي‎ bottleneck r ‏مضق‎
‎boost ‏برقع‎ bottom r 5
boastngs, bottomless vl pens
boot ‏جرم‎ bough rad
80000 ‏سفيفة‎ boulder 1a
booty ‏غنيمة:‎ boulevard 60>,
booze ‏شراب مسكره‎ bounce ‏يتب‎
‎border ‏قوية :00068 حدر جانت7‎ au,
border on ‏يَخْذَ‎ bound ‏قاصد إلى 4ه‎
borderline = ‏خُدُودِي‎ bound for 51 aso
bore sil boundary p35
bored ai sas boundless ‏لانهائي 4ه‎"	word-to-word-bilingual-dictionary
36	"- bounty ©
bounty 12510 brandroas
bourgeois 4 ss: brand-new as lolas ‏جديدٌ‎
‎bow nels, ‏البراندي 903007 التواء‎
bow vos brat 4 ‏مزع‎ Jabs
bow out ‏ودع بالانحناء‎ brave of ‏شجاع‎
‎bowels nslael bravely ar acta iu
bowl ‏سلطانية م‎ , a) bravery asta
box ‏صندوق؟‎ brawl aio
box office ‏التذاكرة‎ Jes breach 1 aki, ‏خرق‎
‎boxer ‏الملاكم‎ bread 1.
boxing r as:.2l breadth » a2
boy 1 pM break naal , 08
boycott ‏مقاطعة ؛‎ break iS
boyfriend 7 5.5, break away « Jas
boyhood ‏الصا‎ break down v Jae;
brass break free ‏يرز‎
‎brace for olss ‏استجمع‎ breakin Lu ‏يقتحم‎
‎bracelet ‏سوا‎ break off scl
bracket 1.5, break open Las ‏يفتح‎
‎brag ‏يتفاخرة‎ break out ‏تتدلع الحربٌ»‎
braid » alia> break up +S)
brain ‏دماغ‎ breakable  , L515
brainwash ‏غسل دماغ‎ breakdown 1 Jes
brake nals, breakfast 1 shaall
brake ‏يكب ؛‎ breakthrough 0 ‏اختراق‎
‎500060 a2 breast rs
branch office ‏مكتب فرعي»؟‎ breath nua
branch out vas breathe «Cass"	word-to-word-bilingual-dictionary
37	"0 broom
breathing aba) ‏تنفس,‎ brighten gba.
breathtaking = a , brightness » 31,
bread i ‏فقس, ربى‎ brilliant sg ‏متلق‎
‎breed rail brim 7 ‏حافة‎
‎breeze 1 puns bring ra
brethren ‏إخوة في الدين م‎ bring back ua;
brevity 1,25 bring down + as lus
brew ya bring up v su
brewery axl ‏مصنع‎ brink 15>
bribe 5. brisk a ‏رشيق‎
‎bribe 185. Britain 1 Lolly
bribery «cL! British ‏بريطانيٌ 4ه‎
brick ro, brite 13 pas
bricklayer ‏نا‎ broad ‏عريض 1ه‎
bridal ag sss; broadcast y Sal ‏ينتر‎
‎bride ‏العروس»‎ broadcast 1 ‏برنامج إذاعي‎
bridegroom 7 ‏العريس‎ broadcaster 0 ‏مذيع‎
‎bridesmaid 1 ‏إِشْبِينَهُ العَرُوس‎ | broaden vg.
bridge ‏حشر‎ broadly as ‏باتساع‎
‎bridle ral) broadminded ‏منجرر 4ه‎
brief sd i> brochure ‏كراسة؟‎
‎brief af broil vs.
briefcase n lel ‏حَافِطةُ‎ broiler 0 ‏مِشواة‎
‎briefing ‏بيان موجزه‎ broke sg ‏مُفْلِس‎

briefly ai Last, broken a pice

briefs Ligh bronchitis sill ‏الالنهاب‎
‎brigade cls), bronze ‏البرونر»‎

bright ‏نيرك‎ broom 43,"	word-to-word-bilingual-dictionary
38	"| broth “
broth 1 555 bud 103;
brothel 1,95a buddy n 5.8,
brother rl budge ‏يتزجزج ؛‎
brotherhood ‏ل‎ budget ‏كيس‎
‎brotherly a ‏أَحَويّ‎ buffalo ‏جاموس؟‎
‎brow rel bug os
brown eg sa build sy
browse ‏يتصفّح‎ builder n ‏الباني‎
‎browser ; ‏متصفح‎ building 1 ais
bruise 15, ‏كدمة,‎ buildup nel]
bruise 1551 BUiltin od ‏بني في‎
brunch ras bulb clas
brunette x ‏سمراء‎ bulge 0 ‏انتفاخ‎ ,
‏أَحَمَة ,فلو‎ bulk copii] ‏معظم‎ , aks
brush ‏يفرك؟‎ bull ‏تور‎
‎brush aside ‏يَمَع جانيًا؛‎ bull fights ‏مصارعة الثيرات‎
brush up v Jay bull fighter ‏مصارع ثيرات ؟‎
brusque «4 bs , bulldoze + ‏أرقب‎
‎brutal sg ‏وحشيٌ‎ bullet 16,20 ‏كرة‎
‎brutality » ‏وحشيّة‎ bulletin» ‏بلاغ‎
‎brutalize ‏؟‎ juss, bully lian
brute aj ls. bulwark 1 o>
bubble r aclas bum ‏مستجذه‎
‎bubble gum 7 ‏الملكة‎ BUMP 12199 ‏صدمة‎
‎buck ‏الظبي ؟‎ bump into «453155 ‏يلتَقِي به‎
bucket ‏دلو‎ bumper 0 ‏كأس مترعة‎
buckle aus] bumpy oi ‏متخبط‎
‎buckle up ‏إربط الحزام؟‎ bun ‏كعكة محلاة؟‎"	word-to-word-bilingual-dictionary
39	"0 bystander o
bunch ‏عتقوده‎ busily sags
bundle 1 ass> business 1 au
bundle vp, businessman r Jacl J;
bunk bed 1 ‏ذو طابقين‎ 30a busts Gua ‏تمثال‎
‎buoy nasil bustling sy bic
burden ‏حمل‎ busy ‏مشغول 4ه‎
burden ‏؛‎ Jai but i Vg)
burdensome 1 ‏تقبل‎ butcher ‏الجزّار‎
‎bureau ‏منضدةم‎ butchery 1 als
bureaucracy n ‏الببروقراطيّة‎ butler ‏الساقي م‎
bureaucrat » ‏الدواويني‎ butt 51a, ab
burger ‏شطيرة لحمره‎ butter na.)
burglar 1 ‏لص‎ butterfly ‏فراشة و‎
burglarize v ‏سطا على‎ button ‏زر‎
‎burglary sku buttonhole rb,
burial, buy» ‏اشترى‎
‎burly ag ‏ضخم الجسم‎ buy off vs 5s
burn v.35] buyer ‏المشتري؟‎
‎bum ‏حرق‎ buzz ‏طنين‎
‎burp ‏تجشاء‎ buzz bi
burp ‏تجشؤه‎ buzzard 1,5)
burrow 1,5 buzzer null
burst ‏إنفجرة‎ by re ‏بجانب‎
‎burst into «aii; byee ls
bury v aby bypass ‏طريق جانبي ؟‎
bus ‏باص‎ bypass vu
bus ‏يركب في الباص»‎ by-products aut ‏حصيلة‎
‎bush 161d bystander 0 ‏المتفرّع‎"	word-to-word-bilingual-dictionary
40	"cab #
""pe SIR ‏اس ا‎
0 calm ross
0 calm down vii:
calorie 12a
cabnase calumny ‏افتراء‎
‎cabbage nssals camel 1 Jor
cabin 16,05 camera ‏كاميرا»‎
‎cabinet ‏خزانة‎ camouflage + ‏يموّة‎
‎cable rae, camouflage ‏نمويه‎
‎cafeteria n ‏كافيتيريا‎ camp rouxe
caffeine nad ‏كاقبين,‎ camp «al
cage asd campaign la ‏يدير‎
‎cake nasa campaign 0 ‏حملة‎
‎calamity ‏نكية؛‎ campfire ‏تار‎
‎calculate ‏رياميًا؛‎ coi can i ‏يستطيع‎
‏يستطيع» 98 حُسيات» 3000الاماه»‎
calculator 1 ‏حاسبة‎ all can janis
calendar 1 puss can opener 0 ‏مفتاح العلب‎
‏:أاقم‎ Jae canal rls
caliber ,Lsll cancel valu
calibrate 1 l=; cancellation nb
call nese , ‏صيحة‎ cancer ‏سرطان7‎
‎call pa, ‏يصيخ‎ cancerous 4 lbs
call off ‏يُلغِي ؛‎ candid sq ‏نزيه‎
‎call on rls candidacy no
call out ‏نادى ب‎ candidate 1 2.250
calling robin candle nanos
callous ‏و‎ Lo candlestick n olasa
calm ‏ساكن ف‎ candor ‏صَرَاحَة‎"	word-to-word-bilingual-dictionary
41	"7 camage
candy ‏حلوى‎ capture» ‏بسئولي على‎
cane ‏قصب , عصاه‎ capture np
canister 16,00 ‏علبة‎ car
canned 64 ‏معلب‎ carat blll
cannibal ‏لحم البشره‎ Js caravan rabls
cannon ‏دقع‎ carburetor 1 ‏المكرين‎
‎cance r ‏زورق طويل‎ carcass rai
canonize y ‏طوب‎ card spall aban
cantaloupe ‏البطيخ الأصفر»‎ cardboard » ‏كرتون‎
‎canteen ١ ‏مَقْصِف‎ cardiac ‏قلي 4ه‎
canvas 1 all Galas cardiac arrest ‏قلبية‎ aS
canvas ‏يغطي بالقماء‎ cardiology r all ‏طب‎
‎canyon 5.0 ‏واد‎ carer pa
cap ‏فلنْسْيَه»‎ re ted
capability ‏قدرة‎ care abouts suicl
capable «5.1 Js care for ‏رعى بإهتمام‎
capacity 1a career rac,
cape ‏خليج, كاب‎ carefree sf raw
capital ‏رأس مال؟‎ careful ai,
capital letter ‏أحرف كبيرت‎ careless ad ‏خلوٌّ من الهموم‎

capitalism n ‏الرأسماليّة‎ carelessness n6YLs ‏لا‎
‎capitulate « all caress naabile

بلاطف؟ ‎caress‏ يتقلب ؛ ‎capsize‏

capsule ‏غشاء م‎ caretaker 1 bl

حمولة السفينة »68090 تقيب 7 ‎captain‏
‏08 الكاريكاتور» 6801680018 يفن « ‎captivate‏
‎ak)‏ 4ه ‎caring‏ أسيره ‎captive‏

captivity ‏أسره‎ carnage » Ll"	word-to-word-bilingual-dictionary
42	"camal »
camal sg Sais casual i rye
camation ul ‏لون‎ casualty 1 aan
carol ‏أغنية مَرحَة‎ catn,a
carpenter aul cataclysm ‏الجائحة‎
‎carpentry 5,1 catacomb 1. ‏سرداب الموتى‎
00004: ‏سجادة‎ catalog r ul
carriage 1 Jo> catalog « uses
carrot 13> cataract reall ‏إعتام عدسة‎
cary s Jos catastrophe / ‏كارثة‎
‎carry on vai catch ‏أمسك ب‎
carry out, ial catch up vas,sl
cart 6,15 catching ag 420
6880 ‏تفل العرية‎ Catechism ١ ‏تعليم مسيحى‎
cartoon ‏كاريكاتورة‎ category aah
cartridge ‏خرطوشة؟‎ cater to. plabill 3350
080/8 ui , om caterpillar na 01
cascade ‏شلال صغيره‎ cathedral rau, sls
case ‏حادثة , حالة‎ catholic uf ‏كانوليكي‎
‎cash ‏تقد‎ Catholicism ; ‏كتلكة‎
‎cashier 1 ‏أمين الصندوق‎ cattle ‏الماشية؛‎
‎casino ‏الكازينوة‎ cauliflower » las
casket: ‏تابوت‎ 69088 ar
casserole s,s cause vol
688508167 ‏غفارة‎ caution ‏تحذيرة‎
‎02841 ‏ألقى , رمى‎ cautious sg ‏حر‎
‎castaway ‏منبوذة‎ cavalry ‏الفرسان»‎
‎caste acta] ‏طبقة‎ cave wags
castle nals cavein vhs;"	word-to-word-bilingual-dictionary
43	"0 change
cavern 15S cerebral xf uses
cavity 1655 ceremony ‏مراسم»‎
‎cease suis; certain uf ‏محذّد‎
‎cease-fire ‏وقف إطلاق النار»‎ certainty ‏حفيقة‎
‎ceaselessly ‏تصديق 60/000818 باستمرار به‎
ceiling 1 ‏سقف‎ certify ‏على ؛‎ Shar
celebrate vo ‏يحتفل‎ chagrin ‏عم‎
‎celebration 1 ‏حفلة‎ chain ‏سلسلة:‎
‎celebrity ‏شهرة؟‎ chain ya
celery n ud, ‏نبات‎ chainsaw 1 Jl Lissa
celestial ‏سماوي 4ه‎ chair 1 ‏كرسي‎
‎celibacy nme PUES
celibate ‏عَرّب 4ه‎ chairman ‏الجلسة ؟‎ ga
cellar 1 ‏سرداب‎ chalet aL!
cellphone Sls ‏هاتف‎ chalice ‏كأس‎
‎cement ‏أسمنت0‎ chalk ‏طباشيره‎
‎cemetery ‏مقبرة»‎ chalkboard ‏سبورة ؟‎
censure Sil challenge vss:
cents cu challenge 1 ‏اعتراض‎
‎centenary » sis duc. challenging 4 ‏متجد‎
‎center 1.5, chamber 16,5
center ‏يركز‎ champ » ‏بعص‎
‎contimeter soul champion wall

central 4.555, champion «ol
centralize ‏يُمَرْكر؛‎ chance 1 b>, ‏مصادقة‎
‎century roall chancellor 1, Lia
‘ceramic; ‏الخرافة‎ chandelier 15
cereal ‏النبات الحبي:‎ change «ia"	word-to-word-bilingual-dictionary
44	"change El)

change rus chase away «Liss
channel 1,6) ‏مجرى‎ chasm 1658
chant 1 ‏أنشودة‎ chaste og ‏عفيف‎
‎chaos 1 bls! chastise ‏يذب ؛‎
chaotic og bli chastisement 1 ‏معاقية‎
‎chapel ‏معيد‎ chastity ‏طهارة ؛‎
chaplain 1 sub chat ‏ينكلم‎
‎chapter nS ‏فَضْل من‎ chauffeur 0 ‏اسائق السيّارة‎
char «pas cheap = ‏رخيض‎
‎character 1 5a, cheat vga
characteristic s4 las cheater 1 ¢slxa
charade ‏التمثيلية التحزيرية م‎ check 1 ads , aus
charbroil sg axl ‏بشوي على‎ | check 1a.
charcoal ‏الفحم»‎ checkin ‏نزك في الفندق‎
charge, a ‏يَشْحَن‎ check up 1&2
charge rss. , ‏شحنّة‎ checkbook 7 ‏دفتر شيكات‎
charisma ras, > ‏قدرة‎ cheek i>
‘charismatic x ‏فائن‎ cheekbone » ‏العظم الوخْنَيَ‎
charitable 13 uo cheeky x ‏وقح‎
‎charity axe cheer ‏يشجّع ا‎
charm ‏نر‎ cheer up ١ ‏يُمَرح‎
‎charm 10.98 cheerful 4 ‏مرخ‎
‎charming a3 ,> Lu cheers 0 lg!
chart ak,> cheese ri
charter sac , do chef 1 gus,
charter bul ‏بمنح‎ chemical sg ‏كيميائي‎
‎chase 0 ‏مطاردة‎ chemist 1 ‏الكبمياني‎
‎chase ‏بطارد؛‎ chemistry ‏الكيمياء ؟‎"	word-to-word-bilingual-dictionary
45	"“ cinder

cherish jo choir» ujsall E
cherry ‏الك‎ choke 1 si

chess rash cholera nag!
‏كولسترول »م 01,عا600165 ضندوقٌ , خزانة6884‎
60898001 ‏كستناء‎ choose is!

chew ‏مضع‎ choosy ad ‏مدقق في الاختيار‎
chick nosis chop v ‏يقطع بفأس‎
chicken nals chop ‏فطع‎

chicken pox $5121 yar chopper 1asyas

chide 1 ‏يوخ‎ chore nis, ‏عمل‎

chief 1 ull chorus  ass>

chiefly atv ‏خصوصا‎ christen ‏يُحَمَّد‎

child n Jabs christening » suas ala
childhood n ‏الطفولة‎ christian af cass
childish sg ‏صبياني‎ Christianity n ‏المسيحية‎
‎childless a = Christmas nsuoll ‏عبد‎
‎children 0 Jab chronic x 5

chill 30.05 chronicle r Gu,

chill Jas : chronology r ‏علم التاريخ‎
chill ‏هدئ أعصابك :أنه‎ chubby sa ul;

chilly og, chuckle Lists ‏يضحك ضحكاً‎
chimney ‏المستوقد‎ chunk asks
chimpanzee ‏العامة‎ church 6 ‏كنيسة‎

شلال ‎chute‏ ذقنم م0

chip ‏الفيشة م‎ , a5) cider 1 glad] ‏عضر‎

chisel bun cigar ‏ستكاره‎

chocolate ‏شوكولاء‎ cigarette 6, xe

choice r,LusVl cinder 15,0 , ley"	word-to-word-bilingual-dictionary
46	"cinema «

cinema ‏سينماء‎ clandestine 4 ‏سِرّي‎
‎cinnamon ; ‏قرقة‎ clap zac
circle 0 ‏حلقة‎ clarification 1 goss
circle «Js> ‏يدور‎ , Saks clarify ‏يصمّي؛‎
‎circuit bux clarinet ral
circular sd asa clarity 1 esos
circulate 1... clash ‏يصطدم‎
‎circulation rubs clash ‏اصطدامرة‎
‎circumcise ix class 1 ‏طبقة اجتماعية‎
circumcision 1 ‏ختان‎ classic ag ‏كلاسبكيٌ‎
‎circumstance 15,5. classify aa
circumstancial ss ‏ظرفى‎ classmate ‏رشق الصف‎
circus 1 Jew 6125810007 ‏غرفة التدريس‎
cistern nape clause 16,2
citizen 0 bisa claw rls
citizenship naiblse claw v 55500
city ‏مدينة‎ clay n Jab
city hall nasal clean ‏نظيف 4ه‎
civic og asa clean ‏ينظف؟‎
‎civil af risa cleanliness » asl
civilization » ‏الحضارة‎ cleanse aby
civilize va cleanser » ‏المنظفة‎
‎claim ‏يطالب 5 , يدعي‎ clear sf Slo , ‏مشرق‎
‎claim ‏ادعاء م‎ , lias clear ‏مشرقاً‎ alan”
clam 1.5935 ‏سمك‎ clearance ‏التصفية م‎
clamor y ga clear-cut og ‏حل‎
‎clamp ‏زمه‎ clearly a e305:
clan ‏عَشِيرة/‎ clearness css"	word-to-word-bilingual-dictionary
47	"0 coagulate
cleft close ‏؛‎ sli
clemency naa, close a 310
clench ‏يثبّت المسمار»‎ close to pe ‏تحفظ‎
‎clergy ‏الإكليروس؟‎ closed 13 sls
clergyman « ‏كاهن‎ closely su. pls
clerical za ‏كهنوتيّ‎ closet » ‏مختلَى‎
‎clerk ros J closure ‏رن‎
‎clever aq Ss clot nals
click vgs, cloth r ‏قماش‎
‎client n ‏الموكّل‎ clothe « ud
clientele 1 ‏زيائن‎ clothes ‏ملابس7‎
‎cliff nual clothing ١ ‏ملايس‎
‎climate ‏ماخ م‎ cloud ‏سحابة م‎
climatic xf ss cloudless x lo.
climax bs, cloudy oi pile
climb ‏يرتقع ؛‎ clown 1 cna I
climbing » sls! club rll ‏هراوة , مضرب‎
clinch ao! club ‏يضرب بهراوة؟‎
cling Loukas clue ‏الكظامة :ب‎
clinic ‏عيادة؟‎ clumsiness 0 ‏ارتباك‎
‎clip » ‏يبت بمشبك‎ clumsy ‏أخرق ود‎
clipping 15>, ‏قَصَ‎ cluster r spa.

6680 ‏عباءة‎ cluster sam
60886 ‏كبيرة‎ acl cluteh alo
clog ‏يَعُوْف ؛‎ coach vu , alas
cloister ‏دير‎ coach 12,0
61008: ‏استنسخ‎ coaching 0 ‏تمرين‎
‎cloning » ‏استتساخ‎ coagulate 5"	word-to-word-bilingual-dictionary
48	"coagulation “

coagulation 1 ass ‏تخثر‎ cohabit 2 ‏بتعايش‎
‎coal reson coherent x ‏ملتجم‎
‎caalltion ‏اندماج‎ cohesion pla
coarse sg > , ‏رذياء‎ coin alas
coasts ‏ساحل‎ coincide s Jiu
coastal ag ‏ساحلي‎ coincidence » ‏تطائق‎
‎coastline » ‏خط ساحلى‎ coincidental sg ‏متطابق‎
‎coat nella, ‏سترة‎ cold ‏تارديه‎
‎coax yb coldness 0 ‏جفاف‎
‎cob ‏الور‎ Ss colic aa
cobblestone ‏حصاة كبيرة ؛‎ collaborate ‏يشترك في ؛‎
cobweb 1 ‏العنكبوت‎ cu collaboration rusts:
cocaine r ‏الكوكابين‎ collaborator 1 ‏متعاون‎
‎cock ribs collapse ‏ينهار؛‎
‎cockpit 1, ‏مقصورة‎ collapse ‏انهبار؟‎
‎cockroach 16.5, collar ١ os 435
‘cocktail : ‏الكوكتيل‎ collarbone 595!
cocky ad 5,20 collateral a ‏ملام‎
‎cacoanssls colleague r ‏الزميل‎
‎coconuts sell ‏جوزة‎ collect ra,
cod nal collection ١ go>
code 7 ‏رمز , مجموعة قوانين‎ collector 7 ‏الجابي‎
‎6606660047 ‏المُعامل‎ college nals
coerce 0, collide ‏بتصادم»‎
‎coercion rel] collision 1 pias
coexist ‏بتواجد‎ cologne 1 Lugles
coffee s&s colon 1 ‏القُولُون , النقْطَتاَ‎
600087 ‏تابوت‎ colonel, ‏كولونيل‎"	word-to-word-bilingual-dictionary
49	"© commit
colonial af ‏مُسْتَعْمَرىَ‎ comein Joi KE
colonization ‏مستعمرة‎ come out 123%
colonize ‏يستعمر؛‎ come over yas
colony ‏مستعمرة:‎ come up ula , ‏طلع‎
‎color ‏لون‎ comeback re, ‏جواب‎
‎color gu ‏لونم‎ comedian 1 aa ‏ممتّل‎
‎colorful sg ‏بالألوان‎ rus: ‘comedy 1 ‏الكوميديا‎
‎colossal ad pss comet rial
6005 ‏مسدس‎ comfort ‏تعزية‎
‎column ‏عموده‎ comfortable as =o
coma nolo comforter ‏المعزي7‎
‎comb r bus comical ‏هزلي 4ه‎
comb vba coming 1 ‏مجيء‎
‎combat ‏ادير 600109 قتال‎
combat v ‏يقائل‎ comma nalolall
combatant  Julas command /
combination 1st! commander 1,531
combine «gos commandment 1 of
combustible » ‏قابل للاحتراق‎ | commemorate ‏يحتفل بذكرى »؛‎
6001509800» ‏إحراق‎ commence ‏يستهلء‎
‎come ‏جاءنا‎ commend ‏يودع‎
‎come about ix: commendation 1 ‏توضية‎
‎come across y &9sLas ‏يلتقي به‎ | comment y ‏يعلّق على‎
come apart isa comment 1 ‏تعليق‎
‎come back sa commerce r,t
come down Ji commercial ‏تجرف 4ه‎
come forward ‏قدم نفسة‎ commission ‏مهمةمأموري/‎
‎come from «jo sit commit £35: , ‏إلى‎ ale:"	word-to-word-bilingual-dictionary
50	"© سسا

committed sq a> compelling ‏4ه‎ 5,5
committee 1a.) compendium ‏خلاصة وافية‎
commen ‏4ه‎ pas compensate v ose
commotion sal compensation ١ ‏تعويض‎
‎‘communicate «aL; compete ‏بتنافس مع ؛‎
60010/01666007 ‏إنلاغ‎ competence 0 ‏دخل كاف‎
communion n dibs competent ag ‏كاف‎
‎communism / ‏الشيوعيّة‎ competition 0 ‏منافسة‎
‎communist ag ‏شيوعي‎ competitive ‏تنافسيٌ 4ه‎
community r ‏مُجْتَمَعِ‎ competitor 0 ‏المناس‎
‎commute ‏يستبدل , يغيّر؛‎ compile ‏يَحْمَع‎
‎compact 4 peas complain +S iu
compact s qua complaint 1 a.
companion 1 5.8; complement 0 ‏تتمّة‎
‎‘companionship naz, complete as
company ‏شركة‎ complete ax
comparable i ‏قابلٌ للمقارنة‎ | completely aos ‏تماما‎
‎comparative od las completion ‏إتمام»‎
‎compare vu ‏بقارت‎ complex 4 ‏مُرَتب‎
‎comparison rata complexion 0 ‏لون البشرة‎
60010201018010 ‏مقصورة‎ complexity n ‏تعقيد‎
‎compass 13> compliance » ‏مطاوعة‎
‎‘compassion » ‏إشفاق‎ compliant of ‏مطاوع‎
‎compassionate x 354. & complicate v xia;
compatibilty roll complication sui
compatible a4 ‏منسجم‎ complicity 1 ‏تورط في جريمة‎
compatriot reall bls ‘compliment za
‘compel 0,8 complimentary =f ‏مُجامِل‎ , >a"	word-to-word-bilingual-dictionary
51	"4 condense
comply abu concentrate + 2,
component ric concentration 1.5.
compose vals , whe concentric xf Shin
composed a ‏هادئ‎ concept 15,55
composer nu all coneaplion ‏فكرة»‎
‎‘composition 1 suas , ‏تركيب‎ concern vag: , ‏يتعلّق ب‎
compost sla concern nul
composure ncsa concerning ve. ‏في ما يتعلق‎
compound ‏كلمة مركّبة ؛‎ concert ‏اتفاق‎
‎compounded 60649100: ‏منج‎
‎comprehend asa concilate ‏يَسْتَرْصَي ؛‎
comprehensive ‏شامل 4ه‎ concliatory ad ‏استرضاني‎
‎compress «liz conciousness 1,52.
compression 1 has concise x ‏إيجازي‎
‎‘comprise v ‏يشمل‎ conclude vas , sgl
compromise ras. conclusion 7 ‏استنتاج , خائمة‎
compromise + Lely; ‏بسي‎ conclusive sg ‏حاسم‎
‎compulsion + ‏إكراة‎ 6000087 oll
compulsive ‏إعداد »600806000 مُكرة وه‎ , spb
compulsory ad coal] concrete 7 cual
compute yams concrete ‏متماسك وه‎
Computer ‏كومبيوتر؟‎ concur gab
comrade 1 5.5, concurrent uj ‏متفق عليه‎
con man ‏مشعوذة‎ 01056100 TE
conceal ‏يكم‎ condemn | cul
concede cas condemnation cx.
conceited ‏4ه‎ 5,20 condensation ‏تركيز؟‎
‎conceive ‏تور‎ condense 5,"	word-to-word-bilingual-dictionary
52	"condescend ©

condescend vu confiscate La
condiment » ‏تابل‎ confiscation r&,sLas
condition 5, conflict ‏نزاع‎
‎conditional a ‏ب‎ conflict v ‏يتضارب‎
‎conditioner ‏منعم الشعره‎ conflicting a ‏متضارب‎
‎60000 ‏سيادة مشتركة ؛‎ conform silky
condolences ‏تعزية م‎ conformist od ‏ممتتل‎
‎condone aa conformity ‏مطابقة م‎
conducive a ‏مساعد‎ confound v yx
conduct ‏إدارة‎ confront sii
conduct Sagi , ‏يُرشد‎ confrontation 0 ‏مواجهة‎
‎‘conductor 7 ‏الهادي‎ confuse «ly;
cone ‏كوزه‎ confusing a ‏مُخَيَر‎
‎60082: ‏يَمنح , يتشاور‎ confusion ‏إرياك م‎
conference 1 ‏تشاور‎ ‘congenial a ‏متجانس‎
‎confess ١ ‏يعترف‎ congested x ‏مزدجم‎
‎confession 0 ‏اعتراف‎ congestion ‏إردحام»‎
‎confessional ‏كرسي الاعتراف:‎ | congratulate ‏؛‎ (sip.
001688067 ‏المعترف‎ congregate y ‏يجتمع‎
‎600888047 ‏السر‎ lS congregation 1 ‏تجمع‎
‎confide «+ su congress Lacs
confidence nota conjecture 1 ui
confident s4 ‏وائق‎ conjugal ss ‏زواجي‎
‎confidential ‏خصوصي 4ه‎ conjugate ‏يصرّف الأفعال ؛‎
confine x , as conjunction ‏توجيدة‎
‎confinement ‏فيد‎ conjure up slau]
confirm ‏بوي‎ connect bus
confirmation sass connection ‏ربط‎"	word-to-word-bilingual-dictionary
53	"0 consumption
connive vz ‏يتفاضى‎ console sje
connote Ll consolidate vans
conquer Lal ‏يفتح‎ consonant cSt ‏الحرف‎
‎conqueror 7 ‏الفاتج‎ conspicuous ‏واضح 4ه‎
conquest aid. conspiracy nab
conscience 1 al conspirator lial!
conscious ag eli conspire alu
‘conscript n xix constancy » ‏ثنات‎
‎consecrate ‏كاهنا ؛‎ puss constant ‏جلد وه‎
consecration 0 ‏تكريس‎ ‘constellation ٠ ‏برح‎
‎consecutive sg ‏مُتعافِب‎ consternation ١ ‏زعب‎
‎600580905: ‏اجماع‎ constipate ‏قيض الامعاء ؛‎
0005601: ‏يوافق‎ constipated ‏مفبوض الأمعاء 4ه‎
60050017 ‏موافقة‎ constipation » ‏مساك‎
‎consequence 1 ax. constitute ١ ‏يعنّن‎
‎consequent sg ‏ناشئ عن‎ constitution ‏دستورة‎
‎conservation rails constrain Ala , 0,5)

conservative ‏محافظ4:‎ constraint U1 , obs]
conserve usa construct ws
conserve 0 ‏المرنّى‎ construction ‏بناء‎
‎consider ‏يفكّر في‎ constructive a lu
considerable us pla consul 1 Jas
consideration ras consulate rales
consignment ‏إبداع‎ Le
consist ve ‏يتألف‎ consultation 0 ‏استشارة‎
‎consistency 1 ‏كثافة‎ consume ‏يستتفد ؛‎
consistent a ‏مستهلك» 60090006 | متين , متماسك‎
consolation rau, consumption 1 led"	word-to-word-bilingual-dictionary
54	"contact ®
Pluie ‏ببستم سر‎
contact ‏ب‎ dix contraband 1 ‏تهريب‎
‎contact ‏احتكاك‎ contract xis:
contagious «4 se contract r aac
contain ١ ‏يكب‎ contraction nash
container nlc contradict (35;
contaminate ‏يلوت ؛‎ contradiction ‏إنكار»‎
‎‘contamination ‏تلويت‎ contrary as ‏مضادٌ‎
‎contemplate ١ ‏بتغاير؛ 60017254 بتأمل‎
‘contemporary ‏معاصرٌ ل 4ه‎ contrast + ‏المقايرة‎
‎contempt nels! contribute vais: , ‏شرع ب‎
contend , ‏يناضل‎ ‘contribution ngs , axa
0001600883 ‏المنافس7‎ contributor ‏المتبرّع , المسْهمٍ‎
content «3 ie contrition ‏نت‎
‎content / so control asi
contentious sg ‏مشاكس‎ control a.
contents 1 lnygd controversial ‏خلافي وه‎
66010960 ‏تضال‎ controversy a>
contestant 7 ‏متباري‎ convalescent aj sls
context 0 ‏القرينة‎ convene gains
continent ‏قار‎ convenience 0 ‏وسائل الراحة‎
continental «1 5,5 convenient af au,
contingency » ‏احتمال‎ convent rus
contingent uj Jaixe convention » ‏اتفاقية‎
‎‘continuation raul conventional ‏متمسّك بالعُرّف ب‎
continue vais conversation 1 ‏محادثة‎
‎‘continuity r ‏الاستمرارية‎ converse ge ‏يتحدّث‎
‎continuous a4 Lain conversely sv jusall,
contour 1 sas ‏الحط‎ conversion 1 ‏تحويل‎"	word-to-word-bilingual-dictionary
55	"st correction
convert esis copier ys all
convert 1 ‏المهتدي‎ copper ‏نجاس7‎
‎convey ‏؛‎ Jas copy vals
convict vias Copy nas
‘conviction 1 pu , ‏إدانة‎ copyright 1 ‏النشر‎ 5>
convince. gas cord «J
convincing as axa cordial a1
convoluted ui ‏ملفوف‎ cordless x ‏بدوجيل‎
‎CONVOY 1a, Saue bd cordon 1 ‏زينيّ‎ buss
0001/0158 ae a cordon off y ‏يحبط بحبل‎
convulsion 0 ‏اضطراب عنيف‎ core ‏جوهرة‎
‎cook sal cork nodal
60067 ‏الطاهي‎ com gas a=
‘cookie ‏كعكة مُحلاة‎ comer ‏زاوية‎
‎cooking nse comerstone n ‏حجر الزاوية‎
001 ‏بارد باعتدال 4م‎ 600987 sss
cool ‏يبرّد باعتدال»‎ corollary ‏مباشرة»‎ axes
6001 down vial ‏أصبح باردا,‎ coronary ‏إكلبلي 4ه‎
cooling aq ‏بارد باعتدال‎ coronation cuss
coolness 1 ‏جأش‎ abl, corporal ‏بدني 4ه‎
cooperate ‏يتعاون ؛‎ corporal 2 ‏العريف‎
‎cooperation  ustes corporation a,
cooperative ‏تعاوني 4ه‎ corpse ‏جُنَة‎
‎coordinate ‏سمين 6000060164 | يسوي في الرتبة»‎
coordination 0 sess corpuscle 1 downs
coordinator 1 suis correct y par
600 unr correct af ‏صحيح‎
‏يكافج بنجاح »8م60‎ correction n ‏تصحيح‎"	word-to-word-bilingual-dictionary
56	"2 ليبا
سلس -
سيماء :60001603068 ‎correlate xls‏
معكوس 000001853 يتوافق ؛ 6011850000
يغاوم , يعاكس ‎counter v‏ متطابق 4ه ‎corresponding‏
‎counteract Lay‏ رواف 00018037
‎counterfeit v a3‏ يؤل ‎corroborate v‏
مرف ‎‘counterfeit a‏ يتأكّل ‎corrode v‏
نسخة ‎cormupt vs. counterpart‏
زوجة الكونت 1 ‎countess‏ مُرْتَس , ‎corrupt a wld‏
لا ‎‘countless a 3a;‏ رشوة ‎‘corruption n‏
‎country na als‏ تجميلي؟ ‎cosmetic‏
‎‘cosmic uf 5S countryman russ‏
‎cosmonaut» uxiLasll countryside ras,‏
‎cost als county 1 pl]‏
ضربة موفقة 7 ‎costa Coup‏
‎al,‏ زوج ‎couple null‏ غال ‎costly a‏
قسيمة 1 ‎costume 15; COUPON‏
شجاعة ‎courage r‏ كوخ 1 ‎cottage‏
‎courageous aj els‏ قطن 608000
‎courier 7 sels‏ مَضْجع ‎couch‏
‎cough ries course piss, si‏
‎coughs Jai court sla‏
يحاول اكتساب 1135 ‎council ula court‏
لطيف 4ه ‎counsel au courteous‏
لظف » ‎courtesy‏ نصبحة , مشورة ؟ ‎counsel‏
‏دار العدل ‎counselor «gol courthouse n‏
‎count vis courtship 355‏
‎i= courtyard n<L$‏ , إحضاء 00040
‎cove nus‏ العد التنازلي 0 ‎countdown‏"	word-to-word-bilingual-dictionary
57	"0 ereep
covenant 152 crash ‏نشم‎ , abn
cover 0 ‏غطاء‎ , Las crash youl , abs
cover » ‏يحمي , يصون‎ crass a5 ob
coverup y ‏حجب الحقائق‎ crater 1 ols, Jl ass
coverage nabs crave ‏بلتمس؟‎
‎60008 ag Ss craving r alo ‏رغبة‎
‎coverup nll crawl ‏يدب‎
‎Covet val ‏يشتهي ما ليس‎ crayon rusla als
COW nase craziness 1 us.
coward null crazy ag Jira
cowardice 1 all> , ‏جُيْن‎ creak 50
cowardly sv oi creak 1,00
cowboy nal ‏راعي‎ cream 63s
cozy sd ‏دافئ‎ creamy sq Sais
crab nol, crease , ‏جَعْدَة‎ , pai
crack» ‏طقطقة‎ crease aa
cracks shaky create v sl
cradle 150 creation » sl
craft nach, creative «5 ¢ 1a
craftsman 1 ‏الحرّفي‎ creativity 1]
cra crestor nal
cramp ‏نشخ‎ creature : ‏مخلوق‎
‎cramped i ‏ضبق‎ credibility ‏مصداقية م‎
1306 ‏كُرْكي‎ credible :4 ‏معقول‎
‎crank nS) creditor » ‏الدائن‎
‎cranky ‏معتوة 4ه‎ creed re
crap ‏حماقةه‎ creek 1 us>
crappy ad ‏كدر‎ creep vas"	word-to-word-bilingual-dictionary
58	"creepy “

ححصم تج مستي ل

creepy a5 ‏داب‎ cross ‏شطب‎

cremate vila 33 ‏يُخْرق‎ cross out vais

crest dil ‏عُرْف‎ crossfire 0 ‏نيران متقاطعة‎
crevice re io crossing 1,5.

crew polls crossroads 1 S361 side
crib alas crosswalk ‏ممر مسمره‎
cricket ‏كربكيت‎ crossword , ‏كَلِمَاتَ مُتَفَاطِعَه‎
crime sans crouch 2 ‏بريض‎

criminal ‏جنات 4ه‎ crow nl,

cripple a call ana crow all ‏يصيح‎
‎cripples ‏يصيبه بِالعَرَح‎ crowbar ‏عل‎

crisis 0 ‏أزمة حرجة‎ crowd ‏من الناس؟‎ Aus
crisp ‏أو بارقة‎ unio crowd vd

crispy ‏متموع وه‎ crowded a ‏مزدحم‎
‎criss-cross voli crown 1c

criterion Lae crown ‏ينوع‎
‎critical of Saas, Solas! crowning cuss
criticism ‏انتقادم‎ crucial ‏حاسم‎
‎criticize ‏ينتقد»‎ crucifix ‏صلب‎
‎critique ‏تقد‎ crucifivion rls
crockery » ‏فخَارة‎ aul crucify volo
crocodile ‏التمساح‎ crude sg ols
60001 tosses ariel ing
crook rslh> cruelty r aliy
crooked sg ‏معفوف‎ cruise vl ‏بطوف في‎
crop ‏محصول»‎ crumb 6,08
cross nolo crumble ١ ‏يفنت‎
‎06088 ‏مشتعرض 1ه‎ crunchy sq aia"	word-to-word-bilingual-dictionary
59	"0 ‏يع‎
‎crusade Lull cumbersome 4 Juss
crusader lll cunning ‏بارع 4ه‎
crush yam cup ‏كوب‎
‎crushing ‏ساحق وه‎ cupboard nulso
000940 ‏قشرة الرغيف‎ curable a ‏قابل للشفاء‎
crusty ‏فشر زه‎ curator ‏الوضي؟‎
‎crutch ‏عكار‎ curb yp
erynghe curb als
ory ‏يصع‎ curdle / ix
cry out ga cure ‏يشفي؟‎
‎crying n elo cure » ‏الرعاية الروحيّة‎
crystal ‏بوره‎ curfew ros, ‏ناقوس‎
‎cub nll ‏جرو التعلب أو‎ curiosity r ‏فصول‎
‎cube 1 ‏المكمّب‎ curious ‏فضوليٌ د‎
cubic ‏4ه‎ uate url pil ass
cubicle naga curl aaa
cucumber ‏خبار»‎ curly a pm ‏جعد‎
‎cuddle « ‏بعائق‎ currency r alas
cut 0 ‏صفقة‎ aS ‏طرف‎ current ui >
cuisine ‏مطبخ؟‎ currently 0: ‏بصورة عامة‎
culminate ‏يتكيّد؛‎ curse val
culpability ‏الملومية؟‎ curtail ‏بتر‎
‎culprit r ppiall curtain ‏ستارةة‎
‎cult 0 ‏عبادة‎ curve sues
cultivate olay curve sks
cultivation » ‏حراثة‎ cushion 0 ‏وسادة‎
‎cultural ‏د‎ (sles cushion vss
culture ‏ثقاقة‎ cuss ‏يشتم‎"	word-to-word-bilingual-dictionary
60	"custard 0
custard 105 D
BY custodian oa
custody nate,
custom ١ ‏رحا عادةٌ‎
customary 4 ‏معتاد‎ dagger ni
customer uss; daily atv ‏يومي‎
‎custom-made sg ‏عليه‎ nose | 980/1809 nbs
customs 16> daisy ‏زهرة اللؤلؤه‎
Cut ‏قطعة لحم‎ dam ‏اد‎
‎tiem damage 1.5]
cutback vg, damage uals
cut down vg, damaging = 55
cutoff vases damn v2)
cutout elas ‏,توقف‎ damnation 0 ‏إدانة‎
‏فالا0‎ wi ‏ذكي‎ damp sib;
cutlery  نيكاكس‎ dampen 7 ‏يرطّب , يدي‎
cutter 0 ‏رقص 030000 القاطع‎
cyanide ‏السبانيد‎ dance vb
cycle ‏كر‎ dancing 1b)
cyclist n 231 dandruff 0 ‏نخالة الرأس‎
cyclone raz, danger 1 b>
cylinder ‏أسطوانة‎ dangerous x ‏خَطرٌ‎
‎cynic ‏4ه‎ ll dangle ‏يتدلّى ؛‎
cynicism ‏تعبير ساخره‎ dare vi
cypress ‏السَّرُوه‎ dare ‏تحدم‎
‎Cyst no ‏كيس‎ daring a ‏جَريء‎
‎czar nl dark sq ‏مظلم‎
‎darken alls;"	word-to-word-bilingual-dictionary
61	"59 decadence
darkness r aalb deaf od pol
darling 4 ‏حبيب‎ deafen par
darn ‏يرقو‎ deafening sg 5.0; ‏ي‎
‎dart ras deafness 1 pas
0950/7 ‏يقذف بعنف‎ deal ess:
dashing ‏متدقع 4ه‎ deal ‏مقداره‎
‎data noises dealer ‏التاجره‎
‎database ‏قاعده بيانات م‎ dealings 1 ‏تعامل‎
‎date ‏تاريخ‎ dean nals ‏عميد‎
‎date » ‏إلى , يؤرخ‎ 53 dear ai se.
daughter ral dearly ‏كثيراآ0:‎
‎daughter-in-law 22S death 1s
daunt va); death toll niall ‏عدد‎
‎daunting a ‏مزعب‎ death trap 1 a> ‏مكان‎
‎dawn 1,5 deathbed 1 all ‏فراش‎
‏لاف‎ los debase ual
daze gan debatable og ‏عليه‎ £5Lis
dazed ‏متتهرة‎ debate juss
dazzle ‏يشهر»‎ debate 0 ‏منافشة‎
‎dazzling ‏دين 0 0600 لامع د‎
doluxe ss > debrief ‏استخلص‎
‎deacon 1 pula! debris 7 all>
dead ‏4ه‎ lo debt «if
dead end ‏المّدين 0601037 طريق مسدودة‎
deaden vag debunk xu
deadline 1,5] ‏الموعد‎ debut Js sell
deadlock xg abs decade a=
deadly ag Couns decadence 1 gua"	word-to-word-bilingual-dictionary
62	"decaptate ©
decapitate « ‏يقطع الرأس‎ decorum » asl)
‏لان‎ ecw is decrease (ai
decay ‏فساده‎ decrease sass
deceased 4 ‏متوقى‎ decree ‏مرسوم»‎
‎decelt nels decree ‏ب‎ pay
deceitful sg ‏كذاب‎ decrepit ‏عاجز وه‎
deceive (gin dedicate | ‏يكرّس‎
‎December ‏ديسميره‎ dedication 1 ‏تكريس‎
‎decency ‏احتشامه‎ deduce suits
decent +f pine deduct ‏يقتطع‎
‎deception nei deductible x pascal) ‏قابل‎
‎deceptive v1 £51 deduction 1 acu
decide ‏يقزر‎ deed 1 Joc
deciding ss aul deem is;
decimal ag 5, ue deep au ‏عميق‎
‎decimate 11 deepen «saz
decipher 3 ‏المغالق‎ das deer nob
decision 1,18 deface vay
decisive sq ‏فاصل‎ defame vale ‏يفتري‎
‎08067 ‏طَهْرٌ المركب‎ defeat ‏بطل‎
‎declaration rule] defeat 1 ‏إحباط‎
‎declare (coo defect ‏خَلل‎
‎declension ‏تصريف الأسماء»‎ defect ‏إرتدا‎
‎decline ١ ‏ينحرف‎ defection 143,
decline 1 dps defective ‏ناقص 4م‎
décor ras, defend ‏؟‎ naz
decorate v3, defendant naule (cial
decorative x ‏زخرفي‎ defender  gsl1a"	word-to-word-bilingual-dictionary
63	"© demand

ترح ‎defense nao degree‏
م أزال الماء ؟؛ ‎dehydrate‏ بدون حماية 4ه ‎defenseless‏
‏يتلطّف ؛ ‎deign‏ بؤخّل 0880

defiance 1 ix deity ١ ‏وقية‎

defiant sq aia dejected ‏4ه‎ i$)

deficiency ras delay ‏يؤل ؛‎

deficient «a ‏ناقص‎ delay ‏تأخيره‎

deficit ple ‏عجز بشكل‎ delegate ‏ينتدب؟‎

defile ‏يلو‎ delegate ssi

define yi delegation 1 ‏تفويض‎

definite ‏كه‎ 31a delote ‏شطب؛‎

definition 1,13 deliberate » ‏يدرس‎

مدروس إن ‎deliberate‏ حاسمره ‎definitive‏

طعام ‎delicacy ong‏ فرغ الهواء» 060318

deform og. delicate x3 ‏شه‎

deformity 1 og. delicious <1 agas

defraud vgn 06009860 ‏بهجة‎

defray ‏يدقع‎ delight axes

defrost s ‏أزال الصقيع‎ delightful «4 asia

تقصير ‎delinquency‏ رشبق 08804

المقصّر :0611090802 بنزع الفتيل » ‎defuse‏

defy v sia deliver ‏يحوّل‎ 152
degenerate » ‏ينجل‎ delivery 7 ‏تحرير , إطلاق سراح‎
degenerate af Ji delude v JL

degeneration ‏انجلال‎ deluge uss

تضليل م ‎delusion‏ تنزيل ,1 ‎degradation‏

degrade sau; ‏يُنزل‎ demand v ull

degrading «i Jia demand » Cll"	word-to-word-bilingual-dictionary
64	"demanding .
demanding ‏كثبر المطالب 4ه‎ depart >

D | demean olla department 1 aud
demeaning ‏رحيل 0 080200018 تحقير 1د‎
080830037 sls depend 1 ou
demented og ‏مُحبّل‎ dependable ‏موثوق 4ه‎
democracy ‏الديموقراطيّة‎ dependence ١ ‏على‎ bes
democratic ag ‏ديموقراطي‎ dependent a ‏على‎ algo
demolish ‏يدشر‎ depict va
demolition 15.5 deplete vais
demon ‏شيطانة‎ deplorable 4 ull
demonstrate , ‏يُظهر بوضوح‎ deplore uJ ‏يرثي‎
‎demoralize ‏يُفسِد الأخلاق ؛‎ deploy «uly
demote vais ‏يُنزل‎ deployment n ‏إنتشار الجند‎
den noe 060042 ‏يتصرف‎
‎denial ١ a3, deportation 1 5,b,
denigrate ‏سود‎ depose al
Denmak ‏الدتمارك‎ deposit ass
denominator ‏مخز 00047 المقام»‎ , Essie
denote ‏يدل على ؛‎ deprave ag ‏الأخلاق‎ sks
denounce v unis depravity ‏فساده‎
‎dense ‏كثيف , أبله 4ه‎ depreciate vasa. ‏إلغاء‎
‎density : ‏كثافة‎ depreciation 0 ‏انخفاض‎
‎dent oa depress ‏يضغط على ؛‎
dont nasi depressing as ‏كتيب‎
‎dental og nla depression ‏م‎ ais
dentist r Ulu ‏طبيب‎ deprivation ‏حرمان ؟‎
dentures ‏إصطناعية ؟‎ uli deprive ‏يَخْرم؛‎
‎deny ‏يُنكر؛‎ deprived ‏مجردانة‎"	word-to-word-bilingual-dictionary
65	"a detention

كف عن :089154 موضع عميق ‎depth‏
‎B‏ مكتب, استقبال 06917 خرج عن الخط» ‎derail‏
‎5p‏ 4ه ‎desolate‏ خروج عن ‎derailment 1 asl‏
خراب 7 ‎desolation‏ مختل 4ه ‎deranged‏

derelict ad ‏مهجور‎ despair n jul

deride 0 ‏يسخر من‎ desperate x ‏بانس‎
‎derivative ag ‏مشتقٌ‎ despicable ‏حقير 4ه‎

يحتقر» ‎despise‏ يشتق , يتشأ عن ‎derive v‏

derogatory ag ‏ازدرائي‎ despite ‏برغم‎

descend vps despondent ‏4ه‎ bls
descendant, JL 0880067 ‏الطاغية‎

descent ‏هبو , نزول‎ despotic ug ‏طغياني‎
‎describe van destination 7 ‏غرض‎
‎description 0 soy destiny ‏القِسّْمَة م‎
descriptive a3 nay destitute us ‏محروم من‎
desecrate « ‏يدنّس‎ destroy vps
desegregate Ji destroyer 1 poll

desert rel, destruction 115

ملك ب ‎destructive‏ يهجر , يَخْدَل ‎desert‏

deserted ad ‏مهجور‎ detach v Jai

ممكن فصلها وه ‎detachable‏ هارب من الجندية 085601620
تفصيل ‎detail ١‏ يستحق 06860080

deserving 64 ‏مستجق‎ detail ١ ‏يروي بتفصيل‎
design 1 puna , abs detain 2x;

designate v i= detect v ‏يكتشف‎

desirable ‏جذاب وه‎ detective 0 ‏بوليس سرى‎
desire naz, detector r ‏مكشاف‎

desire 1.5 ‏يرغب‎ detention ‏احتجاز‎"	word-to-word-bilingual-dictionary
66	"deter 0

deter vn devotion 0 ‏ثقوى‎

[ 0] detergent 1 pan devour ‏يلتهم»‎
‎deteriorate « sua devout ai ‏قرع‎
‎deterioration » ‏تلف‎ 000 5a
determination / ‏الفضل في نزاع‎ | diabetes 1 ‏الديابيتس‎
‎determine +> diabolical ag ‏شيطاني‎
‎deterrence 0 ‏جيش ردع‎ diagnose ils ‏أو‎ all> ‏يُشخَص‎
‎detest yaa diagnosis 1 ‏التشخيص‎
‎detestable si usa diagonal ag 5,58
detonate a diagram 0 uly ‏رسم‎
‎detonation 1 cx dial ‏قرص الساعة؟‎
detonator ‏المفجّر م‎ dial ‏يتلفن إلى‎
detour 7 ‏انعطاف‎ dialtone r as ‏إشارة‎
‎detriment ‏لهجة 8816617 على حساب‎
detrimental ‏مذ و‎ dialogue rast
devalue ‏يخفض قيمة العملة ؛‎ diameter ‏القُطّر‎
‎devastate ‏يدشر‎ diamond ‏ماسم‎
‎devastating ‏مخرب نه‎ diaper 1 Jab ‏حفاظ‎
‎devastation pos diarrhea ‏الإسهال‎
‎develop vg ss diary nos!
development » ‏توسيع‎ dice ‏النَرّدم‎
‎deviation 0 ‏انحراف‎ dictate vale
device 162.50 dictator ‏الطاغية ؟‎
080117 ‏ابليس‎ dictatorial ‏ديكتانوري وه‎
devious ‏ناو 4ه‎ dictatorship » ‏الدبكتانورية‎
‎devise vg pix dictionary n axse
devoid x3 ‏من‎ sls die ‏يموت ؟‎
devote y ui: die out v acs!"	word-to-word-bilingual-dictionary
67	"0 disappointing
86867 ‏غناء‎ diner 0 ‏متناول العداء‎
differs ‏يختلف‎ dining room ‏تم حجرة الطعامره‎
difference » ‏اختلاف‎ diner ‏عَنَاء‎
‎different a ‏مختلف‎ dinosaur 1 solui
difficult ag ‏صعب‎ diocese » aryl
difficulty n ‏صعوية‎ diphthong ples
diffuse ‏بصب‎ diploma ‏دبلومر»‎
‎dig a, diplomacy » azwloslual
digest pb diplomat 1 ‏دبلوماسي‎
‎digestion 0 ‏تصنيف‎ diplomatic 4 less
digestive aq rand dite sq ‏رقيب‎
‎digit 0 ‏مستقيم 000801 رقم تحت العشرة‎
dignity ‏يُخل‎ direct 2 usa,
dignitary 15.5, plan ‏صاحب‎ direction 0 ‏إدارة‎
‎dignity ١ ‏كرامة‎ director ‏المديرة‎
‎digress ‏يستطرد؛‎ directory russ
dike ‏خندق؟‎ ditt,
dilapidated +5 ‏خرب‎ ditty 4,15
dilemma ‏مأرق»‎ disability ‏عجره‎
‎diligence » 35 disabled ‏معاف 4ه‎
diligent ‏كا‎ disadvantage » ‏عائق‎
‎dilute vg ica disagree ‏تعارض ؟‎
dim 4 pase disagreeable ‏مزعج وه‎
dim cass disagreement ; ‏مخالفة‎
‎dime 1 131 disappear 2 ‏اختفى‎
‎dimension 71%; disappearance ‏اختفاء م‎
diminish JLo disappoint s ‏خيب الأمل‎
dine ysis | disappointing ‏مخيب للأمل 4ه‎"	word-to-word-bilingual-dictionary
68	"disappointment a
ey
disappointment 1 ‏خيبة أمل‎ discover 2 ‏اكتشف‎
‎0[ disapproval n Siw! discovery ‏اكتشاف؟‎
‎disapprove ‏استهجن ؛‎ discredit cs)
disarm, ‏نزع السلاح‎ discreet og ‏حذر‎
‎disarmament ‏نزع السلاح‎ discrepancy 0 ‏تعارض‎
‎disaster 1 ‏مصيبة‎ discretion r,>
disastrous ad ‏مشؤوم‎ discriminate ‏ميزه‎
‎disband ‏حل جمعية؟‎ discrimination suas
disbelief sg discuss ‏ناقش؟‎
‎disburse sal discussion 0 ‏مناقشة‎
‎discard v ne, disdain 0 ‏ازدراء‎
‎discern ve disease 1 0,0
discharge + ‏أطلق سراح‎ disembark v ‏نزل من السفينة‎
discharge ‏تسديده‎ disentangle ‏حل‎
‎disciple ‏تابع م‎ disfigure ‏شيئاء‎ os.
discipline ‏انضاطه‎ disgrace 0 ‏خزي‎
‎disclaim ١ ‏عدم معرفة‎ disgrace ‏أخرى؛‎
‎disclose ‏كشف عن‎ disgraceful ‏شائن وه‎
discomfort 03,5 disgruntled a4 ‏ساخط‎
‎disconnect ‏فصل‎ disguise 1 Ss
discontent sq ‏ساخط‎ disguise ‏قناع م‎
discontinue ‏قطع ( عن ؟‎ ( disgust 0 ulus
discord 0 ‏تضارب‎ disgusting sg ‏شائن‎
‎discount r pas dish 15:
discount ‏حسم‎ dishearten ‏تبط العزيمة؟‎
discourage vassal ‏تبط‎ dishonest ag ‏جادع‎
‎discouraging 4 ‏معوق عن‎ dishonesty 1 Jules
discourtesy ‏فظاطة‎ dishonor 0 ‏حزي‎"	word-to-word-bilingual-dictionary
69	"= dissident
dishonorable ss so disown ‏تبرأ من‎
dishwasher 1 ‏غسالة الأواني‎ disparity 1 ‏تتم تفاوت‎
disillusion ‏تحرير من الوهم؟‎ dispatch, ‏بعث‎
‎disinfect ‏ظهره‎ dispel JL
disinfectant + ‏يظهر‎ dispensation 15,15]
disinherit ‏حرم من الوراثة‎ dispense ‏ركب الادوية ؛‎
disintegrate ‏فسده‎ dispersal ‏تشتيت ؟‎
disintegration 0 ‏تفسخ‎ disperse ‏شتت‎
‎disinterested sg ‏نزيه‎ displace v ‏حل محل‎
disk ‏أسطوانة‎ display » ‏عرض‎
‏ا‎ display ‏عرض ؛‎
dislike ‏فرصي الشكل ؟‎ displease ‏غصب؛‎
‎dislocate ‏شوش ؛‎ displeasing a ac
dislodge ١ ‏أراح‎ displeasure ‏استياء ؟‎
disloyal ‏خائن وه‎ disposal 1 ‏تخلص من‎
disloyalty rales dispose ‏نظم‎
‎dismal og ‏كتيب‎ disprove v1.5
dismantle , ‏أزال‎ dispute ‏مناظرة م‎
dismay rc, dispute ‏تحادل؟‎
‎dismay vol disqualify ‏جرد‎
‎dismiss ‏صرف النظر»‎ disregard ‏تجاهل ؟‎
dismissal Jl) disrepair 9 ‏في حالة سيئة‎
dismount 2 ‏ترجل‎ disrespect ‏اردراء‎
‎disobedience 5,05 disrupt ‏أرعج‎
‎disobedient 54 ‏رافض‎ dissatisfied ‏وه‎ coco
disobey 3,05 disseminate 5
disorder 15.065 dissent val
disorganized a ‏مشوش‎ dissident ss ‏مختلف‎"	word-to-word-bilingual-dictionary
70	"dissimilar ©
dissimilar of ‏مختلف‎ distrust vol!

0 dissipate v, distrustful ag ‏ظنان‎
‎dissolute ‏متهتك وه‎ disturb v silo
dissolution ‏فض البرلمات م‎ disturbance ‏شغب م‎ eles]
dissolve vols disturbing ‏متعب كد‎
dissonant sg Lau disunity 1 Sas
dissuade ‏نصح بالعدول ؛‎ disuse 1,20
distance n asl ditch n Sai
distant og ‏بعبد‎ dive puns
distaste 1,5 diver r pull.
distasteful og ‏كريه‎ diverse 4 ‏مختلف‎
‎distil ‏يتقطر»‎ diversify v ‏أنتج محاصيل‎
distinct «i ‏متميز‎ diversion 1 ‏تحويل‎
‎distinction ‏تميزه‎ diversity ness
distinctive ‏مميزفه‎ divert ys,
distinguish v5.0 divide 1 pd
0581080 ‏حرف‎ dividend 0 ‏حصة‎
‎distortion ‏م‎ au, divine og ‏رائي‎
‎distract v sg) diving nose
distraction nly] divinity 0 ‏الهوية‎
‎distraught as ‏ذاهل‎ divisible ‏قابل للقسمة 4ه‎
distress ‏عسره‎ division ‏تقسيمره‎
‎distress ‏وجع ؟‎ divorce ‏طلاق0‎
‎distressing od sso divorce v sli
distribute ves divorcee 1 ‏مطلق‎
‎distribution ١ ‏توزيع‎ divulge vba ‏أفشى‎
‎district ‏منطقة‎ dizziness ‏دواره‎
‎distrust rool dizzy ai ‏دواري‎"	word-to-word-bilingual-dictionary
71	"9 downtown
don ‏ينفذ يفعل‎ door nly
docile sd ‏قابل للتعليم‎ doorbell ‏جَرَسٌ الباب »م‎ B
docilty ‏طاعة ؟‎ doorstep 1 ‏الباب‎ as
dockn ‏قتل‎ doorway r ‏مدخل‎
‎dock vs ‏بتر‎ dope rola
doctor nub dope ‏تناول مخدرات؟‎
doctrine rain dormitory rggall
document » ass dosage rac,»
documentary 3 ‏إضبارة 00551807 كتابي‎
dodge ‏راوغ‎ dot ab
dog nds double xg 2350
dogmatic ag ‏عفائدي‎ double v acts
dole out y 31s double-check 35a ‏فحص‎
‎doll ‏دمية م‎ double-cross vals
dollar Ves doubt rol
dolphin ‏م‎ uals doubt els
dome ras doubtful ‏مشكوك فيه ا‎
domestic ‏منزلي وه‎ dough 0 ‏عجين‎
‎domesticate ‏دجن‎ dove ‏حمامة0‎
‎dominate a. down ssc
domination ns, bx.. downcast ‏مسدل 4ه‎
0601060009 ‏مستيد انه‎ downfall bs.
dominion ‏سيادةة‎ downhill ‏تحو وضع أدنى بده‎
donate suo downpour ‏انهمار»‎
‎donation na.a downsize ‏خفض العمالة ؛‎
donkey ‏حماره‎ downstairs ss sla
donor rasa down-{0-2arth af ‏بسيط‎
‎doom ‏قدر اشم‎ downtown ‏قلب المدينة‎"	word-to-word-bilingual-dictionary
72	"downtrodden ©

downtrodden ag plas ‏مدوس‎ | dresser naib ‏خزانة‎
‎D | downturn «3 ‏مهر‎ dressing + ‏مرق التوابل‎

dowry 160 dried a ‏جافة‎

doze ‏نوم خفيف م‎ drift yx

doze uns drifter aso ‏شخص غير‎

dozen ‏إثنا عشره‎ dil a> ‏ثقب,‎

0:88 ‏جند‎ dril ness ‏ديل‎

draftsman pos din pi

drag ‏جره‎ drink 19,0

dragon 0 ‏تنين‎ drinkable of ‏للشرب‎ allo

drain» a 0000827 ‏شارب‎

قطره 000 مصرف 0 ‎drainage‏

تقطره 888 | مسرحى مفاجئ 4 ‎dramatic‏

dramatize «ao drive nals, ‏قبادة,‎

يدقع الى الامام» ‎drive‏ ستارة م ‎drape‏

drastic ‏عنيف 4ه‎ drive at vos] Sosy

draw sles drive away vLas

draw driver ‏سائق‎

طريق خاصة ؟ ‎drawback 12,1 driveway‏

تمطر رذاذاء ‎drizale‏ جارورة ‎drawer‏

drawing ‏تخطيطه‎ drizzle 1315,

dread ‏أرهب:‎ drop ness ‏ترجل,‎

ترك, سقوط» ‎drop‏ مَخُوف = ‎dreaded‏

dreadful sg ‏مفزع‎ dropin ‏طفيلية؟‎

dream ipl, drop off ‏النعاس‎ aude:

dream rl drop out ‏خرع‎

dress 1s) drought bx

dress vd 000100» ‏غرق‎"	word-to-word-bilingual-dictionary
73	"© dynasty
drowsy ‏نعسان 4ه‎ dungeon rls;
drug ‏عقاره‎ dupe ‏خدع؛‎ B
drug ‏خدر‎ duplicate ‏كر‎
‎drugstore ‏صيدلبة ؟‎ duplication ‏تكرار»‎
‎drum Js ‏طبلة,‎ durable ‏متين 4ه‎
drunk a3 ‏الثمل‎ duration ‏دوامر»‎
‎drunkenness ‏السكره‎ during ‏طوال م‎
dry vas dusk 7 ‏الفسق‎
‎dry sil dust ‏ترية‎
‎00/020 ‏مجفف‎ dusty ‏كه‎ uz
dual 4 ‏ثنائي‎ Dutch sf Salsa
dublous sf ‏ملتبس‎ duty rans
duchess ‏دوق‎ dwarf 0,5
duck nk dwell ‏يقطن‎
‎ducks ci ‏اتحنى,‎ dwelling ‏داره‎
‎duct» ‏أنبوب‎ dwindle y ‏تضاءل‎
‎due of ‏كاف‎ dye gual, eo
duel 150s dye ng. , ‏دهان‎
‎0085 ‏استحقاقات؟‎ dying wl
duke ‏دوق‎ dynamic ‏ديناميكي 4ه‎
8011 ag ‏كليل‎ dynamite 1 aul
duly as ‏كما ينبغي‎ dynasty ‏سلالة حاكمة ؟‎
dumb sg ‏أبكم أخرس‎
dummy » ‏دمية , طاولة بريدج‎
dummy a ‏زائف‎
‎dump, ‏غمر الاسواق‎
dump 0 ‏مزيلة‎
‎dung ‏روث‎"	word-to-word-bilingual-dictionary
74	"each 37

easy od Jp
E eativsl

eataway voll ‏يزيل‎

el each ‏كل 4ه‎ eavesdrop ‏استرق؟‎

each other us! eccentric a ‏شاذ‎
‎69983 ‏شخص متحمس 4ه‎ echo ‏صدى:‎
‎eagemess 12as) eclipse rps
eagle ru ecology nail ale
earnos| economical ‏مقتصد وه‎
earache ‏ألم الأذنه‎ ‘economize ‏اقتصد»‎
‎eardrum ‏طبلة الأذن0‎ economy ‏توثيرة‎
‎early ‏مبكراءة‎ ecstasy bg.
earmark s ‏خصص‎ ecstatic sg ‏وجد‎
‎eam vi edge naval
eamestly ai la edgy ai sso
eamings rel edible ‏صالح للأ كل 4ه‎
690000085: ‏المسماع‎ edifice neo
earring 1 ‏حرر كتب 60180 حلق‎
earth null edition ‏نشره‎
‎earthquake 0 ‏رتزال‎ educate vas
ease Jou educational ‏ثقاقي 4ه‎
ease nazi, eerie sg ‏غريب‎
‎easily si ‏بسهولة‎ effect 1g Lal
easto ‏شرق‎ effective ‏4ه‎ ool
Easter 1 ‏عبد الفصح‎ effectiveness n ales
eastern ag ‏الجانب الشرقي‎ efficiency r alas
eastemner 153, efficient og ‏فعال‎
‎eastward si ‏شرقي‎ effigy nansSo ‏شخصية‎"	word-to-word-bilingual-dictionary
75	""" embitter

effort ng elegant af ‏كيس‎

عامل ‎element‏ متفتح القلب 4ه ‎effusive‏

699 nan elementary ‏ابتدائي بد‎ 83
699 white nal oli elephant r ‏فيل‎

egoism raul elevate 25,

egoist nul elevation 0 ‏ارتفاع‎

eights ola elevator r1nan

eighteen og ‏ثماني عشر‎ eleven a ie ‏أحد‎

eighth aq ‏ثامن‎ eleventh ss ‏الحادي عشر‎
eighty 4 ‏الثمانون‎ eligible sq ‏مؤهل‎

either ag ‏كل‎ eliminate y Jui

دردارة 8000 احد الامرين ‎either a‏

eject vis eloguence 1a>Las

بطريقة أخرى ننه ‎else‏ انقضى ‎elapse v‏

في مكان أخريثة ‎elsewhere‏ قابل للتمدد وه ‎elastic‏
‎elude sales‏ مبتوج ‎elated a‏

elbow ‏؟‎ 39,0 elusive sg ‏متهرب‎

elder uc emaciated ‏مهزول 4ه‎
elderly ‏ذه‎ ne emanate ‏أنبعث؛‎

elect uuu emancipate » ‏أعتق‎
‎election ١ ‏انتخاب‎ 800210 bac

electric af ‏مكهرب‎ embark aso

electrician r ailssS embarrass vo
electricity ‏كمرياء‎ embassy 6,

electrify ‏كمرب ؟‎ 0080150 , Jo
electrocute v ‏أعدم بالكهرياء‎ embers ‏جمرة م‎

electronic sq ‏الكتروني‎ embezzle ‏اختلس؛‎
‎elegance raul embitter 6,0 ‏زادة‎"	word-to-word-bilingual-dictionary
76	"emblem 7
emblem les empty ag ‏أجرد‎
‎embody ‏جسد‎ empty ve,

مكن؛ ‎enable‏ 00500 لاج
فتن ‎enchant‏ إعتنق ‎embrace ulus‏
‎ils‏ وه ‎enchanting‏ إعتناق » ‎embrace‏
‏طوق ‎embroider 1,1 encircle v‏
مقاطعة ‎enclave r‏ تطريزة ‎embroidery‏
‎embroll juss enclose 1 3sb‏
تطويق 1 ‎enclosure‏ جنين 0 ‎embryo‏
‎encompass isk‏ زمرده ‎emerald‏
‎emerge sil encounter 1,‏
مقابلة 0 ‎emergency nis, encounter‏
‎encourage vax.‏ مهاجر ‎emigrant»‏
‎emigrate 2 acl encroach ssl;‏
دائرة المعارف » ‎emission lo] encyclopedia‏
‎emit ba) end nates‏
‎end ess‏ عاطفة 1 ‎emotion‏
‎endup yop‏ مهتاج و ‎emotional‏
‏عرض للخطر» ‎emperor 1 sbl,us| endanger‏
حاول ‎endeavor‏ تشديدة ‎emphasis‏
‏محاولة 6006810 شدد ‎emphasize‏
‏نهاية ؟ ‎ending‏ |مبراطورية م ‎empire‏
‎sl‏ 4ه ‎endless‏ استخدم؛ ‎employ‏
‏حول شيك, قر ‎endorse‏ المستخديره ‎employee‏
‏تحويل 60001560801 صاحب العمل 0 ‎employer‏
‏تحمل ‎endure‏ عمل 800010008017
‎enemy nssc‏ |مبراطورة 1 ‎empress‏
‏نشيط 4ه ‎energetic‏ فراغ 0 ‎emptiness‏"	word-to-word-bilingual-dictionary
77	"8 environment
energy nas. entail ‏استلزم‎
‎0106066 ‏طبق‎ entangle ‏عقد؛‎

engage ‏استخدم؛‎ enters ‏دخل‎ 8
engaged og ‏نازل‎ enterprise ‏مشروع م‎
engagement ‏خطوية, تعهد‎ entertain ‏استضاف»‎
‎engine 1 Jo entertaining ‏مسلي 4ه‎
engineer n ‏مهندس‎ entertainment 1 ‏متعة‎
‎England ul] enthrall ‏شد‎

English ‏إتكليري به‎ enthralling a ol
engrave 2 ‏نقش‎ enthuse ‏تحمس‎
‎engraving 0 ‏انفش‎ enthusiasm 0 ‏حماسة‎
‎engrossed a ‏منهمك‎ entice y5,¢]

engulf vglul ous enticement lsc]
enhance v;;c enticing ‏موده‎

enjoy vom entire a ‏كامل‎
‎enjoyable ‏ممتع 4ه‎ entirely a lolas
enjoyment r ‏متعة‎ entrance ‏تماماء‎
‎enlarge ‏كبر‎ entreat Juss
enlargement 1.55 entree ‏دخول‎
‎enlighten » ‏أضاء‎ entrenched ‏4ه‎ Lil
enlist ys. entrepreneur ; ‏مقاول‎
‎0000015 ag ‏تجنيد‎ 8010094١ oss
enough ss ‏إلى حد كاف‎ entry ‏دخول؟‎

enrage sac enumerate ‏عدد؛‎
‎enrich 8 ‏زخرف‎ envelop vale

enroll 1 envelope 1 alas ‏ظرف‎
‎enrollment 1 ‏تسجيل‎ envious ‏حسود 4ه‎

ensure yoo environment ‏بينة‎"	word-to-word-bilingual-dictionary
78	"envisage 7
envisage ‏؛‎ Ju erroneous ‏خاطئ 4ه‎
envoy nisms error {las

Im ‏ا‎ erupt ail, ‏ثور البركان‎
envy vis eruption nol ‏ثوران,‎
‎epidemic cls escalate ‏صعده‎
‎epilepsy reall ‏داء‎ escalator nd,xio ‏درع‎
‎episode a> 66680208» ‏مغامرة‎
‎epistle ral, escape 2 ‏تخلص من‎
epitaph 0 ‏مرافق 650087 تقش على ضريح‎
epitomize vax) esophagus recs,all
epoch 1 ac especially ah ‏خاصة‎
‎equal 4 lsza espionage ‏تجسس0‎
‎equality  olsluse essay nalstan
equate s So. essence ‏قلب‎
‎equation rly essential :4 ‏جوهري‎
‎equator 0 ‏خط الاستواء‎ establish ١ ‏أسس‎
‎equilibrium 0 ‏توازت‎ estate ‏مقاطعة م‎
equip ‏زود‎ esteem ‏ثمن‎
‎equipment » ‏التجهيزات‎ estimate >
equivalent ‏معادل 4ه‎ estimation 1 ‏تثمين‎
‎eran ac estranged a clio
eradicate » ‏استأصل‎ actuary ‏مضب التهره‎
erase ‏محاء‎ eternity ssl
eraser 6 ‏ممحاة‎ ethical :4 ‏أخلاقي‎
‎100: ‏أقام‎ ethics 0 SSVI ple
erect ‏مستقيم 4ه‎ Europe ‏أوروبا»‎
‎err pl European af ‏أوروبي‎
‎errand 0 ‏مهمة‎ evacuate v ‏بول‎"	word-to-word-bilingual-dictionary
79	"‎execute‏ نّ

‎evade yu exalt bl
evaluate o> examination 0 ‏فحص‎
‎evaporate vu examine ‏أختبرة‎ a
evasion 0 ‏مراوغة‎ example / ‏تموذج‎
‎evasive sf Uses exasperate ac.
eve ‏مباشرة‎ excavate 1a
even ‏منتظمقة‎ exceed ‏تجاوز»‎

‎even f cs) ‏حتى‎ exceedingly =i lsh
evening 1 ‏غروب‎ excel ‏بز‎

‎event asl excellence ‏بز‎
‎eventuality ‏احتمال؟‎ excellent ug ‏فاخر‎
‎eventually ‏أخيرا :0ه‎ except pa |

‎ever as Lails exception elu
everlasting ag ‏مؤيد‎ exceptional ssl
every as Js 00600010 ‏مقتطفات‎
‎everybody po ‏الجميع‎ excess ‏قرط‎
‎everyday si pss ‏كل‎ excessive ‏مفر بيه‎
everyone ‏كل شخص ذم‎ exchange ‏بدل؛‎

‏آثار؛ ‎excite‏ كل شىء م ‎everything‏

‎001: ‏انفعال 01806010 نزع ملكية‎
evidence 1a exciting fio

‎evil 1,0 exclaim ‏أعلن بقوة‎
evil sg ‏ملعو‎ exclude ‏استبعد‎
‎evoke ‏أثار»‎ excruciating ‏موجع وه‎
evolution ‏تقدمره‎ excursion 30,1
evolve sb excuse ‏عفر‎

‎exact og ‏متقن‎ excuse nax>
exaggerate ‏بالغ‎ executes ‏قضى‎"	word-to-word-bilingual-dictionary
80	"executive 7
executive 5,5] expectancy rss
exemplary ‏به‎ lias expectation 1 ‏احتمال‎
‎= RR expediency ١ ‏ملاءمة‎
‎exempt os ‏معفى‎ expedient of sass
exemption 0 ‏إعفاء‎ expedition 0 ‏سرعة‎
‎exercise / ‏حفلة‎ expel v5,
exercise ‏رياضة ؛‎ expenditure 1 ‏إنفاق‎
‎exert expense rasa
exertion 1.5 expensive of mull ‏غالي‎
‎exhaust 1 ‏أرهق‎ experience ra,
exhausting ‏منهك 4ه‎ experiment a
exhaustion nc] expert of pu
exhibit oy expiate ce ‏كفر‎
‎exhibition 0 ‏معرض‎ expiation ‏كفارة ؟‎
exhilarating ‏منعش به‎ expiration 1,5;
exhort i> expire slo
exile ype! explain 5
exile ‏إبعاده‎ explicit a ‏بين‎
‎exist ala ‏إحتفظ‎ explode sau
existence ros exploit ‏استفل‎
‎exit ‏مخرع‎ exploit aia
610005 ucla ‏هجرة‎ explore vn
exonerate vs, explorer 6 ‏مستكشف‎
‎exorbitant ‏بافظ 4ه‎ explosion r,s,
exotic ‏شاذقه‎ explosive x ‏انفجاري‎
‎expand vol explotation r JMavul
expansion » axa export ‏يصدّر الى الخارج‎
expects, ‏توقع,‎ expose v ‏عرض‎"	word-to-word-bilingual-dictionary
81	"7 fact

exposed of ‏مكشوف‎ extricate + als

8100088 1 ‏شحن السريع‎ extroverted x ‏الْيِسَاطِيَ‎
‎expression 0 ‏إبانة‎ exude vas

expressly a pune ‏بشكل‎ oxulty Ji K
expropriate ‏عين؟ لاع صادر؛‎

expulsion rb eyebrow ell ‏حاجب‎
‎exquisite og ‏فاتن‎ eye-catching ‏جاب 4ه‎
extend ‏نشر, حسن؟‎ eyeglasses / ‏تظارة طبية‎
extension 0 ‏تلفون‎ alos eyelash r ‏هدب الجفن‎
extent; sas eyelid 1 a>
‘extenuating sq saxo eyesight ‏بصره‎

exterior a ‏خارجي‎ eyevitness role ‏شاهد‎
‎exterminate ١ ‏فني‎

extemal af ‏سطحي‎

منفرض 4ه ‎extinct‏

extinguish + lb

extort F

extortion ‏ابتزاز»‎

extra sv ‏نحو خاص‎ fable ‏أسطورة؟‎

extract als! fabric 1 ‏تسيح القماش‎
extradite ‏تسلمة‎ fabricate ‏ركب‎
‎extradition 140 ‏تسليم‎ fabulous a ‏رائع‎
‎extraneous aj ‏خارجي‎ face ray
extravagance nis face up to yall ‏يتقبل‎
‎extravagant sg ‏السطيخ , وجبه 196840 مسرف‎
extreme ‏منطرف 4ه‎ facilitate  Jp.o
extremist 4 ‏متطرف‎ facing ‏مواجهة دم‎

حقيقة 18640 أطراف الجسم ‎extremities‏"	word-to-word-bilingual-dictionary
82	"factor 8
1860020 ‏عامل‎ falsehood r ais
factory n ‏مصنع‎ falsity ‏شوة‎
‎factual og ‏حقيقي‎ falter ‏عى في الكلام»‎
faculty nals fame 1 aaa

fad ns; familiar a ‏مألوف‎
‎fade v Js family ‏عائلة‎
‎faded 3 ‏بات‎ famine r aclxa
fall bas famous «4 ‏مشهور‎
‎failure » Stas 1307 ‏معجب‎ sla
faint vale ‏اغمى‎ fanatic oj ‏متعصب‎
‎180010 ‏إغماء‎ fancy ‏مزخرف 4ه‎
faint sg cual fang nob
[en fantastic ‏خبالي 4ه‎
fal ‏وسيم , مقبول 4ه‎ fantasy rls
faimess 1 Jac far a ms
fairy 1 > faraway oll
faith nus , ‏معتقد‎ farce ‏تمثبلية م‎
faithful od ‏مخلص‎ fare ‏ثمن التذكرةم‎
fake » ‏لفق‎ farewell 0 ‏وداع‎
‎fake ag ‏مزرعة 13000 مستعار‎
fall ‏خريف ؟‎ farmer 0 ‏مزارع‎
‎fall bass farming ‏العمل بالزراعة»‎
fall back «= farmyard nac,all ‏فناء‎
‎fall behind v = ‏تخلف‎ farther a ‏إلى مكان‎
fall down ‏أهمل مهمة»‎ fascinate v ‏فتن‎
‎fall through ‏خفق في التفاوض‎ | fashion 0 ‏زي‎
‎fallacy n ‏مغالطة‎ fashionable as ‏أنيق‎
‎fallout ‏نتيجة‎ fast og ‏سريع‎"	word-to-word-bilingual-dictionary
83	"‎tfertize‏ ن
فدرالي 4 ‎fasten vcs federal‏
رسم دخول؟ ‎fee‏ دهن 1840
واهن 4ه ‎feeble‏ 'سمين ‎fat ad‏
‎feed i pk‏ مصيري ‎fatal‏
‏= بلمس ‎fate clas feel‏
‎feeling 1 a.‏ مصيري ‎fateful od‏
عاطفة 0 ‎father nol feelings‏
قدمرة ‎feet‏ الأبوة 1 ‎fatherhood‏
‎feign 1 alk‏ الحموه ‎father in-aw‏
زميل 0 ‎fellow‏ أبوي ‎fatherly aq‏
منحة جامعية 1 ‎fellowship‏ ملل ‎fatigue‏
‎fatten vo. felon 15,‏
جريمة 1 ‎felony‏ بدين ‎fay a5‏
‎faucet ras female rss‏
المؤنث 4ه ‎feminine‏ خلل ‎fault n‏
مبارزة بالسيف »16068 ‎al‏ به ‎faulty‏
‏مبارزة بالسيف؟ ‎favor 1 Jas fencing‏
تضرف ‎fend‏ واعد 4ه ‎favorable‏
‎fend off vos‏ محبوب ‎favorite ag‏
وفاء 160087 خوف 0 ‎fear‏
‎ferment a‏ خائف وه ‎fearful‏
‏خميرة 18008017 ملائمرق ‎feasible‏
‎ferocious =4,Lo‏ موسم ‎feast‏
‏ضراوة ‎ferocity n‏ عمل ‎feats olpby‏
معدية 0 ‎feather rau, ferry‏
خصيب 4 ‎fertile‏ ميزة م ‎feature‏
‎fertility n oa‏ شباطه ‎February‏
‏أخصب: ‎fed up os 20 fertilize‏"	word-to-word-bilingual-dictionary
84	"fervent ©
fervent xj ‏حماسي‎ fighter » ‏المقائل‎
‎fester youas figure ‏قد قوام»‎
festive ‏احتفالي 4ه‎ figure out ‏عرف‎
‎festivity alas] ‏مراسيم‎ fle via oa
1800 ag ‏نتن‎ file ‏إضارة, ملف»‎
fetus rg ily ad] ‏حشا‎
‎feud ‏عداء‎ filling ‏حشوة السن»‎
fever 1 a> film 129, ‏طبقة‎
‎feverish 04 ‏مصفاة 011820 حمي‎
few ‏بعض 4ه‎ filter sna
fewer og hus filth ‏نتانة‎
‎fiancé nous filthy ag 59
fiber 11s.> fin 1 daca ‏زعنفة‎
‎fickle ‏متقلب 4ه‎ final ag ‏نهائي‎
‎fiction 14.09 finalize ‏جمل؛‎
‎fictitious ‏خراقي 4ه‎ finance ‏مول‎
‎1006 0 ‏كمان‎ financial ‏4ه‎ sla
fidelity 1 ‏إخلاص‎ find i ‏يلاقى‎
‎field alo find out ‏اكتشف‎
‎fierce og Lo fine nates
fiery ‏ناري 4ه‎ fine ‏غرم»‎
‎fifteen ad isc ‏خمسة‎ fine sar JU ‏في أحسن‎
888 04 ‏خمس‎ fine ag ‏لطيف‎
‎fifty a finger 1 ga
08-580 assoc fingernail abs
fig nos fingerprint» a.
fight + ‏يتقائل‎ fingertip 0 ‏البنانة‎
‎89060 ‏مقاومة‎ finish ‏فرغب‎"	word-to-word-bilingual-dictionary
85	"0 fer

Finland ‏قلتداه‎ | Mamboyant us 2 lo
Finnish ‏فتلندي زه‎ flame 1 ‏متوهح‎
‎firey Jail, ‏أطلق‎ | #tammable ag ‏سريع الأشتعال‎
‏تارم8‎ flank nol
ream ‏قطعة سلاع‎ fare.
firecracker nau,U ‏مفرقعة‎ flare-up ‏إستشاط غضياء‎
firefighter n ‏إِطْفائِي‎ flash 1 ‏وميض‎

fireman » ‏إطفائي‎ fashlight 1 ‏الومضي‎ all
fireplace 164.0 flashy ‏ميهرج 4د‎

إطار ضارب 0840 حطب؟ ‎firewood‏

fireworks na, ‏الألعاب‎ fat ‏4ه‎ otal

rm a ‏قاس‎ fatten aba.

rm 0s ‏طرى :08882 شركة‎

firmness 1 ‏تحمل‎ fattery nll

first ag ‏أولي‎ flaunt ‏تبرخ‎

fish 1 clos flavor » ‏توابل‎

fisherman nda slo flaw ‏نقص؟‎

fishy ‏مشبوةكة‎ flawless si ‏بلا عيب‎
fistnans flea ‏برغوث؟‎

يتلاشى 086 نوية 086

جزة 35.0 066080 ناسب :88

fitness n asso fleet ‏أسطول‎

fiting a ‏مناسب‎ fleeting as ule:

five af ‏الخامس من‎ flesh ‏الجر‎

fix ‏حددة‎ flex ss

لذن ‎flexible‏ زقاق بحري 00000

flag nl flicker sb!

flagpole n alall Lu 010820 ‏نشرة إعلانية‎"	word-to-word-bilingual-dictionary
86	"might @
019010 ‏لا رحلة جوية , طيرات‎ ub
flimsy ‏4ه‎ 5.8, fly ras
flip ‏نقر ) بطرف الإضبع»‎ ( foam nose,
flirty le: focus ‏بؤرة‎

float ps= focus on vole ‏يركز‎
‎flock ngs fos ‏عدوم‎
‎flog val> fognols
flood vlssh foggy sd ‏ضابي‎
‎floodgate ‏سده‎ foll ‏هرم‎
‎flooding nas fold vessels
fioodlight 0 ‏إضاءة‎ folder nals
floor 7,2 folks ‏أنسباء المرء»‎
‏7م10‎ Jus folksy si ous
floss ‏جزيرة‎ aa) follow vg
flour 1 85 follower ‏المريدة‎
‎flourish ‏ازدهره‎ folly raslac
flow v.55 fond 84 ‏مغرم محب‎
flow ‏تيار‎ fondle «cab
lower 16,2; fondness ‏إعزاز»‎
‎flowerpot 1355 ‏أصيص‎ food ‏طعامم‎
‎lu ‏الإنفلونزا‎ foodstuff 0 ‏مادة غذائية‎
fluctuate vss fool vests
fluently sd ‏يتدفق‎ fool a pina
fluid raile 10010000) ‏غير خطر 4ه‎
0002 ‏خفق‎ 1004 0.5
flush ‏تورد‎ football pall ‏كرة‎
‎flute ‏الفلوت؟‎ footnote ‏هامش؟‎
‎flutter ‏رفرف‎ footprint reall ‏أثر‎"	word-to-word-bilingual-dictionary
87	"0 fossil
footstep ‏خطوة م‎ forget su
footwear <li> forgivable sd sian
fore ‏لأجل‎ forgive ‏سامح ؛‎
forbid i lax forgiveness né,aza
force rhe fork n ‏مفرق طرق‎
force 1,0 1000 ‏,شي‎
‎forceful a ‏فوي‎ formal ‏أشكلي 4ه‎
forcibly ao bls formality 1 ‏شكلانية‎
‎forecast 1 ‏يتكهن‎ formalize Luo, ala
forefront rs, formally ss Ly
foreground slo format nau
forehead rap. formation » ‏تشكيل‎
‎foreign sd ‏أجنبي, غريب‎ former a ‏سالف‎
‎foreigner 0 ‏أجنبي‎ formerly a ‏سابقا‎
‎foreman 1 lal] ‏كبير‎ formidable ‏هائل 4ه‎
foremost sd ‏رئيسي‎ formula ; aaa
foresee ‏با‎ Lux forsake oe ‏يتخلى‎
‎foreshadow ١ ‏أذن ب‎ fortn ‏حصن‎
‎foresight 16,0 forthcoming ‏قاذم 4ه‎
1008567 ‏غابة‎ forthright ad ‏مباشر‎
‎foretaste no, 0 ‏دلالة‎ forty veses
foretell 1,555 fortitude ‏صرامة م‎

forever aay ‏إلى الأبد‎ fortress 1 Jase
10800300 a> fortunate sq ‏سعيد‎
‎foreword ‏تصديرة‎ fortune 1 b>
forfeit ais forty a ‏الأريعون‎
‎forge ‏طرق الجديد»‎ forward od ‏أمامي‎
‎forgery rus fossil pax"	word-to-word-bilingual-dictionary
88	"foster “
a
foster vgs ‏لسن تبنى,‎ 55>]
foul by fraternity ‏نادي رجا‎
foundation 1 ‏مؤسسة‎ fraud nels,
founder » die fraudulent og ‏مخادع‎
‎foundry » dues freckle nia:
fountain 0 ‏ينبوع‎ freckled ‏ذو نمش نه‎
four 4 ‏الرابع‎ free ‏حرر, تخلص من‎
fourteen oj ic ll free od ‏مطلق الحرية‎
fourth ‏رابع 4ه‎ freedom ‏تجررة‎
‎fox ross freeway nual ‏شارع المرور‎
foxy ‏ماكرق‎ freeze ‏يتجمد‎
‎fraction ‏كسره‎ freezer 1 soxall
fracture ‏كسر العظمره‎ freezing sg ‏,التجليد‎
‎fragile sg ‏هش‎ freight nil 6,1
02908040 ‏شظية‎ French of ‏فرنسي‎
‎fragrance ‏شذاء‎ frenetic ‏مسعورةه‎
‎fragrant 4 2 frenzied ag ‏مسعور‎
‎trail of ‏سهل الإنقياد‎ frenzy ‏سعره‎
‎frailty ran frequency ‏التكررة‎
‎frame ‏هبكل, إطاره‎ frequent ag ‏متكرر الحدوث‎
frame bo ‏أط,‎ frequent vulse ‏تردد الى‎
framework» ‏الإطا, شيكل‎ fresh ag ‏جديد‎
‎France 1 Lu, freshen , ‏تعيش‎
‎franchise ‏حق الانتخاب ؟‎ freshness nosh
frank oi ‏صريخ‎ friar ral,
frankly ‏بصراحة حقا :ته‎ friction ‏حك, احتكاك م‎
frankness » ‏صرامة‎ Friday ‏الجمعة:‎
‎frantic af ‏مسعور‎ fried aq ‏محمر‎"	word-to-word-bilingual-dictionary
89	"0 funiture
friend » 5.00 frustration ‏إحباط»‎
‎friendship r ‏صداقة‎ fry Ns
fries rs frying pan 1 ‏مقلي‎
‎frigate nas, fuel ‏وقودة‎
‎fright ac, fuel ‏زود بالوقود؛‎ 3
frighten ‏خوف؟‎ fugitive 1 ‏هارب‎
‎frightening uf ‏مفزع‎ fulfils jo
frigid eg 15 fulfilment » ‏تحقيق‎
‎fringe 1 sl , ‏الحدود‎ ull ag slo
frivolous of ‏طائش‎ fully as Lolas
frog ng aio fumes 1,
from pre ‏من‎ fumigate 1,55
front nag fun rela
front ag ‏أمامي‎ function sass
frontage n ‏واجهة مبنى‎ fund ‏رأسمال»‎
‎frontier 11> fund ‏ميلفاء‎ 20,
frost n ‏صقيع‎ fundamental ag ‏أصلي‎
‎frostbite ‏سفح الجليد م‎ funds » Jigal
frosthitten ‏يؤذي بالصفيع 4د‎ funeral 1 ‏دفن‎
‎frosty a lax ‏بارد‎ fungus ‏قطره‎
‎frown y us funny sd ‏مسل‎
‎100280 29 ‏مجمد‎ furs,
frugal of ‏مقتصد‎ furious ‏غاب 4ه‎
frugality ‏اقتصاده‎ furiously a4 uo
fruit» Jpaxo fumace 11,8
fruitful =3 010 furnish v5
fruity og ‏فاكهي‎ furnishings r ‏تأثيث‎
‎frustrate «bu furniture 0 ‏فرش‎"	word-to-word-bilingual-dictionary
90	"turor ©

بعاصفة :9318و فطضيحة 1 ‎furor‏

furrow ‏أخدوده‎ gall bladder 0 ‏كيس المرارة‎

fury ‏فروي 4ه‎ gallant a ‏مؤدب‎

معرض ‎gallery ١‏ من ناحية أخرى نه ‎further‏

غالون» ‎gallon‏ | علاوة على ذلك ‎furthermore as‏ لها
عدا بسرعة» ‎gallop‏ حتت لان للا

مشنقة 9/0050 قاطع تيارة ‎fuse‏

fusion ‏صهره‎ galvanize vals

قامره ‎gamble‏ اهتياج :055

fussy st ‏سريع الإهتياج‎ game aa)

futle ‏عقيموه‎ gang ‏عصابة»‎

uty r pac gangrene 1 Lu,c,e

قاطع طريق 980951827 مستقيل ‎future‏

fuzzy ‏غامض به‎ Gap 0 ‏ضيق , فجوة‎ yan
garage 0 ‏ورشة عمل‎
garbage n ‏تفاية‎
‎9800000 ‏حديقة‎
‎gardener ‏بستاني‎

6 980916 velall ‏تفرغر‎
‎garland 0 ‏تاج‎

gadget rb, all garlic 1 pss

939125 garment s ‏ملابس‎

9589 oS gamish 5,5;

gage ‏راقن ؟‎ gamish nas,

موقع عسكري :9301500 ,نجزه ‎gain‏

gain 15,25 garmulous ‏ثرثار 4ه‎

بنزين 7 938 القالونة ‎gal‏

galaxy nailed ‏مجرة‎ gash nad ‏جرخ‎"	word-to-word-bilingual-dictionary
91	"7 geyser
gasoline nls; all gentleness n ‏لطافة‎
‎gasp), genufiect Laas ‏حنى الركبة‎
gastric of ‏معدي‎ genuine sg ‏حقيقي‎
‎gate 1,500 500 geography ‏جغرافية ؛‎
gather gos geology ‏بطبقات الأرض؟‎ alle
gathering n aul, geometry 1 ‏الهندسة‎ ale [ c
gauge ls 980170 ‏جرثومة‎
‎gauze ‏ضمادة خفيفة»‎ German ag ‏ألماني‎
‎9828 9 ‏تقرس‎ Germany n Lulali
gear 1 pul germinate (ac,
geese ‏أوره‎ gerund 1 ‏صيفة الفعل‎
988 ‏جوهرة70‎ gestation 1 Jax ‏مرحلة‎
‎gender sui gesticulate sos
gene ras gesture 0 ‏إشارة‎
‎general ‏جترال0‎ get
generalize spac getalong ves
generate ‏ولد‎ getaway ‏انطلق»‎
‎generation 1,15 98283016: ‏استرد‎
‎generator 1 ‏مرجل‎ getby ‏تديره‎
‎generic af ‏شامل‎ getdown vs;
generosity rele get down to ‏إقتام؛‎ Sa
genetic ‏دخل 984106 وراني 4ه‎
genial ui ‏ودي‎ getoff ‏قرا‎
‎genius raga getout sal
98006108» ‏إنادة جماعية‎ getover y ‏تغلب‎
‎genteel x suas gettogether ‏كدس‎

gentle ag ‏دمت‎ getup los
gentleman «sso 96580 ‏مرجل تسخين‎"	word-to-word-bilingual-dictionary
92	"ghastly LJ

ghastly ‏مروع 4ه‎ glasses roll
ghost ros glassware 0 ‏زجاجية‎ aul
giant all, gloam 1 ‏ضعيف‎ sso
gift nasa gleam ‏أضاء بضعف»‎
gifted ‏موهوب 4ه‎ glide ‏نل‎

gigantic os ‏عظيم‎ glimmer races
giggle vn glimpse rasa)
gimmick n ‏وسيلة للتحايل‎ glimpse ‏لمح‎
‎ginger 0 ‏زتجبيل‎ glitter ‏تألق ؛‎

gingerly ai ‏رقيق‎ globe ‏الكرة الارضية؟‎
giraffe asl; globule ‏كرية ده‎
girl nals gloom rac.
gitfiend 0 ‏صديفة‎ gloomy ad ‏متجهم‎
‎give wv ‏يعطى‎ glorify ‏أجل‎

give away vio ‏تخلص‎ glorious aj ‏مجيد‎
‎give back ‏دعم‎ glory nels

give in y ‏أعطى‎ gloss ules)
giveout ios, glossary » cals ‏قائمة‎
‎give up ‏استسلم»‎ gloss go¥
glacier rll ‏نهر‎ glove 1a

9190 si ase glow voas
gladiator laa glucose ‏جلوكوزه‎
‎glamorous ag al glue rele

glance v ‏أومض‎ glue ‏غراء‎

glance naa glut ross

gland nose glutton 0 ‏نهمة‎
‎918:8 aslo 9080 vos

glass ‏كوب‎ Frys"	word-to-word-bilingual-dictionary
93	"= grand

goahead pass goof nal Vl
goaway ‏ذهب‎ goose nisl

go back ‏دعم‎ gorge n sl

90 down 1a, gorgeous ‏رائع 4ه‎

سفاح 0 900013 دخل 90100

goon Joly gory ioe
900016 ‏خرج‎ gospel n Jus]

go over vaislall ‏خرق‎ gossip vi

go through vcs gossip plas

go under sles! 900017 ‏نقرس‎

90600 sno gover 15>

حكومة 1 ‎government‏ همزه ‎goad‏
‎governor nS‏ سجل هدف , مرمي/ 908

goalkeeper 1. ‏حارس المرمى‎ gown 1 jul

اختطف؟ ‎grab‏ عنزة 9040

gobble ‏التهم»‎ grace ‏سمو‎

God ‏الخالق؟‎ graceful sf ‏كيس‎
‎goddess naaVl a, gracious ‏كريم 4ه‎

900658 ag axle grade rasan

goggles r ‏نظارات للوقاية‎ gradual sg 2,0

gold nail graduate vz,

golden ag ‏ذهبي‎ graduation 0 ‏التخرج‎ Ja>
9000 aus grat loll ‏إبنز‎
‎‘good-looking ‏4ه‎ 5.1 graft ‏تطعيم النبات‎

goodness» ‏طيب القلب‎ grain 16,4

goods nacla gram ‏غرام»‎

goodwill rains ‏رغبة‎ grammar aalll) ‏فواعد‎ (
goof + ls] grand ag pies"	word-to-word-bilingual-dictionary
94	"grandchild ©

grandchild » i> graveyard 0 ‏مقبرة‎

granddad ‏جه‎ gravitate ‏انجذب؟‎

جاذبية الارض؟ ‎aravity‏ جد ‎grandfather‏

صلصة اللحمره ‎gravy‏ جدة ب ‎grandmother‏

grandparents ‏أجداده‎ gray sd ‏أشيب‎
‎grandson » > graze ‏رعى الماشية؟‎

يسيم ‎graze‏ غرانيت ؟ ‎granite‏

granny nsx grease ‏أزال الشحم»‎

90017 ‏اعترف‎ grease nani

grant ra. greasy xi ‏مدهن‎

grape noc great «i pac

grapefruit nail usa greatness 1 aac

يونان0 ‎Greece‏ كرمة اشاعة م ‎grapevine‏

graphic og ‏نابض‎ greed no,

Qrasp 1 ‏مقبض‎ greedy ad ‏أناني‎

يوناني ‎Greek af‏ قبض على, فهم» م9:35

grass nic green sg ‏قليل الخبرة‎

grassroots af ‏أساسي‎ green bean 0 ‏فاصوليا خضراء‎

grateful sg ‏مقر بالجميل‎ greenhouse ass

gratity «gait Greenland ‏الجزيرة الخضراء»‎

حياء ‎greet‏ ممنع 4ه ‎gratifying‏

ترحيبات 0 ‎greetings‏ غرفان بالفضل م ‎gratitude‏

gratuity rae gregarious ag ‏اجتماعي‎

grave ug usin grenade 0 ‏قذيفة‎

grave ‏قير‎ greyhound ‏السلوقي؟‎

gravel rsa grief nals

gravely 0: ‏بجدية‎ grievance 1 ‏شكوى‎

gravestone ‏الشاهده‎ grieve vas]"	word-to-word-bilingual-dictionary
95	"9 quilt

grill vss. 9100 ‏برع » قلا‎
grill ‏مشواةه‎ growl ‏هدر‎
‎900 ‏متجهمة‎ grown-up; gL
grimace 0 ‏كشرة‎ growth rela;

grime ‏سخامرة‎ grudge » 14>

grind i ‏يطحن‎ grudgingly ss 5,150
908 ‏قبض على»‎ gruelling ‏وه‎ C3)
9:0 ‏قيضة0‎ gruesome x ‏مروع‎

gripe ‏مظلمة:‎ grumble v.05

grisly ag ‏مخيف‎ grumpy a ‏غاضب‎

groan vol guarantee ‏كفل ؛‎

groan nl guarantee nulas ‏كقالة,‎
‎groceries nel guarantor 7 ‏الكفيل, ضامن‎
groin 0 ‏حارس 908:0 أربية‎

Groom ‏عريس0‎ guardian 1

groove ‏أخدوده‎ guerrilla ‏حرب العصابات م‎
gross ag ‏جاف, فادج‎ guess vas

grossly sargsls ‏على نحو‎ 90055 1 pans
grotesque of ‏غريب‎ guest ras

grotto ‏غاره‎ guidance ‏إرشاده‎

grouch (yo, guide va,

grouchy a ‏متذمر‎ guide ‏مرشده‎

ground ‏أرض؟‎ guidebook » ‏دليل‎
‎ground floor n ‏لمابق أرضي‎ guidelines ‏الدليل الموجزه‎
‘groundless a ‏ا أساس له‎ guild nals

مكزه ‎guile‏ | العمل التحضيري ‎groundwork‏

group 0 ‏قطبع‎ guillotine nalazs

grow ‏ينمو‎ quilt» i]"	word-to-word-bilingual-dictionary
96	"2 لاو

quity sg iia
gue ‏هينة‎ H
guitar 0 ‏قيتارة‎
‎gulf rasta, habit ‏بذلة ركوب الخيل‎
gull ١ ‏تورس‎ habitable ‏صالح للسكن يه‎

اعتيادي ‎habitual ag‏ ساذح 4ه ‎gullible‏ ان

ولع ‎hack vo.‏ ارتشف 90100 لان
‎gulp real, haggle sl‏
برده ‎hail‏ ابتلع؛ ‎gulp down‏
حياء ‎gum nad geo hail‏
شعره ‎gun reso, hair‏
فرشاة للشعره ‎hairbrush‏ | يجرح بطلقة ‎gun down yal‏
الحلا ‎haircut nas‏ اطلاق المدافع م ‎‘gunfire‏
‏تسريحةم ‎hairdo‏ المسلح ببندقية0 ‎gunman‏
‏المزين 1 ‎hairdresser‏ باروذ 0 ‎gunpowder‏
‏شعر مستعار ‎haitpiece n‏ إطلاف ‎gunshot,‏
‏زغبي وه ‎hairy‏ عاصفة :9094
‎gusto 1 Jue half nua‏
تصفى ‎qusty og slo half af‏
بيت ريغي ؟ الفط وعاء جلدي؟ اناو
هلوس؟ ‎guts nol,» hallucinate‏
رواق 1 ‎hallway‏ مزراب 7 ‎gutter‏
‎Quy ns halt 5‏
‎halve «bs‏ التهم» 90226
للحم خنزير مدخن 6 ‎ham‏ قاعة ‎gymnasium 1a.ol,‏
شطيرة ‎hamburger » ace‏ طب النساءه ‎gynecology‏
‏قرية صغيرة ‎hamlet‏ غجره 09ر9

مدقة 0200080"	word-to-word-bilingual-dictionary
97	"9 harvest
hand ‏إشراف»‎ happening ‏حادثة م‎
hand 00800: Jax 080010888: ‏السعادة السماوية‎
hand in ‏يدا بيد‎ happy ed sass
hand out vg 9 harass v 5a,
hand over sl harassment » cle;
handbag ‏حقيية م‎ harbor ‏ميناء‎
‎handbook 0 ‏كتيب‎ hard sg ‏قاس‎
‎handcuff ‏فيد‎ harden v SLioll ‏تحمل‎
‎‘handcuffs ‏أصفاده‎ hardly ‏بالجهديةة‎
‎handful ‏حفنة‎ hardness 1 65..5
handgun ‏طَبَنْجَة‎ ‘hardship n ‏أذى‎
‎handicap nase] hardware ‏أدوات منزلية م‎
handle ‏موضوعا؛‎ alle. hardwood als ‏خشب‎
‎handle nal ‏مقبض‎ hardy ss ‏جريء‎
‎handmade ‏صناعة يدوية به‎ hare ‏أرنب الوحشية؟‎
handout nai harm v.55!
handrail ‏درابزون ؟‎ harm ‏أنىه‎
‎handshake naxslao harmful = ‏مؤذ‎
‎handsome ‏حسن 4ه‎ harmless ‏4ه‎ 5,1
handwritting ‏كتابة م‎ harmonize ‏أتلف؛‎
‎handy as ‏بارع‎ harmony ‏الانسجام‎
‎hang ‏أدلى»‎ harp 1,
hang around ‏تسكع‎ harpoon uss,
hang on «bast harrowing ag als
hang up v ‏شنق‎ harsh a gs)
hanger ‏الجلاده‎ harshly so ‏بخشونة‎
‎hangup ‏استحواذة‎ harshness abla
happen a> harvest 1g ‏ثمرة‎"	word-to-word-bilingual-dictionary
98	"harvest @

أعلى الشئ :0080 كسب ‎harvest‏

hashish ‏حشيش مخدرة‎ head for vax!

صداع م ‎headache‏ تشاجره ‎hassle‏

رأسيةه ‎heading‏ صراع 038516

haste ng ous head-on atv ‏رئيسي‎

سماعة الرأس» ‎headphones‏ استعجل» ‎hasten‏
‏القيادة العامة ; ‎headguarters‏ بسرعة ‎hastily a‏ 00

hasty a ‏سريع الغضب‎ headway 1 5155

hat az heal vss

hatchet 0 ‏البليطة‎ healer ‏المعالج:‎

hate asl health 0 ‏الصحة‎

في تمام الصحة ‎healthy aj‏ بغيض بد ‎hateful‏

hatred 16,1, heap Js

haughty «1 ‏مغرو‎ heap uss

haul yi hearing ‏إدلاء بشهادة»‎

88001 ‏تردد على‎ hearsay natal

have 0 ‏تضمن‎ hearse » ‏الموتى‎ ae

have to vs heart

haven 1 sec heartbeat 0 ‏القلب‎ au

حرقة في المعدة 0 ‎heartburn‏ خراب 020060

hawk rio hearten ‏شجع ب‎

الإخلاص 4 ‎heartfelt‏ كومة قش ‎haystack‏

hazard 1 ‏تصادف‎ hearth r cou

hazardous ‏4ه‎ ua heartless a ol

haze ‏سديمه‎ hearty og ‏قلبي‎

hazel 15. heat ‏ثور‎

hazy og ‏ضبابي‎ heat ‏احترارة‎

hen sa heater 12.0"	word-to-word-bilingual-dictionary
99	"® heyday

heathen 0 xsl hemorrhage ‏تزيف دم‎
heating 1 ‏عنف‎ hen ‏أنتى الطيره‎

heatstroke ‏ضربة الحرم‎ hence a GY ‏'سنتين من‎
heaven 0 ‏الجنة‎ henchman n ‏تابع أمين‎
heavenly sg ‏رائع‎ her ag ‏خاص بالمفردة الغائية‎
09900855 ‏ارتفاع ؟‎ herald gs!

heavy a ‏بطيء‎ herald ‏الرائدة‎
‎heckle ‏قاطع بالكلام»‎ herb ‏عشب‎

hectic sg ‏عصيني‎ here sav

heed, pial hereafter wey

بموجب هذا القانون ‎hereby an‏ كعب ‎eel‏
‏ذو لقب ود ‎hereditary‏ أرض مرتفعة ‎height»‏

heighten ‏برذ‎ heresy 1st]

heinous sg ‏شائن‎ heretic ‏4ه‎ as

Heir 11s heritage ‏أرث؟‎

heiress nax.s hermetic ‏4ه‎ 5s
heist hermit» ‏الناسك‎

helicopter n ‏مرض 0907120 طائرة عامودية‎ Ss

الشخصية الرئيسية؟ 10800 جحيمة ‎hell‏
‏بطل ‎heroic ay‏ أهلاه ‎hello‏

helm 1,15] heroin 1,1 ‏الهيرويين‎

help vuste. heroism rash

help ‏معاون‎ hers ‏خامتهام‎

helper ‏المساعد:‎ herself po ‏نفسها حالتها السوية‎
helpful aq ‏مساعد‎ hesitant ag ‏ترددي‎

helpless a ‏بانس‎ hesitate sats

0600 ‏تتحنج‎ hesitation 15,5

hemisphere 16,5 ‏عالم نصف‎ | heyday roles ‏عمر‎"	word-to-word-bilingual-dictionary
100	"hiccup ®
hiccup 1 ‏حاروقة‎ hire u sus
hidden ad sas his ‏ضمير الغائب المتصل 4ه‎
hide i nas] his pro ‏خاصتة‎
‎hideaway» s\Lo Hispanic a ‏إسبانى‎
‎hideous ‏4ه‎ gs hiss vag usally ‏استهجن‎
‎hierarchy ni, historian 0 ‏مفرخ‎

high ad Jos history ‏تاريخ ب‎
highlight » ‏العناوين الرئسية‎ hit pli] dol
highly ac ‏بإرتفاع مبالغ‎ hit ot
Highness ‏سموه‎ hit back ‏مد‎
‎highway r 81a ‏طريق‎ hitch ‏'أخيره‎
‎hijack v alas hitch up sss
hijack 0 ‏إختطاف طائرة‎ hitchhike ‏اسار منطفلاء‎
hijacker ‏خاطه‎ hitherto ad La ‏حتى‎
‎hike ‏ترد‎ hive ‏قفير خلية نحل‎
hilarious a ‏جذل‎ hoard v5
hill n ‏تل‎ hoarse sd ‏أجش‎
‎hillside » Jal cul» hoax nacas
hilly ‏وه‎ aL hobby ‏صقر‎
‎058 ‏عكار‎ hog ‏خنزيرة‎
‎0000927 ‏عاق‎ hoist v3,
hindrance rata 001940 ‏رافعة‎
‎hindsight ‏الإدراك المتأخر م‎ hold i ella,
hinge yids hold back v5
hinge ralass hold on to vegas ‏أمسك‎
‎hint ‏أثر‎ hold out ‏قاوم‎
‎hint oa) hold up v Jae
0108 ‏ثمر الورد البرى‎ holdup 1 ‏هجوم مفاجئ‎"	word-to-word-bilingual-dictionary
101	"9 haurly
hole ras hooligan » ‏سفاح‎
‎holiday ‏عيده‎ hop 1 sle
holiness ‏قداسة م‎ hope» Jal
Holland ‏هولندة»‎ hopeful 4 ‏بالأمل‎ pase
hollow a4 ile hopefully a ‏بأمل‎
‎80106200567 ‏محرقة يهود أورويا‎ | hopeless sd ‏باس‎
‎holy a5 ss horizon 158 YI
homage ple horizontal sg ‏أفقي‎
‎home 1 cu hormone ‏هورمون:‎
‎homeland » ‏وطن‎ hom ass,
homeless i ‏مشرد‎ horrendous ia,
homely a iu horrible +1 ‏قظيع‎
‎homemade 54 ‏صناعة البيت‎ horrify ‏أرعب‎
‎homesick ‏حنين للوطن 4ه‎ horror uz,
hometown 06 ‏مسقط رأس‎ horse rola
homework » alsall ‏جورب :0098 الواحب‎
homicide ‏م‎ Jo bal hospital r ‏مستشفى‎
‎homily 0 ‏دينية‎ abe hospitality ‏كمد‎
‎honest ui ‏,بر‎ host ‏مضيف‎
‎honesty noc hostage 1 ‏رقينة‎
‎honey ‏,حلوة‎ hostess ‏مضيفة طيران»‎
honeymoon » Juul ‏شهر‎ hostile ‏معاد كه‎
0006: 55s hostility  ةموصح‎
honor ‏متحمين 00101 احترامر‎
hood ‏,قلنسوة‎ hotel» ‏الفندق‎
‎hoodlum 1 claw hound ra. ‏كلب‎

hoof ‏حافرة‎ hour r aclu
hook ‏عفاف7‎ hourly ws ‏أي لحظة‎"	word-to-word-bilingual-dictionary
102	"house 9
house cu humorous ass
household ‏سكان البيتم‎ hump «plus
housekeeper 3 ‏مديرة المنزل‎ hunch ‏ستامرة‎
‎housewife ‏المنزل م‎ a, hunchback ‏الأحدب‎
‎0000560008660 cul ‏عمل‎ hunched ‏مُحْتَوْب وه‎
hover v5, hundred sg tell

Bl ‏كت‎ hundredth sg azall ‏بالغ جزءا من‎
however 5) hunger rg>
howl ssc hungry ‏جائع زه‎
000010 ‏ولولة‎ hunt ‏اصطاد‎
‎hub 15 hunter 7Lo
huddle ‏احتشد؛‎ hunting r,s
hug ‏تشيث؟‎ hurdle «ac
hug 1 Sle hurl ‏رشق‎
‎huge a ‏بكل ضخامة‎ hurricane ‏إعصار مداري ؟‎ |
hull nasal ‏هيكل‎ hurriedly ss ‏على نحو سريع‎
00 ‏همهم‎ hurry veal
human a ‏آدمي‎ BUY Up vgs
human being ‏إنساتم‎ hurts em
humanities 2.51 ‏العلوم‎ hurt og ‏مجروع‎
‎humankind n Sie! ‏الجنس‎ | hurtful a a0
humble ‏,وضع 4ه‎ husband r ‏زوع قرين‎
humbly ‏باحتشام‎ hush 1 ‏سكوت‎
‎humid og bs, hush up ys
humidity aslo, husky og ‏أجش‎
‎humiliate Js hustle 0 ‏كوخ‎
‎humility» &olss ‏كوخ انظ‎
humor rates hydraulic ag ‏هبدروليكي‎"	word-to-word-bilingual-dictionary
103	"© illustration

hydrogen r ‏هيدروجين‎ ideal af ‏خيالي‎
‎hyena ig. identical a3 ‏ممائل‎
‎hygiene nasal ple, identify las
hymn 0 ‏ترنيمة‎ identity nase
hyphen Lol; ideology ‏أيدبولوجية»‎
‎hypnosis ‏ماطيسي ؟‎ idiom n alas
hypnotize ‏نوم مغناطيسيا ؛‎ idiot ‏الأبله‎
‎hypocrisy ‏نفاف م‎ idiotic ag all Be
hypocrite a3 ‏كسول ب 106 منافق‎
hypothesis ‏افتراض م‎ dol ‏معبودة‎
‎hysteria round idolatry nash
hysterical ‏هستيري ود‎ ites)

ignite v ‏أشعل‎

ignorance « ‏جهل‎

ignorant a3 ‏جاهل‎

ignore ‏تجاهل»‎
‎| isd ‏مريض‎

غير شرعي ‎illegal af‏
مستغلق به ‎illegible‏ جليده 168
غير شرعي ‎ug‏ 11109100218 دندرمة 0 ‎ice cream‏
محرم ود 1008 مكعب ‎ce cube sali‏
أمي ‎iterate af‏ تزلج على الجليد؛ ‎ice skate‏
مرض 7 ‎illness‏ جبل جليدة ‎iceberg‏
‏غير منطفي 4< ‎illogical‏ ثلاجة 0 ‎icebox‏
‏أضاء ب ‎alia illuminate‏ وه ‎ice-cold‏
‎icon nasal illusion 1 ass‏
وطح ‎illustrate‏ جليدي 4ه ‎ey‏
‏توضيح 0 ‎ilustration‏ فكرة 0 1088"	word-to-word-bilingual-dictionary
104	"lustrous 10
‏تست .ب‎
lustrous a ups immutable oj ‏ثانت‎
‎image 16,50 impact,
imagination » JL>- impact alas!
imagine ‏تخيل ؛‎ impair ‏أضعف؟‎
‎imbalance rls impartial ‏نزيه‎
‎imitate «1s impatience ro,»
imitation » 1a impatient #1. ‏تفاذ‎
‏وج‎ cute ns impeccable xi ‏معصوم‎
‎immature as ‏فج‎ impediment » ‏إعاقة‎
‎immaturity cs ‏عدم‎ impending af ‏قريب‎
‎immediately af ‏قورا‎ imperfection 0 ua
immense «3 ax imperial ‏إسراطوري 4ه‎
immensity » Ll imperialism 1, Lazo!
immerse «ae impersonal xs ‏مجهول‎
‎immersion as impertinence ‏وفاحة م‎
immigrant ‏مهاجره‎ impertinent a css
immigrate ‏هاجر»‎ impetuous a4 ‏متهور‎
‎immigration 0 ‏اغتراب‎ implacable ‏عنيد وه‎
imminent sq ‏وشيك‎ implant v psc.
immobile x ‏ثابت‎ implement sa
immobilize ‏جمد‎ implicate vb
immoral ag 5.15 implication uss
immorality ‏فسوق؟‎ implicit f ‏ضمني‎
‎immortal a JL implore Juss
immortality sl imply vga)
immune ‏منيع 4ه‎ impolite ag bs
immunity naclo import ‏استوردة‎
‎immunize ‏حصن‎ importance ‏خطره‎"	word-to-word-bilingual-dictionary
105	"wo incoming
importation ‏استيراد؟‎ inaccurate sq ‏خاطئ‎
‎impose ‏فرض؟‎ inadequate ‏4ه‎ pile ‏غير‎
‎imposing ‏فخم وه‎ inadmissible ‏مرفوض به‎
imposition ‏التوحب م‎ inappropriate ag ‏غير ملائم‎
impossibility 1 ‏استحالة‎ inasmuch as cull ‏نظرا‎
‎impossible ag ‏مستحيل‎ inaugurate vi»
impotent og ‏ضعيف‎ inauguration uss
impound ‏حجزه‎ incalculable ‏ا"" متقلب»‎
impoverished a ‏أفقر‎ incapable ‏عاجز وه‎
impractical oq ‏غير عملي‎ incapacitate ١ ‏أضعف‎
‎imprecise xj ‏غير دقيق‎ incarcerate ‏سجن‎
‎impress ‏أثرب‎ incense 1,5
impressive sq ‏مكافأة ,10080006 مثير للإعجاب‎
1000800 ‏سجن‎ inception nal
improbable uj ‏غير محتمل‎ incessant ig ‏متواصل‎
‎impromptu sé ‏مرتجل‎ inch nog,
improper oj. incident » ‏حادت‎
‎Improve rau incidentally so Loc
Improvement » ‏تحسين‎ incision 1.5.4
improvise Js, incite s ‏حرض‎
‎impulse ‏تحريض 18612016010 اندفاع م‎
impulsive as gs. inclination aclu!
impunity 0 ‏حصانة‎ incline vs!
impure ‏قذروة‎ include «gos
in pe ‏في‎ inclusive sv Liao
in depth si ‏بعمق‎ incoherent a ‏متناف‎
‎inability ‏عجزه‎ income ‏م‎ =>
inaccessible x ‏متعذر بلوغه‎ incoming a ‏الوارد‎"	word-to-word-bilingual-dictionary
106	"incompatible 2
incompatible 4 ‏متضارب‎ indication ‏دلالة‎
‎incompetence ‏عجره‎ indict ‏نهم‎
‎incompetent aq ‏عاجز‎ indifference »el.s ‏لا‎
‎incomplete 1 ast indifferent ‏4ه‎ Joy
inconsistent sg ‏متضارب‎ indigent ug a5
inconvenient aq ‏مضايق‎ indigestion 1 pagll ‏عسر‎
‎incorporate s za! indirect a ‏غير مباشر‎
][[ 00760 ss indiscreet ag ‏طائش‎
‎incorrigible ‏عنيد وه‎ indiscretion 6 ‏طيش‎
‎increase vl indispensable of 5,3,
increase 1 ‏زيادة‎ indisposed ‏متوعك 4ه‎
increasing od ‏متزايد‎ indisputable ‏لايقبل الجدل 4ه‎
incredible 4 ‏لا يصدف‎ indivisible of [sz ‏لا‎
‎increment rast; indoctrinate v.41
incriminate ‏جرم‎ indoor a alls
incur ‏تحمل؟‎ induce v gsi
incurable sq ‏المعضول‎ indulge ‏تساهل‎
‎indecency n plu] als indulgent eg ‏متساهل‎
‎indecision ‏ترددم‎ industrious ai ‏كادج‎
‎indecisive oq 35,5 industry ‏صناعة؟‎
‎indeed as la> ineffective ‏باطل وه‎
indefinite ‏مجهول 4ه‎ inefficient ‏غير كفؤ اه‎
indemnify ‏عوض‎ inept aq sa
indemnity » ‏تعويض‎ inequality » sles
independence ‏استقلالم‎ inevitable a ‏محتومر‎
‎independent ‏مستقل 4ه‎ inexcusable a4 ‏متعذر‎
‎index » ‏دليل‎ inexpensive as ‏رخيض‎
‎indicate ‏أشار»‎ inexperienced a sus ‏غير‎"	word-to-word-bilingual-dictionary
107	"5 initiate
inexplicable ‏متعذر تفسيرة 4ه‎ | informal ag nas, ‏غير‎
‎infallible a3 pg azo informality auelall
infamous ‏شائن 4ه‎ 181000201 us),
infancy ‏طفولة‎ information ‏معلومات؟‎
‎18/807 Jabs informer «xo
infantry ‏المشاة:‎ infraction 0 ‏مخالفة‎
‎infect ‏عد‎ infrequent ‏تادرية‎
‎infection ‏عدوى؟‎ 10600366 sae 5
infectious ‏معد كه‎ infusion ‏سكب‎
‎10860 ‏استنتج‎ ingenuity nel]
inferior sg ‏ثانوي‎ ingest salu!
infertile ag ‏فاحل‎ ingot aus
infested ‏أزعج 4ه‎ ingrained = Joli
infidelity ‏كفره‎ ingratiate ‏تود‎
‎infiltrate ‏رشح‎ ingratitude »ul,a5
infiltration ‏ارتشاح م‎ ingredient» ‏عنصر‎
‎infinite ‏مطلق وه‎ inhabit ‏سكن‎
‎1080020 0 ‏مستشفى‎ inhabitable a ‏للسكن‎ allo
inflammation ١ ‏اشتغال‎ inhabitant pus
inflate ‏استتشق؟ 100316 تفخت‎
inflation ‏تصخمه‎ inherit ‏ورت‎
‎inflexible 4 ‏قاس‎ inheritance 0 ‏إرت‎
‎100064: ‏أصاب‎ inhibit vgs
influence sl inhuman a ‏وحشي‎
‎influential «3 550 initial ‏ابتدائي ود‎
influenza r sla initially sal
influx 1, initials ‏استهلالي ؟‎
inform ‏خبرة‎ initiate 1,50"	word-to-word-bilingual-dictionary
108	"initiative ‏ب‎
‎initiative 0 ‏مبادرة‎ insanity r us:
inject a> insatiable i 252
injection 1 ‏حقنة‎ inscription ‏كتابة م‎
injure ‏جرخ‎ insect 18>
injurious 4 Ls insecurity ‏عدم الأمان م‎
injury ‏جرع‎ Insensitive ss ‏غير حساس‎
injustice r alll inseparable ‏متلارم4:‎
‎1 insert ‏أدخل‎
‎inkling » Lo insertion n ‏إدخال‎
‎inlaid ‏مرضع وه‎ inside = ‏باطن‎
‎inland sc ‏في الداخل‎ inside ‏داخل دم‎
inland ug ‏داخلي‎ inside out as ‏بالمقلوب‎
‎indaws rp! insignificant sf Jui
inmate n ‏نزيل‎ insincere a ‏منافق‎
‎inn rss insincerity 1 sles
innate ‏قطري وه‎ insinuate 2 ‏دس‎
‎inner eq ‏داخلي‎ insinuation  aals
innocence ‏براءة م‎ insipid sq ‏لا طعم له‎
innocent aq cs, insist ‏ب‎ al
innovation <ul insistence ‏إصراره‎
‎innuendo casks insolent a4 ‏متغطرس‎
‎innumerable a3 ‏الابعد‎ insoluble ag ‏لايذوب‎
‎100016 ‏مساهمة‎ insomnia 2 ‏أرف‎
‎10908946 ‏فحص 10508616 استنطاق‎
inquire + ‏سأل‎ inspection 0 ‏فحص‎
‎inquiry ‏مفتش 1050861077 استعلامة‎
inquisition » ‏تحقيق‎ inspiration rela]
insane ‏مخبول وه‎ inspire ‏ألهم؛‎"	word-to-word-bilingual-dictionary
109	"1 interruption
instability ‏عدم استقرار»‎ integrity 0 ‏سلامة‎
‎install vous intelligent 4 ‏ذكي‎
‎installation 0 ‏,تتصيب‎ intend 1.09
installment 1 bus intense ‏يه‎ 51>
instance ‏مثلم‎ intensify «css
instant 5,6 intensity 655
instantly soi ‏قور‎ intensive sq ‏كثيف‎
‎instead ‏بدلا من ند‎ intention 1.1.5 I""
instigate 1,5 intercede v gas
18801 use intercept ١ ‏اعترض‎
‎instinct» ‏غريزة‎ intercession 1 ‏تسوية‎
‎institute ‏معهد‎ interchange ‏بادك‎
‎institution n ‏مؤسسة‎ interchange ‏تاذل‎
‎instruct ale interest , plazal
instructor also interested «4 asp
insufficient ag asl interesting a ‏ممتع‎
‎insulate ‏؛‎ Jy interfere s ‏تدخل‎
‎insulation J, interference » ‏تدخل‎
‎insult volai interior ag ‏داخلي‎
‎insults ‏إهانة‎ interlude naLols ‏فترة‎
‎105012066: ‏تأمين‎ Intermediary ‏واسطة م‎
insure ‏أمن‎ intern ‏سجن‎
‎insurgency 1 oluas interpret ‏سر‎
‎insurrection ١ ‏انتفاضة‎ interpretation 0 ‏ترجمة‎
‎intact ‏سليمرقة‎ interpreter ‏مترجمه‎
‎intake » ‏استيعات‎ interrogate ‏استجوب ؛‎
integrate ‏دمج‎ interrupt 2 ‏اعترض‎
‎integration 1.1.5 interruption r ‏إعاقة‎"	word-to-word-bilingual-dictionary
110	"intersect 5
intersect s ‏تتقاطع‎ invader le
intertwine v J invalid ‏باطل م‎
interval » ‏فاصل‎ invalidate sal
intervene v ‏تدخل‎ invaluable of ‏تفيس‎
‎intervention 1 ‏تدخل‎ invasion 1,
interview / ‏مقابلة‎ invent ail
intestine 15,0 ‏أمعاء‎ invention / ‏تلفيق‎
‎][ rime ose inventory ‏جرد‎
‎intimate = pa invest ‏استثمرة‎
‎intimidate ‏أرعب؛‎ investigate ‏؛‎ six
intolerable 23 ‏لا يحتمل‎ investigation » ‏تحقيق‎
‎intolerance nazi investment (azul
intoxicated ‏4ه‎ ul,S investor » Jsaall
intravenous ‏وريدي 4ه‎ invincible a ‏منيع‎
‎intrepid ag ‏جريء‎ invisible ‏خف 4ه‎
intricate 4 saa invitation 1 asc
intrigue ‏كيد‎ invite ‏يدعو‎
‎intriguing «55L invoice 16,58
intrinsic +3 ‏جوهري‎ invoke «Juss
introduce v1) involve ‏يوط‎
‎introduction 0 ‏مقدمة‎ involved ‏متورّط»؛‎
‎introvert 4 ‏انطوائي‎ involvement ‏تورطئ‎
‎intrude v Jab, inward ag ‏داخلي‎
‎intruder » ‏المتطفل‎ inwards a \sls
intrusion » Jibs iodine n sgl
intuition 1 i> irate ‏وه‎ ole
inundate saz; Ireland ‏إبرلتداء‎
‎invade vs; Irish ‏ابرلندي 4ه‎"	word-to-word-bilingual-dictionary
111	"8 dow

ron n a> itemize vs.

مسار الرحلة ‎itinerary n‏ يكوي :1100

ironic x oles ivory nels

irony nas

irrational ag ‏لا عقلاني‎

imefutable ag ‏لا يُذْحَض‎

irregular a Ls

irrelevant og ‏غبر متصل‎ J 1
irteparable og ‏متعذر إصلاحة‎ 8
irresistible ‏وه‎ psa; ‏لا‎ jackal ‏ب ابن أوى؟‎
respective sg aus ‏غير‎ Jacket 1 ‏جاكيت‎ , 6,5

سجن انز لا بقلب ه ‎irreversible‏

سِجن؛ اندز نهائي ‎irrevocable ag‏

1019318 ‏يروي‎ Jailer otal

irrigation » 5, jam ‏اردحامه‎

irritate vod Janitor pols Jl , Clad!

imitating ‏مضابق 4ه‎ January 1

‎Japan ob‏ إسلامي ‎og‏ فاع

‎island 1,1, Japanese a3 ‏باباني‎

‏صرير , صريف 920[ 10,1 ‎isle‏

‎isolate sa Jasmine» ‏ياسمين‎

‎isolation r Jj Jaw ols, 35

‎issue raed jealous ‏4ه‎ spi , ‏غبور‎

‎Malian x ‏إيطالي‎ jealousy ‏غَيْرَة , حسد‎

‎aly Ulf Jeans ‏بنطلون الجينزه‎

‎itch ‏للخطر» 000800128[ حك‎ oes

‎itchiness ‏مكره‎ Jerk nas, , aati

‎item 0.15 Jew 1 Sagpl"	word-to-word-bilingual-dictionary
112	"0 موز
‎jewel ras juggler » Jlixal‏
عصيره ‎Jeweler 15,251 juice‏
كثير العُصارة ‎juicy a‏ | محل مجوهرات؟ ‎jewelry store‏
‎July ngs:‏ يهودي , عِبْريٌ ود ‎Jewish‏
‎Jump «saa,‏ عمل , ‎jobranga‏
‏قفرا ‎jump‏ بدون عمل ‎jobless ed‏
عصبي 24 ‎jumpy‏ ريط يضم ‎join‏
‎joint nalsg junction » alog‏
‎Jointly elas June sss‏

joke 0 ‏نكتة‎ jungle ‏أدغالء‎
‎joke ‏يمر‎ junior ‏أصغرؤة‎
‎jokingly a ‏بمراع‎ Junk 6,
lolly a4 ‏مبتوج‎ jury ‏هيئة المحلّفين؟‎
‏مز‎ va Justo ‏صحيح‎
‎Jolt nas justice pallac
journal sala ‏صحيفة,‎ ustity ‏شر‎
‎journalist 1 ‏الصحافي‎ justly a sips
journey rls juvenile » il
jovial ss 25 Juvenile ag 35
‏ابتهاج »لاوز‎
oyful ss asus
oyfully sa ‏بانيواج‎
‎jubilant og ‏متملل‎
‎Judaism» ‏البهوديّة‎
‎judge 6 ols
judgment ‏حكمر‎
‎judicious aj p.S>
Jug nou"	word-to-word-bilingual-dictionary
113	"‎knowledge‏ ن

‎K Kilowatt + ‏الكبلووات‎

‏حنون يه ‎Kind‏

‎Kindle ‏أشعل:‎
‎Kangaroo «5 Kindly so ‏يعطف‎
‎Karate ral ‏رياصة‎ Kindness 1 Jos
keep ‏صان‎ King r dls
Keep on ‏استمره‎ Kingdom + ‏مملكة‎
‎keep up ‏واظب‎ Kinship » ai,
Keg puns Jan Kiosk » ‏كشك‎
‎Kennel +S) ‏وحار‎ Kiss ‏يقل‎
‎Kette ‏علانة‎ iss 1303 3
Key ‏مفتاح الرفوزه‎ , elisa Kitchen ‏مطبخ ب‎
key ing 7 ‏ماسك المفاتيخ‎ Kite ‏الحأ‎
‏لوحة المفاتيج ؟ 50308/ر162‎ Kitten 1 ‏هُرَيَرَة‎
‎Kick ‏برفس7‎ knee ‏الركنة‎
‎Kickback 65. kneecap +23)
Kickoff ‏ضرية الإفتتاح‎ kneel 25,
Kid 1 Jab , 53> Knife + ‏سكين‎
‎Kidnap / a> Knight - ‏فارس‎
‎Kidnapper 7 ‏خاطف‎ Knit bus
Kidnapping « sla Knob 16352
Kidney , ‏عنيفة 1000046 كيه‎ ayo
Kidney bean 1 Lug) Knock ax £4
Kill ‏يقتل ؟‎ knot 6.22
Killer» ual Know ‏علم»‎
‎Kling ‏قتلم‎ Know-how + ‏مهارة‎
‎Kilogram ‏الكبلوغرام»‎ knowingly salu
kilometer ‏الكبلومتر»‎ knowledge + ‏معرفة‎"	word-to-word-bilingual-dictionary
114	"10 ا
شبوطه ‎landing‏
‏مالكة الأرض ‎L landlady»‏
محاط بالأرض ‎landlocked ag‏
مالك الأرض/ 13001000 مختيره ‎lab‏
‏مناظر الطبيعة م ‎label raz; landscape‏
‎labor 1 Jaz lane £5155‏
‎language » az)‏ العامل ‎laborer n‏
أضعف ؟ ‎languish‏ متاهة 6 ‎labyrinth‏
‏المشكاة 0 ‎lantern‏ تخريمره ‎lace‏
‎lack sso 1ap a> 3‏
‎lack n olass lapse nbsad . al;‏
غلط» ‎lad Js lapse‏
‎Tarceny na,‏ سلمره ‎ladder‏
‏شحم ‎laden og Jaxe lard sil‏
‎g uly‏ 4ه ‎lady ross large‏
الحَنْجَرَةَ ‎ladylike a ihe larynx ١‏
‎lagoon 1 53) Taser rl‏
جلدَة . ضربة 5 ‎lake 16s lash‏
‎lash val‏ حمل ‎lamb‏
‎gail‏ ماله بطيش ب ‎lash out‏ مُفعَد . كسيح ‎lame og‏
يدوم ‎last‏ يُعُول ‎lament‏
‎last sq 51‏ عويل 1800817
اسم العائلة » ‎lamp relics last name‏
أمس ‎last night ad‏ عمود الإنارة 1 ‎lamppost‏
‎lasting a4 ails‏ خيال ‎a.all‏ م ‎lampshade‏
‎land n asl lastly sh T,5i‏
مزلاج ‎latch ١‏ يُنِْل إلى اليانسة» ‎land‏
‎late sa 1,5 lo‏ ظهور ‎landfill nal‏"	word-to-word-bilingual-dictionary
115	"1 team
lately o> ‏طرخ »الاق‎ gas
Tater ai es ‏قيما‎ lay off alls
later ag ‏لاق‎ layer rans
lateral ‏جانبي 4ه‎ layman ‏علماني:‎
‎latest a ‏أخير‎ lay-out bibs
lather ‏يد‎ laziness 1 Jus
latitude ‏العرض ؟‎ x ‏كسول 4ه لاا‎
latter ‏ثاب 4ه‎ ead ‏قاد‎
‎laugh sel ead 165L3 , ‏مبادرة‎
‎laugh 14S 188080 ‏مرصص انه‎
laughable ‏قائده 16908 مضجك له‎
laughter r lx leadership 1555
launch ‏ب‎ gall leading us 3a , ‏موجه‎
‎launch v ‏يُطلِق‎ leaf nas,
laundry r aluse leaflet 1 ais
lavatory ‏مغسلة‎ league ‏جلف‎
‎lavish a ‏مُسْرفٌ‎ Teak vipa
lavish ‏دده‎ Teak ‏تسرب‎
‎Taw ‏قانون؟‎ leakage rus
law-abiding ‏مُطيع للقانون 4د‎ lean a ‏هزيل , تجيل‎
lawful a ‏انحنى 6 1680 قانوني . شرعيٌ‎
lawmaker re Lad! 1630 back v ‏يتحني‎
‎lawn ‏شاش‎ lean on ‏استندت‎
‎[RE leaning r Jia
lawyer 1 ‏المحامي‎ eap ids
lax od Jin leap nas
laxative ‏مُشْهِلٌ 4ه‎ leap Year 1 fuss daw
lay 1 lade fear ales"	word-to-word-bilingual-dictionary
116	"teamed ”

learned a lle lemonade ‏لبمُونادَة م‎

learner ‏المتعلّمره‎ fend i ‏أقرض‎

learning als fength ‏طول‎

lease 1,55 lengthen ‏يُطِيْل‎

lease ‏عقد الإيجار»‎ lengthy as ‏طويل‎

leash ‏رسن‎ leniency Jal

Teast ‏و‎ usd lenient ‏متشاهل 4ه‎

leather 0 ‏مدبوغ‎ i> lense jaws

leave ios Lent 1,1 ‏الصوم‎

leave out + Joal lentil 1 puis.

lectern ‏المقرأه‎ leopard ‏تمر‎
‎lecture : ‏محاصرة‎ leper 1 ps nal

edger 7 ‏دفتر الحسايات‎ leprosy nals

leech ale less ‏وه‎ Jol

leftovers 1 Lia lessee ‏المستأجره‎

leg n=, essen Ju:

legacy ‏ميرات‎ lesser Jsi

درس 1 88900 قانونيّ 4ه ‎Tegal‏

legality rails lessor 1,550

خلى»180 فتن ‎legalize‏

أسقطء ‎letdown‏ أسطورة م ‎legend‏

يَنْرْك ‎letgo‏ واضح وه ‎legible‏

أدخل ‎letin‏ بلق 00و16

مكنة من الغرار» ‎Tetout‏ شرع ‎legislate‏

legislation r ‏تشريع‎ lethal sg ‏عُميت‎

legitimate sf ae 188860 ‏حرف . رسالة‎

leisure ‏فراغ‎ lettuce ‏الخس؟‎

18000 usa) 1601602: ‏اللوكيميا‎"	word-to-word-bilingual-dictionary
117	"م 1

أسلوب الحياة »108818 سوق ا00ها
‎lifetime 3 aa)‏ ميزات ‎level nell‏
‎lift Jos‏ رافعة 0 ‎lever‏

leverage n 354; lift off v gas,

levy v ‏يَفْرض‎ lift-off ‏على بعده‎

Towd ‏فاسق به‎ ligament rob,

liability » ag: ase light i ‏أشرق‎

خفيف 5 ‎Tight‏ مسؤول وه ‎liable‏

fiaison ‏ارتباطه‎ light ‏مو‎

Hara ‏كذاب‎ lighter raz

libel 1.5.5 lighthouse rs,L.s
liberate 5 lighting ‏صو‎
‎liberation ‏تحريره‎ lightly sv ‏برفق‎

liberty 125, lightning 1.53:

librarian n ‏أمين المكتبة‎ lightweight ‏وز خفيف‎
brary naa likable 13 ‏محبوب‎

lice 1 Jad ike pe ‏مثل‎

licence 1 ‏ترخيص‎ Tike ‏بود‎

license ‏يجيزه‎ likelihood 1 Jiaz!

lick s ‏اها يلعق‎ cs ‏على الأرحح‎
lid reli. likeness ral

fie isan likewise ‏بطريقة ممائلة وه‎
[A Tiking nels

lie ‏كَنِبّ‎ limb 328.

lieu nulSe lime ‏كلس‎

حجر الكلس ؟ 100091008 ملازم أول 10601603060
حَذَ ‎rls‏ 008 حياةة ‎life‏

حمر انهلا ميت وه ‎lifeless‏"	word-to-word-bilingual-dictionary
118	"limitation

limitation 1 1s literate oq col ‏غير‎

أداب اللغة م ‎imp 2,5 erature‏

limp » £52 tigate v ‏بقاضي‎

linchpin 1 ‏حزء حبوي‎ tigation r se

fine 1 litre 1,4)

line up ao ‏إنتظم في‎ litter » las

finen ‏كنا‎ little 4 ‏صغير‎

linger ‏بنواتى‎ Tittle 680 ‏قليل‎

lingering ‏طويل به‎ litle by litle ‏رد‎ (£45 (Ld

lining 1 ua THurgY «aces ‏طقوس‎

link v Jog live as ‏حي , نايض بالحياة‎
fink alo live ١ ‏يعيش‎

tion 2.5 live off ‏يكتفي؛‎

lioness sco.) live up v ‏بتعايش‎

tp ais fivelihood 5.5/1

liqueur 15.5.) lively as bass

العائش ‎liver‏ السائل ب ‎liquid‏

مواش 101651067 معي ‎liquidate‏

شاحب ‎i‏ ا تصفية ; 02008او0

حجرة الجلوس 1 ‎living 100m‏ شراب كحوليّ ‎liquor‏

list, sie lizard 1 oc ball

list als load / 58,5

listen ‏يمعي‎ load » alga

listener  gacoso loaded sg ino , Jane

fteny ‏ابشهال»‎ loaf ‏رغيف؟‎

يُقرض» 1020 وجدة مكاييل ‎liter‏

1 loan a,

itarally 13 iss | Toathe sles"	word-to-word-bilingual-dictionary
119	"5 Toot
Toathing ‏اشمئرازه‎ lonesome a ‏متعزل‎
‎lobby naa; , ‏رواف‎ long ‏طويل به‎
Tobby vba ong for v lu
Tobster ‏سرطات البحرة‎ 100909 1.355
local ad ‏موضعي‎ longitude ‏الطول م‎ b>
localize v 55a: long-standing = ‏إنتظار طويل‎
locate (ale long-term sg ‏طويل الأجل‎
located ag ‏كائن‎ look nabs . Jai
location 1 ‏موقع‎ look ‏ينظر . نيدو‎
lock v Jai; look after vs ‏يَعْتَنِي‎
‎lock n Jad look at v ‏إلى‎ sal
Tock up v Jase! Took down vs!
locksmith ‏يَنْحَتُ عَنْ 100101020 الفَمَال ب‎
166084 ‏تشوق 160110040200 جراد‎
lodge ‏يفوي‎ look into + pass
lodging 1 ‏منزل‎ Took out ‏حدر‎
‎Tofty aq ‏متغطرس‎ look over , gas
Tog ‏سجل طائرة‎ Took through v ‏تطلع الى‎
log v Ju ooking glass raha
16910 ‏يسجل اسم الدخول»‎ looks ‏نظرة م‎
log off ‏ينهي‎ loom ‏نول‎
‎logic n ‏منطق‎ loom ‏ظهن ارتسم»‎
logical od ‏منطقي‎ loophole 75.5
loin ‏خاصرة‎ loose va;
ter ‏فضفاض 4ه 10090 يتوانى‎
loneliness 1 ‏عزلة‎ loosen Jou
lonely ‏َنْهَب 1091 باتقراديه‎
Toner ag ‏متوحد‎ loot 1 anc."	word-to-word-bilingual-dictionary
120	"ord 5
—— ‏جحي‎
‎ford 3,8) lubrication 1 ai
lordship nasa lucid ‏ضاف وه‎
lose ‏أضاع‎ luck n b>
loser pull! lucky ag bse
loss ‏خُشْران م‎ lucrative ‏رابخ فد‎
ota ‏مقدار‎ ludicrous ‏مضحك بم‎
10800 0 ‏الْقَسُول‎ luggage n asiol
Tots a4 pains lukewarm ag 215
lottery ‏يانصيب؟‎ ull ‏هدي‎
‎loud ‏مرتفع 4ه‎ Tumber ‏خشب؛‎
‎Toudly si Je Gos Iuminous ad ‏مضيء‎ , 51
loudspeaker 1 all ‏مكبر‎ lump rls . ‏قطعة‎
‎160098 nuslls lump sum 75.451 ‏دفعة‎
‎louse 0 ‏قملة‎ lunacy use
lousy a Jaks lunatic ‏مجنو 4ه‎
‏#اطولاما‎ xj ina lunch nelae
love ‏يحب‎ lung na,
love ‏محبّة‎ ure ‏قري‎
‎lovely a3 ‏جميل‎ urid sg ‏رهيب‎
‎over n Conall lurk va5,
loving ag xo lush of ‏خضب‎
‎Tow ad ‏منخفض‎ ust np
Tower eg ‏شهوة اهنا أدتى‎
lowkey ai ‏مكبوخ‎ lustful ag ‏شهواني‎
‎Towly ‏وضع كه‎ luxurious a3 516
[STE luxury 1 als,
Toyalty n<lss yx nal] ‏حيوات‎
‎lubricate ‏شحم‎ rics ‏منشوده‎"	word-to-word-bilingual-dictionary
121	"wr malignant
mM mailman 1,0 ‏ساعي‎
‎maim «03.
main a ‏رئيسي‎

‘machine » Jl mainland dul
machine gun Lil ‘mainly ‏على الغالب :ده‎
mad og ‏مجنون‎ maintain , bsl>
madam ro. maintenance » ‏صيانة‎
‎‘madden / ‏بحن‎ majestic ‏ملوكي وه‎
madly ach us. majesty n ‏جلالة‎
‎madman ros.xall major ‏الراشدة‎
‎madness 1 ‏جنون‎ major ‏راشدقة‎
‎magazine  ¢ gio Major in ‏يتخصّص في‎
magic 1,2 majority 0 ‏ته الأكثرية‎
magical af > Ls make rg

magician ‏الشاحره‎ make vas
magistrate 1 oS 1 make up v Jas
magnet 1 ‏مقناطيس‎ make up for v ‏عوض‎
‎magnetic ad ‏مقنطيسيٌ‎ ‘maker ‏الله‎
‎magnetism 1 ‏المغنطيسيّة‎ makeup 1 ‏تركيب‎
‎magnificent og ‏عظيم‎ malaria » Le
magnify ‏يكبّر ا‎ ‘male 1,55

‘magnitude 1 abe malevolent sg ‏حاقد‎
‎mahagony ‏الماقوغانية ؟‎ malfunction = ‏قَصَرَ‎
‎maid ‏البكره‎ malfunction r Jie!
maiden 1 ‏العذراء‎ malice n 1i>

mail ‏أرسل بالبريده‎ malign v ‏بعيب‎

mail ‏بريد‎ malignancy r cu
mailbox ‏بريد‎ Seis malignant ‏حقود4ة‎"	word-to-word-bilingual-dictionary
122	"mai 1""
mall ‏رصيف للمشاة:‎ manual » ‏كتيب‎
‎malnutrition 2422) sg manual ug ‏يدوي‎
‎malpractice + ‏إهمال‎ manufacture » ‏يصع‎
‎mammal » ‏لب‎ manure ‏سماد‎
‎man + oLusf manuscript » ‏مخطوطة‎
‎manage 1.1; 0809 ‏كثيرقه‎
‎manageable xi ‏طبع‎ map ‏خريطة0‎
‎management 1,15] marble 1 sls;
manager all march vay
mandate 1 ‏تفويض‎ march 1 ‏شهر مارس‎
mandatory ag ‏مسيرة 0086007 الزامي‎
maneuver 7 ‏مناورة‎ mare 0 ‏القرّس‎
‎renee Agi cpl
mangle +03. marginal uj scala
manhandle vl ‏حرك‎ marinate ‏بالخل ؛‎ gas
manhunt » cull ‏حملة‎ marine a ‏بحر‎
‎0030136 a5 ‏مهووس‎ marital of ‏زوجي‎
‎manifest v ‏يُظهر‎ mark» ‏علامة‎
‎manipulate ‏تلاعب ؛‎ mark ‏حدد‎
‎mankind cs, cl ‏الجنس‎ mark down «Ju
manliness » ‏رجولة‎ marker » ‏المسجل‎
‎manly ‏قو 4ه‎ market 1 3g. Ls
manner ‏أسلوب7‎ marksman 1 ‏الرامي‎
‎mannerism 0 ‏تصنع‎ ‘marmalade , ‏المَرْمَلاد‎
‎manners 7 ‏سْلُوك‎ marriage 1 ‏زواج‎
‎manpower 0 ‏طاقة البشرية‎ ‘married a ‏متزوّج‎
‎mansion 1a marrow ‏لب‎
‎manslaughter ‏قتل غير متعمد‎ | marry vein"	word-to-word-bilingual-dictionary
123	"ns mean
Mars 1 ‏لمر‎ match ru ub
marshal n ‏المشير , المارشال‎ match vey bls
martyr + sup mate ‏الرفيق ؟‎
martyrdom ‏استشهاده‎ material ‏أدوات‎ oslo
marvel r ‏أعجوبة‎ materialism » ‏المادّة‎
‎marvelous ui juss maternal ‏أمومية به‎
0030051 x ‏مصدق الماركسية‎ maternity ‏أمومة ؟‎
masculine x1 ‏مذكر‎ math r ‏الرياضيات‎
‎mash | juss matriculate ‏سجل للجامعة ؛‎
mask nels matrimony « cl,
masochism 1 ‏الماسوشية‎ matter of, ‏مسألة‎
‎mason rll mattress 1 ‏فراش‎
‎masquerade , Sx mature ‏ج ناصح‎
mass ‏حجم»‎ , als maturity ‏نضح م‎
massacie nai maul ‏يدق‎
‎massage ‏تدليك م‎ maxim 1 ‏حكمة‎
‎massage vA. maximum 54 ‏أعلى‎
‎masseur 5 loll May roils ‏شهر‎
‎masseuse ‏المدلكةه‎ may v ‏يستطيع‎
‎massive af axa may-be ss av,
008840 ‏سارية‎ mayhem asi
master «uso ‏المحافظ: 03لا‎
master ‏يبرع في‎ maze ro,
mastermind » ‏العفل الموجه‎ meadow ‏مل‎
‎mastermind ‏قاد‎ meager u ‏هزيل‎
‎masterpiece ; asxall meal ais
mastery restos mean ‏نوكا‎
‎mat eas | mean oi ar"	word-to-word-bilingual-dictionary
124	"meaning 3
meaning sus medium og 1 sso
meaningful ‏ذو معنى 4ه‎ meek sg pul
meaningless xs ‏لا معنى له‎ meekness 1 ‏تواضع‎
‎meanness ole meets ‏قابل‎
‎means 0 ‏الوِسَط‎ meeting ‏اجتماع»‎
‎meantime cs ‏في عضو‎ melancholy ‏كآبة‎
‎‘meanwhile as ‏خلال ذلك‎ mellow sg ‏يائع‎
‎measles na.axl! ‏مرض‎ mellow vail, ‏جعله‎
‎measure uss melodic a nix)
0825018018016 ‏قباس‎ melody ‏لحن‎
‎meat ‏حمر‎ melon 0 gk
meatball ‏لحم مكور»‎ 0081: Lal;

عضو ‎mechanic sisal member‏ [ررج
‎mechanism ray membership  &s.a‏
غشاء م ‎mechanize « ia; membrane‏
‎memento 1655.45‏ مدالية ‎medal‏
‎medallion n 6,0 also memo 5,510‏
‎memoirs Sia‏ يتطقل :080016
5,1 كه ‎mediate + hss memorable‏
حفظ ‎mediator 1 asl memorize‏
ذاكرة ؟ ‎memory‏ تطبيب 0 ‎medication‏
‎men Jl‏ شفائي 4ه ‎medicinal‏
‎medicine 1 Cal menace n yap‏
‎ala;‏ 0800 فروسطي 4 ‎medieval‏
‏التهاب ‎use meningitis » Us‏ 1ه ‎mediocre‏
‏بين البأس »00600020056 توسط» 06000010
‎mental ag sac‏ يعتزم؛ ‎meditate‏
‏عقلية ‎mentality‏ نامل ‎meditation‏"	word-to-word-bilingual-dictionary
125	"0 mildew
mentally av ac. metaphor all
mention «53; meteor 7 ‏شهاب‎
‎mention 1,35 meter 1 ‏وحدة لقباس‎
men ‏لائحة الطعامرم‎ method ‏منهج‎
‎merchandise 1 ‏بضائع‎ methodical a3 ‏منهج‎
‎merchant > meticulous «qf us sa
merciful ag pus metric a Si
merciless ai ‏قاس‎ metropolis» ‏العاصمة‎
‎mercury 1 ‏زتبق‎ Mexican ag ‏المكسيكي‎
‎mercy 12a, mice 15,15
merely sais microbe 1 us,S.s
merge sass microphone 1 ‏الميكروفون‎
‎00869607 ‏اتحاد, الاندماج‎ microscope ‏المبكروسكوب‎ [fF
merit n ‏استحقاق‎ microwave ‏موجة الصغرى ؟‎
merit ‏يستحق‎ midair ‏البكره‎
‎mermaid ‏إمرأة فاتنة؟‎ midday 1,48
merry miss 000018 nas
mesh all ‏شبكية‎ middleman » sl
mesmerize v ‏يُمَسْمِر‎ midget ‏قزم‎
‎mess 1 sos midnight LUI ‏منتصف‎
‎mess around vas midsummer 7 aol ‏منتضف‎
‎mess up 2 ‏عبت‎ midwife ‏القابلة؟‎
‎message 0 ‏رسالة‎ mighty ad
messenger 1s. )| migraine 0 ‏صداع نصفي‎
6659200 ‏المسبخ‎ migrant ‏المهاجر‎
‎messy a ‏مشوش‎ migrate ‏يهاجر»‎
‎metal nuazs mild ocak
metallic og ‏مَعْينَيَ‎ mildew 1 ‏القُطْريَ‎ asl"	word-to-word-bilingual-dictionary
126	"mile 2

mile 1 ula) ‏وحدة‎ minimum » ‏الحدّ الأدنى‎
mileage 1 ‏الرسم بالميل‎ miniskirt
milestone » alas minister ‏وزين, كاهن ؟‎
militant las minister ‏يخدم‎
‎milk oul ministry ‏وزارة كهنوت؟‎
milky a ‏تبني‎ minor ‏ثانوي 4ه‎
mill; nao minority ‏سنّ القصورة‎
millennium ‏عامره‎ wl mint» ‏تعناع‎
‎milligram » ola 00004: ‏سك العملة‎
millimeter ‏الملبمتر2‎ minus ag ‏ناقص‎
‎million 1 sal! minute 22.95
millionaire a ‏مُعجزة :0013616 المليوتير‎

| mime vals miraculous os ‏أعجوبيٌ‎
‎mince ‏يقر‎ mirage ‏سراب؟‎
‎mincemeat 1 5,40 ‏لحم‎ mirror 11,0
mind Ss. S50 misbehave s ‏يسيء السلوك‎
mind 7 ‏ذاكرة‎ miscalculate ‏يخطئ التقدير؛‎
mindful asia miscarriage » ‏إجهاض‎
‎mindless ‏4ه‎ one miscarry ‏؛‎ agi
mine 1 axis mischief ; ‏أدى‎
‎mine ‏؛‎ Joga; mischievous x 350
mine oo ‏ملكي‎ misconduct» ‏فاحشة‎
‎minefield all Ja misconstrue saga ‏بسيء‎
‎miner 0 ‏جُنحة ,0150082007 المعدّن‎
mineral 0135 miser ng. ill
mingle als, miserable ‏انه‎ uit,
miniature 1 5.00 misery r ups
minimize ‏؛‎ ais misfit og sas ‏غير‎"	word-to-word-bilingual-dictionary
127	"0 molar
misfortune » ‏بليّة‎ mitigate « So
misgiving 1 ‏هاجس‎ mix 0 ‏يمزج‎
‎misguided uf ‏مضلل‎ mixed-up a ‏يمزج‎
‎misinterpret vous! ‏أساء‎ mixer » abils
misjudge sais mixture «25a
mislead sg 1; MIX-UP 1 ops
misleading ‏مخادع 4ه‎ moan , Jaa
mismanage ‏يُسيء الادارة »؛‎ moan ‏عويل؟‎
‎misprint 1 ‏خطأ مطبعي‎ mob «pe
miss « sax mob relesall
miss 1 ‏إخفاق‎ mobile ‏تقال وه‎
missile 0 ‏قذيفة‎ mobilize y ‏يحرّك‎
‎missing ‏زه‎ glo mobster ‏قاطع طريق ؟‎ K
mission 1 ‏مهمّة‎ mock ‏هرأ‎
‎missionary ‏المبشّره‎ mockery «a,x
085 ‏غشاوة‎ mode 0 ‏صبغة‎
‎mistake visas model 25a
mistake ‏خطأء‎ moderate ag ‏معتدل‎
‎mistaken ‏مخطئ زه‎ moderation 0 ‏الاعتدال‎
‎mister ‏سيّده‎ modern ‏4ه‎ Sac
mistreat s ‏يسيء المعاملة‎ modemize ae;
mistreatment r ‏معاملة سينة‎ | Modest i ‏متواضع‎
‎mistress 6.10 modesty n ‏تواضع‎
‎mistrust ool! modify ‏يحور‎

mistrust y ‏يرتاب‎ module n6.1>5
misty ‏4ه‎ lus moisten + bs
misunderstand vagall ‏يسيء‎ | Moisture ‏رطوية‎
‎misuse n isbls ‏استعمال‎ molar ‏رس‎"	word-to-word-bilingual-dictionary
128	"mold 124
mold ess month Zl
mold Js monthly ao Up.
moldy ag ‏عتيق‎ monument n 2
mole 0 ‏شامة‎ monumental a3 us
molecule 1 sul mood 0 ‏مزاج‎
‎molest v ‏يضابق‎ Moody ‏4ه‎ cunts
mom o 71 moon ‏القمره‎
‎moment ala! moor sis;
momentarily sc abl) mop 9 ‏ينظّف‎
‎momentous ag ‏جداً‎ sla moral ‏أخلاقي 4ه‎
monarch 6 ‏أخلاق 000:10 الملكية‎
monarchy » ‏ملكية مطلقة‎ morality » ‏الأخلاقيّة‎

][ ‏تا مص‎ more ag si
monastic ‏رياني 4ه‎ moreover as ‏على ذلك‎ Bolle
Monday 0 ‏الاثنين‎ morning ‏الصاح م‎
money ‏نقذ‎ moron sg ‏الأبله‎
‎money order nx, alls> morphine 1 ‏المُونْفِين‎
‎monitor , ‏راقب‎ morsel» aaa)
monk ral, mortal og uno
monkey liad! ‘mortality »altall
monogamy ‏زواج أحادي ؛‎ mortar ‏هاون‎
‎090010908 ‏المُنُولوجِ ؛‎ mortgage 1 a;
monopolize ‏يحتكر؛‎ ‘mortification ‏إمانة الجسد م‎
monopoly ‏احتكاره‎ mortify vols!
01900100015 a ‏رتيب‎ mortuary 1 Lil ‏مُستَودَعٍ‎
‎monotony ral; mosaic ‏فُسَيفْساء‎
‎‘monster » ‏المُوْلَة‎ Mosque ‏المسجده‎
‎monstrous sq Js mosquito » aoga;"	word-to-word-bilingual-dictionary
129	"12 murky

moss nlab move out 2 ‏خرخ‎
‎most a ‏معظم‎ move up ‏يرتفع ؟‎
mostly sh ‏في الأغلب‎ movement 1 ‏حركة‎

motel 1 ‏الموتيل‎ movie 1 aLs

moth» Jas OW va

mother ‏أم د‎ much adv i$)
motherhood ‏الأمومة ؛‎ mucus ‏مخاطى‎

00008030 ‏04م الحماة م‎ J35

motion n ‏اقتراج‎ muddle 1 ud Jug
motionless ag ‏ساكن‎ muddy ag go
motivate ‏يحب‎ muffle ‏يُحمد؛‎

motive ‏الحافزة‎ muffler la

motor n ‏أبريق » 009 المحرّك‎ 5
motorcycle nab ‏دراجة‎ mug «iS

الإبلاغ عن سطوه ‎mugging‏ شعارم ‎motto‏
‎mule 1 J2;‏ متعفن 4ه ‎mouldy‏

متعدّد ود ‎multiple‏ مطيّة 00001

mount ‏يرتفع‎ multiplication r ‏مضاعفة‎
‎mountain 1 ‏جبل‎ multiply » ‏بضاعف‎
‎mountainous ‏وه‎ nL multitude 35s

moum vu mumble ‏يُتمتم»‎

mourning rsla> mummy 0 ‏مومياء‎

mouse nls mumps » ‏التكاف‎

mouth 0 munch pa

move 0 ‏حركة‎ munitions >>

move vd murder 0 135

move 366» ‏تراجع‎ murderer » ‏القائل‎

‘move forward 1 ps5 murky as ‏مظلم‎"	word-to-word-bilingual-dictionary
130	"mumur =
murmur 255
murmur ‏تنك‎ N
muscle ‏عَصَلَة ؛‎
‏مُتْحْف #لافقناام‎ Bo
mushroom 0 ‏الفُطر‎ nagging ad sein
music 1 ‏موسيقى‎ nail 1 ‏مسماره‎
‎musician ‏الموسيقيّ؟‎ naive xg 25
Muslim eg alice naked sd lc
0005106 ‏يجب‎ name foul
mustache ‏الشارب ؟‎ namely ao ‏أعني‎
‎mustard 1 J555 nanny nase
muster s Lx nap ‏قبلولة‎
‎mutate ‏تحول؟‎ napkin » Joa
mute af canbe narcotic ‏مخذّره‎
‎mutate ‏بتر‎ narrate ‏يروي‎
‎mutiny ‏تمده‎ NAITOW ad 300
mutually ss ‏متبادل‎ narrowly ao ‏بدقة‎
‎muzzle «pas, nasty sg ‏مُقْرف‎
‎muzzle 283% . ‏كمامة‎ 08000 nwa
my as ‏لي‎ national sg cubs
006816 i pio nationality  ةّيسنجلا‎
myself zo Uf nationalize v ‏يجنّس‎
‎mysterious aj ‏غامض‎ Native ‏وطن 4ه‎
mystery » ‏غموض‎ natural ag nab
00/508 ag nis naturally sv 2b.
mystify val; nature nas,
myth 1 ‏خراقة‎ naughty ag ‏بذيء‎
‎nausea ruliz"	word-to-word-bilingual-dictionary
131	"7 newsstand
nave 0 sll ‏مجور‎ negotiate 1 ‏بفاوض‎
‎navel r;.5l negotiation ١ ‏تفاوض‎
‎navigate ‏يُنْجر؛‎ neighbor 1 51>
navigation ‏إبجاره‎ neighborhood ‏جوار»‎
‎navy ‏أسطول؟‎ neither ag ‏و لا واحد من‎
navy blue ‏الأزرق البحري به‎ neither aay Lal
near pe suc nephew nel ‏ابن‎
‎nearby a stan nerve nua:
nearly av ‏تقريباً‎ nervous a nas
nearsighted sy. u> nest jac.
neat ag ‏أنيق‎ net nasi
neatly soy ‏بإثقان‎ Netherlands 135d
necessary ‏وه‎ Sys, network aS.
necessitate nix neurotic ag lal 1
necessity ras neutral sg lx
neck 1 sic neutralize ‏؛‎ Jal)
necklace r ais never a ul
necktie r sic ab, nevertheless sv ‏ومع ذلك‎
need ‏احتاج»‎ new ‏جديدقة‎
‎0000: ‏ضرورة‎ newborn «Luis ‏مولود‎
‎needle ‏إبرة‎ newcomer 1 sll
needless ‏غير ضرورى ذه‎ newly ac lis>
needy ‏فقير ذه‎ newlywed = ‏لمتزوج حدينا‎
negative ag ‏سلبي‎ news ‏خبرة‎
‎neglect v Jog. newscast ‏نشرة الأخباره‎
00916610 Jad] newsletter ‏الرسالة الاخبارية ؛‎
negligence 1 Jlaz| newspaper 6 ‏جريدة‎
‎relist ‏ممجل زه‎ newsstand ‏الصحف م‎ ela"	word-to-word-bilingual-dictionary
132	"next
BhnlfPPr ee
next og Ju noise rx
next door ‏البيت المجاورةه‎ noisily ak ay
nibble s glo ‏يأكل‎ noisy ‏صا وه‎
nice a ‏متاق‎ nominate v ‏يعيّن‎
‎nicely sad none ‏لا أحديم‎
nickel 7 ‏معدن النيكل‎ nonetheless - IS gs
nickname » ‏لقب‎ nonsense n+,
0160008» ‏غير مدخن 0 0008010182 النبكوتين‎
niece ‏الأ م‎ aul nonstop adv ‏بلا توقف‎
night a JJ noon nell
nightfall » os.) noose 15.5
nightgown r ‏المنامّة‎ 00008 po 151 Y
nightingale ‏العندليب ؟‎ nor eV
‏رج‎ 007050 nom 1 es
0108 ‏بالغ عدده تسعة 4ه‎ normal ag ste
ninety od ‏تسعون‎ normalize ‏طبع‎
‎ninth ‏التاسع 4ه‎ normally a 85.5.
018 ‏برد قارس»‎ north Jal
nip ¥ Joshi northeast 1 58, ‏شَمَالَ‎
‎nipple ‏الحلمة؛‎ northern ag lai
nitpicking x ‏عاتب‎ northerner xj ‏الشّمالي‎
‎nitrogen 1 ‏النتروجين‎ Norway n ausdl
nobility nally Norwegian ad ‏ترويجي‎
‎noble a up nose ni
nobleman ‏النبيل 4ه‎ nosedive av all ‏على‎ buss
nobody ‏لا أحد م‎ nostalgia ‏حنين ؟‎
noctumal sg LJ nostril dal
nod ‏حرك»‎ les nosy ad ‏فضولي‎"	word-to-word-bilingual-dictionary
133	"i» mity

not aaa) nozzle ‏صنبورة‎
‎notable ‏4ه‎ 4.5 nuance rhe ‏فارق‎
‎notably as a ‏على نحو‎ nuclear «3 ssi
notary nasil ‏الكاتب‎ nude a4 le

مذهب العُري 0 ‎nudism‏ التنُويت « ‎notation‏

note hail, nudist » used!

notebook 16,310 nudity rs,

noteworthy ui bls nuisance ‏إرعاع ؟‎

nothing neon ‏لا‎ null ‏باطل 4ه‎

notice vcs, . ‏يلاحظ‎ nullify ‏تُبُطِل»‎

notice ‏إنذار . إشعارة‎ numb a >

noticeable x ‏لاقت للنظر‎ number 1 55,

notification ‏إعلامر»‎ numbness ‏تخدير‎

notify val NUMEROUS of ‏عديد‎

notion 76,55 nun 0 ‏راهية‎ Ln
notorious ug pie nurse asses

noun ‏سمه‎ YI nurse vos

nourish « sie nursery 6 ‏غرفة أطفال , حضانة‎
nourishment ; ‏تغذية‎ nurture s sass

novel nals, 0017 ‏جوزة , بندقة‎

novelist» ll nutition 0 ‏تغذية‎
‎Sd ‏كلاوتتشام‎ a4 350

November sss nutshell uy Lait,

novice 1 Sse nutty a ‏كتير الجوز‎

now a MI

فى هذه الايام ‎nowadays a‏

nowhere sy ulSs ‏لا‎

noxious 350"	word-to-word-bilingual-dictionary
134	"0 ‏ص‎
‏يبسح حا‎
obscenity ‏م‎ usd
0 obscure ui alae
obscurity raall
oak ‏الوط‎ observation abe
oar sli observatory 1 1.050
oasis pals observe voll,
oath pub obsess vslsl
oatmeal | 5.55 obsession 6 ‏هاجس‎
‎obedience ‏إحلال ؛‎ obsolete ‏مهجور يه‎
0060160104 ‏ممتثل‎ obstacle  قئاع‎
obese if ‏بين‎ obstinacy ‏عنادم‎
‎obey Jxos obstinate ‏عنيد انه‎
Object ‏يعترض‎ obstruct yuo
object ‏هدف‎ obstruction 1 iu
objection 1 ‏اعتراض‎ obtain 1,5
BY obiecive one obvious uf aols
obligate ‏تلم‎ obviously st 25.061
obligation 0 ‏واجب‎ occasion 0 ‏قرصة‎
‎obligatory 4 Sle] occasionally sc ‏أحيانا‎
‎oblige ‏تلم‎ 006001154 na
obliged 51 xa occupant ; ‏الشاغل‎
‎oblique i ‏متحرف‎ occupation 1 Ja
obliterate : ‏يطمس‎ ocoupy ‏يَشْعَل؛‎
‎oblivion 0 ‏نسيان‎ ocour voi
oblivious 04 ‏عافل‎ ocean hue
oblong x ‏مستطيل‎ October 1 JsVl ‏تشرين‎
‎087101015 aif ‏بغيض‎ octopus ‏أخطبوط؟‎
‎obscene ‏فاحش 4د‎ 06008068 ns,"	word-to-word-bilingual-dictionary
135	"Cl opera
odd xd 3540 old-fashioned ag bl ‏عتيق‎
‎oddity ‏شذوذه‎ olive rugs
odds 1 su olympics 1 ‏اوماد‎
‎odious ag ‏بغيض‎ omelette 1 jal axe
odometer 7 ‏عداد المسافات‎ omen ‏فال‎
‎odor axl, OMINOUS a ‏مشؤُومٌ‎
‎odyssey aussi] ‏ملحمة‎ omission ‏حذف م‎
of ree omits oi
off ‏بعيداءةه‎ ong ale
offend vac once se
offense 1 psa once ‏حالماء‎
‎offensive a3 ‏هجوم‎ one sg ‏واحد‎
‎offer «ayes oneself ye ass
offer noc. ongoing ‏جارية 4ه‎
offering 7 oe onion 1 Jad
office nase onlooker ‏المشاهد‎ E
officer 1 ‏موطف‎ only ‏فحست بد‎
offictal a Gnas onset ‏هجوم‎
‎0012128: ‏تولى منصب‎ onslaught r ‏انقضاض‎
‎offset ‏وازن‎ onwards so pla ‏إلى‎
‎offspring nel opaque sq ‏غير شفاف‎
off-the-record af pail ‏ليس‎ | OPEN vias
often a Lo LS open ‏مفتوخ 4ه‎
oil rus pen up ‏شن هجوماء‎
ointment 1 4532 opening roles

okay adh Lown open-minded s3 io
old ad ‏عتيق‎ openness ‏انفتاح‎
‎old age ‏شَيْخُوحَة ؛,‎ operas Lush"	word-to-word-bilingual-dictionary
136	"operate ”
‏لب‎ E———— ‏سس‎
‎operate «ui, ‏يُعُمل‎ orbit rls
operation 1 Jac orchard oli
opinion aie] orchestra 1 caus sY!
opinionated of ‏متعنت‎ ordain 1 5
opium ‏مخذّره‎ ordeal nina
opponent pa order nes
opportune of sills ordinarily a ‏عاد‎
‎opportunity 1 ‏مناسَة‎ ordinary 4 sl
oppose «ales ordination n ‏رسامة الكاهن‎
opposite xi ‏متضادً‎ ore nasl>
Opposite si ‏معاكس‎ organ ‏عضو‎
‎opposite rail organism ‏المتعضي/‎
‎000091000 0 ‏الأرغني 009801917 معارضة‎
oppress sph organization pus
oppression 1slplasl organize ‏ينم‎
‎0 [EN orient » ‏المُشرق‎
‎optical + 5,2 oriental uj sd,
optician 7 ul, Bull orientation 1 ‏توجيه‎
‎optimism 0 ‏التفاؤل‎ oriented aj ‏موجه‎
‎optimistic ag ‏متفائل‎ origin 1.00
option Lux! original sg alol
‘optional ag ‏اختياري‎ originally as Lol
opulence 0 ‏ثروة‎ originate sis
ores omament naa
oracle 1 ‏المَوْحَى‎ omamental sg criss
orally sala orphan ru
orange 1 allay orphanage 1 pica
orangutan 0 ‏من القرّدة‎ ‘orthodox a ‏أرثوذكسيّ‎"	word-to-word-bilingual-dictionary
137	"3 ovation

ostentatious ‏متفاخ به‎ outlet 1a , ‏مخْرجِ‎
‎ostrich rasta outline ‏مختصر , موجّزه‎
other ‏روه‎ outline ‏أختصر؛‎

otherwise Vis outlive vac

otter 7 ‏الفُضَاعَة‎ outlook 1 ‏مَشْرّف‎

oughtto iss. outmoded ag ‏الزي‎ uc
ounce nasi outnumber ١ ‏قاقه عددا‎

our ag ‏خاصتنا‎ outpatient 1 ‏المريض الخارجي‎
ours po ‏ملكنا‎ outperform ss
ourselves po ‏نفسنا‎ outpouring ‏انهمار»‎

oust u,b output ‏مردود‎

out ano outrage luc!

outbreak eV! outrageous ‏شنيع 4ه‎
outburst ‏انفجار0‎ outright sls

Outcast uf ‏منبوذ‎ outrun 1 ‏يسبق‎

outcome ‏حصيلة ؟‎ outset ray E
outery ‏احتجاج ؟‎ outshine ‏تألق؟‎

outdated «sp outside ‏خارجاءته‎

outdo vss outsider 1 ‏الدّخيل‎

outdoor a ‏في الهواء الطلق‎ outskirts ral

صريخ 64 ‎outspoken‏ في الخلاء :60 ‎outdoors‏

outer ag xl outstanding sg slo
outfits ‏تجهيزات‎ outstretched ad ‏ممدود‎
‎outgoing sd ‏منسحبٌ‎ outward sd ‏ظاهري‎

رجح ‎outweigh‏ نما بسرعة + 0019:01.

outing ras oval sg Spas

outlaw 1 5 ovary 1 ‏المَبيض‎

outlast ‏صمد‎ ovation classi"	word-to-word-bilingual-dictionary
138	"oven El

oven nus overstate ‏بالغ ؛‎

over po ‏خلال‎ overstep ‏يتجاوزه‎

overall as isa overtake ‏أدرك ؛‎

overbearing a ‏متعجرف‎ overthrow , ase:

overcast of ‏معت‎ overthrow nasa.

overcharge v ‏طلب ثمنا أعلى‎ overtime «ov Calo]

overcoat r ‏مخف‎ overtum 0 ‏ينقلب‎

overcome pas overview r ‏ملخص‎

overcrowded ‏مكتظ 1ه‎ overweight =f ‏بدين‎

overdo all overwhelm 1.55

overdone s3 ‏مغال‎ owe val ‏كن‎

overdose nabyaa ‏جرعة‎ owing to si ‏بداعي‎

overdue ulus owl ass,

overestimate ‏بالغ في التقدير؛‎ | own ull;

overflow vas own a aol
BY overt oi owner la

overlap ‏تداجل»‎ ownership » ‏ملكية‎

overlook « Jas ‏ره‎

overnight ‏اليل :8ه‎ Jil oxen nol

overpower 2 ule oxygen 0 ‏الأكسجين‎

overrate «asl ‏بالغ في‎ oyster ‏المحاره‎

override ‏تجاوز؛‎

overrule v ax

overTun «cus

overseas soul 12

oversee sl,

overshadow y ‏ظلل‎

oversight 12.3"	word-to-word-bilingual-dictionary
139	"3 paradox

بلاط ‎palace‏ م

palate Lin

شاحب »اوم
شحوب | ‎paleness‏ ركض »0868
‎palm ral‏ العَدُوه ‎pace‏
‏محسوس ‎pacify (Lia palpable ss‏
‎asl‏ جد ‎pack as ¥ paltry‏
‎package 635 pamper , 415;‏
كُرَّاسَة ‎pamphlet‏ معاهدة ‎pact;‏
‎pan sodas‏ طن ‎pad‏
‏البنكرباس 2 ‎padding 1s. pancreas‏
عمل قوادا ؛ ‎paddle , 33x pander‏
وخزه ‎Jas pang‏ :»8066م
‎pagan 4 suis panic i wz;‏
البانوراما» ‎panorama‏ الوضيف , صفحة؟ ‎page‏
‏مره ‎pall rsh panther‏
‎B‏ حجرة المؤْن؟ ‎pantry‏ ألم ‎pain‏
‏تلو ‎pants‏ مؤلمة: ‎painful‏
‏جوارب طويلة» 880001098 ‎painkiller +, xo‏
‎papacy » asl‏ غير مؤلم ود ‎painless‏
‏ورف 020877 ‎paint ga‏
مشيك ‎paperclip‏ دهان ‎paint‏
‏عمل ورقي 7 ‎paperwork‏ فرشاة ‎paintbrush 1 a.‏
‎parable | Jia‏ الرسام ‎painter‏
‎parachute + bs. alls‏ صورة ‎painting 85 , a;‏
‎pair 1235 parade 1 250‏
‎paradise , x)‏ مام ‎pajamas‏
‏مُفَارَقَة 7 ‎paradox‏ صديق ‎pal‏"	word-to-word-bilingual-dictionary
140	"paragraph »
paragraph 14545 parsnip 1 ‏الجزر الأبيض‎
parakeet 1 puso claw party ‏يفترق‎
‎parallel ‏متوازة‎ part ‏جزءة‎
‎paralysis » JLo partial sg Gis
paralyze v Lo partially ac U5
parameters 1 aso ‏عامل‎ participate cu
paramount ag ‏أسمى‎ participation 0 ‏اشتراك‎
‎paranoid a ‏مجنون بالشك‎ participle ‏اسم الفاعل م‎
parasite ‏الطُفَيلِيَ‎ particle 1 a>
paratrooper 7 ‏مظلي‎ particular as ‏استثنائي‎
‎parcel asks particularly sa Loa
parcel post ‏يَريدٌ 39,51 ب‎ parting ‏مُفْترَف‎
‎parch , jas partisan nls
parchment ‏ورق نقيس‎ partition ‏تقسيمة‎
‎pardon «ac. partly oo ‏جرئيًا‎
‎pardon nsac partner 6 ‏شريك‎

Bl parenthesis aol aL partnership nas,
parents ‏الوالدان»‎ partridge n Jal
parish 5 ‏أبرشية‎ party sas ‏حفلة أنس‎
2819000820 ‏الابرشى‎ Pass nub
parity 3915; pass ‏مرا‎
‎park el ‏أوقف‎ pass around ‏نش‎
‎park ‏الموقف‎ pass away ‏زاك‎
‎parking » ‏موقف سيارات‎ pass out vals sad
parliament olal, i passage 15an
parochial sg Sod passenger ‏المسافرة‎
‎parrot das passer-by r Jou ‏عابر‎
‎parsley 1 puss aidl passion 0 ‏انفعال‎"	word-to-word-bilingual-dictionary
141	"0 ‏ا‎
‎passionate ‏انفعالي وه‎ patrol 1,55
passive a ‏متفعل‎ patron 0 ‏النصير , الراعي‎
0988014 0 ‏سغر‎ lo patronage  ةباعر‎
0850008 ‏كلمة المرورة‎ patronize ‏يَزعَى‎
‏2546م‎ sl 028870 ‏لموذج‎
‏يُلصِق :2916م‎ pavement nano,
paste n Ss. pavilion gL
pasteurize « pia; paw ‏كف الحيوان؟‎
pastime ral pawns ‏يرهن‎
‎0256000 ‏فسيس‎ pavnbroker 7 ‏المسترهن‎
‎pastoral sg Soc, pay ‏رانب ؟‎
pastry ‏يدقع لم فطائره‎
pasture 1 ‏عشب‎ pay 26662 ‏سدد الدين‎
867 ‏تربيتة‎ pay off vas ‏سد‎
‎patch pl payable = asd ‏واحب‎
‎patch nasa, paycheck ; ‏أجر العمل‎ des
patent rae, payee 1 ‏م مدفوع‎
patent ag Jase payment ; ‏دفعة‎
‎paternity ‏أب‎ payroll ‏كشف الأجوره‎
9000 ‏طريق‎ paysiip 1 oll ‏كشف‎
‎pathetic oj usa ‏بازلا 88م‎
patience 1 110 peace 1 pla
patient ‏ف‎ 5.0 peaceful ss ‏سلمي‎
‎patio rls peach gis
patriarch 1 ‏بطريرك‎ peacock » ‏الطاووس‎
‎patrimony ‏ميراتٌ:‎ peaks,
patriot ‏السوداني 6 0880104 الوطني‎ Jsall
patriotic =i by pear 7 ‏الإخاص‎"	word-to-word-bilingual-dictionary
142	"peat 0
pearl ‏لؤلؤة:‎ peninsula ‏جزيرة م‎ als
peasant» ‏القلآح‎ penitent ‏تدم‎
‎pebble rola penniless p20
peck «au penny n ‏البنس‎
‎peck a pension ‏م‎ axio
peculiar ss ‏خصوصيّ‎ pentagon ‏البنتاغونا؛‎
‎pedagogy » ‏بيداعوجيا‎ pent-up a ‏مكبوت‎
‎pedal nails people 7 ‏الناس‎
‎pedantic ai ‏حلفي‎ pepper 1 Jals
pedestrian » sislall per a ‏بواسطة‎
‎peel vis perceive «J,
peel 6.8 percent as ‏في المانة‎
peep 159 percentage / ‏نسبة مئوية‎
peer bill perception 0 ‏إدراك‎
‎pelican gal perennial ‏خالد وه‎
88087 ‏صغيرة‎ a> perfect ag Jas
pI perfection 1 us|
penalize ‏؛‎ slay perforate ‏ينقّب‎
‎penalty rash , lac perforation 0 ‏تثقيب‎
‎penance n4,Las perform 2 ‏يصنع‎ , sais
penchant «£33 performance ‏عمل , إنجاز‎
pencil nolo, Als perfume 1 he
08003067 ‏قلادة‎ perhaps Lav,
pending ‏معلّق 4ه‎ peril nbs
pendulum 0 ‏البندول‎ perilous ‏خط ركه‎
penetrate ‏يخترق ؛‎ perimeter 1 hua
penguin 0 ‏البطريق‎ period 15,
penicilin «Lewes perish voll;"	word-to-word-bilingual-dictionary
143	"J phoney

perishable ‏وه‎ Ula pervert og
periury nue. cui pervert sg ‏منحرف‎
‎permanent = ails pessimism p30
permeate ‏اخترق ؛‎ pessimistic ss pile
permission aa); pest; ugells

permit « as: pester acy

pernicious «4 Lo pesticide roll ‏هبيد‎
‎perpetrate ‏ارتكب»‎ pets ‏حيوات مدلل‎

persecute » ‏يضطهد‎ petal al

persevere ‏ينابر‎ petite 1 ‏أنيق‎

persist 1a petition » ‏عريضة‎
‎persistence ‏إصرار»‎ 0601688 aq ‏حول لمادة صلبة‎
persistent a ‏مُتابر‎ petroleum 0 ‏البترول‎
‎person 6 ‏شخص‎ pettiness 0 ‏تفاهة‎

personal sf nani petty 54 ‏صغير , ناقة‎
personality 1 ‏شخصيّة‎ pew rasan

personify 2 ‏يُشَخَص‎ phantom 1a ‏تم‎
‎personnel 1 ‏الموظفين‎ pharmacist 1 all
perspective ‏منظورة‎ pharmacy nase
perspiration 1 3; phase + 3b

perspire v 33a pheasant 1z,.ull
persuade vests phenomenon 15,all
persuasion 11] philosopher + ‏الفيلسوف‎
‎persuasive ‏مقع ب‎ philosophy » ‏فلسفة‎

pertain jas phobia + Luss

pertinent ag ‏وتيق الصلة‎ phone »usals

perturb ‏تعلق ؛‎ phone sila.

perverse uj ‏منحرف‎ phoney a4 ‏زائف‎"	word-to-word-bilingual-dictionary
144	"phosphorus w
phosphorus 1 sawsall pile acs
Photo 1 ‏صورة فوتوغرافية‎ ple rales
08010600 16,50 ‏نسخة‎ pile up v puss
photograph s.c0 pilfer y gules!
photographer 7 aa pilgrim n ‏الحاجّ‎
‎Photography r ‏الفوترغرافي‎ pilgrimage nax>
phrase ‏عبارة»‎ pill cls ‏حبة‎
‎physically a Laub pillage ‏يسلب؟‎
‎physician 1 p.5> pillar 6 ‏ركيزة‎
‎physics nels pillow ‏وسادة؟‎
‎planist gl ‏عازف‎ pillowcase ‏غطاء الوسادة م‎
piano neil 016576 ‏الطائرة‎ wl;
pick vial , ‏يلتقط‎ pimple 16,5
pick up v bail, pin ns
pickpocket» JUAN pincers nati
pickup ‏انتعاش م‎ pinch v0.9

p [EET pinch neal
picture « 5.0 pine b,u5i0
picturesque og ‏تصويرى‎ pineapple n ‏الأناناس‎
‎ple ‏قطيرةة‎ pink lass
plece 0 ‏قطعة‎ pinpoint ‏حدد‎
‎piecemeal a ‏تدريجبًا‎ pint cuit
pier 0 ‏الرائد 1008662 دعامة‎
plerce » ‏يطعن‎ pious aq is
piercing na pipe ‏مزمار»‎
‎piety » ‏تقوى‎ pipeline ‏خط أنابيب م‎
‏وام‎ rs piracy 14.0.3
pigeon n ‏حمامة‎ pirate ‏رصان‎"	word-to-word-bilingual-dictionary
145	"ودام 0

pistol n puis platinum » ‏البلاتين‎
‎0886 ‏حفرة‎ platoon alas
pitch-black a p15 plausible sg ‏معقول‎
‎pitchfork nl, is Play cuss , ‏يلعب‎
‎pitfall ‏وجرة, 3,0 ؟‎ play nse) , ‏لعب‎
‎Pitiful sg ‏حقير‎ player rel
pity nasa playful ‏ب‎ sl
placard nie] playground 1 ala
placate ‏يهدئ؛‎ plea ras

place rus plead ‏بداقع؟‎
‎placid ‏هادئ ود‎ pleasant sf ‏مسلي‎
‎plague 1 ls please eli
Plain ‏مستوه‎ pleasing od ‏ممتع‎
‎plain = Jp. pleasure raza
plainly a 25.08, pleat rab
plaintiff ‏المدّعي؟‎ pleated + ‏مَطُويَ‎
‎plan ‏يخطّط‎ pledge se =
plan ‏تصميم‎ pledge 1 02
plane re,ils plentiful us sly
planet ; ‏الكوكب‎ plenty 195

plant gus pliable 2 0,0
013047 ‏شجيرة‎ pliers 1055;
plaster » ‏الأصوف‎ Plot als

plaster v jas 1040 ‏مؤامرة‎
‎plastic ‏البلاستيك‎ plow vj

plate nana ploy rela
plateau 12.0 pluck ‏يقتلع‎
‎platform nao, ‏ونام‎ var, Als"	word-to-word-bilingual-dictionary
146	"‎ji‏ ونام

‎plug ‏سدادة , المأخذم‎ Poland [iJ
plum ‏ترقوق؟‎ polar sg subs
plumber ; joo) pole 1.
plumbing ‏سمكرية م‎ police r ‏الشرطة‎
‎plummet ‏انهار»‎ policeman nabs
PUMP a ala ‏سياسةة لنا0م‎
plunder Ls Polish sg ‏بولند‎
‎plunge v pubs polish » ‏البولندية‎
‎plunge 1 pub polish Jao
plural nga polite ‏لطيف 4ه‎
plus sd ‏فائض‎ politeness » ab)
plush =i ‏بلشي‎ politician» ‏السياسي‎
‎plutonium ‏بلوتونيوم»‎ politics natu!
peumonia 1 Goi; vlad! 0001 ‏اقتراع‎
‎pockets pollen + ‏لفاح‎
‎008016 ‏قصيدة‎ pollute vol

‎_p ‏اماع 00م‎ pollution cusls
poetry ‏الشِغّره‎ polygamy 1 ‏الزوجات‎ >is
poignant us 31> pomegranate » ‏الزُمّان‎
‎Point 16500 , ‏نقطة‎ pomposity nals
point ‏يحذّد‎ pond n gaiiiue
pointed uj 330 ponder v ‏بتأمل‎
‎pointless a3 ast 00088 ‏الأسفف؟‎
‎poise roles 00010 ‏خَوْض‎
‎poison ms pool gud
poison nals 0003 188
001500109 ‏تسميمره‎ poorly a 5.25
Poisonous ad als popcorn Lull"	word-to-word-bilingual-dictionary
147	""" practice:
Pope ‏البايام‎ possibilty + ‏إمكانيّة‎
‎POPPY rl il possible sd ‏ممكن‎
‎POPUIBT af hans ted
popularize v ¢ Lil post office ‏مكتب البزيدة‎
populate ‏سكن ؟‎ postage ‏أحرة البريد م‎
population nulS Ll postcard / ‏بطاقة بريدية‎
porcelain ‏الملصق 005467 فخارة‎
01675 ‏,0940م روا‎ a, Jl
porcupine 1 agi! postman 1 ‏ساعي البريد‎
pore np postmark nal ‏ساعي‎
‎Pork nsuusll ‏لحم‎ postpone ‏يؤجّل ؛‎
POTOUS ‏مسامي 4ه‎ postponement 1 ‏تأحيل‎
‎port sls Poti ‏أصيص‎ , 138
portable sj ‏المحمول‎ potato 1 sth
portent ‏نذيرة‎ potent vs Js
porter nis.) potential 4 ‏كامن‎
‎portion aa ws pothole 759.5] ‏م""‎
‎00115381: ‏صورة‎ poultry 1 ‏دواجن‎
‎portray » ‏يصوّر‎ pound ‏يسحق ؛‎
Portugal ‏البُرنْقَال‎ pound 1 xsl!
Portuguese ui ‏برتقالي‎ POU 9 ‏يتهمر‎
‎pose ‏يستوضع , تكلف»‎ poverty 1,45
pose nasil powder ‏مسحوق‎
‎posh ‏4ه‎ sul power 153
position 1 ‏موضع‎ powerful ‏قوق 4ه‎
positive ‏4ه‎ ull Powerless uj ‏ضعيف‎
‎possess ‏حازه‎ practical eg ‏عملي‎
‎possession 0 ‏بمارس :00360068 حبازة‎"	word-to-word-bilingual-dictionary
148	"practice w
practice ssl predecessor ral
practising ‏ممارسة 4ه‎ predicament 1 ‏مأرف‎
‎pragmatist us ‏ذرائعي‎ predicts Lu
prairie ‏من‎ prediction ‏تيو‎
‎praise 5,5; predilection » ‏مَيْل‎
‎praise 1 ‏إطراء‎ predisposed af ‏حساس‎
‎praiseworthy ‏جديرٌ بالإطراء 4ه‎ predominate ‏يسود‎
‎prank ‏مَرْحَةٌ‎ preempt, Ji
Prawn gull prefabricate ‏صنع مقدماء‎
pray voles preface ‏مقدّمة م‎
80289: ‏صلاة‎ prefer Joa,
preach hs, preference r ‏تفضيل‎
‎preacher 1 ‏الواعظ‎ prefix sist
preaching » bis pregnancy n Ja>
preamble ; ‏تمهيد‎ pregnant s4 ‏حامل‎
‎precarious a3 ‏متقلقل‎ prehistoric ‏قتاريخي 4ه‎
IE precaution, prejudice rola]
precede / sou preliminary «4 ‏تمهيديٌ‎
‎precedent r ‏مقدمة 0 08006 سابفة‎
preceding ‏سابق 4ه‎ premature ag ‏سابق لأوانه‎
precept ‏ميدأ‎ premeditate ‏يتعمد ؛‎
Precious a ‏نفيس‎ premeditation ‏التعمده‎
‎precipice ‏جرفم‎ premier ‏وه‎ Js]
precipitate ‏ترسب؟‎ premise 1,055
precise 11 ‏دقيق‎ premises 0 ‏إقتراض‎
‎precision 0 ‏دقة‎ premonition 1 ‏هاس‎
‎precocious aj Sua preoccupation ; ‏انهماك‎
‎precursor ‏البشيره‎ preoccupy v Ja"	word-to-word-bilingual-dictionary
149	"‎printing‏ م

‏ساد ‎preparation nslsac.ul prevail‏
سائد 4ه ‎prevalent‏ يستعد ‎prepare‏
‏يعوق 0087804 حرف جره ‎preposition‏

‎prerequisite 1 b>, prevention » ‏وقاية‎
‎prerogative ‏امتياز؟‎ preventive og nlsy
prescribe «acs Preview 1 sous ‏عرض‎
‎prescription 1 aL. ‏وصفة‎ previous ‏سابق 4ه‎
presence ‏حضوره‎ previously a lal
present s1 ‏حاضر‎ Prey ras

‎present ‏حضر‎ price 1 a.

‎presentation 1 ‏عرض‎ pricey aq ‏غال‎

‎preserve hax prick v can

‎preside sul pride ‏غروره‎

‎presidency 0 ‏الرئاسة‎ priest 1 puesus

‎president 1 ‏رئيس‎ Priestess ; decid

‎press nastall, ‏طباعة‎ priesthood 1 aig ‏جماعة‎
‎press ‏صر على , بحت‎ primacy «asl iB
pressing ‏به‎ helo primarily a, sl

‎pressure ‏ضغط:‎ prime a al

‎pressure » his primitive ‏بدائي وه‎
prestige 1 awa prince 1 eel

‎presume 1 ‏يفنرض‎ princess 1 ‏أميرة‎
‎presumption 1 ‏اقتراض‎ principal sg ‏رئيس‎
‎0005080058 Lasse ‏إفترض‎ principle acts

‎pretend alls print gs

‎pretense Sees. print nas

‏طابع :000182 ذريعة 0 ‎pretension‏

‏طباعة: ‎printing‏ ظريف وه ‎pretty‏"	word-to-word-bilingual-dictionary
150	"0 مم
مذهل ذه ‎prodigious‏ سابق ‎prior sq‏
‎prodigy 16,220‏ الأسبفية » ‎priority‏
‎prism 15.50 produce «2,5‏
نتاج 0 ‎Prison naw produce‏
‎product » ais‏ السجين 006560920
‎privacy nals. production r zl‏
‎productive sf ase‏ خصوصيٌ 4ه ‎private‏
‏نيوك 4د ‎privilege » lus! profane‏
‎prize roils profess vous‏
‎profession raise‏ احتمال م ‎probability‏
‎probable a Jars professional si ge‏
‎professor n stl‏ سير ‎Probe‏
‎probing rue proficiency rach,‏
‎proficient se.‏ مشكلة 1 ‎problem‏
‏5,50 جائبيّة ‎JS uo profile n‏ 4ه ‎problematic‏
‏يستفيد ‎Profit‏ إجراءات » ‎procedure‏

فائدة 000867 اند 000000 2ل
مُفيد ‎proceedings axe profitable a‏
عميق ‎proceeds nai, profound sd‏
برنامج 0 ‎program‏ يُعامل ؛ ‎process‏
‏مبرمج » ‎process nalac programmer‏
يتقلَّم» ‎progress‏ موكب 7 ‎procession‏
‎progress ria‏ بعلن ‎proclaim ١‏
‎Progressive a esas‏ إعلان ‎proclamation‏
‎prohibit v.03‏ يماطل ‎procrastinate v‏
تحريمرة ‎procreate xi, prohibition‏
‎project babs‏ يدير ‎procure‏
‎Prod rush project ns, ia‏"	word-to-word-bilingual-dictionary
151	"Gf provision
projectile ‏قذيفة م‎ prosecite sols
prologue 1 as1as 0608600107: ‏المدّعي‎
‎prolong via; prospect » ‏أفاق‎
‎promenade r aa prosper sas
prominent es ‏ناتئ‎ prosperity Las!
Promiscuous a ‏مزدهر 4ه 00050010005 لاأخلاقي‎
promise 1 ice prostate ‏البروستات ه‎
promote : ‏رقى‎ prostrate sg ‏ساجد‎
‎promotion ra, protect saa
prompt aq bs, protection n ‏حمابة‎
‎prone si ‏إلى‎ JC protein 0 ‏البروتين‎
‎0000808 ‏ضميرة‎ protests aia,
pronounce v ‏أعلن‎ protest; ‏احتجاج‎
‎proof rola, protocol ‏البروتوكول ؛‎
propaganda rales prototype 0 ‏النمودج‎
‎propagate ul protract ak
propel ‏يدقع‎ protracted ‏يخطّط 4ه‎ 1
propensity rj protrude ‏نتأء‎
‎proper a ‏مناسب‎ Proud sg Sse
properly a bas proudly uh abs
property ‏خاصيّة‎ prove «pias
prophecy ass; proven 4 cia
prophet in. proverb Ji
proportion ‏نسبة0‎ provide ‏يرود‎
‎proposal 7 ‏اقتراح‎ providence » ‏العنابة الإلهية‎
propose ‏اقترج ؛‎ providing that clo,

proposition  &,iae province ‏إقليم»‎
‎prose nl provision blu!"	word-to-word-bilingual-dictionary
152	"provisional “
provisional ‏و‎ Sse Puff ‏نفخة د‎
provocation ra, pully ‏منتفخ 4د‎
provoke ‏حرض ؛‎ pull ‏يقتلع؛‎
‎prow ‏مقدمة المركت؟‎ pull ahead ‏تقدم؛‎
‎prowl , use pull down Jy
Prowler gS uuio pullout J>,
proximity ‏جوارة‎ pulley 16,5;
proxy ‏مانام وكالة م‎ J
prudence i> pulpit ‏مثبره‎
‎prudent ‏حدر 4ه‎ pulsate ya
prune vale pulse ‏الحبوب»‎
‎prune ‏برقوف م‎ pulverize ‏يسحق؟‎
‎prurient i ‏شهواني‎ PUMP das
psoudonym ‏الاسم المستعارة‎ | pump nakas
psychiatrist 1 ‏طبيب نفساني‎ pumpkin ; acs
psychiatry » gual Cb punchy ‏لكم , نخس‎
0 ‏ترم‎ ioe punch ass)
psychology r LoslsSudl punctual og 5.65
psychopath 7 ‏السيكوباتي‎ puncture 1 ii
puberty ‏البلوغ»‎ punish vole;
public ‏عامل‎ punishable a ‏مستحق للعقاب‎
publication n acls| punishment ‏عقاب‎
‎publicity rales Pupil ‏تلميذه‎
‎publicly ss puppet ‏دمية‎
‎publish v gi. PUPPY 13>
publisher 1.4L purchase ‏اشترى‎
‎pudding 1 &iss.Jl purchase ‏شراء»‎
‎puerile ‏4ه‎ lio pure a5 ‏خالص‎"	word-to-word-bilingual-dictionary
153	"questionnaire
puree 1 ‏هريس‎
‎purgatory » ‏الأغراف‎ Q
‏0096م‎ ssp
purge gb quagmire ‏مستتقع ه‎
purification 1 up ai quail ‏السَّلْوَى:‎
‎purify spk quake ‏يهتز‎
‎purity : ‏طهارة‎ qualify ‏يؤقّل؛‎
‎purple a ‏أرجواني‎ quality races:
purpose ‏غابة م‎ qualm pole
purposely silane quandery «le.
purse ‏محْفَظَةُ‎ quantity ‏كمية»‎
‎pursue 15,0 , ‏تعقب‎ quarrel vel
pursuit 0 ‏نراع 903080 مطاردة , ملاحقة‎
pus na quarrelsome if us Liss
push asi quay babs
pushy ‏انتهاري 4ه‎ quarter 18);
put as, quarterly +s 515
putaside 1,4 quarters 185,
put away verb quash ‏بسخق , يقمع»‎
‏0406م‎ oo ‏يتخلّص‎ queen r ‏ملِكَة‎
‎putout sie, queer ag ‏غريب‎
‎PULUP ‏شي‎ quell goss
put up with vel quench « ‏يطفئ‎
‎putrid ‏عفن 4ه‎ quest ‏تحفيق‎
‎puzzle 12) question JL
puzzling as Cs question ‏سؤال م‎
pyramid 1,8 questionable sg ‏مريب‎
‎python +aloYl questionnaire »eluxs ul"	word-to-word-bilingual-dictionary
154	"- عتمي
عنصري ‎racist of‏ ضغيرة 0 ‎quetie‏
‏مضرب التنس 1 ‎racket‏ سريع ‎quick sg‏
مبتز ‎quicken + as racketeering rJlgall‏
الرادار ‎radar‏ بسرعة :ا ‎quickly‏
‎quicksand 1 cus) radiation  ¢ ec‏
المشماع 0 ‎radiator‏ هادئ ‎quiets‏
‏جذري وه ‎quietness 1 cara radical‏
راديو ‎radio‏ لاف ‎quilts‏
‎quit las radish 1 alas‏
نصف ‎as radius 1 ball‏ ت ‎quite‏
‎ell‏ اليانصيبي» ‎quiver zp: raffle‏
‎raft cus )l‏ يسخرت ‎QUIZ‏
‎rag 1a;‏ الاقتباس 0 ‎quotation‏
‎rage ruc‏ يقتبس 3 ‎quote‏
‏مُمَرف ‎ragged of‏ حاصل ‎quotient n‏
غارة, مداهمة؟ ‎ald‏
‎jut)‏ على؟ ‎raid‏
‎raider 1.00‏
حاجز . ‎fal glow‏
سكة ‎R rand rsa‏
‎fain ra‏
‎rain val‏ الزيَات ‎rabbi r‏
قوس 238 ‎rainbow ١‏ الأرنب 1 ‎rabbit‏
‎raincoat 1, Gaal!‏ الكلب ‎rabies‏
‏هطول المطره ‎rainfall‏ الراكون 1 ‎raccoon‏
‎rainy ad bas‏ يُسابق 0008
‎raise nels!‏ مسابقة . مباراة» ‎race‏
‎raise vu, 885‏ عنصرية 18618017"	word-to-word-bilingual-dictionary
155	"5 reading
raisin 1 css ratn,ls
rake naasall fate nao jaw
rally nga rather ‏بالأحرى :0ه‎
fam ‏كبش‎ ratification ‏إقراره‎
‎ram ab ratify vole ‏يصدّق‎
‎ramification ‏نب‎ ratio nas
ramp ‏انحدارة‎ ation s ‏حصص‎
‎rampage ‏ثور‎ ration 1 a.
rampant a5 ‏متفش‎ rational ‏4ه‎ Jpaza
ramson «a0 rationalize ‏يسو‎
‎ranch 16,5 ‏مزرعة‎ rattle vgasas
rancor 7 ‏ضغينة‎ ravage al
randomly co Lis cae: ravage 0 ‏خرات‎
‎range no rave ‏يهذي‎
‎rank rao ‏مرتبة,‎ raven 0 ‏غراب أسود‎
rank ‏المسيل »12008 رتب‎
ransack 2 ‏يفش بتدقيق‎ raw ads
rape yaaa ray nelads
rape 1 ‏28د اغتصاب‎ voit E
rapid of ‏سريع‎ razor 1 ‏موسى الحلافة‎
rapist 1 ‏مغتصب‎ reach ely
rapport ‏علافة‎ reach nlx
rare ad ,3U react ‏يؤر‎
‎rarely a sl reaction 1 ‏رد فعل‎
rascal 1125 read Lo
rash ‏اقتلع ب‎ reader nis, lal
rash ‏جلدى؟‎ cabs readiness ‏استعداد؟‎
‎raspberry 1 ‏فراولة‎ reading 15:13"	word-to-word-bilingual-dictionary
156	"ready =
ready sq satan rebuke 1 ‏توبيخ‎
‎real ‏به‎ rans rebut ‏دقع بالحجة‎
realism ١ ‏الواقعيّة‎ recall ‏استرداد؛‎
‎reality ‏يسترة 1802087 حقيقة:‎
realize ‏يدرك ؛‎ recap as)
really so ‏في الواقع‎ recapture ‏يستردّ»‎
‎realm aslo recede ‏تفهقر ا‎
realty asl receipt ‏استلامرة‎
‎reap vio receive ‏تسلما‎
‎reappear ‏بداء‎ recent ag ‏حديث‎
‎rear vss reception 0 ‏الاستقبال‎
‎rear 16,550 receptive uf nia
fear og ol recess ‏ارتدادم‎
‎reason Sa, recession ‏ارتدادم‎
‎reason 1 ‏صواب‎ recharge va lal ‏شحن‎
‎reasonable xs ‏معقول‎ recipe rans
reasoning 1 ‏استنتاج‎ reciprocal ag ‏ادلي‎
‎reassure volab. recital » ‏تلاوة‎

‎reste ysl‏ نما لاج
‎reckless as uilb‏ يتمد ‎rebel‏
‎rebel 550i reckon pus‏
اعتمدة ‎rebellion 5,5 reckon on‏
‎reclaim val;‏ نهضة ‎rebirth‏
‏بجني ‎recline‏ برد ‎rebound‏
‏الناسك » ‎rebuff v5 recluse‏
‎rebuff rio 1660901800 1 sue‏
‎recognize sins‏ أعاد بناء؟ ‎rebuild‏
‏يدك ‎recollect‏ ويخ ؟ ‎rebuke‏"	word-to-word-bilingual-dictionary
157	"8 refinery.
recollection 1 $5; recur » ‏يعاود‎
‎recommend ‏أمرّه إلى ؛‎ Joga | recurrence ‏تكرار»‎
‎recompense «sls, recycle ‏أعاد تصنيع»‎
recompense 1 ‏مكافأة‎ red sd yo!
reconcile ‏أصلح ذات الببن»‎ red tape 1 ‏روتين‎
‎reconsider ‏أعاد البحث»‎ redden ax
reconstruct vel! ‏أعاد‎ redeem sia
record y ‏يسجّل‎ , sa redemption n ‏افتداء‎
‎record nas , ‏تسجيل‎ red-hot sq ‏ملتهب‎
‎recorder n ‏المسجّل‎ redo vo ‏قام ثانية‎
recording ‏تسجيل؟‎ redouble acta
recount ns, redress olay
1860000 510 reduce «ald
recourse vss redundant ag ‏فائض‎
‎recourse ‏التجاء‎ reed 1 ‏خَيْزرَلَة‎
‎recover y ‏إستعاد‎ reef ng load al
recovery ‏استرداد‎ reel na. 6,5
recreate v jusl; reelect v Ula] ‏أعاد‎
‎focreation plas! reonctment os ‏تشرع‎
‎recruit lx reentry rll] ‏استرداد‎
‎recruit xe refer tos uu ‏يحكم‎
‎recruitment 1 sux referee ( aS>
rectangle ‏المستطيل؟‎ reference 13a
rectangular ‏مستطيلي 4ه‎ referendum ‏مذكّرة‎
‎rectify vores refill ats ‏يملأ‎
‎rector ‏عميد7‎ refinance s ali ‏يمول‎
‎rectum 1, refine ‏يك‎

recuperate ‏يعوّض‎ refinery rolass"	word-to-word-bilingual-dictionary
158	"0 مام
النظامره ‎regime‏ ينعكس ‎reflects‏
‎regiment 1 i>‏ انعكاس + ‎reflection‏
‏منطفة 0 ‎region‏ انعكاسيٌ ‎reflexive a‏
إقليمي ‎regional ag‏ يعدّل 0 186007
يسجّل؛ ‎register‏ إصلاح ‎reform n‏
تسجيل؟ ‎refrain + as; Wl registration‏
يأسف :189:86 ‎refresh v jusis‏
‎cil‏ 109:80 منعش ‎nf‏ 106050109
‎jules! regrettable ag wise‏ 186860018016
النظاميّة ‎regularity n‏ يبدا ‎refrigerate‏
‎regularly a olla‏ زود ‎refuel‏
‎regulate abu‏ متجأه ‎refuge‏
‎refugee ; WI regulation psn‏
‎rehabilitate v alas‏ أعاد مالا؛ ‎refund‏
‎rehearsal ae>1,0‏ إعادة ‎refund JLo‏
يدرب ؟ ‎rehearse‏ رمم ‎refurbish‏
‎refusal » jas, reign v pS‏
كم ‎reign‏ برض ‎rouse‏

3 refuso nla; reimburse « ‏عوض‎
‎refute via; rein ‏يكبج‎
‎regain 3c rein noe
regal =i ‏فخم‎ reindeer 1 ‏اله‎
‎regard ‏يحترم»‎ reinforce 2 ‏يفوي‎
‎regarding pes ‏في ما يتصل‎ reiterate 1,5,
regardless ‏مهما يكن بد‎ reject va,
regards wl rejection 1 a3,
regeneration 1 ya rejoice ‏نوج‎
‎regent all os rejoin vl ‏ينضم‎"	word-to-word-bilingual-dictionary
159	"1 remunerate
rejuvenate > reluctantly sao, ‏على‎
‎relapse 1 ‏انتكاس‎ rely ony ‏أعتمد على‎
related ‏متعلق 4ه‎ remain v sas
relationship ‏علاقة م‎ remainder ‏بقيّة‎
‎relative si ‏موصول‎ remaining ‏متبق 1ه‎
relative ‏القريب؟‎ remains nla,
relax ‏يسترخي؟‎ remake val gio
relax ‏استرخاء‎ remark vas
relaxing ‏مسترخ وه‎ remark ‏ملاحظة0‎
‎relay vos remarkable ‏جدير بالملاحظة 4ه‎
release v sl; remarry vib eax
relegate ‏تتفي‎ remedy alles
relent 13, remedy nce
relentless ‏قاس 1م‎ remember v5;
relevant sg ‏مناسب‎ remembrance 1 ‏ذكرى‎
‎reliable a ‏موتوف‎ remind 1,33;
reliance ١ ‏تعويل‎ reminder nS sal
relic nS remission ; ules
relief nos remit 5
relieve yams , 3 remittance rel] ‏به‎
‎religion ‏دنه‎ remnant ‏بقيّة‎
‎religious ss > remodel ‏صاغ من جديد ؛‎
relinquish ‏تخلى ب‎ remorse 1 alas
relish ‏يستمتع»‎ remorseful of i> ‏نادم‎
‎relive ‏يحياء‎ remote x ‏من بعد‎
relocate ‏رحبل ؛‎ removal ‏انتقال ؟‎
relocation 1 ‏ترحيل‎ remove Ja
reluctant xf satis remunerate v ‏عوض‎"	word-to-word-bilingual-dictionary
160	"renew ®

ا ام 51% ‎renew‏

renewal ra report v1, ‏يقدّم‎

renounce sls report ‏تقرير‎

renovate va reportedly a ‏كما يعتقد‎

renovation n<l>| reporter i all

renowned a ‏مشهور‎ repose ‏استراج؟‎

1804 ‏يؤر‎ repose 1 a>,

rent ind topresenty ‏يمثّل‎

كبح ‎repress‏ أعاد تنظيم؛ ‎reorganize‏

repair ‏يُملِح‎ repression 0 ‏كبح‎

reparation n ‏إصلاح‎ reprieve ‏إرجاءة‎

يعيد الطبع :280004 | شخص معاد ‎fepatiate yaubs)‏

repay vis, reprint asl ‏طبعة‎

repayment reno reprisal ‏انتقام»‎

1608 ‏يلغي‎ reproach ssl

repeal ‏إلغاء‎ reproach es)

repeat iS, reproduce saul ‏أنتج‎

repel 110 reproduction ‏إنتاج‎
‏ات رج‎ reptile ras

repentance 0 ass republic naspa

repetition 1,1, repudiate ‏تبرأ»‎

replace ‏يستبدل»‎ repugnant 54 ‏بغبض‎

18026608017 ‏تبديل‎ repulse vo

replay nestes repulse rio

replenish , ‏يستكمل‎ repulsive ad Jase . ‏كريه‎

replete x pxia reputation + azo

علي ما يقال 9ه ‎reputedly‏ طوى » ‎replicate‏

reply von request, JL"	word-to-word-bilingual-dictionary
161	"17 resurrection
request 1 ‏سؤال‎ respect in
require ‏بتطلّب؛‎ respect ‏احترامر7‎
‎requirement ; ‏مَطلب‎ respectful ‏متسم بالاحترامرقة‎
rescue ‏ا‎ ia respective ‏4ه‎ sas
rescue sla respiration ud
research , ‏ببحث‎ respite rel]
research cu respond s ‏يجيب‎
‎resemblance n ‏تشابه‎ response 1 ‏إجابة‎
‎resemble ‏شابه؛‎ responsibilty ‏مسؤوليّة‎
‎resent liu responsible ‏مسؤول 4ه‎
resentment ‏امستجيب نه 0850005008 استياء‎
reservation 1 33> rest ‏يرقد‎
‎reserve va rest ‏توم‎
‎reservoir 7 ‏حجرة التواليت 188470007 حزان‎
reside sl restaurant 1 pba
residence 1 ‏إقامة‎ restful = 2s
residue ous, restitution 1¢.|
resign ‏استقال؟‎ restless xi 0
resignation alas Ll restoration 0 ‏إرجاع‎ 0
resilient x3, restore vas
resist ‏يقاوم‎ restrain ١ ‏يكن‎
‎resistance + ‏مقاومة‎ restraint; ‏كنم‎
‎resolute stan 088016 pam
resolution ‏نتيجة 08800110 حل‎
resolve v J resume ‏أوجز؛‎
‎resort sx resumption 1 ‏استتناف‎
‎resounding = 53. resurface ‏يظهر على السطح ؟‎
resource ‏مود‎ resurrection cua"	word-to-word-bilingual-dictionary
162	"resuscitate LC

vesusoitale » ‏يتش‎ F——

إعادة نظر , مراجعة ؛ ‎review‏ يحتفظ ب ‎retain‏

retaliate v, ly review na, ‏إعادة نظر‎

retaliation ‏ثأره‎ revise vg>1,

retarded = 392 revision n ‏تنقيح‎

retention ‏احتفاظ»‎ revive ‏ينتعش‎

بلغي؛ ‎revoke‏ ينسحب , بتقاعده ‎etre‏

retirement sacl , ‏انسحاب‎ | revolt sn

retract ‏يَسْحَب‎ revolt 15,5

1608966 ‏ينسحب‎ revolting a i

يفكّر في ؛ ‎revolve‏ انسحاب , تراجع ‎retreat‏

retrieval ‏استرداد»‎ revolver v uw

retrieve ‏استعاد؛‎ 16008 1 Goto ‏عمل‎

retroactive ‏4ه‎ ae, revulsion ries

Tetum ssa reward sols,

Tetum 0 ‏عودة‎ reward ‏مكافأة؟‎

reunion ng Lacs! rewarding ‏مكافئ 4ه‎

reveal ‏إفشاء؟‎ rheumatism ‏الروماتزمره‎
‎Rr] revealing og ‏موح‎ rhinoceros n 533,51

revel ‏استمتع»‎ thyme rg

revelation n.s5 rhythm ‏التناغمرة‎

revenge ‏يتأره‎ fibrglo

revenge nl ribbon n ‏وشاح‎

revenue ‏ربج م‎ fice 5;

reverence 1. ‏تبجيل‎ rich af nut

reversal nail rid of iron ‏يتخلص‎

reverse pus riddle naan!

reversible sg usa ride i ‏يركب . يمتطي‎"	word-to-word-bilingual-dictionary
163	"5 rooster
ridge ns ‏سلسلة‎ tite puis
ridicule ‏سخر من ؟‎ val ‏المنافس؟‎
‎808/6016 ‏سخرية‎ fivalry ‏تناس ؟‎
ridiculous sg ‏سخيف‎ river 785
rifle ‏بندقيةم‎ rivet ‏لفت الانتباة»‎ , psp
tiftngio 000009 sd ‏برشمة‎
‎ight a andl ‏الي‎ road n ‏طريق‎
‎right og oul , ‏قويم‎ roam vob
right n ‏يمين‎ roar ‏هدر‎
‎rigid of culo roar 1 sa
igor nals roasts ‏بشوي‎
‎rim asl roast 1 ‏مشوي‎
‎ring iv Ss rob vis
ring neh ‏حلفة.‎ robber » ‏لص‎
‎ringleader ras ‏زعيم‎ robbery r ‏لصوصيّة‎
‎rinse s abs i robe ri
804: ‏شاغب‎ robust ‏وي به‎
015 ‏شب‎ Tock ‏صخر‎
‎rip vali rocket 0 ‏صاروخ‎
‎pte He 53
80808 els Tod ‏قضيب؟‎
‎1108 sa ‏بائع‎ rodent ‏القارض‎
‎ripen val roll v 2,53
ripple ‏تمق‎ romance 0 ‏الرومانسية‎
‎rise esl roof aii
risk ‏حجرة , غرفة 10006 خاطرة‎
risk 8 ble FOOMY 4 Basin
risky sg us rooster 1s"	word-to-word-bilingual-dictionary
164	"م

root 71> rude sg plo

rope ‏خَبْل‎ rudeness 1 ‏خشونة‎

rosary n axils rudimentary a sl

rose js ug ska

يخرب طلم ‎Sis‏ 4ه ‎rosy‏

Tot ‏تعفن‎ nin 0 ‏خراب‎

يحكم؛ ‎ule‏ تعفن 0040

Totate ‏يدور‎ ule aS

rotation nulss ruler ‏الحاكم , المسطّره‎

Totten ‏تين 4ه‎ rum

Tough 4 ‏خسن‎ rumble ‏يدقدم:‎

دقدمة م ‎Tumble‏ مستدير4ة ‎round‏

roundup 1 Jas ga rumor 0 ‏إشاعة‎

rouse vi ‏صلم‎ sae

rousing a ‏مثير‎ un away va

route n ALL fun into ‏يمطدم ب‎

routine n us.Jl un out v ‏ينتهي‎

Tow ‏يتشاجره‎ run over al ‏تجاوز‎
‎my ‏حت‎ 000 Up ‏يرتفع ؟‎

1000 ‏مشاكس 4ه‎ runner eliall

royal 24 sla runway » sb

royalty » sLall rupture 1

أصاب بالفتق ؟ ‎rupture‏ بحت ب طلم

rubber ‏مطاطه‎ rural sg ‏ريغي‎

rubbish rule) ruse nazis

rubble rus rush ‏يتدفع‎

ruby nosy Russia Lows,

rudder 1235 Russian ag ‏روسي‎"	word-to-word-bilingual-dictionary
165	"i sandpaper

rust vis safety 1 ‏أمن‎
‏صاب اقلم‎ sail y=
TUStic ag nas, sail nels
rust-proof ss ‏صدأ‎ sa sailboat n ‏مركب شراعي‎
rusty uf Sao sailor nl
ruthless a ‏قاس‎ saint puis
rye sat salad nabs

salary rl,

salengl

sale slip nclyill ‏قسيمة‎

salesman |
5 cava ol

salmon r usal
sabotage v3 saloon r usllo
sabotage nu, saltnale
58067 Spa ‏فصل,‎ salty ‏وه‎ lle
Sack nag ‏كيس,‎ salvage as
sacrament 1 ‏سر مقدس‎ salvation rsa]
sacred ag ‏مكرّس‎ same «alc
sacrilege 1 ‏تدنيس المقدسات‎ sanctify v wie
sad ui ‏جز‎ sanction ‏يقرا‎
‎sadden vu, sanction 11,3]
saddle ‏سرع‎ sanctity nals
sadist 1 Solu sanctuary p>
sadness ou; 5808 0 Ja,
safe 1 ‏أمن‎ sandal 1 a=
‘safeguard 0 ‏حرس‎ sandpaper 0 ‏ورق الرّحاج‎"	word-to-word-bilingual-dictionary
166	"sandwich 0

sandwich 1 ‏اسندويتش‎ 580 sis
sane a ‏سليم العقل‎ say ‏يقوك ا‎
sanity 0 ‏سلامة العقل‎ saying 1 ss
3p ‏نسو‎ scald ‏يُخْرف بار‎
sap ‏أضعف»‎ scale vos
Saphire ‏سيره‎ scale raha, , ‏الميزان‎ 45
Sarcasm n ax scalp 0 ‏الرأس‎ 69,8
sarcastic ad Sal scam» ‏تذجيل‎
‎sardine 1 ‏السّردين‎ SCN vad ‏يفحص‎
‎satanic x ‏إبليسي‎ scandal 1 axa
satelite ‏صناعيّ»‎ od. ‘scapegoat 1 ‏كبش الغداء‎
satire <a sear nol
satisfaction 1 Lui scarce a ul
satisfactory ‏مُرْض 1د‎ scarcely 7: ‏تادراً‎
‎satisfy ‏شيع‎ scarcity 7 ‏نُدرة‎
‎saturate ‏ب‎ gli scare veh
Saturday ; ‏السبت‎ scare jes
sauce aalall scare away vg,
saucepan » ‏الكَفْت‎ scarf nea)

3 5810081 ‏المُّحَبْفَةَ‎ scary a ‏مروّع‎
‎sausage; sal scatter ia;
savage ‏4ه‎ ussio 56003060 ‏السيناريوه‎
‎5818960, ‏وحشيّة‎ SOME 1 ‏مشهد مسرحي‎
pol . ‏جهاز المسرخ 80008077 ينغ‎
savings ‏المذّخَرم‎ scant ax,
savior ala sceptic sq ‏إلى الشّك‎ eli
5810050 caus schedule 2,3)
SAW wily schedule 1 aails , ‏جدول‎"	word-to-word-bilingual-dictionary
167	"8 seamless
scheme 0 ‏برنامج‎ scrape vai;
schism pLusssl scratch uss
scholar ‏تلميذه‎ soratch 1 i>
scholarship 1 ‏منحة تعليمية‎ scream sc,
860001 ‏صرخة 5018907 مدرسة‎
science ale. screech va
scientific 4 ale screen dls, ‏حاجز‎
‎Scientist ‏العام‎ Screen vi, ‏يحجب‎
‎56155015 1 aio screw ‏يلوي ؛‎ , Lg) ‏يدير‎
‎scoff vise screw ns)
scold vals, screwdriver 1 ds
scolding «sus: scribble v ju,
scooter 1a ‏مخطوطة المسرحيّة 560017 دراجة‎
scope ‏مَجَاله‎ scroll nz, Jil
scorch gas scrub ‏يفرك»‎
‎56088 1 ug ais scruples nla
score ‏يسجّل إصابة؛‎ scrupulous ‏شك وه‎
500007 ‏يزدري‎ scrutiny ‏تحص‎
‎scomful 14x scuffle ‏بتشاجره‎
‎scorpion sae sculptor ola 1
56000008: ‏الوَغْد‎ sculpture ‏؟‎ cdl ‏فنّ‎
‎SCOUT ‏طاف بالمكان مسرعا:‎ sean
scourge nbs. seagull russ
560004: ‏الكشافة‎ seal au
scramble ‏يخلط»‎ seal pis . ‏عَهْد‎
‎scrambled ‏مخلوطوه‎ seal off
scrap naslad seam 1335
56:88 ‏يهجر»‎ seamless ai pula ‏غير‎"	word-to-word-bilingual-dictionary
168	"seamstress 5

seamstress rab seduce 13

search ues seduction r¢lse]

search nuts see vas

seashore ‏شاطئ البحره‎ seed 16,50

seasick ‏بدُوار البجر 4د‎ Olas seedless sd, ‏بدو‎

seaside ‏ساجلي4:‎ seedy ud | ‏كثير‎

season 0 Jas seek ve ‏يبحث‎

seasonal aj ‏موسمي‎ seem ‏يبدوا‎

seasoning » ‏التابل‎ segment; ‏قطعة‎

seat namin segregate s Ja

seated a ‏جالس‎ segregation 1 Jad

يستولي على » ‎seize‏ إنشق على ؛ ‎secede‏

secluded x ‏متعزل‎ seizure ‏استيلاء»‎

seclusion ‏عَزْل‎ seldom 0 ‏نادراً:‎

second 0 ‏الثاني‎ select lin

secondary ‏4ه‎ Sail selection ‏اختبار»‎

secrecy np self-concious a4 ‏خجول‎

secret 15 self-esteem ‏احترام الذات‎

secretary ‏اسكرتيرة‎ self-evident a5 ‏يدهي‎
‎e] secretly ‏سر‎ selfish ag ull

8667 ‏شيعة‎ selfishness ‏؟‎ abl

section 1ghis self-respect 1 ‏احترام النفس‎

sector nell sel vga

secure yu seller 1a, asl

باع كل ما يملك ‎sellout‏ مصون 4: ‎secure‏

security ١ ‏شكل 560012006 أمن‎

sedate ‏يسكن (الالام؛‎ semester 1 au is

sedation 1 ‏تسكين‎ seminary rss;"	word-to-word-bilingual-dictionary
169	"5 seventeen
5609467 ‏مجلس الشبوخ‎ sergeant nus,
senator glows series ‏سلسلة‎
‎send 0 ‏يقذف‎ serious ad ‏خطير‎ , Siz
sender» ‏مُرْسِل‎ seriousness nb,shs , Wiz
senile uf ‏موعظة 0 500000 شيخوخيٌ‎
senior aq ‏أرشد‎ serpent 1 ssl
‘seniority 0 ‏الأرشدية‎ 5600010 Jaall
sensation 1 ux servant 1psl>
sense sua 580/8 ‏بَخُدِم. يتفع»‎
sense 0 ‏معنى , حاسّة‎ service rasa
senseless ‏عليه 4ه‎ (sian service v ‏قام بصبانته‎
sensible ‏مُدرك به‎ session ‏جلسةم‎
‎sensitive sg uli set roll
sensual sd ou sets;
sentence ‏بحكم على ؛‎ set about dela ‏ينشر‎
‎sentence 0 ‏بعقوية , جملة‎ AS> | 58408 ‏حدد»‎ gay
5600018010 ‏يشرع في 58000010 عاطفة‎
sentimental ss able setup ional
sentry 1 ‏حارس‎ setback r aac
separate Jas, setting ‏وض‎
‎separate ‏متعزل 4ه‎ settle aby, B
separation 1 ‏فَصْل‎ settle down 1a
September oi settle for es!
sequel 0 ‏نتيجة‎ settlement 1 oss
sequence nul settler 1, bg ual]
serenade 0 =) setup 0 ‏قامة , قيافة‎
serene oq ‏هادئ‎ Seven ui gous
serenity 12315 Seventeen ‏سبع عشرة 4ه‎"	word-to-word-bilingual-dictionary
170	"seventh 1

seventh as ‏سابع‎ ‘shameless ai jo
seventy 54 ‏سبعون‎ shape esas

sever ‏يَفْصِل‎ shape ‏م‎ Js
several sg ‏منفصل‎ share ‏شاطره‎
‎severance 1 Jas share | oi , aa
severe uj ‏صارم , قاس‎ shareholder ‏المساهم»‎
‎severlty n ‏صرامة‎ shark n usall

sew hss sharp ‏عاض , قاطع 4ه‎
sewage 0 ‏مياه البوالع‎ sharpen ‏شحذه‎
‎sewer 0 ‏بالوعة‎ sharpener 1 ‏مِنْرَاة‎
‎sewing 1 ‏خياطة‎ shatter vob

S01 pun] shattering ‏ساحق 4ه‎
sexuality aula shave has;
shabby x45, ‏هي 0م586‎

shack ess shear i
shackle; ‏عل‎ shed is.)

shade rab, ‏ظليل‎ sheep 1 sg,
shadow » Jb sheets 1 ‏الملاءة‎
‎shady og ‏ظليل‎ shelf 5;

‎shell 12915‏ بنرا ‎shake‏ ل
‎shellfish all‏ مخلوط )0 3« ‎shaken‏
‏يترا ‎shelter‏ متزعزع ‎shaky ss‏
مُلتَجَا ‎shelter‏ صَخْل وه ‎shallow‏
‎sham nai; shelves 15;‏
‎shepherd n scl, JI‏ مَجْرَز ‎shambles‏
‎sherry 1 6,a5‏ يُحجّل / ‎shame‏
‏يستره ‎shame 1 Js shield‏
‎shield 1 ui‏ مُخْجل 4 ‎shameful‏"	word-to-word-bilingual-dictionary
171	"8 shriek
shift ‏فريق مناوية‎ shortcoming 1 ‏عيب‎
‎shift ‏يبدل , يحول‎ shortcut ‏إختصار»‎
‎shine yal shorten 1s,
shiny sq ‏لامع‎ shorthand ‏اختزالم‎
‎Ship 1 ‏سفينة‎ shortived ‏قصير الاجل وه‎
shipment aud shortly ao Las
shipwreck 1 ‏سفينة غارقة‎ shorts 1.8 ‏سروال‎
‎shirk ‏يتجتب‎ shortsighted russ
shirt ‏إطلاق نار , لقطة 5/0010 قميص‎
shiver ‏برتعش‎ Shotgun 0 ‏تتدقية رش‎
shiver és, shoulder as
shock vases shout ou
50067 ‏صَدمة‎ shout ‏اصحة‎
‎shocking «4 abs shouting r ao
shoddy a cuss, shove vas
shoe reli shove rss
shoelace nsliall ‏رياط‎ shovel nas,0
shoepolish 1 ‏خجول‎ Show ‏عرض‎
‎shoestore ‏متجر أحذية ؛‎ show off 2 ‏يَتبَاَى‎
‎500041 ‏أطلق , قذف‎ show up 10>
shoot down ‏تُطلِق‎ ‘showdown » ‏المكاشفة‎ B
shop 1 Sgt shower 1 ius
shop 1,32 shrapnel; Libs
shoplifting + ‏سرق السلع‎ shred v 33a
Shopping rs shred ‏خرقة‎
‎shore ‏شاطئ‎ shrewd sg ‏قارس‎

short ag ‏قصير , ناقص‎ shriek ‏ب‎ 2.0
shortage 1 ass shriek rao"	word-to-word-bilingual-dictionary
172	"shrimp iL
shrimp 7 ull siege vol
shrine r plas siftv Jas
shrink i ‏انكمش‎ sigh 365
shroud a3 sigh aps
shrouded = sx wus sight » plas
shrub 6x sightseeing ‏زار معالم»‎
shrug ‏كتقيه»‎ a Sign ‏يسم‎
‎shudder ‏رغد‎ sign roca, ‏إشارة‎
‎shudder 9 ‏يرتعد‎ signal 0 ‏إشارة‎
‎‘shuffle «bil ‘signature Lia]
Shun vio significance ‏دلالة م‎
shuts sla; significant ‏ذو معنى‎
‘shutoff ‏أوقف؛‎ signify v sisi
shut up v Sas silence ‏هده‎
‎shuttle  Lsass dis ‏يتحرّك‎ silence ‏أسكت؛‎
‎shy of ol silent ag ‏صامت‎
‎shyness 71 silhouette n aisLiuell
sick sd ‏مريض‎ silk p>
sicken saa; silly 4 ‏أبله‎
‎sickening of a silver nas

مطلى بالفضة وه 20000150 له
‎gilo‏ الفضَّة 1 ‎sickness 1 0,0 silversmith‏
متشابه وه ‎side nul similar‏
‎similarity Lic‏ سالف الشعره ‎sidebums‏
‏يغلي برفق 2 ‎simmer‏ تحرك بخفة؟ ‎sidestep‏
‎sidewalk 1 ao, simple x bes‏
‎simplicity nabs‏ من ‎ial‏ :3ه ‎sideways‏
‎Simplify vba‏ حصاره ‎siege‏"	word-to-word-bilingual-dictionary
173	"ملاو 0

Simply ‏شقيقة 5191020 بنساطة م‎
simulate alls Siti ‏خلس‎
‎simultaneous 1 ‏متزامن‎ site ١ ‏موقع‎

sin vail sitting ‏جلوس؟‎

sino pif situated of ‏واقع‎
‎since col Lay situation r ‏موقع‎
‎since po suo Six sg ain

since then sa ‏من قبل‎ Sixteen sd pias ‏سنّة‎
‎sincere sf ‏مخلص‎ Sixth ‏السادس 4ه‎
sincerity 0 ‏إخلاص‎ Sixty ad ‏ستون‎

sinful ‏مذتب 4ه‎ sizable 4 ‏كبير‎
‎sing 8 ‏يغنى‎ size pas

singer 1 2a size up vos
single 13, skate vols

single ‏أعزب . متفردلاة‎ skate 1 ale
singlehanded ‏فردى 4ه‎ skeleton 1,J5.a
singleminded uj ale ‘skeptic ‏الشكوكي 4ه‎
singular ad 350 sketch «pw,
sinister 0 ‏كارثة‎ sketch nabs

Sink ves sketchy ‏تخطيطى 4ه‎ ِ
sink in vse sivas

sinner ‏الثم‎ Kill ‏مهارة:‎

SIP via skillful ‏بارغ ته‎

sip rans, skim oui;

Sif Sac skin val

siren ‏صفارة الإنذارم‎ skin al

sirloin 1 p=) ‏قطعة‎ Skinny af ‏جلدي‎
‎sissy ad ‏مخنث‎ Kip 1 abs"	word-to-word-bilingual-dictionary
174	"skip i

skip nas sleeveless x ‏بلا أكما‎
skimish » ‏مناوشة‎ sleigh ‏الجليد‎ 2.53
Skirt 10,50 slender ag Jus
skull paazas slice ‏قطع الى شرائخ؛‎
‏السّماء :لقا‎ slice napa
skylight siall slide ‏ينزلق‎
‎skyscraper ‏ناطحة سحاب7‎ slightly so i> ‏إلى‎
‎slab ‏لوخ‎ Slim 4 ‏مفشوق, نجيل‎
slack aq g>, ship ‏ينزلق؛‎
‎slacken vos slip nal; , ‏اتسلال‎
‎slacks 1 ‏ينطلوت واسع‎ slipper 1 a>
slam vas ‏غلق‎ slippery «1 5
slander nc. slit iu
slanted sg ‏منحرف‎ slob ‏قذروه‎
‎slap rasan slogan 1 le
slap vga; slope iis
slash nb, sloppy ‏مُوْجِل وه‎
slash vb us slot 35.151
slate ‏الاردوارة‎ Slow ‏4د‎ scab

S| slaughter , ‏يذبخ‎ slow down v¢ ull Jaa
slaughter axis slow motion nas, ‏بطىء‎
‎slave ‏العبدة‎ slowly sacha
slavery ‏استعبادة‎ sluggish ‏كسول وه‎
slay ‏ذيخ»‎ slum 0 ‏حي الفقراء‎
sleazy os ‏مهلهل‎ Slump ‏هبط‎
‎sleep ‏ينام‎ Sump ‏هبوط‎
‎sleep ‏توم‎ Slur ye ‏يتفاضى‎
‎sleeve ‏كم‎ sly ag Slo."	word-to-word-bilingual-dictionary
175	"mn socialize

smack 1 palo ‘snatch ¢ ‏امسك‎
‎smack ‏يتلمّظ‎ sneak « Jus

small ‏صغي رةه‎ 50866 pubis

small 00108 ‏فقرة صغيرة‎ sneeze abe

smallpox ‏را‎ sniff ‏يتنشق؟‎

smart 4 ‏واخر‎ 50108207 ols

smash abu snitch ‏ثم‎

smear saab) snooze vss

smear vos , abl snore she

smell vp. snore ‏غطيط»‎

تلجت :5000 ذو رائحة ‎smelly os‏

simile ‏ييتسم‎ snow ‏تلح‎

smile ‏ابتسامة‎ snowfall pli ‏تساقط‎
‎smith r ‏الصائغ‎ snowflake » oll 535
smoke > snub 25

‘smoked x ‏مدخن‎ snub ‏رَخْره‎

smoker 15a ‏يفَو اهمو‎

smoking gun abs ‏فى 8096107 دليل‎ gas

smooth ‏يملس‎ soak up ass!

smooth si ‏أملس‎ soar i ‏يحلّق‎

smoothly ad asses sob «aids 5
smoothness 7 ‏تعومة‎ sob ngs

smother 1 5. sober 51 uss

smuggler 0 ‏المهرب‎ so-called ‏المزعومة:‎

snail nog, sociable ‏اجتماعيٌ النزعة 4ه‎
snake a> Socialism » ‏الاشتراكيّة‎
‎snare Ls ‏نصب‎ Socialist af ‏اشتراكي‎
‎snarendoh itera"	word-to-word-bilingual-dictionary
176	"society 1

society nian solution » >

sock ng Sull solve Ju

sod 120 solvent sq clase

5008 ‏الصوداء‎ somber od pasa

sofa nas, Some a ‏بعض‎

soft af ze somebody pa La ‏شخص‎

soften ‏يلين‎ ‘someday oi Log,

softly ao als Somehow La ‏بطريقة‎

softness 0 ‏نعومة‎ someone ‏مادم‎ az

شيءٌ مادم ‎if S30 ‘something‏ لا5099

soil ysl ‘sometimes aay ‏أحيانا‎

soil nash) someway alo ‏بطَريقةٍ‎

soiled ag ‏مدنس‎ ‘somewhat sa Lo > ‏إلى‎

solace nels son ol

solar ag ‏شَمْسِي‎ song relic

solder y sal; son-in-law r ,p.all

Soldier sa. 500 0 Luss

sold-out ‏4ه‎ acl soothe css)

sole ‏أخمص القدمره‎ sorcerer ‏الساحره‎
‎- sole vf og Sorcery ‏سخْره‎

solely a 01s sore nz8

solemn ‏جليل وه‎ sore sd also

solicit unl 80800 nus

solid ag azo sorrowful ad ‏حَزين‎

solidarity 1 ‏تضامن‎ sory ss anl

solitary a Jims sort ness

solitude risa sortout ve

soluble sg ‏ذواب‎ Soul 1 puis"	word-to-word-bilingual-dictionary
177	"ns speech

sound ros. spanking n ‏رشيق‎

يصفح عن ‎spare‏ يصوت , ,35 ‎sound‏

sound out gs spare ‏احتياطي 7ه‎

Soup nel spare part lu ‏قطعة‎

SOUT 54 ‏حامض‎ sparingly ‏:اه‎ Ju

Source ‏م‎ gus 503017 ‏شرارة‎

South ‏الجنوب»‎ spark off v ‏أشعل‎
‎Southbound ‏متجه جنويا :0ه‎ spark plug ‏شمعة الإشعال‎
500869540 ll ‏الجنوب‎ sparkle ‏ضنيل ؛‎ Si

‘southern aq ‏جنوبي‎ Sparrow nsaasll

southerner ‏الجتوبي7‎ sparse sq ‏متفرّق‎

Southwest » ‏الجنوب الغربيّ‎ spasm cui

souvenir 1,153 speak ‏يتكلم»‎

Sovereign ‏مسيطرقة‎ speaker 2 ‏المتكلّم , الخطيب‎
sovereignty 1 ‏سيادة‎ spear nga,

soviet af ‏سوفياتي‎ spearheads ‏يتقدم كرأس حربة‎
sow vCal 5h special ‏خاص 4ه‎

SPA 6 sae ‏يتبوع‎ specialize : janx

Pace ‏فُسحة»‎ specialty 1 aot!

space out v5. species rai

spacious xf ‏رحب‎ specific od 5200 B
spade ross specimen rae

Spain n ti) speck nazi,

Span ‏شير‎ spectacle ‏مشهده‎

المُشاهِد 1 ‎‘spectator‏ شِيْرٌ . امتداده ‎span‏

يتأمّل ؛ ‎speculate‏ الأسياني0 ‎Spaniard‏

Spanish af lal speculation 1 Jb

spank gas speech rolls"	word-to-word-bilingual-dictionary
178	"speechless. m

speechless ‏أبكمردة‎ splendid ad pubac.
speed 6 ‏يُسْرع‎ ‘splendor acy,
speed rac, splint» ‏شريحة‎
‎speedily sc, ‏بسرعة‎ splinter ass
80860 ‏سريع وه‎ splinter abu
spell ‏يتهجّى‎ split reso. ‏شق‎
‎spell nad; split vs.

spelling 0 ‏تهجثة‎ SPplitup v Jas
spend i 34% spoil voila
spending ‏مصاريف م‎ Spoils ane
Sperm 1 ual sponge n aac
sphere n6X sponsor roll
‘spice r JL spontaneity » asgiall
Spicy gall Spontaneous of ssa.
Spider 1 ‏عتكبوت‎ SPOOKY if ‏شبحي‎
‎Spiderweb 1 ‏بيت العتكبوت‎ spool 1 Ce

Spill vas Spoon 1 ‏ملعَقَة‎

spill ras ‏لفافة‎ Spoonful s ‏مِلْء ملعقة‎
SPIN ‏تفرك . تنسح‎ sporadic sg ‏متقطّع‎
‎Spine ‏العمود الفقري»‎ sport ral,

RAR riers ‏لافقاري‎ sportman ‏الرياضى/‎
‎spinster aja) Sporty ag ‏رياضي‎
‎500057 ‏رجح‎ spot hi
spiritual ‏بد‎ os, Spot abi , ass
Spits ‏بصق‎ Spotless ‏نظيف 4ه‎
spite nal) spotlight n LAS cp
spiteful sg ‏حاقد‎ spouse 0 ‏الزوع‎
‎splash ‏التوى :00900 | رشش»‎"	word-to-word-bilingual-dictionary
179	"I stamp
sprawls aa! stability ‏استقراره‎
‎Spray voy stable og aims
Spread i bas ‏ينشر,‎ stable 1 Juhl
spring 8 ‏يتبثق , بطلع‎ stack ‏بكوم‎
‎50109 0 ‏ينبوع‎ , Bu ‘stack ‏كَوْمَة‎
‎‘springboard » sll agi staff 1 Lac
sprinkle 14 stage 14555
sprout ‏يط‎ stage ‏نظم خطف ؟‎
Spruce up iy ak stagger usar
we staggering ss Ly
800087 ‏ناتئ‎ at, ‏مهماز‎ stagnant 4 ‏راكد‎
‏يستطلع ؛ لام‎ stagnate ‏يَزْكّد؛‎
‏الجاسوس؟ لا58‎ stagnation 555,
squalid ‏كدرو‎ stain vais
‘squander v cia stain » anos
square a gis stair 1 alls
square 0 ‏الجانة‎ . gall staircase 1 ‏السَلّم‎ Ci
Squash v saw stairs ASL
squeak v5. stake ‏سنادة‎ 5
squeaky 4 ‏حاد‎ stake «ple
squeamish ‏سريع الغتبان و‎ | stile Jinn ‏ا‎
‎6009826 ‏يضغطء‎ stalemate» ‏مأرق‎
‎squeeze in xi stalks ‏يمشي بتشامخ‎
8009820 ‏إلا‎ hao stalk ‏ساق‎
‎squid ‏الحبَار‎ Stall ‏الجوادم‎ bua
80005814 ‏السنجات‎ stalls bla;
stab ‏يُطعن؛‎ stammer ‏يتمتم»‎
‎stab aa Stamp ‏يدوس»‎"	word-to-word-bilingual-dictionary
180	"stop
stamp n ‏مِسْحَفَة‎ state vl
stamp out ‏سك العملة‎ statement rus)
stampede 1 cla ‏فرازٌ‎ station 0 ‏مَوْقِف‎
‎stand 1١ ‏يقف‎ stationary a4 ‏ثابت‎
‎‘stand nado stationery 1 ‏المِرطاسِيّة‎
‎stand for , ‏يمثّل‎ statistic ‏إحصائى؟‎
‎stand out ‏يبرز‎ statue ra)
stand up vais status ralyio . 855
standard ral . ale statute 1 ‏تشريع‎
‎standardize ‏عاين, إختبر بمعبار»‎ | staunch ag say ‏لا‎
‎standing 7 ‏وفوف‎ stay vac
standpoint 1, ‏وجهة‎ stay raales
standstill sg ‏تجميدى‎ steady ‏ثابت , راسخ 4ه‎
staple ‏شبك‎ steak nnd ‏شريحة من‎
staple 165, steal ‏يتحذّر‎
‎stapler ‏م‎ aus stealthy ag ‏مُسْتَرَف‎
‎star ‏نحم‎ Steam nly
starch 0 ‏تشاء‎ steel ‏الفولاذه‎
‎starchy ag So. steep ‏شاهق زه‎

s | stare y 5a stem 1 lull Slo
stark sg Loa stem all ‏حجز‎
‎starts 1 stench ‏ثنانة‎
‎start aly step nash, a3
startle volxs ga, step down + JL
startled 4 £550 step out v2,
starvation 1 ‏جوع‎ step up us|
starve veo, stepbrother » ‏أ غير شقيق‎
state nas , ‏دولة‎ step-by-step ‏بالتدريج به‎"	word-to-word-bilingual-dictionary
181	"7 Storage
stepdaughter 0 ‏ربيبة‎ stimulate <2
stepfather « Vl zs; stimulus » aol!
stepladder » a.Ll sting ‏بسع‎
‎stepmother 0 ‏الأب‎ ass; sting naa , anal
stepsister rasa ‏أخت غير‎ | stinging ‏وه‎ ey
stepson ru, stingy 4 ‏شحيح‎
‎sterile ‏ذه‎ pac stink voi
sterilize / piss stink ‏تن‎
‎stem 1 ‏الكوئل‎ stinking ‏منتن 4ه‎
stem ui plo stipulate ‏يشترط‎
‎sternly acs ‏قوى كالفولاذ‎ Stir, ‏يحرّك‎
‎stow nai Stirup po
stewardess 1 ‏مضيفة‎ stitch 1,

50060 ‏يطعن‎ stitch 15,55

stick ‏غرز‎ stock «uses

stick around vss stock nogsall, ‏مواش‎
‎stick out 1 stocking r ‏جورب‎
‎stickto 1.) stockroom 7 ‏مخرن‎
‎500006: ‏لاصقة‎ stoic ‏له‎ ls,

sticky sc) stomach 0:2

tif a ‏منييّس‎ stone 12> B
stiffen v ut stone ‏يرجم»‎

stiffness 1 ‏صلابة‎ Stool ‏مقعده‎

stifle vial, ‏يخنق‎ Stop «wats!

stifling ‏خائق انه‎ stop aby

till a5 ‏ساكن‎ 5100 bY ‏بزور‎

still as diy ‏لا‎ stop over ass:
stimulant nail storage ‏مَخْرَن‎"	word-to-word-bilingual-dictionary
182	"store id

store ‏يخزن؟‎ strength nas

store russe strengthen « ssa;

نشيط 4ه 508010915 اللَقُلَق » ‎stork‏

storm nasole stress nsl>| , bio

stormy aq ‏عاصف‎ stressful ag ‏مرهق للأعصاب‎

story 149 , ‏حكاية‎ stretch sll

stove 1350 stretch sia

straight ss ‏مستقيم‎ stretcher ras ball

straighten out Sg. strict ug Lo

strain ‏ا‎ Li 50108 aswly ‏خطا بخطوة‎

strain 131g] strife nels

strained 54 ‏مرهق‎ strike 14,5

يذشب , ينطلق 500016 مصفاة 50800820

80317 5.0 strike back ‏انتم‎

stranded ‏محصو رةه‎ strike 004 voli ‏سدد‎

8000964 isl strike up ‏استهل؛‎

stranger 6 ‏القريب‎ striking 135

strangle + 51 string rolls bus

strap 1 bl, stringent os ‏صارمر‎
‎53 strategy / ‏الاستراتيجيّة‎ strip 0 ‏قطاع‎

straw 1 Gus strip rus

strawberry 1 1 stripe ‏ضرية‎

stray ss Jo striped ag ‏مخطّط‎

stray ‏؛‎ Joa strive ‏كافج‎

stream 7 ‏نهر , جدول‎ stroke 1 455

street 1 Lis stroll v ‏يتمشّى‎

streetcar ‏ترامواي‎ strong af gs

5886019000 ‏مضا الشارع‎ structure clu"	word-to-word-bilingual-dictionary
183	""" sudden
struggle ‏بكافج ؛‎ subscribe yi,
struggle cles subscription 0 ‏اكتتاب‎
‎stub ‏الشجرةه‎ Jus subsequent a3 52.
Stubbom aq ‏عنيد‎ subsidiary ug ‏مُساعِد‎
‎student » Ll subsidize sacs
Study vous subsidy nadle ‏إعانة‎
‎Stuff 1 asl subsists ‏يبقى‎
‎Stuff vgn substance ‏خلاصة ؟‎
stuffing ‏حَشْوَة‎ substandard a ‏دومعبارى‎
‎Stuy as 550 substantial ‏جوهري 4ه‎
stumble siz Substitute ‏يستبيل ؛‎
stun gs substitute ‏بديل م‎
stunning sd Jas subtitle 1 9 ‏عنوات‎
‎stupendous x Jas ‘subtle a ‏رقيق‎
‎Stupid ag ‏أحمق‎ subtract 2,
stupidity aslo subtraction » 2361
sturdy ‏فقوي 4د‎ ‘suburb ‏الضاحيةه‎
‎stutter ‏يتمتم؟‎ subway 1 5a
style 8 ‏أسلوب‎ succeed ‏تجح‎
‎subdue vga success 0 ‏نجاح‎

subdued x ‏مكبو‎ successful ug ‏تاجح‎
‎subject v uo) SUCCRSSOT 1 ‏وريث‎

subject ngs ope , ‏مسند‎ succulent a ‏عصاري‎

sublime pL succumb gan

submerge «sass such as ‏مثل‎

يمص 50060 خاضع 4ه ‎submissive‏

submit ‏إلى‎ abu: sucker ag olan

‘subpoena ‏مذكرة إحضار»‎ sudden ‏4ه‎ lx"	word-to-word-bilingual-dictionary
184	"suddenly =

suddenly so ‏فجأة‎ Sunday ‏الأحده‎
‎508 ‏بقاضي؛‎ sundown 7 ‏الغروب‎
‎suffer les sunglasses 1 alas 6,5
suffer from a ‏يعاني‎ sunken ‏مغمور 4د‎
suffering 1 allie SUNNY of an
sufficient «3 ‏كاف‎ sunrise ‏الشروق؟‎
‎suffocate n Sls! sunset ‏القروب‎
‎sugar, ‘superb ‏جليل 4ه‎
suggest vii superfluous = ails
suggestion cls 500080106 4 ‏متفوق‎
‎‘suggestive a ze superiority » gpl
suicide ‏انتحار»‎ 910060012084 nf ‏مَنْجَرٌ‎
‎suit pala] superpower 4 ‏القوى العظمى‎
suitable af ale supersede sala
suitcase nau ‏حقيبة‎ superstition ١ ‏خراقة‎
‎sullen si ‏متجهم‎ supervise ‏أشرف على ؛‎
sulphur 0 ‏الكبريت‎ supervision 0 ‏إشراف‎
‎5000 ‏مبلغ‎ supper 0 ‏العقشاء‎
‎SUM Up ‏قد بسرعة ؟‎ supple ‏مطواع 4ه‎

5 ‘summarize , wail supplier 33,0
Summary 1 5a supplies ‏مخزون؟‎
‎summer ‏الصيف0‎ SUpPlY v3,
summit 12355 support Jas
SUMMON + ‏استدعى‎ supporter » all,
501000005 os rv Suppose » ‏يعتقد‎
‎500 ‏الشمس7‎ SUPPOSING ‏إفرضء‎
‎505166160 ‏كريمة‎ 50000091808 na.
sunburn raza Suppress gas"	word-to-word-bilingual-dictionary
185	"or swelling
supremacy n ‏سيادة‎ suspense r 51 ‏تركب‎
‎Supreme ag ‏الأسمى‎ suspension 1 ‏تعطيل موقت‎
surcharge ‏م‎ Juss ‏عبء‎ suspicion roll
sure ai ‏وائق‎ Suspicious ‏مشبوة 4ه‎
surely ss ‏بثقة‎ sustain v slaw
Surf yas sustenance ross
surface nab swallow ‏ابتلع ؛‎
Surgersak Wer ‏مستنقع»‎
‎surgeon ١ ‏الجرّاح‎ swamped a ‏مغمور‎
‎surgical a ‏جراحيٌ‎ swan 1 all
Sven 5466 ‏بفايص‎
‎surpass ‏فاق؟‎ swap 0 ‏مقايضة‎
‎surplus 3 ‏الفائض‎ Swarm 1 5.31
surprise ‏يفاجئ»‎ sway » blocs
surprise 0 ‏مفاجأة‎ SWear puis
surrender ‏يُسلّم‎ sweat 3c
surrender ‏تَسْليمه‎ sweat 5,2
surround v 3b ‘sweater 1 ‏السترة المعرقة‎
surroundings hue Sweden 0 ‏السُويد‎
‎surveillance ‏مراقية ؟‎ Swedish ag ‏سويدى‎ -
survey 1 ‏فحص‎ Sweep i ‏يكنس‎
‎survival ‏البقاء»‎ sweet sq sL>
survive /U> ‏يبقى‎ sweeten ١ ‏يحلّي‎
‎SunivOr 0 ‏ناجي‎ sweetheart ‏الحبيب‎
‎susceptible uf ‏حلاوة »506001855 حساس‎
suspect yl sweets ‏حلوى؟‎
‎50090661 ‏المشبوة‎ swell ‏ينتفخ‎
‎suspend ‏يعطّل موّتا؛‎ swelling 1 asso"	word-to-word-bilingual-dictionary
186	"sit ®
Wit a ‏اسريع‎ synchronize s pals
Swim van synod ‏السنودس ؟‎
501001920 ‏السابخ‎ synonym 0 ‏المرادف‎
‎swimming 0 alow synthesis ra
swindle ve 12 syphills 1 pula Li
swindle nls syringe 0 ‏محقنة‎
‎swindler 0 ‏مشعوذ‎ Syrup nls
swing a=. system nls
swing 1 ‏تمائل‎ , ab ‘systematic a oll
SWISS 09 Saison
switch ‏يضرت بالسّوط»‎
‘switch ‏سَوْطه‎
‎switch off ‏قطع تيار‎
900160 00 ‏أشعل‎ 1
Switzerland » us
swivel ‏دار على محور»‎ table 1 ‏طاولة‎
‎‘swollen x ‏متوزم‎ tablecloth 0 ‏السّماط‎
‎sword rails tablespoon 0 ‏ملفقة المائدة‎
swordfish 0 ‏لوحة تذكارية 1801647 سمك أبو سيف‎
syllable ‏مَغْطَعٌ لَقْظِيّ‎ tack ‏المُسَيْمِير:‎

ER symbol i, tackle / alls

ll symbolic os; tact r ‏ذوق‎
‎symmetry rol tactful ‏لبق به‎
‘sympathize ‏بتعاطف؛‎ tactical ag Sus
sympathy 1 ‏تعاطف‎ tactics ‏التكتيك»‎
‎symphony n ‏السّمفونيّة‎ tag ‏شريط الحذاء؟‎
symptom a, ‏الها‎ Js
‘synagogue n us tail ‏يتعقب ؟‎"	word-to-word-bilingual-dictionary
187	"0 technicality
tailor ‏الخيّاطء‎ tar 1 ulks
tainted ag all tarantula snus ‏عنكبوت‎
‎take isl tardy wi sun
take apart ‏يفكّك ب‎ target 7 ‏هدف‎ . gus
take away « Jas tariff 1 ‏تعريقة‎
‎take back . 5,10 tamish vous)
take in y ‏يَسْتَوْعِبُ‎ tart nal
take off vg ou tartar 2 ‏النتاري‎
‎take out, alias task ‏مهمّة‎
‎take over «oY ‏ينولى‎ taste Sin, ‏يذوق‎
‏إشاعة د عاها‎ taste 1 ‏حاسة الذوف‎
talent 0 ‏الطالِن‎ tasteful x al uu
talk ‏يتكلم‎ tasteless asi
talkative «4,05 tasty od Slaall ‏لذيذ‎
‎tall ‏طويل ب‎ tavern raul
tame v= aX 0 ‏ضريبة‎
‎18096047 ‏شاي 1880 المماس‎
tangerine » ‏اليُوِسّفِيَ‎ teach wales
tangible ‏ملموس زه‎ teacher 1 alzall
tangle ‏قريق 168017 تعد‎
13060 ‏الشاي 1880067 حوض‎ sul
tanned ‏مدبوغ 4ه‎ teat ‏يعرف , ينتزع ا‎
tantamount 16 ssa tear 1 ‏دمعة‎
‎tantrum 1 ‏غضب‎ a tearful «4 ‏دامع‎
‎1880 ‏ا سدادة‎
1381016 ١ ‏قرع‎ teaspoon 0 ‏ملعقة شاي‎
tape nba technical ug suis
tapestry ١ ‏بساط حائط مزخرف‎ | technicality saws]"	word-to-word-bilingual-dictionary
188	"technician 4

technician + sus tender sd Gar , ‏ضعيف‎

رقة, ‎ols‏ , طراوة ؟ ‎tenderness‏ تكتيك 1 ‎technique‏

technology » ‏التكتولوجيا‎ tennis » ull

tedious sd x0 tenor Sie

tedium 1 > tense uj igi

teenager 0 ‏المراهق‎ tension 1 is

teeth ‏أسنان م‎ tent reals

telegram na, tentacle suns

telepathy n bls tentative og wx

telephone slg)! tenth ‏العاشره‎

telescope taal tenuous a 5.3,

televise 1 sali; tepid a4 ils

television 0 ‏تلفزيون‎ term alps

ينتهي ؛ ‎terminate‏ يروي ‎tell‏

tellers ‏الراوي‎ terminology ‏المصطلحات؟‎

telling ‏شديد الأترقة‎ termite raul Jol

temper cla terms 0 ‏نهايات‎

0 ذرجة الجرارة م ‎temperature‏

أرض 7 ‎terrain‏ عاصفة :1800894

180016» ‏هبكل‎ terrestrial ag Jnl

temporary ‏مؤت 4ه‎ terrible aj ‏رقيب‎
‎tempt 5,5 10018604 ‏هائل‎

temptation 11,2] terrify » ‏برقع‎

tempting us 20 terrifying oq ‏مرعب‎

ton ag, tertitory n aus]

tenacity 1 oL la terror ns)

إرهاب 7 ‎terrorism‏ المستأجر 1602047

tendency ac terrorist 1 ula, YI"	word-to-word-bilingual-dictionary
189	"0 thread
terrorize vai thermostat 1 ‏ترموستات‎
‎terse a ‏جامع‎ these ‏هؤلاء 4ه‎
testy yuu 106915» ‏الفَرْصِيَّة‎
‎test ‏اختبارة‎ they ‏هم‎
‎testament ‏سميك 4ه 0166 عهد‎ , Gs
testify api thicken yi;
testimony neslps thickness nuts
text 0 ‏المتن‎ thief 1a)
textbook 1 ‏الكتاب المدرسي‎ thigh ass
texture ‏نسيخ م‎ thin ss ‏نحيل‎ , 53,
thank <u thing 1 ‏حادثة‎
‎thankful o SLs think i ssizs
thanks ‏شكراب‎ thinly sane
that ad ‏كي‎ third ag ‏ثالث‎
‎thaws ‏يذيب‎ thirst ‏يظماء‎
‎thaw ross thirsty od ‏ظامئ‎
‎108666 ‏مسرح‎ thirteen og ue ‏ثلاثة‎
‎theft 125, thirty ‏ود‎ 0s
theme 1 ¢s.050 this ‏بهذا القدروه‎
themselves po agai! thom 15,2301
then as ul thorny sg ‏شائك‎
‎theologian ‏اللاهوني»‎ thorough a ‏شامل‎
‎theology 1 ‏اللاهوت‎ those a ‏أوليك‎

theory nabs though « 1s ‏رَعُمَ‎

therapy rolslio thought Sas

there sv ‏هناك‎ thoughtful og Sal ‏عميق‎
‎therefore sy ‏لذلك‎ thousand ‏وه‎ wall
thermometer ‏المِجْرّ‎ thread ; Jo)"	word-to-word-bilingual-dictionary
190	"thread 5

thread ns ‏سنّ‎ thwart oles

threat ‏تهديد‎ thyroid » 223, 31 ‏الغدّة‎

threaten: ‏يهذّد ا‎ tickle vec

دغدغة 0 ‎tickle‏ ثلاثة وه ‎three‏

حساس للدغدغة به ‎ticklish‏ يدرس :101658

threshold rac tidal wave 1 ‏عارمة‎ aso

thrifty 25,2550 tide ‏المدّ والجزره‎

‎tidy a po‏ يز الفط

‎thrill 71:0 tie ‏يريط . يعقد‎

‎thrive 1,251 tie nals. bl,

‎throat a, tiger ‏تمر‎

‎throb ‏بض‎ tight aq piss

‎throb ‏ينض‎ tighten + cu

‎thrombosis r, ‏ل‎ tle ‏قرميدة»‎ . 5,5]

‎throne use. ill ah si

‎throng » i> ‏بحرث؟ اانا‎

‏يُميل :016 خلال عم ‎through‏

‎HOW i ‏يرمي‎ timber ‏أشجارة‎

‎throw away » ‏ينبذ‎ time n cuss

‎throw up ‏تقبأ‎ time ‏يوقت‎

‎thug nzladl timeless a ‏سرمدي‎
‎thumb ‏بهام اليد‎ timely sg ‏في حينة‎

‏مواعيد» ‎times‏ ديوس طبعة » ‎thumbtack‏

‎thunder ‏رغد‎ timetable 1 so; ‏جَدْوَلُ‎

‎thunderbolt ١ ‏صاعقة‎ timid og ‏حجول‎

‎thunderstorm nc, dole | timidity ‏خجل؟‎

‎Thursday 7 ‏الخميس‎ tin ‏دير‎

‎thus ss Lia tiny ‏صغير جدَّافه‎"	word-to-word-bilingual-dictionary
191	"0 toss
ip rn ‏أسّلّة , طرفٌ مستدق‎ tomb 1,5
tiptoe ‏القدمره‎ gaol ‏رأس‎ tombstone aso ‏بلاطة‎
‎tired a ia tomorrow aise
tiredness 1. ton 5b
tireless a ‏لا يتعب‎ tone nes
tiresome aj casio tongs als
tissue ‏سيج‎ tongue rol
title ‏عنوان؟‎ tonic nsas
16 ‏إلى‎ tonight ad ‏هذه اللبلة‎
toad ‏العُلجُوم‎ tonsil oss
10254 ‏أيضائتة 100 يحمّص الخبرٌ , يدقّئ‎
toast nll ‏شرب‎ tool nolsi
toaster ‏مخْمَصَة‎ tooth nw
tobacco 0 ‏تبغ‎ toothache nul ‏وجع‎
‎today a psll toothpick ‏الخلال‎
‎toddler ‏طفل يبدأ المشي‎ topraas
toe ‏اصع القَدَمه‎ topic alles ‏موضوع‎
‎toenail 0 ‏ظفر الرجل‎ topple ‏يتقلب؟‎
‎together ‏معاءه‎ torch Jas
4001: ‏يكدح‎ torment rks
toilet 1 ‏مرخاض‎ torment» ‏تعذيب‎
‎token nase torrent JL
tolerable si Jaze torrid ‏حار‎
‎tolerance lacs torso rial ‏جذع‎
‎tolerate ‏يحتمل ؛‎ tortoise rola
toll n ‏النافوس‎ £35, Juda torture 2 ‏يعذّب‎
‎toll ‏يقرع‎ torture 0 ‏تعذيب‎
‎tomato ‏طماطِم‎ toss ‏يتقاذف»‎"	word-to-word-bilingual-dictionary
192	"otal
total wg las] tractor na alt
totalitarian ‏دبكتاتوري وه‎ trade ‏مهنة؟‎
‏مجموع كلَيَ: للاقاما‎ trade ‏يقايض ؛‎
touch nasa ‏مس,‎ trademark ‏علامة تجارية‎
touch ual trader ‏التاجرم‎
‎touch on ‏استعرض2‎ tradition 31
touch up vous traffic ‏تجارة‎
‎touching as is traffic vs ‏يتاجر‎
‎tough af ‏متين‎ tragedy ‏التراجيديا؟‎
‎toughen vas tragic ‏تراجيدي 4ه‎
tour nals, rail 1,20
1000500 ‏السياحة‎ trail ‏َيل‎
‎tourist ‏السائخ‎ trailer 16) Sal
tournament 1 ‏مباراة‎ train ss
tow ass train vos
towards ‏نحو‎ trainee ‏متدرب؟‎
‎towel 1 ‏منشفة‎ trainer 0 ‏المدرّب‎
‎tower ‏ع‎ training ‏تدريبه‎
‎towering a ‏مَسْحَة 0987 شاهق‎
town ral, traitor al
town halls ‏دار البلدية‎ trajectory ‏مساره‎
‎1006 a vol tram 1
toxin ‏السُمّين‎ trample ‏يطأء‎
‎toy 1 Spans trance na ius
1208 pass tranquility ‏هدو‎
‎track n si transaction 0 ‏صفقة‎
‎Pe transcend ‏يتجاوز»‎
‎traction ‏جر‎ transcribe yo"	word-to-word-bilingual-dictionary
193	"0 tip
transfor Jj treat ‏يفاوض‎
‎transfer » ‏تحويل‎ treat ages
transform Jaxis treatment raxllas , ‏معاملة‎
‎transformation » Js treaty 0 ‏معاهدة‎
‎transfusion pl ‏شجرة 18880 تقل‎
transient ‏زائل 4ه‎ tremble axis
transit 1 5. tremendous os ‏مروّع‎
‎transition ‏انتقال م‎ tremor naa,
transiate vax trench» ‏خَندق‎
‎translator ‏المترجم‎ trond 1 ‏نزعة‎
‎transmit ‏بت‎ trendy si ‏شائع‎
‎transparent og ‏شاف‎ trespass «ails
transplant vgs trial ‏تجرية , اختبارم‎
transport v Ja triangle » wlio
trap ‏الطُراب؟‎ tribe ‏قبيلة م‎
trash nae) tribulation » ‏بليّة‎
‎trash can 1 ‏النفايات‎ alu tribunal asses
traumatic oq ‏جرحي‎ tribute 0 ‏جزية‎
‎traumatize ‏جرع‎ trick ug.
travel vl trick racas , ‏حيلة‎
‎0209182 ‏المسافر»‎ trickle ‏يق‎
‎tray nan tricky a ‏مُخادع‎
‎treacherous of ‏خائن‎ trigger vu
treachery ral trigger sclaall
tread v ‏يدوس‎ trim yoo
treason 0 ‏الخيانة العظمى‎ 0001051020 Jaa
8890088 1.5 trimmings ‏رَرْكَسَة ب‎
treasurer stl trip ral,"	word-to-word-bilingual-dictionary
194	"ip i

trip «ia tuberculosis n Juul
triple ag soll Tuesday «LMI
tripod ‏القوائمر»‎ ls tition ‏تعليم‎
‎triumph 1,0 tulip 1 csi
triumphant oq axe tumble ai
trivial ‏مبتذل ذه‎ tummy ‏بطن بلغة الأطفال»‎
trivialize ‏ناقها‎ ale tumor ‏ورم‎
‎trolley ‏الترولي؛‎ tumult; ‏شَعَب‎
‎troop racles tumultuous of ‏مشاغب‎
‎trophy ١ ‏نُصب نذكاري‎ 008 n SI
tropic 0 ‏المدار الاستوائي‎ tune pels
tropical sg ‏استوائي‎ tune pels
trouble ١ ‏ضبق‎ tunic LI
trouble + ‏ُوجع‎ tunnel 1 i
troublesome a ‏مزعج‎ turbine ‏التربينة ؟‎
trousers ‏سروال م‎ turbulence 33a)
trout 733,01 turf ie ‏طبقة‎
‎truce risa Turk og ‏التركي‎
‎truck» Jas ase Turkey n Gnas, ‏الديك‎
‎trumped-up ss ‏لفق‎ turmoil og ‏هباج‎
‎trumpet r 3p. tum ols

trunk ral, ‏يدير 0ل ساق‎
10096 ‏يثق‎ turn back 7 ‏يرجع‎
‎trust nas; tum down ‏بطوي‎
‎truth sae tum in ‏ينعطف ويدخل‎
truthful ‏صادق 4ه‎ tun off sala
try vaste tum on v ‏يُشعل‎
‎tub ros tum out seal"	word-to-word-bilingual-dictionary
195	"0 uncommon
tum over Li, 1]
‏يوي ».008 17ل‎
100181 ‏الج‎ ugliness ‏بشاعةه‎
‎turtle ‏سُلحماة‎ er
sks il
for ١ ‏خصوصي‎ ple ultimate ‏أقصى وه‎
00682605 ‏ملفا صغيره‎ ultimatum ‏إنذاره‎
‎hol as ‏تانب عش‎ ultrasound ‏مغال في الصوت ؟‎
Web, 45 1s) umbrella sale
twentieth ‏العشرون 4ه‎ th
onsen te unable ‏عاجز وه‎
twice st ‏إحداع :6008ل مرتين‎
gs ‏فق‎ unarmed ‏أعزل به‎
0 ‏الأقام‎ unassuming ‏متواضع به‎
100001 ‏بعللا‎ unattached ‏مستفل به‎
‏جيل افا‎ : unavoidable +4 ‏محتوم‎
‎0015: sis et 25 unaware os ‏جاهل‎
‎100188 ‏متشابك م‎ unbearable ‏بم‎ SL; ‏لا‎
‏إعصار» فافا4؟‎ unbeatable o£, ‏لا‎
‎we ‏انان‎ unbelievable ‏لا .35 د‎
110001 sis unbiased ‏عادل 4ه‎ 7
Foor dies unbroken ss ‏متواصل‎ 0
008 ‏يمل‎ unbutton , Ls,
i ‏لمجي‎ uncertain sj pula
0480 ‏جوره‎ uncle ‏العم‎
‎tyrant all Sn

غير مألوق 4ه ‎uncommon‏"	word-to-word-bilingual-dictionary
196	"unconscious ”
unconscious ‏لا واع وه‎ unearth , ‏يكتشف‎
‎uncover / ‏بعري‎ uneasiness » ‏قلق‎
‎undecided ‏وه‎ 35,0 uneasy sq ‏مرتبك‎
‎undeniable a 12 ‏لا‎ uneducated a ‏غير متقّف‎
under oe ‏دون‎ unemployed sf ‏عاطل عن العمل‎
undercover sg 55. unemployment » ‏البطالة‎
‎underdog ‏خاسره‎ unending ef Sas,
undergo v Jas unequal ‏غير متساووه‎
underground af rans noe ‏ين 4ه‎
underlie als ‏تخفى‎ uneven xj 5,5
underline vs] uneventful ‏هادئ وه‎
underlying a ‏ضمني‎ unexpected a ‏فجائي‎
‎undermine » ‏قوض‎ unfailing ag ‏ثابت‎
‎underneath ze ‏تحت‎ unfair a i>
underpass nau ‏طريق‎ unfairly so allo
understand «pds unfairness ‏د‎
‎understandable sg ‏معقول‎ unfaithful ‏خائن به‎
understanding x «able unfamiliar ‏غريب 4ه‎
undertake il unfasten vas
underwear 7 rsx Csi unfavorable sf low
underwrite ١ Ji; unfit od 3a ‏غير‎
‎undeserved ‏غير مستوجب‎ | unfold ‏يكف‎

undesirable +5 ‏غير مرغوب فيه‎ | unforeseen uj ‏مفاجئ‎
‎undisputed ‏مسلم به 4ه‎ unforgettable aj ‏لا يُنْسَى‎
undo ‏فد‎ unfounded ‏لا اساس له د‎
undoubtedly Ls, unfriendly oi ‏معاد‎
‎undress v.52 unfurnished a4 spa ue
008008 ‏غير ضروري 4ه‎ ungrateful +4 Sle"	word-to-word-bilingual-dictionary
197	"0 unsteady
unhappiness 1 ‏تعاسة‎ unload ‏الحمولة؛‎ £54;
unhappy «3 ‏تعيس‎ unlock oes
unharmed a alls unlucky ‏مشؤومك‎
‎unhealthy x ‏مريض‎ unmarried 54 ‏عازب‎
‎unheard-of af xa unmask » ‏يخلع القناع‎
unhurt ag ‏غير ضار‎ unmistakable o4 ‏ب‎
‎unification 1.55 unecessary ‏غير ,5,8 4ه‎
uniform ‏منتظمرم‎ unnoticed sg ‏غير ملحوظ‎
uniformity » plz! unoccupied ag els
unify «15g; unofficially soy ‏بصفة شخصية‎
unilateral ag ‏أحادي الجانب‎ unpack Las
union » Sst! unpleasant aq 4,5.
unique og ‏وحيد‎ unplug ‏تزع القانس؟‎
unity ‏وحدة‎ 080080016 4 Gs ‏غير‎
‎unite ‏يود‎ unprofitable ‏4ه‎ as ‏غير‎
‎unity ross unprotected as pslas ‏غير‎
‎universal 4 ‏شامل‎ unravel Jus
universe ‏الكون؛‎ unreal ss ‏مصطتّع‎
‎university » ‏جامعة‎ unrealistic af ably ‏غير‎
‎unjust ag > unreasonable = ole ‏غير‎
‎unjustified ‏مستدل عليه وه‎ unrelated uj ‏غير متصل‎
unknown a ‏مجهول‎ unreliable a ‏غير جدير بالثقة‎
‏لسن‎ oxa unrest 6 ‏اضطراب‎ is
unleash ‏يحزّر‎ unsafe ‏خطر زه‎
unless ‏إذاء‎ I] unselfish ss ‏إيثاري‎
‎unlike of ‏متخالف‎ unspeakable ‏4ه‎ ao; ‏لا‎
‎unlikely a ‏بعيد الإحتمال‎ unstable as £150
unlimited ui ‏مُطلق‎ unsteady ‏4ه‎ Jaleo"	word-to-word-bilingual-dictionary
198	"unsuccessful ‏م‎
‎unsuccessful af saxo uproar 7 ‏اضطراب‎
‎unsuitable ‏غير ملائم وه‎ uproot y Cui
unsuspecting sd ‏غير مرتاب‎ upset lis
unthinkable ad san ‏لا‎ upstairs sav ‏فوق‎
‎untie olay uptight od ‏عضي‎
‎until go ‏إلى‎ up-to-date ag ‏عضري‎
‎untimely a 5.0 upturn 0 ‏اضطراب‎
‎untouchable x ‏لا يمس‎ upwards 0: ‏إلى فوق‎
untrue ‏خائن 4ه‎ urban ‏مدي وه‎
unusual ag 5b urge n cla]
unvel vhs urge ‏لق‎
‎unwillingly sc La, urgency ‏الإلحاحيّة‎
‎unwind ‏يحل‎ urgent a alo
unwise sq ‏أحمق‎ urinate , Jy.
unwrap 2 ‏فض‎ 0060
upbringing ras um 7 ‏جرة تخفظ رماد الوتى‎
upcoming ‏4ه‎ os us pel
update vac usage ‏استعمال؟‎
‎upgrade sus ‏يسْتَغْمل؛ فنا‎
upheaval ; ulus use ‏استعمال؟‎
‎uphill ‏معدا‎ used 10 a sles
uphold ‏يدعم‎ useful ‏ناقع ود‎

upholstery 1 vx usefulness r asic
upkeep ral useless ud ‏عديم الجدوى‎
upon re ‏على‎ user 1 Jos wall
upper a3 Sali usher ‏الحاجب؟‎
‎upright sg ‏عمودي‎ usual af ‏معتاد‎
‎uprising nes SUP ‏يغتصب؟‎"	word-to-word-bilingual-dictionary
199	"1 veil
utensil ‏إناء؟‎ value nob
uterus np) valve plas
utilize gas vampire 1 ‏الهامّة‎
‎utmost ag lac van nasg,e
utter chal, vandal r ‏الوندالي‎
‎vandalism » J gl
vandalize «sb,
vanguard 0 ‏طليعة الجيش‎
vanish ‏يتلاشى ؟‎
‏ل‎ vanity 1,5
vanquish . 2351
Vacancy rsa vaporize vu
vacant ag ‏شاغر‎ variable ag ‏متقلّب‎
‎vacate ١ Jb varied sd ‏معدّل , متنوّع‎
vacation ‏إبطال0‎ variety ness
vaccinate soa Various 1 ‏متنّع‎
‎vaccine rela) varnish Jas
vacillate sou Varnish 53541
vagrant ‏المُنَشَرّد‎ vary ‏ينع‎
‎vague ‏غامض 4ه‎ vase naa)
vain ‏فا وم‎ Vast of ‏فسيح‎
‎vainly on ie ‏افولا‎ Jae
valiant a ‏شجاع‎ Veer vs, 0
valid ‏صالح وه‎ vegetable ‏تبات‎ 5
validate sic, ‏جعله‎ Vegetarian » sols
validity ‏شرعية‎ vegetation 1 ‏الحياة النبانية‎
valley nly vehicle 12.5,
valuable af ‏نفيس‎ veil rls"	word-to-word-bilingual-dictionary
200	"vein -

vein ‏وريد‎ vestige nil
velogity nace 461620 ‏عريق‎ Fa
velvet Jake Veterinarian 0 ‏طبيب بيطريٌ‎
1808218: ‏نجل‎ Veto san
vengeance r alas! Viaduct 1 yuu
venison » ‏لحم الطرائد‎ Vibrant ag ‏متذيذب‎
‎venom; ‏حقد‎ vibrate ‏يُذَبيْب ؛‎
vent ri vibration 0 ‏ذبذية‎
‎ventilate ١ sap vice nals,
‘ventilation 0 ‏نهوية‎ vicinity  بزُك‎
venture vals; Vicious af ula
venture  ةرماغم‎ Victim nani
Verb r Jas victimize van
verbally aa Ula Victor ‏المنتصرة‎
‎verbatim Loi Victorious a ‏منتضر‎
‎Verdict ‏قرار محكمة‎ Victory 1,
verge ‏صولجان؟‎ view ras,
Verification 7 ‏تحقيق‎ view ‏يشاهده‎
‎verify v cus viewpoint nla ‏وجهة‎
‎versatile ‏متعذّد الجوانب 4ه‎ vigil ‏عشية العبده‎
verse nal village 0 ‏قرية‎
‎versed us ‏متمكّن‎ villager ‏اروف‎
‎Version 0 ‏ترجمة‎ villain ¢ Jal

versus ‏عدم‎ vindicate v5,
vertebra ‏قفار‎ vindictive a >ga>
very sil vine axl
vessel ‏وعاء‎ vinegar J>
vest 6,30 vineyard 1,0,5"	word-to-word-bilingual-dictionary
201	"0 witure
violate vax vivid ag ‏حي‎
‎violence 1 ase! vocabulary ‏المحم‎
‎Violent ag ‏عنيف‎ vocation 0 Gab ‏التداء‎
‎Violet gui 1109060 ‏موضة‎
‎Violin rola! Voice rcs
violinist 1 ‏الكمادي‎ void a ‏من‎ sls , ‏شاغر‎
‎viper nasal ‏الأقعى‎ volatile ‏4ه‎ his
virgin ‏العذراء؟‎ volcano ‏بركان؟‎
‎virginity 6,45 volleyball ‏الكرة الطائرة؟‎
virile sa ‏رجوليٌ‎ Voltage 1 ‏جهد كهريائى‎
virility ns, volume ‏مقدار , كتلة م‎
virtue 1 alas Volunteer 1 ‏المتطوّع‎
‎virtually oo ‏واقعنًا‎ vomit Laz,
Virtuous x ‏خلقي‎ vomited
virulent of ‏خبيت‎ Vote ve a
Virus 1 ‏الفيروس‎ Vote 0 ‏اقتراع‎
‎Visibility eM Voting ‏اقتراع؟‎
‎visible ag nije vouch for » ‏يؤكذ‎
‎vision ‏رقياء‎ Voucher » Jos
visit 16,05 OW ‏يسم‎
‎visti vowel nod Se
visitor rill voyage ‏افر‎
‎visual 11 5,0 Voyager 1 Lua
visualize 5.00 vulgar 4 ‏مألوف‎
‎Vital ‏ود‎ Ss. vulgarity ; 3g 21
vitality ras. Vulnerable os ‏قابل للعطب‎
vitamin » ‏الفيتامين‎ vulture ‏تسرب‎
‎Vivacious ‏4ه‎ basi"	word-to-word-bilingual-dictionary
202	"2 ب
‎w War o>‏
‎ward nal,‏

الحافظ» ‎warden‏ ا
‎aly‏ الثياب 0 ‎‘wardrobe‏ الٌفافة ,1092166
مستودع ؛ 10366000056 امو
‎wager=l warfare 0 JLas‏
سيّارة مقفلة 0 ‎Wagon‏

ges warm ‏داقئ‎
‎ya Jos warm up vis
wil Joe warmth ress
waiter 1 ‏النادل‎ —
waiting ‏انتظارة‎ rl) side
waitress ‏النادلة م‎ warrant

1 von
waive ‏يوجر‎

y to ‏ضمانة‎
‎wake up i bail bind
Cs warranty n alas
0: ‏بعتي‎ warrior ‏المجارب‎

سفينة > مشي
‎a‏ إضرابٌ ‎walkout 1 lac‏
‎i wart r Joli‏
سوه
‎oa‏ محفظة ‎wallet‏
‎walnut a‏
جوزه

wags washable ‏ب‎
‎Waltz lal on

‎Ly‏ 2518 و
‎waste 1,25‏ يتجوّل 0208827

‎wanderer c Jsuial ""‏ اا
سلة المهملات ‎١ i waste basket;‏
‎wasteful sq xe‏
بريد ‎want‏
‎watch rai‏"	word-to-word-bilingual-dictionary
203	"“ weltare
watch vas weapon 0 ‏سلاع‎
‎watch out ‏إحترس من‎ wear 7 ‏بلى‎ , guido
watchful sg 5350 wear ‏يلبس , يتقلّد ا‎
watchmaker 7 ‏الساعاتى‎ wear down 0 ‏أبلى‎
‎water cla wear out 0 ‏تاكل, استمر‎
water ‏ينضح‎ weary ‏منهك 4ه‎
water down ‏تزود بالماء ؛‎ weather ‏الطقس0‎
‎waterfall ‏شلال‎ weave glu
waterheater 1 silo ‏مسخن‎ Web 1 ‏العنكيوت‎ a
Watermelon ‏البطّبخ الأحمره‎ wed yess
‘waterproof 4 ‏للماء‎ Salo wedding 6 ‏عرس‎
‎watershed ‏نقطة نحول م‎ wedge 1 ual
watertight u3 ‏مَسِيْك‎ Wednesday rela MI
watery a ile weed 16,Lo ‏عشبة‎
‎watt, Gill weed ‏يزيل العشب الصارً‎
Wave rosa, ase week 1s.
waver 35,4 weekday ‏أسبوعي 4ه‎
wavy sg ails Weekend ‏نهاية الأسبوع»‎
WaK 1 gato weekly ach egal
Way 1 ‏طريق , سبيل‎ Weep ira
way inn ‏مدخل‎ weigh us
way 00010 ‏مخرع‎ weight 1033
‏َحْنّ ص‎ Welt ‏عجيب إن‎
weak ug ‏ضعيف‎ welcome vs wi
weaken wands welcome 0 ‏ترحيب‎
‏صفق‎ 658 russ welt pal 8
wealth sie welder 1 ‏اللحامة‎
‎wealthy 4 sue welfare ‏خيره‎"	word-to-word-bilingual-dictionary
204	"wel 2

well ilu eles whip y alas ‏جلد,‎

Well-known +5 ‏معروف‎ whip ‏سوط‎

well-to-do xf us whirl p53)

west » ‏الغرب‎ whirlpool 1,335

Westbound a all ‏متجه نحو‎ | whiskers ‏شارب القطم‎

western af ‏غربيّ‎ whisper 0 ‏يَهُمس‎

‎uj sual whisper 1 usd‏ نس

‎wet a ‏بليل‎ whistle 1a

‏صقار ‎whistle‏ جوت ؟ ‎whale‏

‏أبيض وه ‎white‏ رصيف الميناء 1000357

‎what ‏أي‎ whiten yal

‎‘Whatever ‏ود‎ Lol whittle ‏يبري‎

‎wheat 1 ga Who jo

‎wheel nal=2 whoever 0 ‏مَن‎ Js

‎wheelbarrow ‏عجلة اليا‎ whole a JL

‎wheeze va, ‘wholehearted ‏نم‎

‎when sv sia wholesale 1 ‏بالجُملة‎ gL!

‎whenever x, ‏في أى وقت‎ ‘wholesome ‏وه‎ so

‎where ss ‏أين‎ Whom ‏من 0م‎

‎whereabouts ‏مُسْتَفَرَ‎ why aca)

‎whereas cul ‏حيث‎ wicked ‏شري ره‎

‎whereupon is sly wickedness 1 ‏خبث‎

‎wherever ‏بماذاء‎ wide x ‏واسع‎

‎whether cs... widely ‏على تجو واسع :8ه‎
“w] ‘which ag ‏أي‎ widen ,g Lg,

‎while ‏بيتماء‎ widespread og Liao

‎whim 15555 widow 0 ‏أرملة‎

‎whine sees widower 1 ‏الأرمل‎"	word-to-word-bilingual-dictionary
205	"El witness
width 15,2 wine 1,55
wield «all ‏دير‎ winery 0 ‏مصنع الخمرة‎
100180 ‏زوجة‎ wing nel
wig naalll wink ‏غمزة6‎
‎wiggle ‏يتذيذب؟‎ wink sa
wild 5 550 winner nila)
Wild boar 7 ‏خنزير بري‎ winter ‏الشتاء0‎
‎wilderness 1,43 wipe yaar
wildlife nau, Lo ‏حيوانات‎ wipe out ‏هزم‎
‎Will ‏رغيةة‎ , Jor wire nay, ‏سلك‎
‎willfully sc az Wireless 04 ‏لاسلكي‎
‎willing 23 ‏مستعد‎ wisdom  aas>
willingly ‏طوعاء‎ wise sg pS
willingness ‏استعداد؟‎ Wish 1 ins
willow r slanall ‏شجر‎ wish 1 assaf
wily ‏ماكركة‎ With Jac
wimp si als 101007 ‏الشاحرة‎
‎Win isa witchcraft ra
win back v dui with pe 10
wind 0 ‏ريخ‎ Withdraw cis
wind i cases, ‏يستروخ‎ withdrawal o ‏انسحاب‎
‎wind up ‏الساعة؟‎ Le withdrawn ad ‏يسترةٌ‎
‎winding ‏4ه‎ Js) wither 11%
windmill» ‏طاحونة هوائية‎ withhold » 5.5,
window 15.50 Within pe ‏فى‎
‎windpipe «sale! without re 1S 2, 0
windshield ‏الرجاج الأمامي؟‎ withstand ‏بقاوم»‎
‎windy ‏عاصف 4ه‎ witness ‏الشاهده‎"	word-to-word-bilingual-dictionary
206	"witty 2

witty ‏بارع زد‎ Worm 16355

Wives 0 ‏زوجة‎ worn-out a5 5
wizard 0 shall worrisome x ‏مقلق‎
‎wobble vii worry v sles

0085 1s worry Gls

wolf ris worse ‏أسوأية‎
‎woman 0 ‏امرأة‎ worsen vg. ‏يجعله‎
‎Womb pI Worship ‏سيادة‎
‎women 1 claw worst ag lg.

wonder / es Worth 5315 Sst ‏ما‎
‎0000867 ‏عجيب‎ worthless ‏وه‎ asl;
wonderful sg uno worthwhile ‏ذو شأ وه‎
wood 1 Cues worthy a5 J ‏مستحق‎
‎Wooden ag ‏متخشّب‎ would-be 4 ‏راغب‎
‎wool 135.5 wound » 2,>
woolen ‏1ه‎ sso wound ‏يَجْرَحَ ؛‎
word 0 ‏كلمة‎ WOVEN ‏منسوع 4ه‎
wording » ‏الصباغة‎ Wap ‏يعي‎
‎work n Jaz Wrap up va)
Work ‏يعمل‎ Wrapping 1 ‏غلاف‎
‎work 0004 ‏تدرب‎ wrath 1 ‏حَنَقد‎
‎workable ‏عملي 4ه‎ wreath 0 ‏إكليل‎
‎workbook 1 ‏دفتر العمل‎ wreck sab
worker 7 ‏الشَغّيل‎ wreckage ‏خُطامه‎

2 workshop nis wrench nb; ‏مفتاح‎
‏هنا‎ orld tal wrestle , pals,

worldly :4 ‏دنيو‎ wrestler ng Las
worldwide ‏عالمي 1ه‎ wrestling ‏راع‎ , clas"	word-to-word-bilingual-dictionary
207	"0 yourselt
wretched ‏بانس ذه‎ yam : ‏حكاية‎
‎wring ‏ا‎ sas yawn 1 3s
wrinkle ‏يتجمّد‎ yawn za
wrinkle n 63> year r ple
Wrist 1 pazall yearly soy gin
write iS yea 0 ‏يتوق إلى‎
write 000, ‏خميرة 8884لا يسجّل‎
witer 1 ‏الكانب‎ yell ‏صرّخة؛‎
‎10008 ‏غاضب جداء‎ yellow al
writing ais yes oi ‏تعمل‎
‎written a ‏مَكُنُوب‎ yesterday sd ‏أمس‎
‎Wrong ag ‏خاطئ‎ yet cla

Vield yagi, ‏يمتح‎
‎yield yale
yoke 1,4
X yolk all
you sro cul
Xemas ‏شجرة عبد الميلاد»‎ young oi uso
Xray » ‏الاشعة السينية‎ youngster 0 ‏شاب‎
‎your sq ils
yours ‏لقم‎
‎Yourself ‏نفسك وم‎
Y Youth ‏الشّباب»‎
‎Youthful 4 CLs
yacht» cul
yam ‏البامرة‎
‎Te"	word-to-word-bilingual-dictionary
208	"‎youth 24‏
المُنَكه 2051 2
‎nd‏ 206
الرمز البريدي» ‎code‏ 200
العام المنزلق ‎Sobers‏ يمسو بحلاف ‎Tp‏
‏مِنطقة :2008 ل
حديقة الحيوانات؛ 200 > ‎ig‏ —
الحبوان ‎logy n‏ به
‎sls‏ الحيوات :200109 صفره 200
7
3"	word-to-word-bilingual-dictionary
209	Arabic-English	word-to-word-bilingual-dictionary
211	"wr ‏احتياط‎ |
| convention ‏اتفاقية م‎
‘accusation ‏اتهامر م‎
0 thee a ue sl
seroln 251 ‏اثنات 4م800‎
begining nels! ‏اجتماع م بالي‎
initial ‏ابتداني وه‎ gregarious od ‏اجتماعي‎
‎000 ‏أيتز‎ avoidance ‏م‎ lis
extortion ‏ابتزازم‎ freight n ‏اجرة الشحن‎
blackman ‏اجهض 8007 ايتزاز المال‎
amie ‏احتاج :1664 ابتسامة‎
innovation nS! autor, protest gail
ingest, swallow v ‏ابتلع‎ detention n si!
cheers, joy ‏احترار 088:0 ابتهاج م‎
beyond av sul respect, honor n pla!
48018 ‏ابليس‎ sotestoomn ‏احترام الذات‎
oi [Ea ‏احترام النفس‎
nephew ‏ابن الأخ م‎ decency ‏احتشامه‎
‎jackal n Sl ‏ابن‎ huddle ‏احتشد‎
‎bastard ‏ابن زتام‎ inh v ‏احتضن‎
‎daughter n ‏أبتة‎ ovation ‏احتفاء م‎
‏اتجاة ماهد‎ retention ‏احتفاظم‎
‎ead for val festive aa ‏احتفالي‎
‎aac, merge ‏اتحاد م‎ monopoly ‏احتكارة‎
‎union ‏اتحادي م‎ friction n ‏احتكاك‎
‎immensity n ‏اتساع‎ fikeihood ‏احتمال م‎
agreement, accord ‏اتفاق م‎ provision ‏احتياطم‎"	word-to-word-bilingual-dictionary
212	"| J Ed
spare ‏احتياطي وه‎ dsiustv oll
4000 ‏احجية‎ taison ‏ارتباطم‎
‎iter ‏احد الامرينندة‎ ciumsiness ‏ارتياك م‎
animation n ‏احياء‎ backward ‏ارتجاعي 4م‎
chooss, optfor v us! improvise v ‏ارتجل‎
‎test, tal ‏ارتدادم 10665 اختبارم‎
examine pus] foo v cut |
breakthrough ‏اختراق م‎ inition ‏ارتشاح م‎
‏ارتشف» مانو أاخترق , ماوم»هم‎
shorthand ‏ارتطامرم8 اختزال م‎
outing; abbreviate ‏اختضر»‎ clevaton, rise ‏ارتفاع‎
‎Kidnapping ‏ارتفع 10017 اختطاف م‎
‏اختطف؟ فو‎ perpetate v ‏ارتكب‎
‎disappearance eli | distrust n ‏ارتياب‎
‎disappear v ‏أاختقى‎ insomnia ‏أرق م‎
chaos ‏اختلاطم‎ Jam. congestion ‏أزدحامرم‎
‎ference n ‏اختلاف‎ disdain, contempt el 551
mauncton ‏اختلاك م‎ derogatory ad ‏ازدرائي‎
‎embezzle, pifer v ‏اختلس‎ look down 7 ‏أزدرى‎
‎sufocae n ‏اختناق‎ prosper ‏ازدهارم‎
‎option, sletion ‏يفف ,انلها اختيارم‎ v3]
optional ag ‏اختياري‎ resent v ‏استاء‎
‎slotn 395] enaticate v ‏استأصل‎
‎abet  فطخأ‎ exchide y ‏استيعد‎
‎allegation ‏ادعاء م‎ coverup nisl
stop tp ‏استثمار 1060016076 أذداد»‎"	word-to-word-bilingual-dictionary
213	"0 So |
invest v yoda slavery ‏استعباذ م‎
exception ‏استثناء م‎ hasten v ‏استعجل‎
‎particular ad) ‏استثنائي‎ readiness ‏استعداد م‎
recreation ‏استجمامرة‎ touch on v ‏استعرض‎
‎brace for v olgd ‏استجمع‎ inquiry np Msi!
inerogate ‏استجوب/‎ application ‏استعمار م‎
impossibly n ‏استحالة‎ usage, use ‏استعمال م‎
apprcbaton ‏استحسات م‎ misuse ‏استعمال خاطئ‎
met n ‏استحقاق‎ appeal ‏استغاثه م‎
des ‏استحقاقات م‎ expo ‏استغل‎
‎hangup ‏استحواذ م‎ explotaion ‏استغلاك م‎
‘employ, engage ‏استخدم»‎ questionaire n suis Lol
debrief v ‏استخلص‎ resign v ‏استقال‎
‎summon v ‏استدعى‎ resignation n ‏إِسْيَقَالَة‎
‎repose v haul bluntness ‏استقامة م‎
relax ‏استرخاء م‎ desk ‏استقبال‎
‎getback v > kaw stability ‏استقرارة‎
‎retrieval, recovery ‏استردادم‎ independence ‏استقلال م‎
reentry ‏استرداد الملك م‎ autonomous ad Maza
conga ag ‏استرضائي‎ receipt n Aland
eavesdrop v3 yil entail ‏استلزم»‎
‏استسلم» ماقانامعة.‎ ratty, revel v ‏استمتع‎
‎consutation ‏استشارة م‎ Keep on ‏استمر‎
‎martyrdom ‏استشهاد م‎ continuation ‏استمرارة‎
‎entertain / ‏استضاف‎ conclusion ‏استنتاج م‎
retrieve ‏استعاد»‎ infer v ‏استنتج‎"	word-to-word-bilingual-dictionary
214	"20 تند لا
اشتراكي ‎socialist acf‏ أاستند ‎ean on v‏
اشترى ‎purchase v‏ استنساخ م ‎doning‏
‏اشتعال م 10160105000 استنسخ ‎clone‏
‏اشمنزاز ‎loathing n‏ استنشق ب ‎inhale‏
‎hunt slaol‏ استنطاق م ‎inquest‏
‏اصطدامم ‎dash‏ استتكارم ‎disapproval‏
‏اصطدم» ‎censure v Suan! impact‏
اصطناعي ‎atl ag‏ استهجن ب ‎disapprove‏
‏اضطراب م ‎unrest, uproar‏ استهدافي وه ‎alergic‏
‏اضطراب عنيف ؟ ‎stikewpv pial | connision‏
‎vila]‏ 10060 استهلاك م ‎consumption‏
‏اضطهادم ‎cppression‏ استهلالي 1010960
اطلاق المدافع م9006 استوائي وم ‎tropical‏
‏اعتباطي ‎ativary og‏ استورد ‎imports‏
‏اعتداء م ‎outage‏ استياء م ‎displeasure‏
‏اعتذارم ‎apology‏ استيراد ‎n‏ 10018000
اعتراض ‎challenge n‏ استيعاب م ‎intake‏
‏اعتراف م ‎confession‏ استيلاء م ‎seizure‏
‏أعترض ‎intempty‏ استتناف م ‎appeal‏
‎name n paul grant vd acl‏
راعتزازم ‎appreciation‏ اسم العائلة م ‎fost nme‏
اعتسافي زو ‎abusive‏ اسم الفاعل م ‎participle‏
‏اعتقاد ‎opinion n‏ أاسمنت ‎concrete‏
‎Jock up v Jaze!‏ اشتاق ‎Jong for‏
اعتلال جسدي 8100010 ‎suspicion rool‏
اعتمد ‎reckon on v‏ اشتراك ‎partepation n‏"	word-to-word-bilingual-dictionary
215	"an CT |
atend, care v ‏الاربياتم 88000 أعتنى‎
habia ag ‏اعتيادي‎ sate ‏الاردواز‎
‎immigration n ‏اغتراب‎ stategy n ‏الاستراتيجيّة‎
‎emigrate vic] reception ‏الاستقبال م‎
assaul, rape, vince ‏اغتصاب م‎ continuity n ‏الاستمرارية‎
‎assassination ‏اغتيال م‎ alergy ‏الاستهداف م‎
18017 ‏اغمى علية‎ | pseudonym lacusall ‏الاسم‎
‎redemption ‏اقتداء م‎ socialism n ‏الاشتراكيّة‎
‎calumny nel91 Koray n ‏الاشعة السينية‎
presumption ‏افتراض م‎ aeration ‏الاضطراب م‎
motion, proposal n ‏اقتراح‎ moderation n ‏الاعتدال‎
‎ball, voter ‏اقتراع‎ auotaton ‏الاقتباس م‎
propose v ‏اقترح‎ | bronohits n sell ‏الالتهاب‎
‎frgaity ‏اقتصادء‎ merger n ‏الاتدماج‎
‎economize v ‏أاقتصد‎ harmony ‏الانسجامة‎
‎extract glsl noun naw ‏الإ‎
‎below av oo ‏اقل‎ | mugging nish ‏الإبلاغ عن‎
subscription n ‏اكتتاب‎ poarn ‏الإخاص‎
‎acquisiion ‏اكتساب م‎ 0420000 a ‏الإخلاص‎
‎discovery n ‏اكتشاف‎ hindsight ‏الإدراك المتأخر م‎
discover, 0040017 ‏اكتشف‎ | ateulaton  لصافمب ‏الإرتباط‎
‎sate for v _siS| 18001816 ‏الإرهابي‎
‎parishioner ‏الابرشى م‎ darhea n Jp YI
Monday 0 ‏الاثنين‎ radiaion ‏الإشعاع م‎
avpreviaton ‏الاختصار م‎ framework n ‏الإطار‎
‏الإكليرونس 6 8897 الاختبار م0968‎"	word-to-word-bilingual-dictionary
216	"22 احاح الل
الأسقف 6 ‎pont‏ الإلجاحيّة ‎urgency n‏
الأسمى ‎supreme ac)‏ الإنجليكاني ‎Anglican adj‏
الأصلة م ‎python‏ الإنفلونزا ‎fun‏
‏الأصيل 80500007 الأ حذب م ‎hunchback‏
‏الأغراف م ‎purgatory‏ الأ فق ‎horizon‏
‏الأعزب 0 ‎bachelor‏ الأبرشيّة ‎diocese n‏
الأفعى الخبيثة ‎vipern‏ الأبله وم ‎moron, dt‏
الأكثرية م ‎mary‏ الأبوة ‎fatherhood n‏
الأكسجين ‎oye»‏ الأحد ‎Sunday n‏
الأكورديوت 0 ‎accordion‏ الأحقور م6481
الألعاب ‎nal‏ 600016 الأخلاقية م ‎moray‏
‏الألف ‎aghabet ely‏ الأدتى ‎teastag‏
‎auminum n paivasiVl‏ الأريعاء ‎Wednesday n‏
الأمومة ‎motherhood n‏ الأريعوت ‎forty ac‏
الأناناس ‎pineapple n‏ الأرستقراطي م ‎aristocrat‏
‏الأنيمية ‎anemia n‏ الأرستقراطية ‎asioracy n‏
الأوركسترا ‎orchestra‏ الأرشدية ‎senor n‏
الأولِمُبياد م ‎olympios‏ الأرغني ‎organist‏
‏الأولية ‎primacy ١‏ الأرمل ‎widower n‏
الأثمره ‎sinner‏ الأرنب ‎rabbit‏
‏الآليّة م ‎mechanism‏ الأريكة ‎sofan‏
‏الآصمرم ‎‘commander‏ الأزرق البحري وه ‎navy blue‏
‎here sav GUI‏ الأسباني م ‎Spaniard‏
‏البايام ‎Pope‏ الأسبرين ؟ ومع
البابوية م ‎papacy‏ الأسبقية ‎priory n‏
البارومترة ‎professor Sleall barometer‏"	word-to-word-bilingual-dictionary
217	"28 ‏البنكرياس‎ |
aggressor ‏الباغي م‎ unemployment ‏البطالة م‎
‏البطريق م نووم البالغم حصي‎
pancrama ‏الباتوراما م‎ abdomen n ‏البطن‎
‎builder ‏الباني م‎ watermelon n ‏البطّيخ الأحمر‎
pound n Ll chimpanzee ‏البعامرم‎
‎baseball ‏البايسبول م‎ survival n ‏البقاء‎
‎pint ‏الباينت‎ parsley ‏م‎ puis rial
salesman ‏البائع م‎ ida, maid ‏البكرم‎
‎petcieum ‏البترول م‎ 8018 JI
‏لقعم‎ n all platinum n ‏البلاتين‎
‎pecan ‏البجع م‎ plastic ‏البلاستيك م‎
novelty ng ll balm pall
100626 ‏البدث‎ anchowy n pI
brandy n (Sill blouse ‏م‎ & Ll
Portugal ‏م‎ JU&5 Jl oak n bog Ll
barge nul ‘com n ‏البلوطة‎
‎partment n ‏البرلمات‎ puberty ‏البلوغ م‎
1180150 nail bills n ‏البليارد‎
‎protocol n ‏البروتوكول‎ naichet n ‏البليطة‎
‎protein ‏البروتين م‎ 510000 Gall
prostate n ‏البروستات‎ mason n ‏البناء‎
‏البنانة م 609800 البرونز م8028‎
tumetn gu! pentagon n ‏البنتاغوث‎
‎precursor ‏البشيرة‎ pendutum » ‏البندول‎
‎anion Jal ‏البننس 9006م‎
‏البطاطام فقاوم‎ pancreas ‏م‎ owls Sal"	word-to-word-bilingual-dictionary
218	"‎an‏ سين الل
التراجيديا ‎tragedy‏ البنيسيلين 6 ‎peniciin‏
‏التربينة ‎turbine n‏ البواب 0880م
‎tart 45,001‏ البودتغ ‎pudding n‏
النَرْقُوَة ‎collatbone n‏ البولندية م ‎polish‏
‏الترك ‎‘abandonment n‏ البيت المجاور4ة ‎next door‏
التركي ‎Turk ag‏ البيروقراطيّة ‎bureaucracy n‏
الثروتة ‎beretn ul out n‏
الترولي م زولا البيسوث م ‎Bison‏
‏التسلق م ‎gol climbing‏ اليانصيبي 78090
التشخيص م ‎diagnosis‏ البيّع بالجملة م ‎wholesale‏
‏التصفية ‎dearance n‏ التايل م ‎seasoning‏
‏التعمّدم ‎premediaton‏ التاجرم ‎dealer, trader‏
التفاؤل ‎optimism»‏ التاسع ‎ninth og‏
‎superiority n Ball‏ التناري ‎tartar n‏
‎tehnicaity n &all‏ التجاء ‎recourse n‏
التكتيك م ‎tactics‏ النّجَارَة ‎commerce n‏
التكررم ‎frequency‏ التجديف م ‎blasphemy‏
‏التكنولوجيا ‎tectmoogy n‏ التجليد وه ‎roazing‏
‎swan n alll‏ التجهيزات ‎equipment n‏
التماس ‎itn‏ التحامرم ‎cohesion‏
‏التمساح ‎waditon n lal crocodile n‏
‎nan GI‏ التحفة م ‎masterpiece‏
‏التنازك م ‎abdication‏ التحقيق ‎attainment n‏
التناغمرم :0700 التحكيمة ‎atitation‏
‎tennis puss]‏ التُخاطرة ‎telepathy‏
‎uric nL‏ التدرج م ‎pheasant‏"	word-to-word-bilingual-dictionary
219	"us ‏الحافر‎ |
notation ‏التنُويت م‎ smallpox nal
ahs n ‏التهاب المفاضل‎ surgeon ‏الجراح م‎
pneumonia n Si, pall 08017١0 ‏الجرارة‎
‎meningitis n ‏التهاب سحايا‎ Gift yl
gobble, guzzle ‏التهم‎ butcher ‏الجزّار‎
‎bow n ‏التواء‎ parsnip n ‏الجزر الأبيض‎
twin nls! Greenland ‏الجزيرة الخضراء م‎
imposition n ‏التوجب‎ molecule n ¢suyll
tulp nado hanger ‏الجلاد‎
‎sprain vasa Fiiday ‏الجمعة م‎
avalanche n ‏التيهُور‎ everybody pro ‏الجميع‎
‎eight ag ‏الثامن‎ heaven, paradise ‏الجنة م‎
second n ‏الثاني‎ satin ‏الجنس‎
‎consistency nso ‏الثبات على‎ ١ humankind n ‏الجنس البشرى‎
mamma n su 3d)l soxtaly na Loninl]
bereavement n Jill nationality n ‏الجنسيّة‎
‎Tuesday ‏الثلاثاء م‎ south n ‏الجنوب‎
‎eighty adj ‏الثمانوت‎ southeast n ‏الجنوب الشرقي‎
006:4 ‏التمل‎ | souttwestn nusall ‏الجنوب‎
‎collector n ‏الجابي‎ southemer n ‏الجنوبي‎
‎spy ١ ‏الجاسوس‎ atmospher ‏الجوه‎
‎eastern ag) ‏الجانب الشرقي‎ jeweler n ‏الجوهري‎
‎00 ‏الجاؤدارة‎ grim n ‏الحاج‎
‎cataclysm n ‏الجائحة‎ usher, ni null
conard nell seventh asc ‏الحادي‎
‎algebra ‏الجبره‎ motive ‏الحافزم‎"	word-to-word-bilingual-dictionary
220	"5 انط لا
الحموة ‎fatherindaw‏ الحافظ ‎warden n‏
الحَنْجَرَة ,»وها ‎magistrate n aS all‏
‎oli‏ م فقاوم الحامل ‎bearer‏
‏الحياة النباتية م ‎squid nll vegetation‏
الخازت ‎easurern‏ الحبوب ‎puso n‏
الخاسره 1009 الحبيب 06006616
الخاصيّة م ‎specialty‏ الحجل ‎partridge n‏
الخالق ‎Sell God, Creator n‏ الأدنى 6 ‎minimum‏
‏الخامس من ‎blacksmith >| call ead‏
‎square n GLI‏ الحَدَأة ‎Kien‏
‏الخائن 0000 الحدّث ‎juvenile n‏
الخبازه ‎baker‏ الحدود ‎fringe n‏
الخَثر ‎thrombosis n‏ الحرف التساكن ‎consonant n‏
الخريف ‎autumn‏ الجرّفي م ‎atsan, cratsman‏
الخزافة م ‎ceramic‏ الحركة الارتجاعية ‎backlash n‏
الخس 0000 الحرم المقدس 0 ‎asym‏
‏الخَشْخاش  ‎poppy‏ الحصالة الخنزيرية م ‎pigoy bank‏
‎swarm np us|‏ الحضارة م ‎culation‏
‏الخط كفافي ‎atendance nal] contour‏
الخطيب م ‎abier n Sal speaker‏
الخلال ‎toothpick n‏ الحكم الذاتي ‎autonomy n‏
الخميس ‎Thursday n‏ الحَكمَة واه
الخُوْرس 5 ‎choir‏ الحلا قة م انه
الخياط ‎baer» Sil air n‏
الخياتة العظمى 0 ‎treason‏ الحلمة 80067
الخيرية ‎benevolence n‏ الحماة م ‎mothernaw‏"	word-to-word-bilingual-dictionary
221	"a ‏الروماسية‎ TN

dime n pul JI rabbi ‏م‎ OUI
crditonn ‏الدائن‎ fourteen eq ‏الربع عشر‎
outsider n ‏الرّخيل‎ ren n ‏الرجال‎
‎eyelistn ‏الدَرَاجٍ‎ uterus, womb nol
auctioneer ‏الدلال م‎ teliood n ‏الرزق‎
‎guidelines ‏الدليل الموجزم‎ | nowsitier n ap, uVl ‏الرسالة‎
‎0800866 ‏الدنمارك‎ painter ‏الرشامرة‎
‎bureaucrat n ‏الدواويني‎ ieage ‏الرسم بالميل م‎
diabetes ‏الديابيتس م‎ messenger ‏الرسول م‎
diplomacy ‏الديبلوماسيّة م‎ machine gun ‏الرشَاش م‎
Turkey n ‏الديك الرومي‎ plumber n ‏الرصاص‎
‎diotatorship ‏الديكتاتورية م‎ kneecap n aad, )l
democracy n ‏الديموقراطية‎ cure n ‏الرعاية الروحيّة‎
dinosaur ‏الديناصورة‎ wince n oll]
‏الذروة »تفضا‎ mate n ‏الرفيق‎
‎posterity n ‏الذرية‎ water ‏القَاقة‎

gold nen ill 0*0 ‏الركية‎
‎four ag ‏الرابع‎ umn poll
‏الرادارة:8فة؟‎ pomegranate ‏المت م‎
maior ‏الراشد‎ raft ‏الرزمَث‎
‎pation n ‏الراعي‎ 2p aden ‏الرمز البريدي‎
raccoon n ‏الراكون‎ reindeer n ‏الزنة‎
‎marksman n ‏الرامي‎ novelist ‏الروائي‎
‎teller n ‏الزاوي‎ routine n ‏الروتين‎
‎herald, pioneer n ‏الرائد‎ heumatsm ‏الروماتزمره‎
‎capitalism ‏الرأسماليّة م‎ romance n ‏الرومانسية‎"	word-to-word-bilingual-dictionary
222	"| J] 28
sporman ‏الرياضي م‎ taut n ‏السائل‎
‎athiete n ‏الرياضي‎ Saturday n ‏السبتث‎
‎088 ‏الرياضيات م‎ sweater 0 ‏السترة المعرقة‎
countryside ‏الريقيم‎ jailer n Oe
down n ‏الريفي‎ prisoner ‏السجين‎
‎presidency ‏الرئاسة م‎ bel ‏,حملن‎ navel ‏السرة م‎
80815 ‏الرئيس‎ Satine n ‏السّردين‎
‎appendix n ‏الزائدة الدودية‎ cypress n gall
visor ‏الزائرة‎ burglary n sha]
windshieid 0 ‏الزجاج الأمامي‎ facet n ‏السطيح‎
‎hom n 5,251 thug ‏السَّفَاح‎
‎206806 ‏الزمام المنزلق‎ pti n ali call
‏الزميل م :وفعاو‎ population ‏السَّكَاتَ م‎
zine n ‏الزنك‎ drunkenness ‏النسكرم‎
‎vase nl wberulosis ‏م‎ J ul
spouse n ‏الزوج‎ saimon n wala!
5008 6 ‏00001و السابح‎ n ‏السلوقي‎
‎magician ‏الشاحره‎ quail n ‏السَّلوى‎
‎wich n ‏السّاحرة‎ sky n ‏السماء‎
‎sixth ae ‏السادس‎ tablecloth n bloc]
watchmaker n ‏الساعاتي‎ symphony ‏السٌّمفونيّة م‎
bartender 6 ‏لتقا الساقى في حانة‎ paul ‏السمك‎
‎0166 ‏السَّمين 100606 الساقي‎
barman n &il> ‏الساقي في‎ centimeter ‏السنتيمتر‎
‎bamad ‏الساقية في حانة م‎ squirel ‏م‎ lll
000816 ‏السائح‎ synot ‏السّتودس م‎"	word-to-word-bilingual-dictionary
223	"29 ‏الصيدلي‎ [1
wigariy n a8 call Skeptic ag ‏الشّكوكيٌ‎
‎sockn gal bitn ‏الشكيمة‎
‎Sweden n ‏السويد‎ deacon ‏الشماس م‎
tourism n> wll north ‏الشمال م‎
politics ‏السياسة م‎ northemer ‏وه‎ J Loud]
polican ‏السياسي م‎ sun ‏الشمس‎
‎cyanide n ‏السيانيد‎ month ‏الشهره‎
‎stepladder n dill porcupine n agai!
biography ‏السيرة م‎ communism ‏الشيوعيّة م‎
paychopath n ‏السبكوباتي‎ smith ‏الصائغ م‎
psychology ‏السبكولوجيا م‎ boyhood ‏م‎ Lal
scenario ‏السيناريوم‎ moming n ‏الصباح‎
‎mustache ‏الشارب م‎ journalist n ‏الصحافي‎
‏الشارع م ممما‎ heath n ‏الصحة‎
‎postin eLidl saucer n dasa
occupant n ‏الشاغل‎ cockroach n 9.0 all
chalet ‏الشاليه م‎ buzzard ‏الصقره‎
‎gravestone ‏الشاهد م‎ sauce ndalall
‏الشباب م ضور‎ crusader n ‏الصليبي‎
‎winter n ‏الشتاء‎ crusade ‏الصَليبية م‎
miser n ‏الشحيخ‎ boxing n ‏الصَنْدَقة‎
‎abnormality ‏الشذوذم‎ sorvinaw 1 spall
police n ‏الشرطة‎ soda ‏الصودا م‎
‏الصوم الكبير »اوها الشروق م فتتقنة‎
poetry ‏الشغرم‎ wording n ‏الصياغة‎
‎worker n Jugal pharmacist ‏الصيدلي م‎"	word-to-word-bilingual-dictionary
224	"| ‏الصيف‎ 20
‏الصيف :عمد‎ scents ‏العامة‎
‏العامل موقا الضاحية م ضاضة‎
conscience nwo informal n ‏العامية‎
‎tashightn ‏العائش 85 الضوء الومضي‎
despol, dictator n ‏الطاغية‎ slave n ‏العبد‎
‎buoy n ‏الطافية‎ countdonn ‏م‎ sll ‏العد‎
‎student ‏الطالب‎ runner ell
talent 0 ‏الطاِن‎ pace ‏اعدو‎
‎6:0 ‏الطاهي‎ maiden ign ‏العذراء م‎
peacock n ‏الطاووس‎ sponsor n ‏العراب‎
‎mediine n ‏الطب‎ wizard n ‏العراف‎
‎blueprint ‏الطبعة الزرقاء‎ bride n ‏العروس‎
‎606 ‏الطَّراب‎ bridegroom papal
subtraction n Bl corporal 6 ‏العريف‎
‎childhood ‏الطفولة م‎ nudist yall
parasite n ‏الطَفَيلي‎ supper ‏العشاء م‎
weather n ‏الطقس‎ enieh ‏العشروث وه‎
buzzer lala sparrow : ‏العصفور‎
‎avatorn, Chall antiquity n ‏العصور القديمة‎
aviation n ‏الطيرات‎ lizard n ‏العطَاءة‎
‎antelope ‏الظبي م‎ cheekbone rn ‏العظم الوَجْني‎
awning n alba midew ‏الفْطْري م‎ (aml
noon ng Bl spontaneity n ‏العَفُوية‎
‎debutn ‏الظُهور الأول‎ realty n Lisl
00 ‏العاشرة‎ | mastemindnagall ‏العقل‎
‎metropolis ‏العاصمة م‎ toad 1 ‏الغُلْجُوم‎"	word-to-word-bilingual-dictionary
225	"2 ‏الفيتامين‎ |
bubble qu» ‏الفائزة 008 العلكة‎
humanities ‏العلوم الأدبية م‎ surplus ‏الفاتض م‎
uncle ‏العمرم‎ charcoal n pal]
baptism ‏العماد‎ mare ‏القرس‎
‎Ifetime ad yall cavalry n Olas,
groundwork 6 ‏العمل التحضيري‎ thesis naa
farming n ‏العمل بالزراعة‎ stanbery ‏الفريزم‎
‎backbone ‏العمود الفقري م‎ popoom ‏المُشارة‎
‎89819016 ‏الفصل 6و0 العناوين الرنسية‎
providence n ‏العناية الإلهية‎ | cosmonaut astronaut n ‏الغضائي‎
‎nightingale n ‏العندليب‎ mushroom ‏المُطرم‎
‎cabern Lal breakfast ‏المطور‎
‎gasoline ‏ال الغازولين م‎
thyroid n ‏الملاح مادهتقوم الغدّة الدَرقيّة‎
west ‏الغرب‎ astronomer n ‏المَلَكِي‎
‎westomer ac) ‏الغربي‎ fie n ‏الفلوت‎
‎sundown n ‏الغروب‎ corkn ‏الفِلين‎
‏الغريب 50و00‎ backyard ‏الفناء الخلفى م‎
spinster» ‏العزالة‎ artist ‏القنَات‎
‎dusk ‏الغسق م‎ 0020 n ‏القنائيّة‎
‏العَسُول 6006م‎ hotel 6 ‏الفندق‎
‎mob n ‏الموغاء‎ ‘photography ‏الفوترغرافي م‎
conqueror n ‏الفاتح‎ phosphorus 1,98 ugall
comma alolall peanut ‏القول السوداني‎
6000008 ‏الفاصلة العليا م‎ steel n ‏الفولاذ‎
‎waltz ‏الغالس‎ amin 1 ‏الفيتامين‎"	word-to-word-bilingual-dictionary
226	"= لايس ل
‎beaver n wail‏ الفبروس 0 ‎Vis‏
‎coon n sll]‏ الفيزياء م ‎shysis‏
‏القوى العظمى ‎anipneuduall ١ superpower r‏
القيادة العامة م ‎headquarters‏ | الفيلسوف ‎phiosopher n‏
القيراط ‎carat‏ القابلة 0016م
‎ier Jalal czar n prs‏
‎custodian n pail‏ القاتل, قتل ‎homicide n‏
‎iter n lS)‏ القارض ‎rodent n‏
الكاتب العدل م ‎notary‏ القارئ ‎reader‏
‏الكاحل ‎anki‏ القاطع ‎cuter‏
‏الكازيتوة فط القالون مادو
الكبريت م ‎cod n aall spur‏
الكتاب المدرسيّ ‎textbook n‏ | القدرة ‎aviityn‏
‏الكتاب المقدّس ‎sharp u3all tie n‏
الكُنّبِي ‎stationery n usw, bookseller n‏
الكرة الأرضية 910088 ‎contr n 5a‏
الكرة الأرضية 5916 القَرَوي ‎Vilage n‏
الكرة الطائرة 018/8816 القريب م ‎relative‏
‎chery n 3,31‏ القُرَيّدِس 06 ‎prawn‏
‏الكركدَنَ ‎thinoceros n‏ القرينة ‎context n‏
الكزمة 4080 القِسَّمَة ‎destiny n‏
‎borough n asad] crank n 23351‏
الكشافة ‎otern aclaill scout‏
الكظامة ‎diameter Lal clue n‏
الكفْت م ‎saucepan‏ الفَقال ‎locksmith n‏
الكفيل  ‎moon n yell guarantor‏"	word-to-word-bilingual-dictionary
227	"0 ‏لمعتب‎ |
rabies : ‏الكَلَب‎ stork n ‏اللْقُلَق‎
‎cynic ‏الكَلْبي وه‎ wign alll
4060 ‏م مها الكمات م‎ ul
060686 ‏الكماني‎ maker ‏الهم‎
‏اللوزة م0081 الكنَة م ملم ماويمة‎
abe n ‏الكتيسة‎ feukemian ‏اللوكيميا‎
‎stem ‏الكوثل‎ matraism ‏المادية م‎
cocaine ‏انف الكوكايين‎ all
planet ‏الكوكب‎ marshal ‏م‎ JL Lal
cookin ‏الكوكتيل‎ masochism n ‏الماسوشية‎
‎‘comedy n ‏الكوميديا‎ pedestrian n ‏الماشي‎
‎universe n Sl cate n ‏الماشية‎
‎Kiogram ‏الكِيلُوغرامر‎ mahagony n ‏الماهوغانية‎
‎1000016: ‏الكيلومترة‎ hundred ‏الماثة وم‎
1008387 ‏الكيلووات‎ plug ‏المأخذم‎
‎chemistry ‏الكيمياء م‎ missionary ‏المبشرم‎
‏الكيمياني :الصف‎ ovary n ‏المبيض‎
‎agnostic ‏اللاأدريم‎ conspirator n pola]
refugee n ‏اللاجئ‎ contributor 0 ‏المتبزع‎
‎laser nM wanderer ‏المتجول م‎
‏اللازمةب معام‎ | correspondent nase ‏المتراسّل‎
‎player ‏المترجمر م #لتقاوق اللاعب‎
theology n ‏اللاهوت‎ vagrant n 5 xia]
theologian ‏اللاهوتي م‎ intruder n ‏المتطفل‎
‎weer ‏اللحامة‎ volunteer ‏المتطوّع م‎
plaster Spall bigot ‏المتعضب وه‎"	word-to-word-bilingual-dictionary
228	"| J] 2
920150170 ‏المتعضي‎ den ‏المدّ والجزر‎
‏المدار الاستوائي 10060 ا‎
bystander n ‏المتفرّع‎ savings ‏المذّخرم‎
‎speaker plSanll smoker ‏المُدَحُن‎
‎apprentice n ‏المتمهن‎ trainer n ‏المدرّب‎
‎extn all master ‏المدرس‎
‎trailer ‏المَتَنَشْرَة‎ defendant n ‏المُدّعَى عليه‎
culpritn pgiadl ‏المذّعي لاقام‎
metaphor ‏المجازه‎ arifery n ‏المدفعية‎
‎arena ‏المجتلد‎ masseurn ‏المذلك‎
‎leper ‏المجذومه‎ masseuse n aS] al
freezer n ‏المجمد‎ rake n ‏المِدّمّة‎
‎madman n ‏المجنوت‎ distor, manager n sal
yolk n sal debtor ‏المدين م‎
oyster, shelfish ‏المحارم‎ altar n gw ial
wartior neal] 801008 ‏المذكرم‎
‎200000180106 ‏المحانيسب‎ comet niall
‏المحافظ:صره»‎ synonym ‏المرادف‎
‎tower n ‏المحامي‎ |
lover n Conall adolescence n ‏المراهقة‎
‎ler ‏م‎ Jamal square n ‏المريّع‎
‎thermometer n yen conserve n ‏المربى‎
‎motor n ‏المحرّك‎ addresses n ‏المرسل إليه‎
poriable ‏المحمول وه‎ composer nS pall
10097 ‏المزملاد م 080713308 المُخبر‎
0066 ‏المخزون‎ esophagus ‏المريء م‎"	word-to-word-bilingual-dictionary
229	"| المعدن »
الجسيل 1 ‎ravine‏ المزيخ ‎Mars‏
‏المُسَيمِير ‎tack n‏ المريد ‎follower n‏
المشاة» ‎infonty‏ المريض الخارجي ؟ ‎oupatient‏
‏المشاهد  ‎oniooter spectator‏ | المزعومروه ‎socalled‏
‏المشبوة ‎suspect‏ المزين م ‎haresser‏
‏المشتري ‎buyer ١‏ المساعد 0808
الممشرف 60016 المسافرة ‎passenger‏
‏المشعاع ‎١‏ مادقم المساهمم ‎shareholder‏
‏المشعلَة ‎bonfire n‏ المستأجر ‎essa, tenant n‏
المشكاة ‎Tantern n‏ المستبد ‎tanto‏
‏المشمش 0060010 المستخدمرة 0010/86
المشيرم ‎marshal‏ المسترهن 0100م
المصطلّحات ‎terminology‏ المستطيل م ‎rectangle‏
‏المصل ‎serum‏ المستعمل ‎wsern‏
‏المصور م ‎photographer‏ المستفيد م ‎beneficiary‏
‏المضارة ‎bigamy‏ المستوطن ‎setter‏
‏المضخمره 800160 المستوقد ‎ohimney n‏
المُعاجل 1 ‎accelerator‏ المسجد م ‎mosque‏
‏المعالج :كاف المسجل م ‎marker records‏
المُعامل ‎coeficientn‏ المسطّره ‎ler‏
‏المعاون ‎aie n‏ المسلح ببندقية م ‎gunmen‏
‏المعنرف 0 ‎confessor‏ المُسَلونَة م ‎sihouetie‏
‏المعجب :4000 المسماع ب ‎earphones‏
‏المعجمرم ‎Vocabulary‏ المُسهمرة ‎contibutor‏
‎Messiah  حيسملا average n Jamal]‏
المعدّت م ‎miner‏ المسيحية ‎Chiistianity n‏"	word-to-word-bilingual-dictionary
230	"| J =
comforter Small ilionai ‏المليوثيرةة‎
‎wistn puamall tangent loa!
incurable ag ‏المعضول‎ raincoat ‏المِمُطر م‎
‏المعلمره نور‎ investor ‏الممول م‎
contastn ‏المغايرة‎ conpetior, 00016 ‏المناس‎
‎magnetism ‏المغتطيسيّة‎ nighigown ‏الجنامة م‎
detontor ‏المفجّره‎ | alam ‏ومن يمه‎ Guia!
80015 n ‏المقاتل‎ itor n passa!
denominator pial] asiologer n poniall
trigger n ‏المقداح‎ asterisk n ‏المُنجّمة‎
‎telescope n ‏المقراب‎ nostil n ‏المَنْخِر‎
‎1601006 ‏المقرأ‎ deanser ١ ‏المنظفة‎
‎delinquent ‏المقضره‎ savior n ‏المنقذ‎
‎showdown n ‏المكاشفة‎ zesin ‏المُنَكّه‎
‎bookstore n ‏المكتبة‎ skyghtn sia
caburetorn ‏المكرين‎ sperm sual]
Mexican ad) ‏المكسيكي‎ migrant n ‏المهاجر‎
‏المكعب مطل‎ assailant ppl]
sheets n 6: Mall aifield ‏المَهبطه‎
‎500» ‏المهتدي 0000006 الملاكمره‎
‏المهجع 401191006 الملحد م فافظة‎
poster ‏المهرب 00997 الملصق‎
monarch n ‏الملكية‎ agitator n ‏المُهِيحٍ‎
‎culpabiity ‏الموتيل 00186 الملومية م‎
millimeter n ‏المليمثر‎ oracle ‏الموحى م‎
001007 ‏المليون‎ | morphing n ‏المُوِرْفِينَ‎"	word-to-word-bilingual-dictionary
231	"stretcher ‏الموسّعة م‎ 16080007 boll ‏النداء‎
‎musician ‏الموسيقي م‎ soar 0 ‏النَرب‎
‎personnel n ‏الموظفين‎ vain ‏النذكم‎
‎deadine ‏الموعد الأخير»‎ dicen 531
park 0 ‏الموقف‎ Norway» ‏النرويج‎
‎0 asthma n ‏النّسمة‎ |
monologue n Zslsigall monkey ‏التّسناس م‎
feminine adj ‏المؤنث‎ pickpocket ‏م‎ JULI!
supporter n 1s80Jl. patron, champion ‏النصير م‎
mechanic 75 ‏الميكانيكي‎ optician ‏النظاراتي م‎
microscope n ‏الميكروسكوب‎ regime n pUaill |
‘microphone n ‏الميكروفون‎ regularity ‏النظامية م‎
waiter ‏النادل م‎ peer nual
watess ‏النادلة م‎ colon n oles]
‘people n ‏الناس‎ opposite n ‏النقيض‎
‎hermit, recuse ‏الناسك م‎ mumps n ‏التُكاف‎
‎publisher ‏الناشرم‎ temite ‏النمل الأبيض‎
adviser n ‏الناصح‎ prototype n ‏النمودج‎
‏التورس « انوقةة النبات الحبي ماقم‎
batn aud nicotine rn ‏النيكوتين‎
‎nobleman ag ‏النبيل‎ telephone ‏الهاتف‎
‎0009600 ‏النتروجين‎ destroyer sll
prose n ial sonductor n ‏الهاذي‎
‎camenter ‏النجارم‎ vampire ‏الهامة م‎
camentyn&,lxll | pam a Sel
souptorn ‏التحات‎ | barbarian n ‏الهمجي‎"	word-to-word-bilingual-dictionary
232	"| J =
agoon ‏الهُورم‎ Japan LLL
monster n asp! earth, land n Gs WJI-
aint n ‏الهوية‎ yam ‏اليامرة‎
‎heroin )50 ‏الهيروبين‎ yacht n cull
choloran ‏الهيضة‎ catemilar n ‏اليُسَرَوع‎
‎homework n ‏الواجب المنزلي‎ denn ‏اليهودي‎
‎incoming ag 31s) Judaism ‏اليهوديّة‎
‎watt blgll fotine ‏اليوده‎
‎preacher ‏الواعظم‎ tangerine ‏اليَوسّفِي م‎
newcomer ‏الواقدم‎ today ach pull
realism ‏الواقعية م‎ diary n ‏اليوميات‎
‎parents ‏الوالدات م‎ expand ‏أمتد»‎
‎0800006 ‏الوثني‎ span ‏امتدادم‎
‎olf ‏الوثنية م‎ soak up v ‏أمتص‎
‎means 0 cog)! prerogative, rege ‏امتيازم‎
‏الوسيط: فق‎ woman n ‏أمرأة‎
‎curator n ‏الوصي‎ snatch v clsol
page n ‏الوصيف‎ emerge v ‏أنبثق‎
‎posen ‏الوضعَة‎ extroverted ag ‏أنْيسَاطِي‎
‎patriot n ‏الوطني‎ fat aq ‏انبطاحا‎
‎quicksand ‏الوَعْث م‎ spranlv xa
scoundrel n adgll emanate v ‏أنبعث‎
‎atomey n ‏الوكيل‎ tention ‏انتبأة م‎
vandal n ‏الوندالي‎ suicide ‏انتحارة‎
‎vandaiism n J gl slestion ‏انتخاب م‎
rit aa ‏أنتخب ب اتاو الي اليمين‎"	word-to-word-bilingual-dictionary
233	"0 ‏انحر‎ | |
propagate vail teen, nln v. ‏انحنى‎

wating nisl 48014060000 ‏انخفاض‎ |
uniformity Ui! impuse n ‏اندفاع‎
‎hang on vas ‏اندلاع م لمعيه‎
pickup ‏انتعاش م‎ coaon ‏اندماج م‎
buige ‏انتفاخ م‎ incorporate ‏أندمج ب‎
insunecton ‏انتفاضة م‎ amazement ‏انذهال‎
‎ize v gas! compatbiy np xa]
‏انتقاد رصت‎ | windrawal roveatn ‏انسحاب‎
‎ical og ‏انتقادي‎ sip ‏اتسلال م‎
removal n ‏أنصرف اند افو انتقال‎
reprisal ‏انضباطم 4500108 انتقامه‎
hand down v Jaz! eft n ‏انطباع‎
‎sinke back v adil getaway v ‏انطلق‎
‎relpse ‏انتكاس م‎ 10009001 ag ‏انطواني‎
‎pushy ‏انتهازي 4ه‎ solude n jal
um uty ‏انتهى‎ detour nasil
gravitate ‏اتجذب»‎ tefiecton ‏اتعكاس م‎
400 ‏انجرف‎ refexive ‏انعكاسيوه‎
‎ramp nal immersion n Las!
deviton 1 ‏أنقمس 4060 انحراف‎
0917 ‏انحرف‎ openness ‏انفتاح م‎
squeeze in vaso] explosion, outburst ‏انفجار‎
‎degeneration n Jixil blowout n ‏انفجار دولاب‎
000, ‏انحتاء‎ exviosive ‏انفجاري وه‎
incinaton » ‏انحناءة‎ ent pil"	word-to-word-bilingual-dictionary
234	"1 ‏اسل‎ 86
break away v ‏اتفضل‎ |
excitement ‏انفعال؟‎
‎ai pi uricane n ‏إعصار مداري‎ |
sais 0 ‏انقسام‎
‎blackout ‏[التعتيمر‎
‎onslaught ‏انفضاض م‎ bas !
1 genocide 0 ‏إبادة جماعية‎
sepse via
expression ‏إبانة م‎
reversal ‏انقلاب م‎ 1
my aratv ‏إبتز المال‎
SH navigation ‏إبحارم‎
‎gounder, plummet vgs! ny jy ‏إلا‎
‎downpour, outpouring 0 ‏الج 9 انهمار‎
preoccupation ‏م‎ lagi oI
colense ‏انهيار‎ Myrrdin
til 1350] ‏إبريق الشاي »0م‎
‏ل‎ buco n pel
i nb
interest posal Solel
A vacaion ‏إيطال م‎
i rd) 3 olen ‏إبعاد‎
‎04060 24 ‏أي‎ commanicaton ‏إبلاغ م‎
satanic af wal]
pertecton las]
conpleion n pl]
indict ‏إتهم‎
‎aggravation n ‏إثارة‎
‎entrenched ‏4ه‎ Jal]
quit sin 3]
dozen ‏إثنا عشرم‎"	word-to-word-bilingual-dictionary
235	"0 n=} IB
response n ‏إجابة‎ | bookkeeping n ‏إدارة حسابات‎
constraint n=] ‏إدانة م 012001قة.‎

‎Js]‏ م ‎insertion‏ إجباريٌزوة لافاهؤنانة.
إدراك ‎perception n‏ إجتمع ‎v‏ 4000136
‎diphthong n ples]‏ إجحاف ‎prejudice n‏
إدلاء بشهادةم ‎heating‏ إجراءات ‎procedure n‏
‎Glos]‏ الكحول 46001500 إجلال م ‎abedience‏
‎additive 04 los]‏ إجماع؟ ‎consensus‏
‏إذاعة م ‎toto olla] publication‏

‎sain, sires n ‏إجهاد‎ asunder av]
miscariage ‏إجهاض م‎ confusion ‏إرياك م‎
rusaton, defeat ‏إربط الجزام» 50600610 إحباط م‎
watch outv ‏إحترس من‎ defect.)
bum ‏إحترق/‎ inheritance » |

‎erty ila ‏إحتفظ‎ reprieve, respite ‏إرجاء م‎
combustion n ‏إحراق‎ restoration ‏إرجاع م‎
arson ‏إحراق المباني»‎ qudance ‏إرشاد م‎
count n ‏إحضاء‎ terre n ‏إرهاب‎
‎satin ‏إحضائى‎ disturbance n ‏إزعاج‎
‎renovation rela] chisel ‏إزميل م‎
shortcut Lacs | abuse ‏إساءة استعمال م‎

‎hisck ‏إختطاف طائرة‎ Hispanic ‏إسباتى وه‎
failure, miss ‏م‎ las] spain ‏إِسْبانيَا م‎
deity n ‏إخلاص‎ tare up vias ‏إستشاط‎
‎0000607 ‏إخوة في الدين‎ recover ‏إستعاد‎
‎conduct, direction n ‏إدارة‎ stable Jub ll"	word-to-word-bilingual-dictionary
236	"- aid 2
sponge ola co] frame nb]
wedge n ‏إطار ضارب86 إسفين‎
avorton nol] fatory prise ‏إطراء‎
‎Islamic ac) ‏إسلامي‎ firefighter, freman ‏م‎ labo]
anonymity 1 liane ‏إسم‎ delvery n ‏إطلاق سراح‎
gesture, sign 8,Lu| aunsho, shot, ‏إطلاق‎
‎dialtone n ‏إشارة صونية‎ refund n ‏إعادة مال‎
um, hearsay ne Lud review na ‏إعادة‎
‎satisfaction n £ Lock] review ‏إعادة نظر»‎
bridesmaid gyal] ‏إِشْبِينَةُ‎ handicap ‏إعاقة م‎
buy ‏إشترى»‎ subsidy ‏إعانة ماليّة م‎
supenision ‏إشراف م‎ enbrace n ‏إعتناق‎
‎note ‏إشعارم‎ enbrace vs ‏إعتنق‎
‎compassion ‏إشفاق م‎ admiation n ‏إعجاب‎
‎grueling ‏إشكالِيٌ وه‎ concoction ‏إعداد م‎
fit ‏إصابة‎ fondness sxc]
finger gas] ister ‏إعصارة‎
‎en 022) gas] exemption, acquit ‏إعفاء م‎
emission fa] notation ‏إعلامرة‎
‎insistence ‏إصرارة‎ advertising n ‏إعلات‎
‎reform, reparation ‏إصلاح م‎ exnausion ‏إعياء م‎
fioodigh n ‏إضاءة‎ {emptaton ‏إغراء‎
‎additional ‏إضافي 4ه‎ closure n ‏إغلاق‎
‎overtime adv SL] fant n slag]
dossier fe ‏إضبارة‎ enticement n ‏إغواء‎
‎walkout ‏إضرابٌ عمالي م‎ premises n ‏إفتراض‎"	word-to-word-bilingual-dictionary
237	"presuppose vise ‏إفترض‎ onwards aay eleVl ‏إلى‎
‎supposing c 2] ashore a solid] ‏إلى‎
‎reveal veld] backwards sav ‏إلى الوراء‎
bankruptoy ‏إقلاس م‎ slighty sav 3> ‏إلى‎
‎dismissal ‏إقالة م‎ enough sa ‏إلى حد كاف‎

lay off ‏إقالة‎ somewhat sav Lo 13> ‏إلى‎

إلى فوق ‎upwards adv‏ إقامة م ‎residence‏

إلى مكات بده ‎farther‏ إقرار ‎ratfcaton‏

coun, province nul] rifcaton ‏إماتة الجسد م‎
regional ‏إقليمي وه‎ emperor n ‏إمبراطور‎
‎persuasion ‏إقناع م‎ empress 0 ‏إمبراطورة‎
‎constant ١ ‏إكرأة‎ imperial ag ‏إمبراطوري‎
‎wath 7 ‏إمبراطورية 600160 إكليل‎

إمرأة فاتنة م ‎mermaid‏ إكليلي هه ‎coronary‏
‏إمساك م ‎constipation‏ إلا ‎excepto‏

unless ‏إلا إذاء‎ signature ‏م‎ elas]

urge ‏إلحاح م‎ possibilty n ‏إمكانيّة‎

إناء م ‎ens‏ الحاده ‎heresy‏

إنتاج م ‎eproducton‏ إلحاق ‎amesaton n‏
إنتشار الجند ‎deployment n‏ الزامي زوه ‎compulsory‏
‏إنتصر عليه ‎beat v‏ إلغاء ‎repeal‏
‏إنتظار طويل وه ‎long sanding‏ | إلغاء قيمته ‎depreciate y‏
إنتظم في صف 06 إلكتروني ‎aa‏ 96010006
إنجاز ‎accomplishment‏ إلهاءم ‎disvacton‏
‏إنحلتراء ‎England‏ إلى ‎to, pre‏

forever ‏إلى الأبديدة‎ gospel n ‏إنجيل‎"	word-to-word-bilingual-dictionary
238	"2 إنقار
اك ل ل الس ل ال لاس
إيمات » ‎notice nla] belt‏ 1
إنذار ‎aan phi‏
‎Human being Glu]‏
إنشاء م صقان
1 إتشق ‎sonad vale‏
‎‘expenditure n Sls] |‏
‎bursty yeas] o‏
‎dad, father n ol‏ إتفلوتراء متها
يترم ممعتفاع إتقاذم ‎rescue sation‏
‎meals)‏ إنقياد للشهوة ‎incontinence n‏
أبدي وم ‎ondess‏ إنكار ‎convadioton‏
‏أبرشي 4ه ادامر إنكليزي ‎English ac)‏
أبرشية ف ‎paris‏ إهانة 00018011
أبريل ‎erin‏ إهمال ؟ادموة
‎exonerate v Sul‏ إيتاري وه اعم
أبغض مامز إيجابي 4ه عفمعم.
‎rad dumb, idiotic ac Sal‏
أبله ‎aid silly acj‏
أبلى ب ‎veardoun‏ إيحاء ‎wegkatonn‏
‎a‏ الأ ‎nese‏ ال
أبة ‎paternity n‏ إبزلتدام لماز
أبوي 4ه ‎ry fatherly‏
أبيض ‎eri] blank, white ac‏
‎TR hamonize v call‏
آثار» ‎rouse, excite‏ إيشاف م امون
‎tied vestige, track n il‏"	word-to-word-bilingual-dictionary
239	"أذن ب 26

‎[Hl‏ أخرف و رمه صما أثر القدمرم ا0فطه
أخزى؛ ‎disgrace‏ ل
‎ery pil 01:8 vous]‏
‎atrosious ad ull goofy las]‏
أخطبوطم ‎octopus‏ أجداد م ‎grandparents‏
‏أخطئ ‎mistake v‏ أجر ‎Wagan‏
‎hide v pis]‏ أجرة ‎postage null‏
أخلاق ‎moral n‏ أجرد ‎empty ag‏
أخلاقي ‎ethical, moral af‏ أجحش وم ‎hoarse, husky‏
أخمص ‎solen pall‏ أجل ‎glory v‏
‎brush nae bronerhood n 655]‏
‎Ss‏ وه ‎brotherly, rate‏ أجنبي ‎foreign ag‏
أخير ‎latest, last ac‏ أجنبي0 ‎foreigner‏
‏أخيرا بده ‎eventual, lst‏ أحد ‎eleven ag yas‏
أداة ماما أحدث» ‎make‏
‏أداة تنكيرة 8,80 أحرف كبير م ‎capital efter‏
أدخل 10890 أحسروة ‎myopic‏
‏أدرك / ‎rod adi som] overtake‏
‎catch up v aS 5]‏ أحمق وه ‎inept, stupid‏
أدغال م ‎ossasionaly, sometimes acy Glu] jungle‏
أدلى ‎hang v‏ أحيائي ‎biological ag‏
أَذْنَى ‎brother n gl bottom‏
أدنى وه ‎lower‏ أخ غير شقيق ‎stepbrother n‏
أدوات م ‎material‏ أخدود م ‎furrow, groove, pothole‏
أدوات منزلية ‎hardware n‏ أخرج ‎drawback n‏
أذت ب ‎foreshadow‏ أخرس ‎dumb ag‏"	word-to-word-bilingual-dictionary
240	"sl 2
1, ‏الس‎ crisis na, ‏أزمة‎
‎herald v ‏أذيع‎ misinterpret ‏أساء التفسير»‎
eamings ‏م‎ ll base, basis ‏أساس م‎
embarrass ‏أربك ب‎ grassroots, basic ‏أساسي زوه‎
‏أربية م دو‎ Spanish ‏وه‎ soll
orthodox ad) an 3951 wesk n ‏أسبوع‎
‎ogni ad 2] yonkiay et ‏أسبوعي‎
‎purple ag ‏أرجواني‎ weekly av Legal
‏أرسل بالبريد 81م‎ lion n ‏أسد‎
‎brief, guide v ‏أرشد‎ capture n aul
archive n ‏أرشيف‎ hry vg pas
1066 ‏أرض‎ establish ‏أسس ب‎
height n ‏أرض مرتفعة‎ cylinder disk n ‏أسطوانة‎
‎terrestrial ag no, fable legend n ‏أسطورة‎
‎dismay, horry v ac] fleet, navy n ‏أسطول‎
‎widow n ‏أرملة‎ regret n ‏أسف‎
‎hare n ‏أرنب الوحشية‎ letdown vad ol
16010156 dread v ca, bishon nak of
‘amehait 0 ‏أريكة‎ silence val
dislodge, dispel v ‏أزاح‎ antecedents ‏أسلاف م‎
grease ‏أزال الشحم»‎ tonal
defrost y ‏أزال الصقيع‎ manner, style n ‏أسلوب‎
‎dehydrate ‏أسلوب الحياة 1658166 أزاك الماء ب‎
blue ‏أزرق و‎ brown ad youl
dip ves cement n ‏أسمنت‎
‎infested ‏أزعج وه‎ paramount aq ‏أسمى‎"	word-to-word-bilingual-dictionary
241	"0 uel

above ‏أسمى من م‎ orgnaty aos Sol ‏الل‎
‎teeth n Olas] reconcile v ‏أصلح ذات البين‎
dentures ‏أسنان إصطناعية م‎ baid aos ‏أصلع‎
‎pool v pga fundamental, original aaj ‏أصلي‎
‎worse, worst ac ‏أسوأ‎ deat aq) pol
black adh ‏أسود‎ indaws ‏أصهاره‎
‎captive n ‏أسير‎ potn ‏أصيص‎
‎connote ‏أشار»‎ flowerpot n ‏أصيص ورود‎
popularize » ‏أشاع‎ eniighten v ‏أضاء‎
‎timber ‏أشجاره‎ gleam / ‏أضاء بضعف‎
supervise v ‏أشرف على‎ 10: vg Lal
‏ومافونةا أشرق انوا‎ stock n ‏أضحوكة‎
‎fire ignite v ‏أشعل‎ impair. sap » ‏أضعف‎
‎blond ad) yal frame v bol
formal ‏أشكلي 4ه‎ extremitios ‏أطراف الجسم‎
camage n ‏أشلاء‎ extinguish ‏أطفا ب‎
‏أطلق 8,8009172 أشيب 4ه رو‎
hit inflict v lal discharge ‏أطلق سراح»‎
rupture ‏بالفتق»‎ lol reconsider ‏أعاد البحث,‎
aunentiy n ‏أعاد البناء 860068001 أصالة‎
become v ‏أصبخ‎ resleot v wisn] ‏أعاد‎
‎cooldown v1, ‏أصبح‎ rebuild vel ‏أعاد‎
‏أعاد تصنيع ب فامزفة أصدر امرا الى ب تاذ‎
Junior acy piel reorganize v pukais ‏أعاد‎
‎1800006: ‏أصفاد م‎ refund ‏أعاد مالاب‎
yellow ‏أصفرزة‎ emancipate v ‏أعنق‎"	word-to-word-bilingual-dictionary
242	"2 أعتمد على
الس أ ‎mm‏
‎endorse v 81‏ أعتمد على زه ‎i‏
‏أقرض ‎lend v‏ أعجوبة ‎marvel‏
‏| أعجوبي وه ‎miraculous‏
‎JI‏ وه ‎pact les, loser‏ بالكهرباء 860100016
أقلق ب ‎obsess‏ أعزب ‎single adj‏
أقنع ‎Jel induce v‏ وم ‎unarmed‏
‎more ad) S|‏ أعطى ‎avein‏
‎beter ad plac] undertne v AST‏
‎pronounce v cole! grove v 20S]‏
ألح امم أعلن بقوة ‎exclaim‏
‎thousand ag all‏ أعلى وه ‎maxima‏
‏ألف ‎miennium n ple‏ أعلى الشئ ‎head n‏
ألقى ‎bind v sas] casty‏
‎painn ol‏ أعمى ‎bind agg‏
ألم الأذتام ‎earache‏ أعني ‎namely aov‏
ألماني 4م ‎German‏ |
‎Germany n Lololl‏ أَغُسَطْس ‎August‏
‎inspire v pup]‏ أغنية ‎carol née‏
ألى ‎aon‏ أفاق ‎prospect n‏
‎mom, mother n 51‏ أقشى سراء ‎dnige‏
‏أمات + ‎monty‏ أفضل ‎est aq‏
‎before pre plo‏ أفضلية ‎advantage n‏
‎somentn ssl foreground n pol‏
أمامي ‎forward acy‏ أفقر ‎impoverished aq‏
أمامي 100154 أفقي ‎١01690 at‏
أمتعة م ‎aectvall | baggage, luggage‏"	word-to-word-bilingual-dictionary
243	"أوروبي نَ

J —] scinosd [HH
lastnight ac ‏أميس‎ you pro ul
catch vos ‏أمسك‎ reproduce ‏أنتج ثانية ب‎
hold onto v ‏أمسك بقوة‎ diversity ‏أنتج محاصيل‎
bowels 1 ‏أمعاء‎ enn paball ‏أنثى‎
‎intestine ‏أمعاء مفردم‎ folks me poll ‏أنسباء‎
‎open Jol chant n ‏أنشودة‎
‎smooth ag) ‏أملّس‎ nose nal
insure ‏أمن‎ themselves pro gana]
safety, secuty n ‏أمن‎ disburse v, ‏أنفق‎
‎wishes! | lash out ‏ماله بطيش‎ sail
funds ‏أموال م‎ endupv sell
Ps sented]
maternal ad) ‏أمومية‎ fashionable, nea adj ‏أنيق‎
‎iterate 4 ‏أمي‎ groan n ‏أنين‎
‎prince n sual dbase, insult v lal
admiral n Jao] cooldown v ‏أهدا‎
‎princess n & ol helo» Mal
American ‏أميركي 4ه‎ leave out v Jol
cashier n ‏أمين الصندوق‎ fall don v ago ‏أهمل‎
‎brarian ‏أمين المكتبة م‎ oreal
groan vol aperan sl
myseltpro Ul | automate ‏أوتوماتيكي وه‎
agaist ‏م‎ sl resume ‏أوجز»‎
‎ses, greedy ‏وم‎ sal | Europe ‏أورويا‎
‎selfishness n ‏أنانية‎ Eutopoen ‏أوروبي م‎"	word-to-word-bilingual-dictionary
244	"8 0
| soos, goon ssl very nL]
shutoff v adsl enthraling adj sl
park 8, lus ‏أوقف‎ sony a cas]
premier acy J3| ace n gal
primary ad ‏أولا‎ cannibal ‏لحم البشره‎ JST
frst prime adj ‏أولي‎ machine ‏آلق م‎
those ‏وه‎ lal copier ‏آلة تصويرم‎
glance v ‏أومض‎ calculator ‏آلة حاسبة م‎
ounce ‏أونصة م‎ gadget n ‏صغيرة‎ all
‘which, wh ‏أي وه‎ safe ad) ‏آمن‎
‎anybody pro ‏أي إنسات‎ glassware ‏زجاجية م‎ aul
anyone pro ‏أي شخص‎ crockery n 4,8 ‏آنية‎
‎anyting pro ‏أي شيء‎ then adv ail
hour acy ‏أي لحظة‎ verse nu
ideology ‏أيديولوجية م‎
aso, too ao La]
icon nisl
whatever ac) Lau]
tara
Where ad ‏أين‎
‎tie, bickn 8,1
untral ‏آحادي الجاتب وم‎
othr, anther ag 51
erature ‏آداب اللغة م‎
human ag) ‏آدمي‎
‎ham vssh"	word-to-word-bilingual-dictionary
245	"ببساطة 8

بالأحرى مده عفدم

‎cel‏ ب
‎pully‏ نم ‎step baton‏ ب ‎aloud aan Llp‏
بالجهد ‎EE barely, hardly ach‏
بالعكس ‎conversely aay‏ ياب خلفي ‎St ١‏
بالغ ب ‎exaggerate‏ بانتهاج ‎yen‏
‏بالغ 03.2 تسعة ‎tine ag‏ بانساع له سان
بالغ في ‎nat | ovate asa‏ وسيم
بالمقلوب بده انه ‎rity shorty aor inside‏ اما
‎sonernacgll‏ باختصار
بانتظامتةه ‎inate v 3b regula‏
بانفراد ‎prefix n isl lonely aov‏
باهت زوه ‎faded‏ بارجة م ‎battleship‏
‎oily, cold a 3,4 glamorous ac als‏
باهظ ‎ag‏ اماف بارد باعتدال ‎cool ag‏
بائس ‎helpless af‏ بارد جذا ‎frosty aa‏
بإثقات ‎memorable ad ,b neatly ads‏
بإحكامرتةة ‎closely‏ بارع وه ‎sill, wity‏
بإرتفاع مبالغ بده ‎gunpowder n 39, igh‏
ل بازلا قوم
بإقراط ‎excesdingly av‏ باستشتاء سم ومن
بأمل بده ‎opel‏ باص ‎bun‏
‎als‏ حال ‎anyhow pro‏ باطل ‎ul valid ag‏
ببخل ‎sparingly ac‏ باطن ‎inside ad‏
ببداية ‎inal av‏ باع ‎JS‏ ما يملك ‎satoutn‏
‏ببساطة ‎simply acs‏ باقي الحساب م ‎balance‏"	word-to-word-bilingual-dictionary
246	"0 ابيط

لل
بداية م ‎slowly sv slaw inception, start‏

= parotnelan | primitive, rudimentary ‏بداتيوة‎
‎parakeet n ‏ببغاء صغير‎ beginvla

sty ac a0 Knowingly ac ‏بدراية‎

fluent acy ‏بتدفق‎ nicely ec 85.11

amputation 5 exchange v Jas

mutate ‏بترت‎ instead av ‏بدلا من‎

dock Mu ‏بتر‎ corporal ad ‏بدني‎

ranamity Ca cordless ad ‏بدو حبل‎

pimple 65 seadless adi yk ‏بدوث‎

‘surely adv ‏بثقة‎ defenseless ad ‏بدون حماية‎

alongside, by pre ‏بجانب‎ rustproc ‏صدأ وه‎ Us
cowardly ad (pues Jobless ‏بدوت عمل وه‎

gravely av ‏بجدية‎ subsite ‏بديل م‎

venerate v ‏بجل‎ at, obese ad ‏بدين‎

madly adv ‏بجنوت‎ selfevident ad ‏بديهي‎

salor nlx axiom n ‏بديهية‎

explore vans dissipate vs

بذرة تنو ‎sean,‏

marine ac) ‏بحري‎ exertv ‏يذل‎

بذلة ركوب الخيل ‎habit n‏ بحيرة م ‎ake‏

umes, steam ‏بخارم‎ improper ad ‏بذيء‎

harshly acy ‏براءة 0006600 بخشونة‎

incense n ‏بخور‎ profeiency n ‏براعة‎

reappear ‏بداب‎ Portuguese ad) ‏برتغالي‎
‎0010910 av ‏بداعي‎ orange n ‏برتقالة‎"	word-to-word-bilingual-dictionary
247	"w ‏بشع‎

بريء »169 رج ‎tower‏

bel n ‏برج الحرس‎ blameless ‏بريء زوه‎
‏برد اها‎ post ‏بريد م قا‎
nip ‏برد قارس »م‎ parcel post ‏بريد الطَّرُود‎
Heighten v3 aimail 0 ‏بريد جوي‎
aise ‏برز للعيان»‎ British aj ‏بريطاني‎
‎Vel ‏برشمة وه‎ Brtan ‏بريطانيا م‎
9670916 ‏برعم‎ hones, inocent ‏بر زه‎
bud n acy excel vy
despite ‏برعم‎ 0616008 nu
‏برغوث ف‎ ni
Tight acy. 83, cat tov plaballs 3334
lighting ‏م‎ 331 simply n ‏بساطة‎
‎plum, prune n ‏برقوق‎ because of pre ‏بسبب‎
‎069/201: wien ‏برقية‎ orchard ‏بستات‎
‎1068006 ‏بركات‎ gardener n ‏بستاني‎
‎impatience n ps Quik ack ‏بسرعة‎
‎amphibious ‏زوه‎ silo berserk ach yas
5800 n ‏برميل‎ biscuit usu
Keg ‏برميل صغيره‎ casi ‏بسهولة اده‎
agenda, 0109800 ‏برنامج‎ simple ‏بسيطوة‎
‎broadcast n ‏برنامج إذاعي‎ uginess ‏بشاعة م‎
bathrobe n ut avoutpre olan
‏برهات اهم‎ bravely ac ‏بشجاعة‎
‎000186008 n ja, providing that c boas
wid ac 50 ugly ad ‏بشع‎"	word-to-word-bilingual-dictionary
248	"24 بشكل جديد

anew oa ‏بشكل جديد‎ tardy sow av ‏بطيء‎

بطيخ ‎melon n‏ بشكل ‎expressly adv pmo‏ ب
بعث ا ‎dispatch‏ بصرم ‎eyesight‏

frankly ao a> ‏بصراحة‎ resutecton n uss
optical, visual ‏وه‎ Sp ‏,وفوا‎ adv Ass
unoficially adv ‏بصفة شخصية‎ dimension ‏يعدم‎
‎fingerprint ‏بصمة‎ afterwards ad ‏بعدئذ‎

Toudly ac ‏عا‎ G9 fow, some ad) ‏بعض‎

curently acy ‏بصورة عامة‎ indy acy ‏بعطف‎
‎foresight n ‏بصيرة‎ in depth adv ‏بعمق‎

goods n ‏بضاعة‎ mosquio n Abas

merchandise n ‏بضائع‎ distant ‏بعيد زوه‎

propery ac bas for av ‏بعيد‎

بعيد الإحتمال زوه ‎unlikely‏ بضجة به ‎noisy‏

thinly adv ‏بصّعْف‎ off aan ‏بعيداً‎

duck nly away ac Wl ‏بعيدا‎

بغضب ‎sav‏ زامدانة بطاقة بريدية م ‎postcard‏
‏بِعَطْرَسَة ‎proudly adv‏ بطريرك ‎patriarch n‏

else aav ‏بطريقة أخرى‎ mule n Ji
someway ‏#ماصدة‎ ol ‏بطَريقَةٍ‎ relehi, ious ‏بغيض وه‎
ikewise aov ‏بطريقة ممائلة‎ conquer vals ua
heroic ad ‏بطل‎ bugn 2

bely n ‏بطن‎ efovers, remains Las

بقرة 0007 بطن بلغة الأطفقال؟ ‎tummy‏
‏بقرم» ‎amon‏ بطولة ‎heroism‏
‏بقعة م ‎patch, speck, spot‏ بطىء الحركة ‎slow motion n‏"	word-to-word-bilingual-dictionary
249	"us ‏بهام اليد‎
stick around v ‏بقي‎ misfortune ‏بليّة م‎
‏ماه« ا‎ Jus
much acy iS) soy ac cos |
pulley, reel ‏م‎ 8,55 since col Lou
compel ‏بره‎ wherever ‏بماذاء‎
‎huge ag ‏بكل ضخامة‎ anugingly sav ‏بمرارة‎ |
ow ‏بكمريدة‎ Jokingly ‏بمزاح به‎
66:0655 ad ploS] ‏بلا‎ 0066
nonstop ae ‏بلا توقف‎ bricklayer constuction ‏م‎ Lis
flawless ‏بلا عيب زوة‎ 0005061006 ag al
aimless ‏بلا هدف وه‎ fem, 20016 ‏بنذ‎
‎plague n ells 08200017 ‏بندق‎
‎palace ‏بلاطم‎ tn ‏بندقة‎
‎tombstone n ‏بندقية 0068 بلاطة ضريح‎
buletnn ‏بلاغ‎ shotgun ‏بندقية رش‎
Belgian ‏بنزين 9850 بلجيكي وه‎
county nay, ‏بلد‎ forty aay bliss
10006 ‏بلدة‎ pants 0 ‏بنطلون‎
‏بلدية م لازا‎ slacks ‏بنطلوت واسع م‎
balmy ‏وه‎ cul smoolly av ‏سُعُومَة‎
‎plush ‏بنفسج 00006 بلشي 4ه‎
‏بلعة م مانو‎ bud v sie
20000116 ‏بلغ‎ base ‏على أساس»‎ (sis
‏بلوتونيومة 1011نم‎ bull ‏بني في وه‎
‏اقفن‎ nol 160810 ‏بنية‎
‎wearn sls tum ‏بهام اليدم‎"	word-to-word-bilingual-dictionary
250	"0 بهت
ك>ه_مم٠٠__.‏ ااا —
بياض البيض ‎dim vag egg white n‏
بيات ‎catalog n‏ بهجة ‎delight‏ 1
‎Was‏ موجزه 809606 بهجة ب ‎delight‏
‏بيانوم ‎piano‏ بهذا القدروة ‎is‏
‏بيبلوغرافيا ‎iblography n‏ بهلوات م ‎acrobat‏
‏بيت 1 ‎house, home‏ بهمّة ‎busty ac‏
‎staircase n Lol! fv)‏ بهيمة ‎beast‏
‏بيت العنكبوت؟ ‎cobweb, spiderneb‏ | بهيمي ‎bestial adj‏
بيت ريقي 817 بهيمية م ‎bestalty‏
‎homely ads‏ بواسطة م 9م
بيداغوجيا ‎seminary n 8,99 pedagogy n‏
بيضة ووه بورجوازي وه ‎bourgeois‏
‏بَيْصَوي ‎ag‏ مه بوصة 0015
‎one‏ ندم ‎leary, plainly, chiousy‏
بين ‎between pre‏ بوضوح
‎Honk v Ses expt unoquvonal ad on‏
بينة م ‎‘evidence‏ بوق ‎comet n‏
بينماء ‎while‏ بوقة »01
‎envionment n aus‏ يول ب ممنتمين
‎une n dss‏
‎Poin n 13s,‏
بولندي ‎Polish ag‏
بوليس سرى 9000080
بومة 0015
بؤرة ‎focus n‏
‎misery n us‏"	word-to-word-bilingual-dictionary
250	"0 بهت
ك>ه_مم٠٠__.‏ ااا —
بياض البيض ‎dim vag egg white n‏
بيات ‎catalog n‏ بهجة ‎delight‏ 1
‎Was‏ موجزه 809606 بهجة ب ‎delight‏
‏بيانوم ‎piano‏ بهذا القدروة ‎is‏
‏بيبلوغرافيا ‎iblography n‏ بهلوات م ‎acrobat‏
‏بيت 1 ‎house, home‏ بهمّة ‎busty ac‏
‎staircase n Lol! fv)‏ بهيمة ‎beast‏
‏بيت العنكبوت؟ ‎cobweb, spiderneb‏ | بهيمي ‎bestial adj‏
بيت ريقي 817 بهيمية م ‎bestalty‏
‎homely ads‏ بواسطة م 9م
بيداغوجيا ‎seminary n 8,99 pedagogy n‏
بيضة ووه بورجوازي وه ‎bourgeois‏
‏بَيْصَوي ‎ag‏ مه بوصة 0015
‎one‏ ندم ‎leary, plainly, chiousy‏
بين ‎between pre‏ بوضوح
‎Honk v Ses expt unoquvonal ad on‏
بينة م ‎‘evidence‏ بوق ‎comet n‏
بينماء ‎while‏ بوقة »01
‎envionment n aus‏ يول ب ممنتمين
‎une n dss‏
‎Poin n 13s,‏
بولندي ‎Polish ag‏
بوليس سرى 9000080
بومة 0015
بؤرة ‎focus n‏
‎misery n us‏"	word-to-word-bilingual-dictionary
251	"w ‏تتقيب‎
‏تن‎ wear outv ‏تآكل‎
‎conspiracy ‏صر‎
‏اتن‎
‎disciple ‏ا تابع م‎ o
reciprocal ‏تبادلي 4ه‎
‏قا ملام‎ v ‏تابع‎
‎etal ‏تابع‎ pomposiy n ‏تباهي‎
‎cle oc
condiment spice n Jo
‏تبجيل مومعو تابلي 4ه ا‎
Ty evaporate v ys
casket, cof ‏تابوت م‎
replacement ‏تبديل‎
‎crown, garland ‏تاج م‎
2120809006 ‏تبذير/‎
‎merchant n> |
repudiate ‏تبرأ»‎
‎dsomn ‏تبرأ من‎
worties, pety ag ‏ثاقه‎
‎18017 ‏تبرج‎
‎tard contribution 0 ‏تبرع‎
‎tainted ag all
8 tring n ‏تبطين‎
‎outight complete aga
low v ‏تيع‎
‎fumishings ‏تأثيث م‎
thaccon ‏تبغ‎
‎impact ‏تأثير/‎ ِ
adoption nus
postponement n ‏تأجيل‎
‎foster vidi
hoidback ‏تأخرت‎
‎ny 46060 ‏تبين‎
‎7 ‏ا‎ intersect v ‏تتقاطع‎
‎Surge oe complement n ‏ننمة‎
‎gies outshine v ‏تألق‎
‎coronaion, conning n ‏تتويج‎
‎synthesis ‏تنالب كل تأليف م‎
meditation, speculation. nl om
Ss ‘perforation n ‏تثقيب‎"	word-to-word-bilingual-dictionary
252	"2 تثمين
تجهيزات ‎autitn‏ تثمين ‎appraisal, esimaton n‏
تحأرضي ‎underground ad‏ تجادل ‎dispute v‏
تحت بده ‎down‏ تجارة 08:6
تحت ‎pre‏ 006001880 تجاري زوه ‎commercial‏
‏تحدم ‎defiance, dare‏ تجأة ‎against pre‏
تحديد ‎disregard v Jl maton n‏
‎encroach, exceed v jal caution, warning nu xs‏
‎ny‏ 168400 تجاوز ‎rover vl‏
تحرك ‎force vs sidestep v Backs‏
تحريرم 1095000 تجديدم ‎regeneration‏
‏تحرير من الوهمم ‎dislusion‏ | نجرية 0016090111640
تحريض ‎tentative ad) Jaws, incitement n‏
تحريف ‎conviton n aux distortion n‏
تحريمرم ‎pu prohibiton‏ م ‎espionage‏
‏تجسين ‎burp v Lis Improvement n‏
‎arash n pbs‏ تجشؤه ‎bup‏
‏تحفظ ‎close 0 pre‏ تجمع ‎congregation, rally n‏
تحقق ‎ascertain (po‏ تجمع ‎gather v‏
تحقير ‎demeaning ac‏ تجمل ‎make up v‏
تحقيق ‎Investigation, quest‏ تجمهر» ‎mob‏
‏تحليل م ‎analysis‏ تجميدى ‎standstil a‏
‎enthuse v uaz‏ تجميلي م :60908
تحمل ‎endure, incur v‏ تجنب» ‎duck, evade‏
تحمل ‎firmness n‏ تجنيد ‎ac‏ 0001710124
تحمل المشاق؛ ‎arden‏ تجنيد 186000108016
تحول ‎mutate v‏ تُخهِض :050977"	word-to-word-bilingual-dictionary
253	"uw ‏ترجمة‎

تدرج » ‎graduate‏ تحؤّك م ‎transformation‏

conversion, transfer ‏تدريب 0 و6060 تحويل‎
regards n ‏تحيات‎ CCC |

تدريجيًا ‎ace‏ لمموعممام تحيزه 0445

تدشين م ‎coagulate ists inauguration‏
‎١‏ تسليقم» تخثر ده الود

تدمير م ‎annihilation‏ تخدير م ‎numbness‏

تدنيس المقدسات 08016986 | تخريب م ‎sabotage‏

lace ‏تخريمرة‎ vel, souvent ‏تذكارة‎

drawing ‏تخطيط م‎ recollection n ‏تذكّر‎
‎sketchy ‏تخطيطى وه‎ memento n 8,555

underlie vals ‏تخفى‎ nag, grouch v yo i

disposal ‏تخلص من م‎ complaint, murmur ys

escape v0 ‏ترابط» 008816 تخلص‎

ave away v Gin als 00180906: ‏تراجع‎

falbehind vo ‏تخلف‎ retiat n ‏تراجع‎

relinquish v ‏تخلى‎ tragic ‏تراجيدي وه‎

boundary np wamn ply

assessment n ‏تخمين‎ streetcar ‏ترامواي م‎

ترأس جلسة» قن تخيل» ‎envisage‏

‎dustnayi‏ تداخل ‎v‏ ممافيه

‎getby ui patn ‏تربيتة‎

‎scam n Juz amangement n ‏ترتيب‎

‏ترجل ‎dsmounty‏ تدخل ب ‎inervene‏

‏ترجل ‎drop‏ تدخل م ‎intervention‏

‏ترجمة م ‎inlepreiaton‏ تدرب كاه 00"	word-to-word-bilingual-dictionary
254	"wid 0
re
welcome ‏ترحيب م‎ water down velo ‏تزود‎
‎greetings ‏تزويرة 10960 ترحيبات م‎
| reloaton 1 ‏ترحيل‎ snow nual ‏تساقّط‎
‎authorization 6 ‏ترخيض‎ indulge v ‏تساهل‎
‎estaton 355 teniency ‏تشاهل م‎
66008017 ‏ترد الى مكاث‎ iyi aay sls
‏تسجيل 00108116 تردد على ب انف‎
hestant ‏ترددي وم‎ leak, leakage ‏تسرّبام‎
‎target, shield n ‏ترس‎ hasten ‏تسرع‎
‎precipitate v ‏تسريحة فاطو ترسب‎
candideny ‏رشح م‎ ninety ac ‏تسعون‎
‎appeasement v ‏ترضية‎ hang around v ‏تسكع‎
‎expect ‏ترقب‎ sedation ‏تسكين م‎
suspensen 315 85 getup v ‏تسلق‎
‎promotion nd receive v plus
leave ‏ترك‎ extradite n plus
6010080000 ‏تركيب‎ pasine ‏تسلية م‎
‘condensation n ‏تركيز‎ surrender n pubis
emostatn ‏ترموستات‎ admission ‏تسليم بقضية م‎
081 us extradition ‏تسليم مجرمة‎
hymn 0 ‏ترنيمة‎ poisoning n pas
anthem» ‏ترنيمة دينية‎ ajusment, compromise;
antitos ‏»م‎ oct inercesson ‏تسوية م‎
‏بعك 00655 | تزاي ميمه‎ anon nL
ioe skate v ‏على الجليد‎ aly hassle v = Liu
aision ‏تزلف م‎ communion ‏تشارُك م‎"	word-to-word-bilingual-dictionary
255	"» ‏تطويق‎
‎1460 ‏تشاور‎ | declension ‏تصريف الأسماء؟‎
pessinism ‏تشاؤمه‎ lock nto v ‏تصفح‎
‎ug ‏تشيث؛‎ liuidaton ‏تصفية م‎
dispersal ‏نشتيت م‎ applause / ‏وه تصفيق‎
cramp n ‏تشع‎ desi, plan n puns |
ubricaon ‏تشحيمم‎ mamerism ‏تصنع م‎
emphasis ‏تشديد م‎ assortment n ‏تصنيف‎
‎autopsy ‏تشريح الجثة‎ conceive ‏تصورت‎
‎salle ‏تشريع م‎ plettesaue ad ‏تصويري‎
‎reenactnent n ‏تشريع قانوت‎ dwindle y Jel
October ‏تشرين الأول م‎ discord ‏تضارب م‎ |
ramification » aR alls solidarity n ‏تضامن‎
‎intercede v ‏تشفع‎ sais n ‏تضحية‎
‎fomaton ‏تشكيل ف‎ expansion ‏تضخمم‎
‎spasm n Qu dishonesty ‏تضليل م‎
muddle 6 ‏ذهني‎ gas have v ‏تضمن‎
‎look forward v ‏نشوق‎ coincidence n ‏تطابق‎
‎deformity n ‏نشؤّة‎ medication n ‏تطبيب‎
‎mayhem n ug Gs application n ‏تطبيق‎
‎hazard n ‏تصاذف‎ blink v ull 3,55
colision ‏تصادمه‎ embroidery ‏تطريزم‎
‎coneston ‏تطعيم النبات م998 تصحيح م‎
006 ‏تصدق/ انه‎ intrusion ‏تطقّل م‎
fremont n ‏تصدير‎ Took trough v ‏تطلع الى‎
certiicate ‏تصديق م‎ purification, purge n yup
fond v3 enclosure ‏تطويق م‎"	word-to-word-bilingual-dictionary
256	"22 تظاهر
‎Adi‏ م ‎tangle‏ تظاهر» ‎feign, pretend‏
تعقيد ‎draw n oles complication n‏
‎team v ples‏ تعارض » ‎ol dsagrea‏
‎leaming n pds‏ تعارض ‎discrepancy n‏
تعليق 00108016 تعاسة م ‎unhappiness‏
‎ion pals‏ تعاطف ‎sympathy n‏
تعليم مسيحى ‎catechism‏ | تعامل م ‎deaings‏
‏تعهد ‎colaboraionn sles engagement n‏
‎cooperalive ad) sslss charm 8.455‏
تعويض 0000591000 تعب م ‎redness‏
‏تعويل ‎elince n‏ تعبير ‎statement n‏
تعيس ‎Las pass unhappy ad‏ قافن
تعيش ‎freshen v‏ تعددم ‎mulitude‏
‏تعيين ‎sia appointment»‏ الزوجات ‎poygamy n‏
تغذية م ‎nourishment ution‏ تعديل ‎amendment‏
‏تفرغر ‎garde velally‏ تعذيب م ‎omen, torre‏
تغطية ‎coverage n‏ 35 م ‎perspication‏
‏تغلب ب ‎get over, outdo‏ تعريفة 0 ‎taf‏
‏تيرم ‎rewision‏ تعزية 0 ‎consolaion‏
‏تغيير ‎change n‏ تعزيز م ‎reinforcements‏
‏احم اوم تعصب ‎inerance n‏
تفاهة ‎banality n‏ تعصّب أعمى م ‎bigot‏
‏تفاوت م ‎breakdown n Joi disparity‏
تفاوض ‎negotiation ١‏ تعطيل موقت م ‎suspension‏
‏تفتح م ‎opening‏ تعفن 010
تفتيش ‎pursue vais search n‏"	word-to-word-bilingual-dictionary
257	"5 ‏تلف‎
‎erplode v yx dip nots
detonation n ‏تفجير‎ imitation ‏تقليد‎
‎sonny n ands feinica og ois
qo adh ‏تفرج‎ recede ‏تقهقر‎
‎99:87 ‏تفريس‎ devotion, pity ‏تقوى‎
‎decadence, disintegration 0 ‏تفسخ‎ confirmation n ‏تقوية‎
‎ede v ‏تقصد‎ aman: n pugs
detain ‏تفصيل‎ hol, lous sdf ‏تقي‎
‎come apart v ‏تفكك‎ vow up v Luss
consideration n ‏تفكير‎ fester ‏تقيح‎
‎tasteless ‏4م‎ As confinement n Juus
oupertom v ‏تفوق‎ generation ‏تكاثر م‎
delegation n ‏تفويض‎ partly n 39155
refrement » ‏تقاعد‎ arrogance, varity n Si
receptive ad) Liss secteny n pds
athance, goahead pul ead 0.185 techie ‏تكتيك؟‎
‎headway ‏تقدمم‎ tactical ad) ‏تكتيكي‎
‎advance, course, progress n oii duplication n 1,5
progressive adj ‏تقدمي‎ ‘consecration n ‏تكريس‎
‎apprecialon ‏تكلف/ ميم تقدير قيمة م‎
most aa ‏تقريباً‎ foretell v ‏تكهن‎
‎PrONmale ad) ona adaptation 0 ‏تكييف‎
‎180007 ‏تقرير‎ heap ‏تل م‎
‏تقسيمم صصص‎ maniguiate ‏تلاعب/‎
‎delinquency» ‏تلاوة ماقام تقصير‎
bleach ‏تقصير مادة م‎ damage val"	word-to-word-bilingual-dictionary
258	"‎a‏ تلفزيون

‎NE ee

‎Television ‏م‎ 0326 deze v1515, ‏تمطر‎

‎phone ‏م‎ uals elude ‏تملص ب‎

‏تملق ‎cout‏ تلفيق 0 ‎invention‏ ات
تمهيد ب ‎alusion n gual preamble‏

‎insinuaton v uals preliminary ‏تمهيديٍ وه‎

‎pupil n ‏تلميذ‎ fuchute v 2903

‏255 معام تلويث م ‎contaminaton‏

‎wave ns ‏تلويج‎ camoutage n ses

‏تميزم ‎dstncton‏ تمائل ب ‎dently‏

‎cing v ‏تماسك‎ recognition ‏تمييز م‎

‎tenacity ‏م‎ Lola step down ‏تنازل/‎

‎altogether adj ‏تماماً‎ back down v ‏تنازل عن‎

‎completely av ‏تماماً‎ symmetry ‏تناظرم‎

‎ently, uly ao Lolo nen pels

‏تناس م ‎fvalry‏ تمايّل ‎swingn‏

‏تنافسي ‎competitive ad‏ تمثال تصفي م ‎bust‏

‏تناوب »رلك تمثيل ‎assimaionn‏

‎exemplary ‏تمثيلي و‎ dopo ‏مخدرات»‎ Jol

‎fare n ‏تمثيلية‎ prediction n $a

‎levi upholstery ‏تنجيدم‎

‎mutiny n 355 Hem ‏تتحنج‎

‎disobedience ‏تمرد م‎ break ‏انه‎ v ‏الحربٌ‎ glo
disobey vs Hike v ‏تنزة‎
‎coaching ‏تمرين‎ degradation ‏تنزيل رنبة م‎
‏تمساح إستوائي :افوا‎ coordination 6 ‏تنسيق‎
‎ran ‏تُمطره‎ activation n bails"	word-to-word-bilingual-dictionary
259	"توقف فجأة نَّ
‎Quis tension n igi‏ م ‎‘upbringing‏
‏توثيق 400109112101 تنصيب م ‎instalation‏
‏نوجيه ‎contol‏ تنضيد ‎composiion n‏
توحيد م ‎conjunction, integration‏ تنظيمرة ‎organization‏
‎ingratise v 395‏ تنس م ‎aspiration‏
‎corthpnsdy‏ تنفس 1 ‎breathing, respiration‏
‎fushv 3,05‏ تنقيح م ‎revision‏
‏تورط م ‎involvement‏ تتكر» ‎disguise‏
‎bogs‏ في جريمة 0000100 | تتهّد م نواه
توريط م ‎implication‏ 6,50 تفن
توزيع » ‎distibuton‏ تنوع ملل
توسط ‎variety n £335 mediocrity‏
توسل ‎entoat beseech v‏ تنين ‎dragon n‏
توسيع ‎development n‏ تهجنة ‎spoling n‏
توصية 1 ‎commendation‏ تهديد م ‎thre, menace‏
توضيح م ‎lrfcaton‏ تهريب م ‎contraband‏
‏توطيد 8600608016 تمشمرم ‎crash‏
‏نوظيف ‎appointment n‏ تهكمي ‎ironic ad‏
توفيرة ‎economy‏ تهنئة 1 ‎songataons‏
‏توق ‎longing‏ نهوية ‎ventilation n‏
توقع ‎expect v‏ توايل ‎favor‏
‏توقع ‎recourse v slg expectancy n‏
‎cutof, sop over va853‏ توازت م ‎equibrum, poise‏
‎stop nig‏ تواضع ‎humiity n‏
توقّف على ‎dependence n‏ توية م ‎repentance‏
‏توقف فجأة ب ‎cutout‏ توبيخ ‎rebuke n‏"	word-to-word-bilingual-dictionary
260	"2 توقير

‎SRS‏ تت
‎frustrate Jas‏ توقير ‎adoraon n‏

‎autograph n ‏توقيع‎ discourage v ‏ثبط العزيمة‎

‎asserton n ‏توكيد‎ tickness ‏تخانة م‎

‏ثخين ‎ick ad)‏ توك م ‎assumption‏ ا
‎breast oS)‏ تولى منصب» ‎oie‏

‎dow vad talkative aa Ui

‎108,008 ‏وافقدو تيار‎ vii

‏ثروة ‎opulence n‏ تيسيرة لالافقاهية

‎watch nah chanel n 65

‏ثعلب 1:6 تبن 890

‎hesitate v Citi culture ‏ثقافة م‎

‎cultural ‏وه‎ 2315

‏ثقاقي وه ‎etucational‏

‎hol, puncture ‏ثقب م‎

‎* only ‏تقب‎

‏ثقة م اقلم ب

‎educate v adi

‎sc Jus‏ 50106050018 ثابت قرم عن

‎ag ‏ثامن‎ barracks n 4S)

‎tater acy OG Ha

‎infer, secondary ad ‏اي ا ثانوي‎
twelfth ac) ‏ثاني عشر‎ fea

‎adi Er‏ و0000
ثلاني القوائم ‎ot‏ تأرم ‎retaaton‏
‎constr As os‏
‎at‏ ثبت ‎fasten v‏"	word-to-word-bilingual-dictionary
261	"251 ‏جائع‎
‏تلجت م‎ ez
break n dali

جاء 008 ثماني ‎ac pac:‏ فقاو
جادة م ‎boulevard‏ ثمر العليق ‎blackberry n‏
جاذبية الأرض ‎amr‏ ثمر الورد البرى 0 ‎tip‏
‏جاروة ‎curent‏ 8305 0و
جازم ‎neighbor‏ ثمرة الجهد ‎harvest‏
‏جارورة 008 تمل ‎ad‏ فوا
جارية ‎ongoing ad)‏ ثمن ‎esteem v‏
‎repay ves‏ ثمن ‎cost‏

fare ‏ثمن التذكرة‎ ard. dry a ‏جاف‎ |
dual ‏ثنائي زوه‎ dried ay ‏جاقة‎
‎biingual ag) ‏ثنائي اللغة‎ seated ‏جالس 4ه‎
bend, flo hi v 3 ‏فا‎ ad ‏جامع‎
‏الشّراع »هك‎ aii university n ‏جامعة‎
‎dress, oben ‏ثوب‎ academic ag ‏جامعي‎
‎underwear n iz ‏ثوب‎ buon ‏جاموس‎
‎bull 95 siden ‏جانب‎
‎heat rampage v 3 Hilside ‏جانب التل م‎
oxn gi aside ‏يده‎ Lil>
erupty ‏ثور البركان‎ lateral ac wil
enption ‏تورات م‎ unaware ‏جاهل زو‎
revo, uprising ‏ثورة م‎ unfair unjust af il
gare ‏تومه‎ award, prize n ‏جائزة‎
‎wart ‏تُؤلول‎ hungry ‏جائع وم‎

oxen 7 Ol"	word-to-word-bilingual-dictionary
262	"= جبار

تسج حو ا
جدير بالملاحظة ‎remarkable ag‏ | جباروة ‎mighty‏

جديلة ‎braid‏ جيات وم ‎neartess‏

mourtain n ‏قحف | جبل‎ appeing desabi agli

ioeberg ‏جليد م‎ Jar leprosy n pli»
ge ‏جبلي وه‎ aul vod
shyness n ‏جين‎ atvacton 6 ‏جذب‎

forehead, fron Aga oot n yd

comse, carcass n 8k radial a ‏جذري‎

buon ny tarson ‏جذع التمثال‎

disbelief 39> ‏ان‎ i>

‎J >‏ زو ‎pace ilarious‏ ان

‏جذل الشجرة م ظلنة جدم ‎granite‏

‎very aov 13> drag ‏جرت‎

‎eye-catching ‏جذاب زه‎ traction ‏جرم‎
‎grandmother n ‏جدة‎ bacteria ‏جراثيمرم‎

‎intertwine v Jax surgical adv ‏جراحي‎

‎controversy n ‏جدل‎ locust n ‏جراد‎

‏جرأةم ‎audacity‏ جدول م ‎schedule‏

‎imetable n xin). Js gem ‏جرثومة‎

‎Kidn Sis injure, raumatize v ‏اجرح‎

‎serious ad Sr Wound n ‏جرح‎

‎samesty sae ba anna ‏جرح‎

‎seriousness n da traumatic adj ‏جرحي‎

‎fash nw ‏جديد وه‎ inventory ‏جردم‎

‎brandnew a Lolo ya disqualty 3,
praiseworthy ‏الباب 4600017 جديرٌ بالإطراء زوه‎ a>"	word-to-word-bilingual-dictionary
263	"جلدي =

0058960 ‏جرعة‎ comuscle n dow
overdose n ‏جرعة مفرطة‎ belch n ‏جشاء‎
‎precipice ‏جرف م‎ avarice a>
incriminate v 0 ,> avaricious ad) ‏جَشّع‎

puppy ‏جوم‎ beer da 3
flow ves, clamor v ‏جعجع‎
‎inepi, daring ‏جعد الشعر وه لاه ,645 زوه‎
newspaper n ‏جريدة‎ Winkle, crease n ‏جَعْدَة‎
‎felony, rime ‏جريمة م‎ sharpen v ‏جعله أكثر وضوحا‎
clipping ‏جعله تاقهاب عتافاظ جره‎

0917 ‏جزء‎ fomeiize ‏جعله رسمياء‎ |
10010606 ‏جزء حيوي‎ validate ‏جعله شرعياء‎
fesse n ‏جزة صوف‎ melo vail, ‏جعله‎
‎carol 15> geography ‏جغرافية م‎
50017 ‏جزمة‎ drain ‏جف‎
‎bute ‏جزية‎ coldness ‏جفاف م‎
island, son ‏جزيرة‎ dy vai
par 03 ‏جزل‎ on ir
partial, party ac U5} visti ‏جلاء ب‎
boty ‏جسد‎ majesty n ‏جلالة‎
‎embody v ‏جسد‎ racket ‏جلبة‎
‎cama ad) ‏جَسدي‎ constant ‏وم‎ Al
‏امتقو‎ bridge nau 10g, whip v Al»
body n pss leather ng510 A>
‏فاو‎ ad sgt ash als
parte n puna shiny ag SAL"	word-to-word-bilingual-dictionary
264	"0 جلسة
= ل ا أ
جميل ‎beautfl ag‏ جلسةم ‎sosson‏
‎stgngusl: ll‏
جتاح م ‎pavilion‏ جلوكوزم ‎glucose‏
‏تاج ‎wing‏ جلي وه ‎unmistakable‏
‏جنائي ‎criminal ag)‏ جليد م 3
‎Lax‏ إلى جنب بده ‎abreast‏ جليدي ‎oy ad‏
جْنَة ‎batch n‏ جليسة أطفال ‎babysitern‏
‎misdemeanor n azxi‏ جليل وه ‎solemn, super‏
جند ‎ait‏ ,0000ع. جمارك م ‎coms‏
‏جندي ‎solder‏ جماعة م006
جندي عريق م ‎veteran‏ جماعة الكَهَنَةَ ‎priesthood n‏
ل جمالي وه ‎aesthetic‏
‎sll n Annas gender n pani‏
جنوبي ‎southem ad‏ جمدت ‎immobilize‏
‏جنوث م ‎ernest‏ حَصْرَة 4و6
‎eam i>‏ جمرة م ‎coal‏
‏جنين ‎fous n‏ ,80010 جمرة م ‎embers‏
‏جهاراًدة ‎collection n gar publicly‏
جهارة الصوت ‎volume n‏ جمع شمل م ‎roundup‏
‏جهاز المسرح ‎scenery n‏ جمعية ‎associalon n‏
‎offotn dp‏ جمعية ‎society n‏
جهد كهربائى م ‎cameln Jor voltage‏
‎fumish 35>‏ حمل / ‎enbelish‏
‏جهل ‎sentence p aloo fonorance n‏
جواب م ‎parenthesis nd ize Alas answer, reply‏
جواب بارع ‎comeback n‏ جمهورية م تتفم"	word-to-word-bilingual-dictionary
265	"2 ‏حاقر‎
‏جوارة لهام‎
pantyhose ‏ع جوارب طويلة م‎
passport es brow ‏حاجب م‎
hose n ‏جد ا جورب‎
bain ‏حاجب المحكمة‎
‏جوز م0900‎
nF) ‏ق حت‎
‏رمسم ميس اواج‎ ٍ
hunger n
ii = incident 0 ‏حادث‎
‎ay Happening, event n ‏حادثة‎
‎conta ag >
ST guard, sentry n ‏حارس‎
‎soahesporn ‏جارس المرمى‎
essential ad ‏جوهري‎ possess vl>
atmospheric adi ‏جوي‎ hiccup ‏حازوقة م‎
pocket n> sense n dul>
amy n ‏جيش‎ taste n ‏حاسة الذوق‎
098080087 ‏جيش ردع‎
upheaval ‏يشا‎ a
annotation n ‏حاشية‎
‎99800 ‏جينة‎ besiege v ‏حاصر‎
‎auotientn ‏حاضل‎
‎atendantn ‏حاضر‎
‎present ad ‏حاضر‎
‎finge, mn ‏حافة‎
‎hoot n 91>"	word-to-word-bilingual-dictionary
266	"= حافظ
‎CLT eee‏ و تت لب
حجب الحقائق ‎v‏ من ‎cover‏ حافظي ‎maintain‏
‏حجة ب ‎argument‏ حَافِظةٌ ‎Sli!‏ م ‎briefcase‏
‎plgrinage nda‏ حافي القدمين ‎barefoot ad‏
حجره با حاقد ‎sietl ag‏
حجر هتاه حاكمرة تعدو
حجر الزاوية م ‎comerstons‏ حالم ‎avert‏
‏حجر الكلس ‎casen all> limestone n‏ 38
حجرة م1000 حالمزوة ‎faraway‏
‏حجرة التواليت ‎once Lal restroom n‏
حجرة الجلوس ‎ing room n‏ | حامض ‎sourad‏
‏حجرة الطعامرة ‎dining room‏ حامل وه ‎pregnant‏
‏حجرة ‎panty n Goll‏ حامل البكالوريا ‎bachelor‏
‏خجرة التومر ‎bedroom‏ حانة م ‎tavern‏
‎endeavor v Jal tachment; fesenvaton n 32>‏
‎impound vs>‏ حبة ‎pil nels‏
حجز ‎sem ull‏ حبة صغيرة 9107م
‎bulk size n p>‏ حَبّة قمح ‎com n‏
‎ink p> mass n p>‏
‎border, frontier n 32>‏ حبل ‎cord, rope n‏
حدم ‎twist Jas compass‏
ماله حي ‎amicable ad‏
جدادم ‎mourning‏ حبيب ‎ac‏ و9010
حدث م ‎episode‏ حتى نه انا
‎repped‏ حتى لو 01400176
‎Juvenite ad & i>‏ حتى ‎Hitherto adv Lid‏
‎flemize, mark v 31>‏ حجاب ‎vein‏"	word-to-word-bilingual-dictionary
267	"ES Gu

conjecture n uk safeguard ‏حرس م‎
space outy ‏حدق‎ 10018 provoke v ‏حرض‎
‎borden ad S292 ‏حرف؟ عاق‎
‏حديث 4م0001‎ keds
Ee lotr n ‏حرف‎
‎on a> proton ‏حرف جره‎

‎waynes CO‏ حديقةه مو
حَرفياوة ‎eral‏ حديقة الحيوانات 2006
خرق م ‎bum‏ حذاء م ‎foowess, shoe‏
حرقة في ‎discreet jk | heartumndasall‏
‎discretion n> nodvd‏
حرك ‎i> manhandie v aalls‏ 8001
حركة 00م حذّره ‎Petes‏
‎prudent ad > sanctuary p>‏
جزم من الكنيسة ‎precaution n ,i> ban n‏
حرم من ‎dinner voll‏ حذقام ‎omision‏
‏حرمات م ‎deprivation‏ حذلقي وه ‎pedantic‏
‏حرية م ‎liberty‏ حراثة م ‎cultivation‏
‏حريرة انه حراسة ‎ward n‏
حزازة ‎Slnketn p> hatred‏
جزامر ‎belt‏ حرب ‎warn‏
‎esimate 13>‏ حرب العصابات ‎queria n‏
حزمة ‎bundle‏ حرية م ‎bayonet‏
‎afflcton, oro, sadness n>‏ | حريوث 0000006
حزين ‎sad, sorowl af‏ حرر كتب 0:7
‎u>‏ 500580007 حرر, تخلص من »188"	word-to-word-bilingual-dictionary
268	"= جساء
‎te‏
‎horse n la‏ جساءم ‎soup‏
‏حصانة م ‎impunity‏ حشاب ‎ansountn‏
‎dividend, ration, share a>‏ | حساس وه ‎precisposed; sensitive‏
‎p>‏ 0 00001 جساس للدغدغة و ‎tit‏
‏حصص ‎Glan ation v‏ م ‎caouaton‏
‏حصن ‎enw nda for bulwark n‏
حضى ‎dscomty pass> gravel‏
حصير ‎mat‏ حَسْمره ‎deduction‏
‏حصيلة م ‎upgrade, improve vps outcome‏
حصيلة ثانية ‎byproduct»‏ حَسَن 391 وه ‎tasteul‏
‏حضانة ‎aight, kay acy Liaw nursery n‏
‎present a>‏ حسنة ‎handout‏
‏حصن م ‎bosom, lap‏ حسود ‎envious ac‏
‎n plas‏ موقا حسير ‎nearsighted, shortsighied ad‏
حطب ‎n‏ فقن حشا ‎hv coma!‏
‎fortune, chance, luck nba‏ حشدم ‎regiment; trong‏
حظر» ‎forewam‏ حَشّد من ‎crowd n pol]‏
حفاظ الطفل م 4908 حشرة 5806
حفر ‎dil, excavate‏ حَشوَة م ‎stuffing, padding‏
حفرة 086 حشوة السن 1 ‎Fling‏
‏حفظ ‎commited ac‏ حشيش مخدرم ‎Rashish‏
‏حفظ ‎memarize‏ حصاة م ‎pebble‏
‏حفل التخرج م ‎graduation‏ حصاة كبيرة م ‎cobblestone‏
‏حفلة م ومتوظاف حصار ه ‎blockade, siege‏"	word-to-word-bilingual-dictionary
269	"حماسة ‎x‏
‏حكمٌ بعقوية ‎sentence n‏ حفلة التعميد م ‎chiistening‏
‏حكمة م ‎wisdom‏ حفلة أنس وسَمر ‎party‏

barbecue nels. ‏حفلة‎ government n ‏حكومة‎
‎1800000 ‏حفنة‎ physician ‏حكيمرم‎
‏حفيد م 98080و‎ Juticious, wise ‏حكيم وه‎
1001560 ‏حق الانتخاب‎ disentangle v ‏حل‎
‎copyright ‏م‎ pda] ‏حل سي يسام حق‎ =
indeed acy a> clear-cut ag) ‏حل‎
‎meanness ‏حقارة م‎ disband v ‏حل جمعية‎
venom, malice ‏حقد م‎ dspace v ‏حل محل‎
implement v ‏حقق‎ sweehess ‏حلاوة م‎
010960 ‏حقل الغامرم‎ arenan ‏حلية‎
‎inject ‏حقن‎ snail ‏حَلَزُون‎
‎Injection ‏حلفم عنووها حقنة م‎
malignant ag ‏حقود‎ eartngn ‏حلق‎
‎handbag ‏حلقة 0008:0096 حقيبة م‎
ices ‏حقيية سقرم‎ dream ‏حلمرة‎
‎backpack n ‏حقيبة ظهر‎ honey ‏جلوة‎
‎despicable, pil ac ‏حقير‎ sweet ad gl
certainly Adak sweets, candy ‏حلوى م‎
factual, eal of ‏حقيقي‎ ik cal
fiction ch p ‏جلية ووز حك‎
on) ‏زه :هعم‎ pul
90:00 v pS donkey la>
referee, umpire n 25> 28010 ‏حمار 3,301 م‎
‏عله‎ eign ‏حكمه‎ enthusiasm ‏خماسة م‎"	word-to-word-bilingual-dictionary
270	"0 حماسي
ب جح حر ‎em‏
‏حنين ‎nostalgia‏ حماسي ‎fervent ad‏
حنين للوطن ‎supdy nla Homesick ag‏
حوالة بريدية ‎money order n‏ حمالة البنطلوت م ‎suspenders‏
‏حوت ‎bathroom plex whale n‏
حوض ‎basin ub, oot n‏ جمامة م ‎dove, pigeon‏
حوض السمك م ‎sting nda aquarium‏
‎iy rede‏ 3
حول ‎Jo about adv‏ م ‎burden‏
‏حول ‎endorse elds‏ حمل 0 ‎lamb‏
‏حول لمادة صلبة ‎lity Jas ١ petifed adj‏
‎alive, Vivid ac o>‏ حملة م ‎campaign‏
‏حي الفقراء ‎smn‏ حملة البحث م ‎manhunt‏
‎gros fal vu‏ جملقة ‎garen‏
‏حياة ‎acidly naga fen‏
حيازة م ‎possession‏ حْمُوْلَة ‎load n‏
حية م ‎snake‏ حمولة السفينة 80907
حيث أن ‎whereas‏ حمى ‎fovern‏
‎maze n>‏ حمي ‎feverish ag‏
حيلة نلا حميم ‎a0‏ 01066
حيوات م ‎animal‏ حنث باليمين ‎peri n‏
حيوان الوق ‎nxn‏ حنجرة 009
حيوات مدلل ‎petn‏ حنفية 1000816
حيوانات ضارية ‎n‏ 016 حنق ‎yn‏
‏حَيوَانِي ‎brute ad‏ حتَقد ‎n‏ لو
حيوي ‎Vial ad)‏ حنوث ‎Kind adj‏
حيوية ‎energy n‏ حنى الركبة ‎genet Lass‏"	word-to-word-bilingual-dictionary
271	"0 ei
¢ immortal ‏خالد وم‎
pure aq ‏خالص‎
‎dssent alls
conclusion ‏خاتمة م‎
crude, ude ag pl
dishonest, deceptive ‏زوم‎ € 31> a
fool off sls
siifing aj ‏خائق‎
‎sevantn ‏خادمر‎ feartu, afraid aq) ‏خائف‎
‎arate AN ‏خارج‎ A ‏للا خائن‎
without ‏خارج كذا م‎ 8
wickedness ‏اخبث م‎
ou, outside acy ‏خارجا‎ or
exterior, outer ad) ‏خارجي‎
‎derdog 1 aul nid
underdon a batch 0 655
special ag ‏خاص‎ &
vient ‏خبيث وه‎
especialy aay ols no
‏جنات مضه خاصتنا ونه‎
His pro ‏خاصته‎ seal p>
- imi shame ‏خجل م‎
ers pro’ ‘ashamed ag) ‏خجل‎
‎flank, fon n ‏خاصرة‎
‎shospalsh ‏خجول م‎
atrbute ‏خاصية/‎ md ag ‏خجول‎
‎ni n = chesk ‏خذ م‎
submissive ‏ضع زوه‎ fraud, swindle n ‏خداع‎
‎asker nol dng ‏خدره‎
‏خاطره ةم‎ wil
iagpe 0 ‏خاطف‎ 0
Sri soc Jui
eroneous ag deception ‏م‎ £35"	word-to-word-bilingual-dictionary
272	"es =
ei
apeves ‏خزي م موف‎
oa, use, ‏خدعة 66م‎ 00000 vas
du sence n ‏خدمة‎ loss n Glia
vce, ravage nl umber, wood n ‏خشب‎
‏00ر0‎ superston ‏خشب قاس 160000016 خرافة م‎
‏متولانة‎ sd ‏خراقي‎ coarse, ough ad ‏خشن‎
‎dlpidted oc ‏خَرب‎ denis n ‏خشونة‎
‎E 00001008 010 ‏خرج‎ foi nm
dena ‏خرج عن الخطب‎ sh ay n>
kn ‏خردة‎ waist
mustard ‏م‎ J eamark v ‏خصص‎
‎archoke ‏م‎ Bg. | discount adversary ponent aa
carte n ‏خرطوشة‎ hie ath ‏خصوصاً‎
‎breach n ‏خرق‎ | confidential; peculiar adj ‏خصوصي‎
‎goovervigilall ‏خرق‎ hostility ‏خصومة م‎
0:50 ‏خرقة‎ forte ad ‏خصيب‎
‎400106010 ‏خروج عن الخط‎ quater ‏خط الاستواء م‎
sheep 0 ‏خروف‎ longitude ‏خط الطول‎
hart map n> latude ‏العرض م‎ o>
naa piping ‏خط أنابيب‎
reservoir n > 0101060 ‏خط جوي‎
cabinet ‏خزانة‎ coasting ‏خط ساحلى م‎
8000060 ‏لصوم خزانة الثياب‎ las
bookcase ‏خزانة كتب م‎ crook 6 ‏خُطَاف‎
‎dresser n ‏خزانة مطبخ‎ err, misake ‏خطأم‎
‎hoard v3 blunder ‏خطأ فاضح م‎"	word-to-word-bilingual-dictionary
273	"خمس =

misprint ‏خطأ مطبعيٌ‎ compendium n ‏خلاصة وافية‎
design ala blender ‏خَلاظ‎
‎danger, peril n Js mire ‏خلاطة م‎
importance ‏خطر‎ controversial ‏خلافيٌ وه‎
‘perilous, dangerous adj ‏خطر‎ ‘over, through pre ‏خلال‎
‎project v alas meanwhie ‏خلال ذلك ندم‎
layout n alas estate ‏خلص ب‎

abduction nabs ater boning pe al ‏الاك‎
‎Kidnap, hijack v ‏خطف‎ back aov Gl
engagement n ‏خطوبة‎ RE
footstep n ‏خطوة‎ background ‏خلفيّة م‎
10 n ‏خطوة رشيقة‎ creation n 31>
soousness ‏خلقي وم ينمض خطورة م‎
ance nasa fou defect ‏خلل‎
‎Nk irr ‏لو‎
‎sandal, sipper n Ga wares ‏خلو من الهمومؤه‎
patrol n a> eternity ‏خلود م‎
depression ‏خَفْض م‎ tv ‏خلى‎
‎minimize v ‏خلية التحل م تون خفض‎
downsize vlna ‏خفض‎ cape nul
funky i> aloy n ‏خليط معدني‎
fall ough v ‏خفق في التفاوض‎ mutter las
iden, invsble ‏خفي وم‎ foment a>
190144 ‏خفيف‎ vine nya
vinegar > sherry n ‏خمرة‎
‎substance ‏خمس وه 68 خلاصة م‎"	word-to-word-bilingual-dictionary
274	"= خمسة عشر

teen ‏خمسة عشرتية‎ fer, sting n ‏خيط‎
‎evaluate po din

foment, yeast n ‏خميرة‎

خناق م ‎angina‏

dagger ‏جنجرة‎

dich, tench n ‏خندق‎
‎pig. hog, boar ‏خنزيرة‎ >

widboar nS.

ym rt
asphyiation ‏خنق م‎ creepy ad ‏داب‎
‎peach n ‏خوخ‎ inside re ‏داخل‎
‎685 ‏خوف‎ inwards aay ‏داخلا‎
‏ا ل‎ nda cosh
altemative n ,l> indoor aa ‏داخلي‎
‎sewing, seamstress ‏خياطة م‎ dwelling ‏دارة‎
‎fantasy n ‏خيال‎ town hall n ‏دار البلدية‎
lampshade 0 ‏اللمية‎ Jus courthouse ‏دار العدك م‎
fantastic adj ‏خيالي‎ swivel ven ‏دار على‎
betrayal ‏خيانة م‎ cozy, 0300 ag) ‏داقئ‎
‎double ‏مق‎ vail tear ad gol>
dapat ‏دائرة المعارف 486ة000© - | حيب الأمل‎
disappointment n Jol ‏خيبة‎ lasting adj ls.
benevolent ag a> ever, aways aov ‏دائما‎
‎welfare ‏خيرم‎ sean 3
bamboo ‏خيزرات م‎ stapler n als
reed n ‏خَيزرانة‎ wid ‏دير الأمره‎"	word-to-word-bilingual-dictionary
275	"دقيق 7

0001606 ‏ديش‎ insinuate v ‏دس‎

دستور م ‎constuion‏ ديلومرة ‎diploma‏

diplomat n ‏دبلوماسي‎ shower n Gus

دشن ب ‎inaugurate‏ ديوس طبعة ‏ مقاط

cicken nals numer néles

domestcate v ‏دجن‎ pler nasles

enter goinv ‏دخل‎ propaganda ‏دعاية م‎

competence n ‏دخل كاف‎ subsidze ‏دعم‎
‎fumigaley ‏دخن‎ cal inviaton ‏دعوة م‎

دعوى م ‎ligation‏ دخول م ‎entrée, entry‏

دغدغة ‎token‏ درابزوث 08009616

5860 ‏ذَرَاجَة‎ 02000 n 583

scooter n ‏دراجة بخارية‎ rudder n 485

دقتر الحسابات ‎ledgern‏ دراجة نارية ‎motorsyele n‏

دفتر العمل م ‎workbook‏ دراجة هوائية م ‎bicycle‏

ain ves checkbook n ‏دفتر شيكات‎

دقع 00060 درج متحرك ‎escaltorn‏

degree stage na, 800: ‏دفع بالحجة‎

doorstep nol] ‏درجة‎ | down payment n ‏دفع دفعة جزاء‎

دفعة ‎payment n‏ درجة الحرارة م ‎temperature‏

oma lsy> lump sum n ‏دفعة واحدة‎

دفن م ‎funeral‏ 1355 اما

‘seam, stich n 83)5 greenhouse n ‏دفينة‎

lesson n ‏درس‎ precision ‏دقة م‎

دقيق م ‎four, oatmeal‏ دع 097:0

دقيق اوه ‎precise, punctual‏ دريل نسيج 4016"	word-to-word-bilingual-dictionary
276	"0 دقيقة
بس > د
دهن مانا دقيقة م ‎minute‏
‏دهن م ‎panting‏ دكات م ‎shopping‏
‏دواجن ‎poultry n‏ ذَكة ‎terace n‏
دوارم ‎deziness‏ دلالة م ‎indication‏
‏دواري ‎dzzy aq‏ دلالة منذرة 0 16ففاة:6)
دواسة ‎pedaln‏ دلفين 0 ‎dophin‏
‎duration n pla‏ دلوم ‎buckel, pai‏
دودة ‎wom n‏ دليل ‎quidobook n‏
دور ‎Jul oven‏ قاطع م ‎smoking gun‏ |>
دور سفلي م ‎blood p> basement‏
‎HE‏ دماغ مم
دوق ‎dike n‏ دمث وم ‎gente‏
‏ذوقة م ‎conbine ve duchess‏
‎dotlrn Vo‏ دمج ‎affton‏
‏دولة م ‎anurble vp state‏
دولة ‎Belgium n Sxl,‏ دمدمة م ‎rumble‏
‏دولة حليفة ‎ayn‏ دمعة وفنا
دومعيارى زوه ‎substandard‏ دمو ‎bloody adj‏
‎beneath, under re G3‏ دمى ب ‎bleed‏
‏ديبلوماسي ‎diplomatic ac)‏ دمية ‎dol, puppet‏
> 0818 دميو ‎toyn‏
‏دير ‎monastery‏ دتدرمة 108018200
ديسميرة 09:00 ذنم لمعمو
ديك ‎cock, rooster n‏ دنيوي زوه ‎profane‏
‏ديكناتوري ‎ployn sles dictatorial ac)‏
ديموقراطي 4ه ‎olds demouratc‏ اماقم ‎dye,‏"	word-to-word-bilingual-dictionary
277	"m ols
fot region ‏دين‎ ain ‏ذفن‎
‎dynamic ‏ديناميكي 4ه‎ malo n 35
religious ad) ‏دِيني‎ mention n $5
cob ‏ذكر الإورّم‎
1 remembrance n ‏ذكرى‎
‎S| ‏ذكرى سنوية لوتقم‎
ineligent, astute, clever ‏ذكي زه‎
dissolve v ‏ذاب‎ humiatey JS
memory, mind ‏ذاكرة‎ away vad
dstaught ag ‏ذاهل‎ goiter ‏ذشبي له‎
1/0 ‏ذيابة‎ smelly a ‏ذو رائحة‎
slay ١ ‏ذبح‎ worthwhis aaj Lb ‏ذو‎
‎bration ‏ذيذية م‎ hereditary ‏ذو لقب وه‎
fade v ‏ذبل‎ meaningful ad) ‏ذو معنى‎
decline n ‏ذبوك‎ 101190 ad) ‏ذو نمش‎
munitions n ‏ذخائر‎ soluble adj ‏ذواب‎
‎ammunition ‏ذخيرة حربيّة م‎ awn ls
8007 ‏ذراع‎ tactn ‏ذوق‎
‎boom ‏ذراع التطويل م‎ tailn ‏ديل‎
‎09966 ‏ذراع المرفاع‎ tail n ‏ذَيّل‎
‎pragmatist ‏ذتب امم ذرائعي وه‎
alomn 6,5
peak, summit 69,5
atomic ‏دري وه‎
‏ذريعة :مام‎
800 ‏ذعره‎"	word-to-word-bilingual-dictionary
278	"‎a‏ رابج
‎oor, scent n dell‏
رائع 4ه ‎J tabious‏
راني 4ه 40000 . ‎od‏
‎urate a‏
رأس ‎gas]‏ القدمرم ‎tiptoe‏ راب 4
‎cowlental, 1‏
رأس مال م فافع ل
رأساً على ‎save‏ »مونو 0 7 وا
رأسمال ‎fourth of 2 fund n‏
رأسية م ‎geyser heading‏
رباط م ‎ove ad ligament, strap, ie‏
‎BU,‏ الحِدَاء م ‎shoskace‏ ال ‎i‏
‎ul» ably‏ م ‎is any coohess‏ 5 7
ريات الطائرة ‎plot‏ 0 1
ربة الاهة م ‎goddess‏ ا
ربة المنزك 10066166 راعي البقره/000م
راغب وه ‎woultbe‏
‏ريخ ‎proceeds n‏ ,فافض موا
‎Th bind, comecton vias‏ :
رافعة و ‎ist‏
‎ala,‏ عنق ‎necktie n‏
‎monitor, oversee vl, eS 8‏
ربع 0 ‎ater‏
‎Sept ag 38 maybe, perhaps ac Lav,‏
‎rr, monk nal, Loy‏
ربو ‎asthmatic ad‏
‎nun nasal,‏
ربى ‎breed v‏
‎stepson mass‏ راهن » 9098
بٍ اهن على 597
ربيبة ‎le ol sepdaughiern‏
رتأبة م ‎monotony‏ راوع » 0096
رأوية ‎informant n‏
رتاج ‎barn‏ ¥
‎flog, banner nl 3‏
‎Hierarchy n‏"	word-to-word-bilingual-dictionary
279	"7 ws,

broom n py bad, shoddy ad) 5.53,
0010100015 ad ‏رتيب‎ drizzle ‏م‎ 315,
shabby agj Cy vie nals,
outweigh v ‏رجح‎ fice ny
10010861016 ad ‏رجعي‎ siaplen ‏رزّة‎
‎0500/6 ‏رجفة‎ ble ‏رزمة ضخمة م‎
‏رجل 6 و18‎ 008: ad) ‏رزين‎
‎businessman ‏رَجْل أعماك م‎ episte letter ‏رسالة م‎
dork ‏دين‎ Jo ordination ‏رسامة الكاهن م‎
manliness ‏رجولة م‎ ashi 600 vow

vile adj ‏رجولي‎ diagram n ‏رسم بياني‎
spacious ad a> teen ‏رسم دخول‎
‏رحل كانه انام‎ offical a nny
joumey tour ‏رحلة م‎ formally acy luau
100:5 ‏رحلة جوية‎ leash ‏رسن‎
‎demency ‏رحمة م‎ apostien Js,
relocate v ‏رحيل‎ apostol ad gw
08050 ad ‏رشح ماف رحيم‎
marble n pl) splash v iad
patent, permission ‏رخصة م‎ son aid
Slack avi 955 uv aby
inexpensive, cheap ad ‏رخيض‎ compton, bribe ‏رشوة م‎
reaction Jab ‏رد‎ age, brisk ‏رشيق وه‎
defection n 83, spanking n Say
scare away v ‏رصد مبلغا :000 رذع‎
‏رما‎ n 485, signment nao,"	word-to-word-bilingual-dictionary
280	"‎a‏ ضيف
‎ee‏
‎sdowak nau; boost 89)‏
‎companionship 349,‏ رصيف الميناء ‎hart‏
‎conrad, buddy n 5:9,‏ رصيف للمشاة اد
38 الصف م ‎ground nud) dassmato‏
رقاقة م ‎chip‏ رطب ‎foul, damp, humid adj‏
رقة ‎tendemess n‏ رطوية م ‎humidity‏
‏رقص 1 ‎dace dong‏ رعايةم ‎asady‏
‏رقعة م ‎label‏ رعب ‎horror, fright, constemation n‏
‎number n 68,‏ رعدم ‎thunder‏
‏رقم تحت العشرة م وك ,816 ‎shudder‏
‎promote v sd‏ رعشة ‎shiver n‏
رقيب ‎sergeant‏ رعوي وه ‎pastoral‏
‎spell nad,‏ رعى الماشية »وتو
رقيق ‎fimsy, tenuous adj‏ رعى ‎care for v plosdl‏
‎bank n p15)‏ رغبة م ‎desis, wil‏
ركب ب ‎fabricate‏ رغبة حسنة م ‎goodwill‏
‏ركب الادوية ب ‎dispense‏ رغبة ‎craving n elo‏
ركز » ‎condense‏ رَعُمَ ذَلِكَ ‎though‏
‏ركض ‎pace v‏ رغوة ‎foam‏
‏ركع ‎oat cuts neal v‏
ركوذ ‎stagnation n‏ رف ‎bracket n‏
ركيزة ‎shelf shelves n 3, pilarn‏
‎ash, cinder n slo,‏ رفاهية ‎usury n‏
‎spear ne)‏ رقرف ‎fut hover‏
‎character, symbol n 50)‏ 28 م ‎denial refusal, refstion‏
‎symbolic ad) S50,‏ رقع ‎elevate v‏"	word-to-word-bilingual-dictionary
281	"a ‏زاجف‎
‎sandn Jb, igation ‏ريام‎
‎retutish ‏رفم‎ exercise, sport vals
discard, castv vo, 1:06, ‏رياضة الكَاراتِيه‎
diveatv ‏رمىى إلى‎ altletc ‏رياضي وه‎
‏رمية الام‎ chubby ag ‏ريات‎
‎bet rola, 0006 ‏ريخ‎
‎monastic ag oud, feather n ‏ريشة‎
‎mortgage n ‏رهن‎ ura, USE af ns,
Hud, ie ac ‏رهيب‎ ign ‏رثة‎
‎hostage n ‏رهينة‎ boss, chef n ‏رئيس‎
‎residue ‏رواسب م‎ chairman ‏رئيس الجلسة م‎
cordon, away ‏رواق م‎ | abbot ‏رئيس دير للرهيات‎
porch n Sls, foremost, main ad ‏رئيسي‎
‎stoic ‏رواقي وه‎ reptile nas
novel nels,
red tape n ‏روتين‎
‎angn ‏روث‎
‎spitn ‏روح‎
‎iia ad ‏روحي‎
‎Russian ad ‏روسي‎
‎Russian ‏روسيا‎
‎eres
‎splendor n ‏روعة‎
‎vison ‏رقيا م‎
apocalypse n ‏رؤيا نبونية‎
view n ‏رفية‎"	word-to-word-bilingual-dictionary
282	"‎id‏ زاده مرارة

‎J arsenic n By

‏زعنفة السمك ‎nn‏

‎embitier » ‏زاده مرارة‎ elder pus)
‏زعيم فتنة م #فماوي زار معالم» وسطافوم‎
pass away vl; hay ‏زغبي وه‎

‎comer, angle ‏زأوية م‎ bridal ‏زفافي وه‎
‏جومم‎ heel) asphatn ‏زفت‎
‎transient adj Jil expiration ‏زفير م‎
clentele n ‏زبائن‎ lane 318;

‎Jaber 7p 6000 ‏زقاق بحري‎

‎vi, si apse nals‏ زيدة عالط

‎bowl n ‏زبدية‎ earthquake n JI);
customer n ‏زبوث‎ slippery adj ‏لق‎

‎18130 0 ‏زبيب‎ emerald n 3,0)

‎batten ‏زجاجة‎ felow n ‏زميل‎

‎snub ny) aduterynUy

‏زنبور ‎Wasp‏ زخرف ب ‎enrich‏
‏زنجبيل ‎ingen‏ زخرفة م ‎doco‏

‎decorative adj ‏زخرفي‎ heretic adj 844
buton ‏زر‎ dungeon ‏زتزانة م‎

‏5.0 وه ‎ascot‏ زراعة م منالضية
زهرة ‎Tower n‏ زراعي ‎agricultural ag)‏
زهرة اللؤلؤم ‎daisy‏ زرافة م ‎giraffe‏
‏زواج م ‎matrimony‏ زردية م ‎pliers‏
‏زواج أحادي م ‎OW UP VE 13, monogamy‏"	word-to-word-bilingual-dictionary
283	"28 lll Sl
conjugal ac ‏زواجي‎
‎00006 0 ‏سس زوبعة‎
‏زوج مالم‎ seventh ‏سابع 4ه‎
‏مح ال‎
‏سابق لأواته وه ممعم 203 الأمره ماده‎
husbands ‏نفع قرين‎ |. Smart pravinsly ov low
Ei procedent ‏سابقة‎
‎stepmattern ‏زوجة الأب‎ Ce
countess ‏اا ا زوجة الكونت م‎
arta ad ‏ساحل دم زوجي‎
Spun coastal ‏ساحلي 4ه‎
9 ‏زود بالوقود»‎ discontent ‏ساخط وه‎ [BS

سا ‎provi v >Los‏ زورق طويل ممم
سادي ‎sadist n‏ ركام لاما فده
اج — زيادة ‎increase n‏
سارية ‎a mast, postr‏
‎flagpole n plall dl‏ زيقون 80
ساعة ‎A) hour n‏ 0020801
ساعة كبيرة م لين ‎omamental ag iss‏
ساعي ‎courier n‏ زتبق 08000
ساعي البريدم ‎postman main‏
سافره ‎voyage‏
‏ساقر ‎n Mabaso‏ 10000166
ساق ‎stakn‏
‏سافٌ النبات ‎stom‏"	word-to-word-bilingual-dictionary
284	"20 شاكن

————— ال لس ل
اسغارة ‎cam tla SLs curtain, drape n‏

bereaved ‏سالب وه‎ sit ae Aan

former ‏صقان سالف وه‎ ad ‏عشر‎ Aa

sideburns ‏سالف الشعره‎ coat Bia
unharmed adj allow jacket ‏ستّرة , جاكيت‎

poisonous ad plu Sik ac) Osan

sublime ac plow carpet, rug ‏سجادة م‎

forgive / ‏سامح‎ thyme 1 ‏سجع‎

haggle v aglaw sausage ‏م‎ Bx

prevalent ag) ‏سائد‎ mark down v Jaw

سجل طائرة م وما سائق ‎diver‏

سجل للجامعة» عقنه«ه | سائق السيّارة ‎hauteur‏
‏سجل هدق واو سائق سبارة ‎gu tena‏
سجن ‎imprison, jal v‏ سأل ‎inquire v‏

coma n ‏سبات‎ ail n ‏سجن‎

سجن 10160 سباحة م ‎swimming‏

سجن م ‎prison‏ سبب 80580

September ‏سبتميرة‎ dun ‏سحابة‎

سخر م قافا ‎magic, sorcery,‏ | سبحة مودت

probe ‏سير‎ Hermetic ac ‏سحري‎

seven ad ‏سبع‎ abysmal ag Suma

seventeen ad) ‏سبع عشرة‎ generosity n ‏سخاء‎
‎seventy ac Osea grime alan

anticipation n ‏سبق‎ debunk v Sean
chalkboard ‏سبورة م‎ ay nS
vay Jans ite v0 ‏سخر‎"	word-to-word-bilingual-dictionary
285	"20 So

sarcasto ‏وه‎ 5 ye velo, speed ‏شرعة م‎

mockery, sarcasm ‏سخرية م‎ sack v Span

سرق السلع م ‎shoplting‏ سحي ‎SUMPILOUS a]‏

سرقة :5:8 سخيف زوه ‎‘absurd, ridiculous‏

foodgale, dam ‏سدم‎ timeless sc ‏سرمدي‎

pay of vaks> uw trousers ‏سروال م‎

سروال قصيرم ‎shorts‏ سدادة »ونام

blockage ‏سدقم‎ clandestine, cover ad) Sau

pay back v all ‏سدد‎ bed ‏سريرم‎

سرير ذو طابقين م ‎bunkbed‏ | سدد ‎stkeouty Sly‏

revolver ‏سدس‎ fast, qick ac) ‏سريع‎

سريع الإهتياج زوه رمن سَدُوْدٌ للهواء وه ‎aight‏
‏سريع الأشتعال ‎haze n arias | flammable oq‏

سريع الغثيات زوه ‎squeamish‏ 8901910

سريع الغضب وه لافقا سر مقدس ‎sacrament‏

سريع ‎‘apprehensive ad) ppl‏ ا

itage nolan bularze v ‏سطا على‎

briefs ‏ام سراويل م‎ va

saddle ng surface n xb

caller nolan extemal ‏سطحي 4ه‎

سطوة ‎ascendancy n‏ سرداب الموتى م ‎catacomb‏

cancer n ‏سرطات‎ cough n ‏سعال‎

سعة م ‎capaci‏ سرطات البحر م ‎tobstar‏

cancerous ad) ‏سَرطائِي‎ frenzy n yan

‎VE an calorie n ya‏ مانا

‎expedition ‏سرعة م‎ price su"	word-to-word-bilingual-dictionary
286	"pay =
bliss fotinate aq ‏سيد‎ hush n ‏سكوت‎
‎hoodlum ‏سكون م صفة سفاح‎
embassy n ‏سفارة‎ ingot n ‏سكيبة‎
‎frostite ‏سفح الجليد‎ alcohols ad) saw
stale ‏سكين 00166 سقطة م‎
Sunbum ‏م‎ 82 weapon ‏سلاج م‎
0005185 aov ‏سفلى‎ aren ‏سلاج الطيرات‎
ambassador ‏سغيره‎ breed n ‏سلالة‎
‎Sp ‏سفينة م‎ dynasty n ‏سلالة حاكمة‎
Warship ‏حربيةم‎ Badan stairs n pla
shipwreck n ‏سفينة غارقة‎ peace n paw
atk ‏سفينة نوع‎ inegity n AM ou
‏سقط» اا سر‎ sanity n ‏سلامة العقل‎
‏سقف 0016 ,وطهة‎ plnder ‏سلب‎
‎0000100 ‏م‎ bog ws unfavorable ‏سلبي وه‎
booth» ‏سقيفة‎ basket ‏م‎ alu
01017 ‏سك العملة‎ | wastebasket n ‏المهملات‎ Alu
cutry n ‏سكاكين‎ trash can ‏سلة النفايات م‎
household ‏البيتم‎ OSs tortoise n slay
infusion n ‏سكب‎ tute n ‏سُلحفاة‎
‎allo ‏حديدية م‎ Ea saris, sequence ‏سلسلة م‎
cartias atest ‏سكتة قلبية‎ | ancestry ‏سلسلة النسب»‎
sugar ‏سكم‎ ridge n ‏سلسلة تلاك‎
inoxicaied ‏شكرات زوه‎ bowl n ‏سلطانية‎
‎secretary ‏م‎ pS autorty ‏سلطة م‎
inhabity ‏سكن‎ salad ‏سَلَطَّة م‎"	word-to-word-bilingual-dictionary
287	"= py

aroceries ‏سلع م‎ arace nga
seller n ‏تاها سلعة رائجة‎ ac) ‏سمي‎
‎predecessor 1 Galo ik ‏سميك وه‎
wire nell coment, at aq ‏سمين‎
‎sing nll 00th ‏سن‎
‎ladder n plow minority ‏سن القصور م‎
‏سُلّمره فاه‎ thread n ‏سن اللولب‎
peaceful ad ‏سلمي‎ menopause n ‏بسن اليأنس‎
atiude ‏سلوك م‎ senator ‏ستاتورة‎
‎manners n ‏سُلُوك‎ stake n sbi
descendant ‏سليل‎ ump, hunch plas
intact ad plus ean year ‏سنةٌ كبيسة م‎

sane ‏سليم العقل 4ه‎ cent ‏سنت‎
‎poison npc hence aay QUI ‏سنتين من‎
compost, manure ‏اسمادم‎ bear v dian
audence ‏سماع م‎ avin ‏سندات‎
‎headphones 1 ‏سماعة الرأس‎ sandwich n ‏سندويتش‎
‎celestial se) ‏سماوي‎ annual ad) Sis
pen das yearly ac ‏سنوي‎
‎brunette aq ‏سمراء‎ dental adf sass
reputation ‏م‎ dma ease, alate v Jp
ah ‏سمك‎ easy, plain a Jp os
swordfish 1 ‏سمك أبو سيف‎ fra ach ‏سهل الإنقياد‎
clam ‏صَدَفي م‎ low affordable acy ‏سهل المأخذ‎
plumbing ‏سهل المنال وم مالشوفظة سمكرية م‎
fallen ‏اسمن‎ arrow n pga"	word-to-word-bilingual-dictionary
288	"0 اسهم قصير
اد جح وك الاي لايس ا اي
سيّدم ‎mister‏ سهم قصير مون
سيدة م ‎Jady, madam‏ سوء التغذية م ‎nui‏
‎Stn Sd‏ سواء ‎alike ad‏
سير ‎course n‏ سواءء ‎whether‏
‏سيرك ملت سواد م ‎Diackness‏
‏سيطره ‎bracelet n lg dominate‏
اسيطرة م ‎domination‏ سودت ‎denigrate‏
‏سيف 00016 سور ‎walln‏
‏سيكارة ‎cigar‏ سوط ‎scourge, whip n‏
سيل ‎torent n‏ سوف ‎ought ov‏
سيماء م ‎countenance‏ سوفياتي ‎soviet ad‏
سيتما م ‎cinema‏ سوق ‎market n‏
‎asteroid n yaw‏ سوق خيرية ‎bazaar n‏
‎i ad‏
سويدى ‎Sweedih ac‏
‎Switzeriand n | auiggs‏
0 سويسري ‎Sis a9)‏
‎gous (0‏ م ‎question, request‏
‎in‏
‎a youngster Ls‏
شابه ‎esenble v‏ سيادة مشتركة ‎cordon‏
‏شاحب وه ‎id, pee‏ سيارة ‎automobile n‏
‎accent, abnomal ag SLi‏ سيارة ‎Ea‏
‎Gp‏ سيارة مقفلة ‎wagon n‏
‎Ls‏ القطم ف ‎a‏
‏شارة ‎badge n‏ سيجارة ‎cigartto n‏"	word-to-word-bilingual-dictionary
289	"شحوب 0

street ‏شارع‎ Pon nas

شبك قاعاة شاش ‎ann n‏

share Jbl net, network n ‏شبكة‎

شبكية العين م ‎mesh‏ شاطئ م ‎beach, shoe‏

به جزيرة ‎peninsian‏ شاطئ البحرة ‎seashore‏

شتت ‎disperse‏ شاعرٌ بوه مدضقو»

‎brawn oes‏ شاغب

‎unoccupied ‏شاغراوة‎ brave ag ‏شجاع‎

‏شجاعةة ‎bravery‏ شاف وه ‎arduous‏

‎anki ad ‏شاكر‎ condemnation n ‏شجب‎

‏شجر الصّفصاف م ‎wilow‏ شامة ‎mole n‏

‏شجرة ‎Toon‏ امل زوه ‎comprehensive‏

‎behold v ‏شاهد‎ ash la, ‏شجرة‎

‎eyoniness ‏شاهد عيات م‎ | Xmas nsMaall ‏شجرة عيد‎
cova mt ‏شاهق‎ ey

‏شجيرة م ‎Shr, plant, bush‏ شاي ممما

‎trendy aj ‏شائع‎ begaar ‏شَحاذ م‎

‏شحذت ‎sharpen‏ شائك وه ‎tomy‏

‎disgraceful ag ‏شائن‎ grease ‏شحمرة‎

‎afar concen n Lis lubricate v ae ols

‎clarinet n ‏شبابة‎ lard ny piel] ‏شحم‎

‎February bolus recharge v ap ladl ‏شحن‎

‏شحن السريع م ‎express‏ شباك التذاكرم ‎box offce‏

‎ghost spparion, phantoms ‏شحنة موه شبح‎

‎spooky ad] ‏شبحي‎ shipment ‏شحْنة م‎

‏شحوب م ‎paleness‏ شير 8090"	word-to-word-bilingual-dictionary
290	"0 شحيخ

Punt IRE
singy od ‏شحيح‎ sortouty ‏شرح‎

person n ‏شخص‎ condiion, prerequisite n boy.

شرطي م ‎cop, policeman‏ شخص غير ‎dillon yas‏
شرع ب ‎legislate‏ شخص مادم ‎smebody, someone‏
شعي 4ه ‎awh‏ شخ ص متحمس وه دوف
شرعية و لقا شخصي م ‎ra‏
‎balcony n 48.0‏ شخصية ‎personally n‏

fy n ‏شخصية مكروهة‎ cast ‏شرق‎
‎entrallv ds eastemern ‏شرقى‎

adversity n 81s eastward adv ‏شرقي‎

emphasize v3 snare ‏شرك‎

شركة م ‎company‏ شديد وه ‎boisterous‏

teling ac iV] ‏شركة نجارية 107 شديد‎

شرة 986100 شنا م ‎fragrance‏

شريات »ما ‎nis‏ 1
شريحة م ‎ens sce‏

شريحة من لحمرم ‎steak‏ شراء م ممواوم

beverage n ‏شراب‎ Wicked ‏شرير اده‎

شريط م ‎tape‏ شراب كحولي ‎liquor n‏

شريط الحذاء م وه شراب مسكر ‎booze n‏

شريط ‎cordon ns‏ ا

شريك م ‎partner‏ شراشف م ‎bedding‏

شريك في جريمة ‎accompicen‏ | شراع واه

شطب رفوه شراكة م ‎parmership‏
‏ا شرب النخب ‎toast‏

شطره ‎have‏ شرج مهناف"	word-to-word-bilingual-dictionary
291	"شهادة 27

chess ‏م‎ gu lasts sister ‏شقيقة م‎

شك م ‎doubt scuples‏ شطيرة لحمرة ‎hamburger‏

شك ‎doubt, inking v‏ شظايا م009

fragment, spiter ‏شظية م‎ scrupulous aj SLs

شكرا مع * شعار ‎emblem‏

ay nls formal n ‏شكلانية‎

nation naa. ‏فاو‎ n ‏شكوى‎

popular ad usa paralyze ‏شلب‎

fat n yma | chute, cataract waren ‏شلال‎

شلال صغيره ‎cascade‏ شعر مستعارة ‎haipiece‏

feeling ‏شعورم‎ paralysis ‏شكلم‎

barley ‏شعيرة‎ 001069310 pas locas

disturbance, rot, tumult n ‏شغب‎ 01060 ac lows

activate, preccoupy ‏شغل»‎ Solar af ‏شَمْسِي‎
‎oooupation ‏م‎ Js Wak n ‏شمع‎

Vacaney ‏شغورم‎ candle n ‏شمعة‎

transparentag ‏شقاف‎ | spark plugs ‏شمعة الإشعال‎

oral oa bla candlestok n Ul sma

medicinal adj ‏شفائي‎ lump together v leo ‏شمل‎

Ip n ‏شَفة‎ best n salads

wight ‏شفق‎ ger v ois

شن هجوماء ‎oventp‏ شفقة ملام

compassionate ad Sa 1 hangup v Bass

incon, lf, spin ‏شق‎ ollageous ‏شنيع وه‎

شهاب :نادم شقاق ‎disunity‏

شهادة م ‎Ais festimony‏ للسكن م ‎apartment‏"	word-to-word-bilingual-dictionary
292	"2 شهر العسل
00 أ اساي جر اس دعام
ا شهر العسل ‎honeymoon n‏
ا شهر مارس 06 ‎march‏
‏شهر ‎May n lo‏
شهرة ف ‎colby‏
‎monty ad Gp ul‏
شهوائي زوه ‎Hustul‏
‎bow volo‏ شهوة ب ‎lust‏
‏صاحب العمل م ‎employer‏ شهي ‎delicate ad‏
صاحب مقام رقيع 990800 | ‎potion ip‏
صاخب وه لامو شهيد ‎marten‏
‏صادر» ‎opiate‏ شهير ‎ists od‏
صادق وه ‎whi‏ شوش ‎v‏ معان
صارخ ‎famboyant ad‏ شوش م ‎mixup‏
‏صارمروة ‎severe, sti‏ شوكولام ‎chosoate‏
‏صاروخ ‎rocket n‏ شوة ‎pervert v‏
ضصاعقة ‎bot‏ شوة شيئات ‎ua distigure‏
‎Ele‏ من جديد 0008 ‎Spa‏ :او
‎Slo‏ 4ه ‎clear, lucid‏ شيءٌ ‎something pro Lo‏
صالح وه ‎aid‏ شيء ‎stg‏
‎edble ag JS W allo‏ شَيْخُوحَة ‎old age n‏
صالح لللسكن زوه ‎nhabiable‏ شيخوخي ‎a)‏ 0016
‎lo‏ للشرب ‎dinkadle a9‏ شيده ‎pulp‏
‏صالوثام ‎lounge, saloon‏ شيطات 440000
صامت ‎mute, stent sc‏ شيطاني ‎diabolical ad‏
‎Lalo‏ للماء وم ‎waterproof‏ شيعة ‎sect‏
‎kesp volo‏ | شيك أجر العمل م ‎paycheck‏"	word-to-word-bilingual-dictionary
293	"0 Go
siversmith n all ilo bump ‏صدمة قوية م‎
patience n 31.0 chon Sao
color v ‏صبغ‎ friend, pal n ‏صديق‎
‎pant ac 900 cronyn pun ‏صديق‎
‎ohidish,pusrie ‏صبياني وه‎ gfiend n ‏صديقة‎
‎desert n ‏صحراء‎ sly ad Sao
Wholesome ad) se candor n ‏صَرَاحَة‎
‎correct, accurate Just ad ‏صحيح‎ oyngho
Jounal ‏صحيفة, مجلة‎ asso ‏صراع م‎
boulder ‏م‎ ako fortitude, rigor, severity n ‏صرامة‎
‎ork package ny
rocky ‏صخري وه‎ declare v ‏صرح‎
‎fend of, repulse 10 scream, shiek 8550
rebuff do yell v 850
bran lio cutdown vo

صرف ‎damsel]‏ صدارة م01
صريح ‎frank adf‏ صداع ‎headache n‏
صرير ‎creak n‏ صداع نصفي م ‎migraine‏
‏صعب و ‎difficult‏ صداقة م ‎nds‏
‎nstnlao escalate v 120‏
‎aay Lao‏ اناما ‎Vestn Bye‏
صعوبة ‎dfcuty n‏ صدع ‎spl, rove, itn‏
‎mi‏ زه عل ‎shell 8830 sal,‏
صغير ‎thn Sao ty ag li‏
‎rank nao‏ صدقة ‎bounty, alms n‏
صف ‎shock n deo range n‏"	word-to-word-bilingual-dictionary
294	"ois =
whistle n ‏صَقّارة‎ handmade ‏صناعة يدوية زوه‎
sien ‏صقارة الإنذارم‎ 00226 sake
adjective ‏صفة م‎ box, chest ‏صندوق م‎
pogen ‏و صفحة‎ n ‏صُنْدُوفٌ بريد‎
28: ‏صندوق للخزت م مان صقرم‎
slap naman make n gio
bargain dian remake ‏صنع ثانية‎
‏اله‎ ١ ‏صفقة‎ preabrcate ‏مقدماب‎ gio
filer v sao species aio
can ‏صفيحة‎ pine nb 550
hawk io heistn ao
polshv ‏صقل‎ fusion yp0
frost ‏صقيع‎ cistem n ‏صِهريج‎
‎charter n ‏صك‎ reason Uso
stifness n ‏صلابة‎ cupboard ‏صُوات م‎
yen obo tn ‏صوت‎
‎callous, adamant a cals vote nso
cross, ouciion ‏صلب م‎ vowel n pa) ‏صوْتُ‎
‎crucity velo acoustic ad (ig
te, ink ‏صلة‎ image, picture ‏صورة م‎
raw n pall] ‏صلصة‎ profie n ‏جانبيّة‎ 88.0
valve n plas painting ‏صورة زيتية م‎
outlsty 200 photo 1 ‏صورة فوتوغرافية‎
deafness 0 p> wool 39.5
industy ‏صناعة م‎ Woolen ad ‏صوفي‎
‎homemade ai ‏صناعة البيت‎ verge Glands"	word-to-word-bilingual-dictionary
295	"= os

ying ‏صياح م‎ foggy, hey, blued, misty ac)
hers ‏صياد‎ pi
1006014806 ‏صياد سمك‎ soy ooo
consenaton ‏ما صيانة‎
call, shout ‏يح وبا صيحة م‎
He » ‏صيدلية‎ boredom, tedium n 0
i fed up, restos of ‏ضجر‎
‎gerund ‏صيغة الفعل‎ nose n gun
[EE ge ‏صحك‎
‎aught ‏صَحِكٌ‎
‎laugh n ‏صحكة‎
‎shallow sdf Jeo
. Vien n ‏صحية‎
‎wo hme
8 bry ‏ضخم الجسمروة‎

noisy ‏زوم‎ glo versus, with ore 10 ‏ص‎
‎ferocious, pernicious aq Lo battery n 3
grayish ‏ضرب العملة 07 ضارب الى الرمادي وه‎
doubly ‏ضاعف‎ bea, ike, 3066 ‏ضرية م‎
pressing ag belo 10006 ‏ضرية الإفتتاح‎
astray v JLo 060181066 null ‏ضرية‎
‎stay ag Jo knock n ‏ضربة عنيفة‎
4:00 v silo bounce n ‏ضربة قوية‎
missing ‏ضائع زوه‎ coup n ‏ضربة موفقة‎
fog nobis moar uso"	word-to-word-bilingual-dictionary
296	"=
‏ضورة‎
‎ee
‎rey nb b
dispensable, nossa ad ‏ضروري‎
‎contin n ‏طابع عافن ضريبة‎
‏ضعف م لاع‎ around for ‏طابق أرضي‎
100018114 ‏ضعيف‎ windmill n ‏طاحونة هوائية‎
pressure, forse vaso pursue v3,lb.
stress, pressure n baa emergency n ‏طارئ‎
‎ne ‏ضغينة م‎ dosity nals
‏ضفدع 0و0‎ pest ‏طاعوت‎
‎queue ‏ضغيرة م‎ adrift, afloat acy Slo
nels ranpowet ١ ‏طاقة البشرية‎
gauze ‏طاقمره»». صمادة خفيفة م‎
warranty ‏ضمانة م‎ applicant n ‏طالب الوظيفة‎
ensure v ‏ضمن‎ table ‏طاولة م‎
inclusive adv ‏ضمنا‎ dummy ‏طاولة بريدج م‎
implicit ac ‏ضمني‎ aeroplane n ‏طائرة‎
‎a) ‏طائرة عامودية . ساممام ضمير 1 0000م‎
‏ل‎ tis aq ‏ضمير الغائب المتصل‎ frivolous ‏طائش وم‎
Tight, ghtng ‏ضوءم‎ cardiology ‏طب القلب م‎
glean hun 59.5 ecology n ‏طب النساء‎
25 ynecology 7
spolightn SUES ‏طب النفس م زتامناترومر ضوءٌ‎
guest ‏ضيف م‎ chalk n slabs
ramped, naron ad ‏ضيق‎ printing, press ‏طباعة م‎
trouble n ‏ضِيق‎ nomaiize v ‏طبع‎
‎insigniicant ad) ‏ضئيل‎ naturally ad eo"	word-to-word-bilingual-dictionary
297	"= ‏مزعج‎ Jab

طرف ‎ain aS)‏ طبعة 0016م

1600016 ‏مستدقّ6 0 طبعة ثانية‎ Bb

طرق م ‎beating‏ طبق 4800

‘according to pre ‏طبقا‎ forge v ‏طرق الحديد‎

طرى 7 ‎fatter‏ طَبَقة م ‎category‏

layer n ‏طبقة‎ tender ad) ‏طري‎

class, case n ‏طبقة اجتماعية‎ ary ‏طريدة م‎

fim» ‏طبقة رقيقة‎ way path ‏طريق‎

طريق تحتية م 00060355 طبقة عشب مه

طريق جانبي م ‎Jub bypass‏ 80076

umn ali divoway n ‏طريق خاصة‎

طريق سريع ‎highway n‏ طبلة الأذت م ‎eardrum‏

handgun n di dead end n ‏طريق مسدود‎

طشت م ‎basin‏ طبيب 0 ‎doctor‏

dentist n ‏طبيب الأستات‎ food ‏طعامرم‎

veterinarian n Shy ‏طبيب‎ delicacy ‏طعام شهِي م‎

‎bait plo‏ طبيب نفساني م افتاةالعروم
قم ‎smack n ps‏ طبيعة ‎nature n‏

‎naturel af ‏طبيعي‎ stb ‏طعنة م‎

‎physically ‏طَبيعِيًا وه‎ despotic ad ‏طغياني‎

‎freshness ‏م‎ adel rash nSal> ‏طفح‎

‎tendemess n ‏طراوة‎ skip vb

‎Jabs‏ م مفلا ‎ail,‏ طرخ لها

‎expel ‏طردت‎ baby, ‏م قاط‎ Jabs

‎expulsion ‏طردة‎ dn Jab

‎embroider vb brtag ‏مزعج‎ Jab"	word-to-word-bilingual-dictionary
298	"‎Jab 2‏ يبدأ المشي
‎Jab awe sb‏ يبدأ المشي 0 10408
‎phasen sh‏ طفولة ‎infancy n‏
طوعا بده لاوطا طفيلية 400107
‎fen pub food volssh‏
‎ence v dsb‏ طقطقة ‎crack n‏
‎length n Jabs‏ طقوس دينيّة روا
‎fodvessh‏ طلاق ‎divorce n‏
‎lengthy ach Jib‏ طلبٌ م ‎demand‏
‏طويل الأجل ‎long-term agg‏ طلب ثمنا أعلى ‎overcharge v‏
طيب القلب م ‎cone p val goodness‏
‎pleatn ach‏ طليعة الجيش م ‎vanguard‏
‏طيرم ‎tomato n pola b> bird‏
طيران ‎fightn‏ طماع ‎aid ag‏
‎indiscretion 0 uals‏ طمان» ‎reassure‏
‏طبع وم ‎menstruation n Cans manageable‏
طيق ‎sugengab shade n‏
طموح ‎ambitious ag‏
‎bl} nn Gb‏
طنين م ‎buzz‏
‏طهارة  ‎chastity‏
‏طهر 480160
طهوة ‎concoction‏
‏طهوم ‎cooking‏
‏طوال م ‎during‏
‏طوالَ الليل ‎sev‏ :00190
طوب/ ‎canonize‏"	word-to-word-bilingual-dictionary
299	"0 ‏عاطل عن العمل‎
b andi n ‏ظهور اليابسة‎
inusice n alls
thirsty ‏ظامئ وه‎
0100161517 ‏ظاهرة‎ 2
outward ag) ‏ظاهري‎
‎allegedly, apparently acy alls 168009 ag ‏عابر‎
‎deer ‏ظبي؟‎ passerby n ‏عابر سبيل‎
circumstance n 9,5 hoy n ‏عاج‎
‎envelope ‏ظرف مغلف م‎ incapable ‏عاجزوة‎
‎cioumstancil ‏ظرقى وه‎ nomaly,cdinary cy ‏عَاذَةٌ‎
‎prety ‏ظريف وه‎ custom ‏عادةٌم‎
‎fngemail nabs unbiased ‏عادل وه‎
toenail n ‏ظفر الرجل‎ ordinary, normal ‏وه‎ Sle
shadow n Jb nude, bare, naked adi lc
overshadow v ‏ظلل‎ beam nae.
unfimess n alls unmarid ac ‏عازب‎
‎unfaity ade Lalo pianist gill ‏عازف‎
‎obscurity, darkness ‏ظلمة م‎ stormy aq ‏عاصف‎ 4
shade ‏ظليل‎ tempest siomn ‏عاصفة‎
‎distustl sg ‏ظنات‎ | understom 3.0, dole
backn plo understanding ‏عاطف 4ه‎
oom ‏ظهر»‎ emotion ‏عاطفة‎
‎00007 ‏المركب‎ 1p sentimental ag) bole
appearance nse | unsomioyed ag ‏عاطل عن العمل‎"	word-to-word-bilingual-dictionary
300	"0 عاق
‎hinder v Sle threshold n duis‏
عتيق ‎ad‏ لاه ‎ungrateful af Sle: moldy,‏
عتيق الزي ‎barren adj 5c. outmoded af‏
عتيق ‎oldastioned aa sll‏ | عالج ‎handy Legioge‏
‎leamed aq llc. omelette n au Axe‏
‎botany n lull alle disabiity n xc.‏
عجز بشكل ‎Worldwide af salle defitn ple‏
عجل ‎yearn ple caf veal n‏
عجلة ‎public aq ple wheel n‏
عجلة اليذه ‎whealbarron‏ عامل م ‎foto, agent‏
‎elderly ad) joc.‏ عامل متغير ‎parameters n‏
عجيب ‎wed ad‏ عاون» 080
عجين م ‎dough‏ عاير, إختبر ‎siandardize v ums‏
عد ‎count‏ عاتب وه ‎riicking‏
‎besides pre lac.‏ عائق 0 ‎disadvantage‏
‏عذا ‎family nabile galop AE py‏
عداء 040 عبء ثقيل م ‎surcharge‏
‏عداد المسافات ‎coskndelic | odometer‏
عدالة م ‎Justis‏ عبارة ‎phrase n‏
عدذ ‎be enumerate v‏ الساعة» ‎wind wp‏ |
عدد الضحايا م اما ‎mess tp vidas: death‏
عدس ‎vainly acy lise: lent n‏
عدسة ‎pre us lense n‏ 201085
‎jue faimess n Jac.‏ البجارتدة ‎overseas‏
‏عدم استقراره لالاطقافةا عبودية م ‎bondage‏
‏عدم الأمات ‎insecurity n‏ عبور م ‎crossing, transit‏"	word-to-word-bilingual-dictionary
301	"0 ‏عشية العيد‎
disclaim v ‏الديك مامه عدم معرفة‎ Bie
1001016070 ‏عرقات بالفضل معانو عدم نضوج‎
enemy, foe ‏عدوم‎ sweatn ‏عرق‎
‎nvsic butonhole ‏عروة م‎
aggression n lg Ac nudity n ‏عري‎
‎aggressive ‏وه‎ slg ie. 9000/0 ‏عريس‎
‎infection ‏عدوى م‎ bros a ‏عريض‎
‎infect y Sac: pelion ‏عريضة م‎
numerous ag ‏عديد‎ donnie
uselss ‏عزاء 0 606و عديم الجدوى وه‎
blunt ag ‏عديم الجس‎ celbate ‏عرب زوه‎
virginity n ‏غذْرَة‎ enhance ‏عززه‎
‎hearse ‏عرية الموتى م‎ insiaton, slain ‏م‎ Jj
‏عرية نقل 025ل‎ foneiness n ‏عزلة‎
‏تيم‎ ad ‏عربي‎ colby n ‏غزوية‎
‎pn ‏عر‎ dear a ‏عزي‎
‎wedding n uy distress ‏عسرم‎
‎000066 ‏عرش‎ indigestion ‏عسر الهضمره‎
expose v ‏عرض‎ nestn ‏عش‎

bread, wit ‏عَرْضٍ م‎ grass, pasture ‏عشب م‎ 3
symptom ‏عرض‎ weed nls ‏عشبة‎
‎endanger v pba) ‏عرض‎ tn ag ae
preven ‏عرض مسبّق م‎ wena Ug aise
incidental acy Lic desma ‏عَشْري وه‎
200000131, casual ‏عَرْضيٌ وه‎ bindly acy ‏عَسشُوائيًا‎
‎fare ‏عرف انه‎ vgn ual ‏عشية‎"	word-to-word-bilingual-dictionary
302	"pid 0
olan n ‏عشيرة‎ greatness ‏عظمة م‎
staf cane ‏عضا م‎ gigantic ag pubic.
bandage n ‏عصابة‎ abstinence n das
8100607 ‏عفن وه ام عصابة للعينين‎
neuroic ‏غصابي و‎ pardon ‏عقوم‎
‎succulent ago Las amnesty n ple sac
none naad spontaneous aq Seas
Jumpy, ght, nervous ‏م‎ saa chaste ag ‏عفيف‎
‎epoch, eran pac penalty n lac
Up-o-date mode ad oS pac dng lac
insurgency ‏عقاف 86065 عصيات م‎
0601064 ‏عصيبي‎ dogma aq ‏عقائدي‎
‎Jie ‏عصيره‎ hurdle, seback n ‏عقبة‎
‏عصير التفاح م00‎ decade n ‏عقد‎
‎bite ‏عفد 0002010 عض م‎
muscle n alac necklace n Adc
member mb, organ ‏عضوه‎ lease ‏عقد الإيجارم‎
membership n &is.ac knob n 8c
embaimy ‏عطر‎ Knot n 6146
3 ‘aromatic a ‏عقرب 50061017 عطري‎
sneeze n lac ‏انه‎ ١ ‏عقصة‎
‎hod v ‏عطل‎ vith Jie
gratuity n aac mental ad) sic
homily n ‏عظة دينية‎ mental ao ‏عقليا‎
‎bone n plac mentality n du lac
magnitude n aac futlty ‏عقمره‎"	word-to-word-bilingual-dictionary
303	"= cll ‏عمل‎
‎creed ‏عقيدة م‎ ley ‏علماني‎
‎Tulle, tere aa] Audie. sciontic ‏وه‎ swale
crutch ‏عكاز م‎ upper ‏وه‎ Sele
reverse n ‏عكس‎ on, upon pre ‏على‎
‎romedy n2Me tel av ‏على الأرجج‎
rapport ‏علاقة‎ mainly sav ‏على الغالب‎
mark n ‏على بعد 8م108 علامة‎
trademark ‏علامة تجارية م‎ song pre 3S ‏على طول‎
bonus ‏علاوة م‎ relctany av 0, ‏على‎
‎tetemon ‏علاوة على ذلك مده‎ | aboard sav ‏على متن سغينة‎
canister ‏علبة صغيرة و‎ badly sav ‏على نحو رديء‎
lech ‏عَلَقَة‎ | humiedy ‏على تجو سريعء‎
inset, know v ple grossly ‏على نجو فادع به‎
standard n ple | abruply sv isles ‏عَلَى نَجُو‎
biology ‏الأحياء م‎ ale widely adv ‏على نحو واسع‎
ethics ‏علم الأخلاق م‎ notably ack ‏على نحو وجيه‎
exdlogy nasal ‏علم‎ detriment n ‏علي حساب‎
ohrondogy ‏التاريخ م‎ ple reputedly sav ‏علي ما يقال‎
anatomy n ‏التشريح‎ ple atic n ‏المنزك‎ ale
astoogy ‏التنجيمرة‎ ple antndac Of
aitmete n ‏الحساب‎ ple purpose, willy acy xac:
‏الحيوات» (0009ة‎ ale agen a
hygiene ‏الصحة م‎ ple heyday ‏عمر الشباب م‎
| astronomy 6 Lal ‏علم‎ deed ‏عمل م‎
| geometry ‏الهندسة م‎ ple employment, work ‏عمل م‎
laymen ‏علماني م‎ housework ‏عمل البيت‎
|"	word-to-word-bilingual-dictionary
304	"بن عمل بطولي
عنص ر 0000006016 عمل بطولي ‎feat n‏
عنصري ‎racist ad‏ عمل روتيني ‎chore‏
‏عنصرية ‎racism n‏ عمل قواداء ‎pander‏
‏عنف 1 ‎heating‏ عمل مسرحي ‎fowe n‏
عنق ‎neck n‏ عمل ورقي ‎paperwork n‏
عنقود م ‎bunch, cluster‏ عملة ‎cunency, coin‏
عنكبوت ‎spider n‏ عملي وه ‎workable‏
‏عنكبوت ذتبي ‎trata n‏ عملية ‎process n‏
عنوات ‎generalize v pac address n‏
عنوان فرعي ‎Subtle n‏ عمود م ‎column‏
‎spac adfess v gic‏ الإنارة ‎tamopostn‏
‏عنيد ‎stubbom ad)‏ عمودي ‎Upright ad)‏
‎overall aay ogac: assurance, seal n Ap.‏
عهد م ‎testament, pledge‏ عمومي ‎common ag‏
عودة م صم عمّى» همان
عوض ‎remuneralev‏ عميد 0105
عوم» 1091 عميد كلية  ‎dean‏
‏عونت ‎backing n‏ عميق ده ‎deep‏
‏عوى ‎howl‏ عميق ‎hough aa Sal]‏
عويل ‎amen, wan‏ عميق جدا ‎ag‏ 501071645 3
عى 58( ‎avstnacy n sae: aller v PMS‏
عيادة 01065 ‎Sie‏ م ون
عيب م ‎blemish‏ عنات ‎rein n‏
عيب 80010000090 عنب 98060
‎holiday n duc.‏ عند ‎at near pre‏
عيد الفصح ‎Eastern‏ عنزة 0910و"	word-to-word-bilingual-dictionary
305	"غرفة أطفال 0

amas ‏عبد الميلاد‎ Stages

lie ron ‏غائرو‎

i doudy agp pile

Se mindless ad cus:

seins | dant ‏غثيات »واس‎

غجر م ‎Psy‏

tomorrow ‏غداًدة‎

dinner n ‏غذَاء‎

غداء امنا 8

غذاء 4916

forest ale deve

jingle ‏غابة كثيفة م‎ quence

hop ‏غادر»‎ crown ‏غراب‎

goton le raven n sgl ‏غراب‎

غرامرة 980 غارة م10

غرامة ب ‎penal‏ غازه ‎invader‏

غرانيت 0 ‎granite‏ غازل 16

angry furious ‏غاضب وه‎ est ad ‏غربي‎

withe vl ‏غاضب‎ sick v6
‏الخ‎ es 8

pricey, costy adj ‏غال‎ destination n ‏غرض‎

gallon n ‏غالوث‎ gangrene n ‏غرغرينا‎

‎nase‏ غالي السعروة 000016ة

‎fuzzy, vague ad) ‏غامض‎ classroom n ‏غرفة التدريس‎

‏غرقة أطفال م ‎nursery‏ غاية م ‎purpose‏"	word-to-word-bilingual-dictionary
306	"‎i‏ غرق
غطيطم 008 غرق 6 ‎drown‏
‏غفارة 6 ‎cassock‏ غرمر ‎re‏
‎excuse, pardon v sae‏ غروب 0 ‎evening‏
‏غقرات ‎prden pe | abaotion remission n‏
‎shackle n J&‏ غريب وه ‎bizane, queer‏
‎Se‏ م ‎wiapsing‏ غريزة 10810016
‎invasion 336 boyn pM‏
غلاآية ,5016 ‎et,‏ غسالة الأواني ‎dishwasher‏
‏غليه النعاس ‎bath Jul drop ofv‏
غلّة ‎yield‏ غسل دماغ ب ‎brainwash‏
‏غلطب ‎lapse‏ غشاء م ‎membrane‏
‏غلق بعنف/ ‎sam‏ غشاوة ‎ist‏
‏غمرم ‎gloom, chagrin‏ عَشْيَة ‎trance n‏
‎branch, bough n pal immerse v ya‏
غمر الاسواق» ‎Gad dump‏ ناتئ ‎spun‏
‏غمزه ‎wink‏ غضب »م66 ‎dsploase‏
‏غمزة ‎dopleasing ad aint: wink‏
غموض 6 ‎anger Caine mystery‏
غناء م ‎crease n pal song‏
غنيم 0800 ‎snore vac:‏
‎rich, wealthy adj sit‏ غطاء ‎coal, dn‏ 1
‎Sue‏ بالألوات ‎colorful aq‏ غطاء السريرم ‎bedspread‏
‏غنيمة ‎booty, loot»‏ غطاء الوسادة م ‎plloncase‏
‎sinkiny ge‏ غطاء لرأس المرأة ‎nandhertitn‏
‏غوص ‎diving n‏ غطاس ‎diver n‏
غياب ‎absence n‏ عَطْس ‎plunge n‏"	word-to-word-bilingual-dictionary
307	"فاحم ©
غير مرغوب فيه وه ‎undesiable‏ | غير ‎erat ad) onal‏
غير مستوجب وه ‎undeserved‏ | غير جدير بالثقة زوه #اتهدصر
غير مقأوم ‎unprotected ad‏ غير حساس ‎insensitive ad‏
غير ‎inadequate aq piMo‏ غير خبي ‎inexperienced ad‏
غير ملحوظ ‎ad‏ 0000061 غير 5455 ‎imprecise acl‏
غير ملجوم ‎searless a‏ غير رسمي ‎infomal ag‏
غير متتبه زوم 20118م10185 غير شرعي اده ‎illegal‏
‏غير منطقي ‎UnpopUlar ad imal yu ilogioal adj‏
غير مؤل مه ‎painiss‏ غير شفاف وم ‎opaque‏
‏غير ‎eas ad ssl‏ غير ضار ‎unhurt af‏
‎ardor, oslousy 1 a8‏ غير ضرورى ‎nodes: ad)‏
‎agen ane‏ غير 00/5950 000 ‎Ue,‏
‏غيور ‎ardent, jealous adj‏ غير عاقل ‎unreasonable ag‏
غير عملي ‎impractical ad‏
غير ‎HL UT a 34S‏
6 غير مألوف ‎uncommon ad‏
ف غير مباشر ‎indirect ad‏
غير متبلو ره 20000008
خارج للنسوية كاوج غير متساووة ‎unequal‏
‎rel =‏
فاتورة ‎SEs i, vice n‏
‎pees‏ غير محتمل ‎improbable ad‏
فاحشة ‎a misconduct n‏
‎pichblack ad o>‏ كين ربل ‎i‏
‏غير مرتاب 4م ‎unsuspecting‏"	word-to-word-bilingual-dictionary
308	"0 فاخر
فترة فاصلة ‎inertude n‏ فاخر ‎a‏ موقا
فتش ‎go though v‏ فادح وم ‎gross‏
‎n 535‏ ناميه فارة ‎mice n‏
فتن 0008017 فارس 109810
فتور الشعور ‎apathy n‏ فارغ وم ‎van‏
‏فج وم ‎immature‏ فارق بسيطم ‎nuance‏
‎compt vicious ad Als | sudden, unexpected ad lx‏
فجأةٌ ‎suddenly aay‏ فاسق 4م ‎immoral, lewd‏
فجر 0 ‎dawn‏ فَاشْسَيِي ‎authoritarian adj‏
فِجلَة ‎radish n‏ فاصل م ‎interval‏
‏فجوة ‎gap, cavity n‏ فاصوليا ‎bean‏
‎merely, ony ack aun‏ فاصوليا خضراء م ‎grsenbean‏
‎obscenity n Jud‏ فاعلية ‎effectiveness n‏
فحص م ملاعم برصنة ‎supers v3‏
فحص ‎doublecheck v3.10‏ فاقه عدداب ‎outnumber‏
‏فخارم ‎porcelain‏ فاكهي 4ه ‎iy‏
‎thigh n 43‏ فائدة ‎benef, profit n‏
فخمروة ‎imposing‏ فائض وه ‎superuous‏
‎aren ols‏ قأرم ‎mouse, rat‏
فدرالي ‎federal ad‏ فأس ‎an‏
‎omen dls gelofy 9‏
فرازٌ ‎stampede n ela‏ فتاة م انو 5
فراش ‎matress, bed n‏ فتاة جميلة  ‎chick‏
‏فراش الموت ‎SUS deathbed n‏ مرض 190186
فراشة م ‎conquest n 2d buttery‏
فراغ م 80010853 فترة م ‎period‏"	word-to-word-bilingual-dictionary
309	"فطائر 0

raspberry n ‏فراولة‎ anmuimentn ‏فسخ‎
‎single 3,9 disinegrale ‏كسد‎
‎singlhanded ag) 53,9 explain, nerpretv pau
bay ‏م‎ usd immorality 1 ‏فسوق‎
‏فسيح 4ه افولا فرش م عاص‎
paintbrush n ‏فرشاة الدهن‎ mosaic ‏كُسيفساء‎
‎hatrush ‏فرشاة للشعرم‎ opr ‏فشل‎
‎ousasion ‏عوممنوماة فرضة م‎ n ‏فصاحة‎
‏فرض » ردم‎ discomest v ‏فصل‎
‎premise n 2,9 segregation, seperation n J.a8
supposiion ‏فرضية م‎ season ‏فصل‎
‎excess ‏قرط م‎ chapter ‏من كتاب م‎ Jad
finish, end v ‏فرغ‎ quarterly ‏فصَلِي وه‎
cette 0 ‏فرع الهواء‎ platoon ‏فصيلة م‎
brake nla, 000607 ‏فض‎
‎fumace, oven ‏م‎ 0,9 dssouton ‏فض البرلماتم‎
France n Lu 9 unpack y Ld
French ad ‏ناه فرنسي‎ 429
rng, vagy loose aq ‏فضفاض‎
‎scalp n ‏الرأس‎ 69,9 favor, kindness n ‏فضل‎
‎fury ac ‏فروي‎ aside from ao ‏فضلا عن‎

Prey ‏فصول رض فريسة‎ ppg
169076 ‏فريق‎ | - nosy curious ‏فضولي وه‎
4006 ‏فضيحة موصن فريق مناوية‎
decay ‏قسادم‎ vite ‏فضيلة‎
‎space n dean pasty ‏فطائرم‎"	word-to-word-bilingual-dictionary
310	"0 فطر
‎fungus n kd pepper n Jals‏
‎Jad‏ سود ‎bell pepper‏ فطري ‎nate ac)‏
‎astronomic ac SIS‏ فطيرة ‎pion‏
‎moun 9‏ فظوم ‎inpoie, brusque‏
‎an‏ فظاظة ‎dscourtesy n‏
‎oS‏ العمارة ‎architecture‏ فظيع ‎shocking ad‏
‎G3‏ الكاريكاتورة ‎caricature‏ فعال ‎efficient ag‏
9 النحت م ‎saupture‏ فعالية ‎ficiency n‏
‎vet, ation n.d coutyerd, pation sGS‏
فناء وه ‎chil Jas dying‏
فناء المزرعة م 0/408 ‎Sas‏ ايو
فند ‎disprove v‏ فَقَارَة ‎vertebra n‏
فتلندا م ‎Actas Finland‏ م ‎bubble‏
‏فتلندي وه ‎Finish‏ فقد 10101
في ‎ats ac‏ 185 الذاكرة 0 ‎amnesia‏
‎lock laa 0101110316 v 249‏
رست ‎poverty 5&8 contents n‏
‎clause, paragraph n 8,29 grasp v ppd‏
‎phobian Lys‏ فقرة صغيرة 308106018
‎immediately aov 99‏ فقس ‎treed v‏
فوري ‎instant‏ فقير ‎intigent, needy ac‏
فوض ‎poorly ov 485 entrust v‏ أف
فوضوي ‎jana ds anarchist n‏
فوضى ‎concept dean 6,59 anarchy mess n‏
فوق ‎ac‏ قوط فكه ‎humorous ag‏
‎Aad‏ م ‎muzzle‏ فلسفة م ‎philosophy‏"	word-to-word-bilingual-dictionary
311	"قاس ‎ar‏
‏قُوّمة البركات ماف
‎od‏ فى ‎within pre‏
قابل ‎mesty‏ فى الواقع ‎actually aov‏
قابلّ ل وه عاسم فى هذة الايامرةة ‎nowadays‏
‏قَابلٍ للاحتراق م ‎combustible‏ لي
ابل | ‎a‏
‏قابل للتعليم4» مانن في الخلاء بده ‎outdoors‏
‏قابل للتمدد ‎ssi ag‏ في الداخل ‎led ows‏
ثابل ‎ted‏ | في المانة ‎meter‏
‏قابل للشفاء و ‎curable‏ في المُتنَاول وه ‎acssssble‏
‏ابل للعطب وه كل في الهواء الطلق بده ‎outdoor‏
‏قابل للقسمة وه ‎duis‏ في الواقع ‎ivan‏
‏قابلٍ ‎breakable aq aul)‏ في أحسن حال ‎ne adv‏
قاب للمقارنة بير ووم | في أي وقت بده مع
قابلية ‎stude‏ في تمام الصحة ‎heaty ag‏
قاحل زه 018016 في حالة سينة م ‎disrepair‏
‎lead, mastermind 315‏ في حينه ‎mel ay‏
قادر وه ‎able‏ في غضوت ‎meaniime adv‏
قأدم زوه ‎forthcoming‏ في ما يتصل ‎regarding prey‏
قَارّة ‎continent n‏ في ما يتعلق ب م ‎concerning‏
‏قارس ‎shred ag)‏ في مكان آخريدة ‎siseuners‏
‏و قارف وه ‎continental‏ فيض 1000609
‎JE)‏ قاس د عدمة قيل ‎ceptantn‏
‏قاس ‎fim hard ac‏ يلق دوم
قاس في ‎et on sera‏ فيل »11048
‎Loud‏ بعد ‎later ao‏"	word-to-word-bilingual-dictionary
312	"0 قاصد إلى

ee
bound ad ‏قاصد إلى‎ glossary ‏قائمة كلمات م‎

قي م000 قاض م ‎judge‏

prosecute v ‏قاضى‎ collar n pill 45

sharp ag ‏قاطع‎ prehistoric ad) sku lid

hese v MSIL ‏قاطع‎ grave tom, burial ‏قبرم‎

fuse n lu ‏قاطع‎ contraction n asd

قبض الامعاء ب ‎constpate‏ قاطع طريق ‎gangster n‏

قيض على أو روفو قاعة الرقص 5910007
قبضة ‎n‏ 1900 قاعة المحاضرات ‎autorun‏
‏قبعة ‎acts hat n‏ رياضية » ‎qmasiun‏
‏قبل ‎befors adv‏ قاعدة م ‎principle‏

foundation n ‏قاعدة أساس‎ iss nals
database ‏قاعدة بيانات م‎ | admitance, acceptance ‏قبوك م‎
caravan ‏قافلة م‎ be nalud

shape, mold ‏قالب م‎ conbatn JS

service vila ‏قام‎ dock ‏قتل‎

redo ve ‏قام ثانية‎ murder, kiling ‏فقتل م‎

قنل غير متعمد ‎manslaughter n‏ | قامة م ‎setup‏

gamble 5015 drought ‏قحط م‎

قحل وه ‎potent‏ قائط ‎ag‏ 4660000001

fawn oss fauren plo ‏قد‎

legal, lanl aq usil5 holiness n ‏قداسة‎

legality  ةّينوناق ‏مادم‎

doit ple amps
leader ‏قائد‎ doom able ‏قدر‎
‎lis, schedule ‏قائمة م‎ capably n ‏قدرة‎"	word-to-word-bilingual-dictionary
313	"0 Lo)

charisma n ‏قدرة خارقة‎ pirate n Olas
fool, feet n 23 piracy n ‏قرصنة‎
‎applyforv Lb ‏قرصي الشكل م 0066 قدم‎
bebom » ‏قدم للحياة‎ gnaw « ‏قرض‎
‎come forward v Suds ‏قدم‎ loan n ‏فض‎
‎saint ‏قيس‎ Bp vES
ancient, archaic ‏قديمزوة‎ toll n ‏الناقوس‎ £3
crappy, squalid ad), 8 pumpkin» 45
ain finy ‏قرفة 00090000 قذر‎
ec; shoot y ‏قذف‎ ten ‏قرميدة‎
‏م و6‎ 335 pink ‏فرتغلي وم‎
bombing ‏قذف بالقنابل م‎ medieval a9 ‏قروسطي‎
‎grenade, missle n ‏قذيفة‎ inpending sd ‏قريب‎
‎reading ‏قراءة م‎ soon ‏قريباً عه‎
100606 n ‏قرابة‎ Vilage ‏قرية م‎
decision ‏قرارم‎ hamlet n ‏فرية صغيرة‎
166016 ‏قرار محكمة‎ dwar, midget 35
read ‏قرأ‎ chaplainn ‏كس‎
‎beso re ‏قرب‎ instalment baud
Veiniy n 39 department pad
018 ‏رح‎ divide ‏قسم‎
‎ueern a8 oath n pd
ond potion 1 ‏قسمة‎

prom | ‏قسوة: ميا‎ EJ
dial n ‏قرص الساعة‎ pastor, priest n ‏قسيس‎
‎abltn ‏فرص دواء‎ priestess n ‏قِسيسة‎"	word-to-word-bilingual-dictionary
314	"30 قسيمة
‎munch vod‏ قسيمة م ‎coupon‏
‎execute 5.28‏ قسيمة الشراء م ‎sae slp‏
‎stan n Gud bar nada‏
قضية ‎cream n 8 issue n‏
قضيّة م ‎creamy ad) «S49 lawsuit‏
قطار ‎tran‏ قشرة ‎pool‏
‏قطاع ‎sector‏ قشرة الرغيف 0817
‎frown vd‏ شري زه ‎crusty‏
‎polar adj eld‏ فُشعريرة ‎chil n‏
‎clipping n jad dip v pk‏
قطرات ‎ive away v Lad arn‏
5,8 وه ‎soap n old diagonal‏
‎gd‏ م ‎cane n a chop‏
( قطع ( عن ‎discontinue‏ قصة م ‎fon, sory‏
قطع الى ‎intend v 1.08 sce ils‏
قطع ‎intention n 1.5 swich off v Ls‏
قطعة م ‎lump, chunk‏ قصدير ‎nn‏
‏قطعة ‎bleach v a8 log nadia‏
قطعة سلاج ‎firearm n‏ قصرم ‎mansion‏
‏قطعة غبار ‎brevity n pd spare part‏
قطعة فنية ‎artwork n‏ 528 عَنْ ‎malfunction v‏
قطعة ‎cutn poe)‏ قصيدة ‎poem n‏
قطن ‎Short a pus coton n‏
قطيع 0 ‎flock, group‏ قصير الاجل وم ‎shotived‏
‏فعر ‎bite ad pd foorn‏
‎fete elias goven ad‏"	word-to-word-bilingual-dictionary
315	"an 659

waste 45 cloth ‏قماش‎
‏قفر‎ canvas nal] ‏قماش‎
‎jump 0 34 ao, pn ‏قمة‎
‎cage n ‏قفص‎ wheat n a8.
lock, padiock ‏قفل م‎ satelite n ‏قمر صناعي‎
snooze vi cabin ‏قمرة م‎
‏قفير خلية نحل م06‎ oe, moth Jad
fies Ms louse ‏قملة م‎
‏قلا‎ sin asad
pendant ‏قلادة م‎ anueduct canal ‏قنأة م‎
essencen ‏قلب‎ sniper ‏قناص‎
‎40010007 ‏قلب المدينة‎ disguise, mask ‏قناع م‎
hearty ‏قلبي وه‎ bomb ‏قنبلة م‎
‏قلبي زوه نامع‎ caulflowsr n add
indecency ‏إحتشامم‎ als consul ‏قتصل‎
‎imate mine v 115 consulte ‏قنصلية م‎
reduce v ‏قنطرة 800 قلص‎
caste ‏قلعة م‎ legalize v ‏فتن‎
‎anvious ‏وه‎ 319 overwhelm ‏قهرت‎
‎uneasiness, wory, anit ‏قلق م‎ compeling ‏قهري 4ه‎
penn old amaments ‏قوات حربية م‎
890010 ‏رصاص‎ ald ‏قواعد ( اللغة 0086و‎ (
crayon n Oslo ‏قلم‎ | etaustten ‏فواعد التشريقات‎

ror pm ‏فلنسوة‎ wer ‏قوة ل‎
tein ‏قوة 10160800 قليل‎
green ag ‏قليل الخبرة‎ strength n 659"	word-to-word-bilingual-dictionary
316	"‎i‏ 659 عسكرية
ى 653 عسكرية ‎como n‏
قوت ‎sustenance n‏
‎cape nls‏ قوس ‎aren‏
‏كابح م ‎nightmare‏ قوس 239 ‎rainbow n‏
كاتدرائية ‎cathedral n‏ فوض 00060108
كاتم ‎confidant n raul‏ قول ‎saying n‏
كاثوليكي ‎catholic a)‏ قوى ‎beef up, forty v‏
كاد ‎digent a9‏ قوى كالقولاذ ‎stemly sc‏
كأدح ‎industious aa)‏ قوي ‎forceful power, strong ad)‏
كاه مه قويم 4 1901
كارثة م ‎catastrophe‏ فيء 110016
كارة وه ‎averse‏ قيادة م ‎dive lead‏
‎cartoon n 931,18‏ قياس ‎measurement n‏
كاف ود ‎strut‏ عجرو رن ‎spall‏
‎match v BLS‏ قيثاره ‎harp‏
‏كافج »اه قبثارة فا
كافيين ‎band, bond n 1.5 caine n‏
كاكاو ‎anda 1.8 coco‏
كامل ‎absolute entre ag‏ فيد ‎itp‏
‏كأمن وه ‎potential‏ قيلولة م ‎nap‏
‏كاميرا ‎guardian n pd cameran‏
‎bevulsS‏ كيمة ‎rate, value n‏
كاهن م ‎clergyman‏ 9
كائن ‎locate a‏ ="	word-to-word-bilingual-dictionary
317	"an ‏كرسي‎

chalice ‏كأس‎ Catholicism ‏كثلكة‎

bumper ‏كأس مترعة‎ many ad) ‏كثير‎

asculs seedy ad gl ‏كثير‎

كثير الجوزوة ‎nut‏ كآبة م ‎grief‏

repress v ‏كبح‎ uy acy 8 Lam] ‏كثير‎

كثير المطالب وه ‎demanding‏ | كبح م ‎check, restrain repression‏

enlarge aS dearly sau ‏كثيراً‎

doy ‏كبرياء م‎ often sao ‏كثيراً‎

1am n ‏كبش‎ dense, nensive aq ‏كثيف‎

scapegoat nelaall ‏كبش‎ exerton,dilegence n ‏كد‎

big adj ‏كبير‎ heap, pile up v ‏كدس‎

كدمة م ‎brise‏ كبير العمال م ‎foreman‏

book n LS ceceitul 4 ‏كذاب‎

كَذِبّم ا كتابة م و00

documentary n ‏كتابى‎ falsehood n ‏كذية‎

linen n GS brochure, pamphiet ‏كراسة م‎

كرامة 0 ‎digiy‏ كتب 0160م

shoulder ‏كيف‎ antpatty n ‏كراهية‎

chick n ‏كنكوت‎ agony, anguish ‏كرب م‎

mass, lump ‏م‎ ALS ball, sphere n ‏كرة‎

bork n ‏كتلة خشبية‎ football n pall 8,5

hush up ‏كتمر‎ atesh aa ‏أخرى‎ 8,5

كرة صغيرة ‎bullet‏ كتيب م ‎batalon‏

handbook, manual, booklet n ‏كتيب‎ cardboard n ‏كرتوث‎
‎ght ac) ouiS duplicate ‏كرت‎ os

كرسي 88005 كثافة م ‎consistancy‏"	word-to-word-bilingual-dictionary
318	"‎an‏ كرسي الاعتراق
كشف الراتبم ‎paysip‏ كرسي الاعتراف م ‎confessional‏
‏كشف عن ‎crane SS disclose‏
كشك ‎Kiosk‏ كرمرم ‎hospialy; vineyard‏
‎ALAS‏ الصحف م ‎nenssiand‏ كرمة اشاعة ‎grapevine n‏
كعب 0 ‎dislike v0,S heel‏
كعكة ‎cake n‏ كرها يذه بوتاو
كعكة محلا ‎bun‏ كرية ‎gobulen p>‏
كعكة مُحلاة ‎cookie n‏ كريكيت ‎cricket‏
‏كعكة هلاليّة ‎ist‏ كزيم ‎gracious, good ad‏
كف الحيوات؟ »8م كريمة ‎sunblock n‏
كف عن 90017 كريه زه ‎repulsive‏
‏كفاح ‎claus sige n‏ م ‎apparel‏
‏كفارة ؟ ‎harvest vans expition‏
‎penance n 8S‏ كستناء م افون
كقالة م ‎guarantee‏ كسرت ‎break‏
‎45S‏ الميزان ‎sede‏ كسرم ‎fraction, break‏
كفر ‎infidelity n‏ كسر العظمره 1800010
كفر عن / ‎expiale‏ 85.08 م ‎crumb‏
‏0145 م ‎ingrattude‏ كسرولة ‎casserole‏
‏كفل ب ‎JauS guarantee‏ م ‎taziness‏
‏كفن ‎shroud n‏ كسوف م ‎eclpse‏
‎ach, every, al ag JS‏ كسول ‎idle lazy acf‏
‎JS‏ شخص ‎everyone pro‏ كسيح ‎ame ad‏
كل ‎mug v pS everyting po s sad‏
‎JS.‏ من ‎whoever pro‏ كشرة 0 ‎grimace‏ 5
كل ‎everyday ad pg‏ كشف الأجوره ‎payroll‏"	word-to-word-bilingual-dictionary
319	"as ‏كيميائي‎

both ag MS synagogue n ‏كَنِيس‎
‎classic ad) ‏كلاسيكي‎ church ‏كنيسة م‎
‏كهرب 900807 كلب و00‎
000006 ‏كهرياء م 8601001 كلب صيد‎
me n ‏كلس‎ slctican 0 ‏كهربائي‎
‎60917 ‏كلف‎ cave, cave nag
galvanize v ‏كلفن‎ clerical a ‏كهنوتي‎
‎crossword n ‏كَلِمَاتَ مُتَقَاطِعَة‎ glass, ‏مله‎ n ‏كوب‎
‎word n ‏كلمة‎ hustle n ‏كوخ‎
‎password ‏كلمة المرورم‎ cone 395
compound n ‏كلمة مركية‎ cholesterol ‏كولسترول م‎
almighty ‏كلَي القدرة زوه‎ cologne n ‏كولونيا‎
‎colege n ‏كلية‎ colonel n ‏كولونيل‎
‎Kidney n ‏كُلية‎ computer n ‏كومبيوتر‎
‎dull aq ‏كليل‎ stack n Gog
Sleeve n pS haystack n ‏كومة قش‎
reportedly adv ‏كما يعتقد‎ cosmic ‏4ه‎ JsS
duly ad ‏كما ينبغي‎ that agi ‏كي‎
‎pincers n ‏كُمَاشة‎ elegance n ‏كياسة‎
‎muzde ‏كمامة م‎ aistence ‏كيات م‎
fiddle n ‏كمان‎ intigue ‏كيده‎
‎quantly n ‏كميّة‎ graceful, elegant adj ‏كيس‎
‎oveval ‏كن‎ bag, sack 6 ‏كيس‎
‎roasure ‏كنزم‎ gable n ‏كيس المرارة‎

Kangaroo iS ‏ادن‎ pute ‏كيس‎
‎sumame ‏كُنية‎ chemical ‏كيميائى زه‎"	word-to-word-bilingual-dictionary
320	"‎a‏ كيونة
آلا تعض ب مسف ‎Tee |] 111١‏
لا يزال ‎stil av‏ كيب ‎depressing ad‏
ألا يصدق وه ملعتم ‎incredible,‏
‏لا ‎sg‏ وه فقوو
آلا 32 ‎countess ag‏
لا ‎J inesistible aa pli‏
لا يُقُهَر ‎unbeatable of‏
لا ‎uray‏ زوه ‎untouchable‏ لا أحد ‎noone pro‏
لا يمكن ‎oi ye, shill‏ | لا ساس ‎a‏ 010/0484
لا ‎unforgetable ac seas‏ لا أحد ‎nobody, none pro‏
لا ‎staunch ag diy‏ لا أخلاقي 4ه ‎amoral‏
‏ألا ‎aos:‏ وه ‎unspeakable‏ لا أساس له وه ‎basis‏
‎match v pV)‏ لا شيء ‎nothing n‏
لاأخلاقي وه ‎promiscuous‏ لا طعم له زوه ‎insiid‏
‏لاتوازت م ‎imbalance‏ لا عقلاني ‎national ag‏
لاجق ‎later subsequent ag‏ لا فقاري زوه ‎spineless‏
‏لاقع وم ‎carlessness 1 8Vlao V Harsh‏
لاسلكي ‎wireless ag)‏ لا معنى له زوه ‎meaningless‏
‏الاق وم ‎atresve‏ لا مكات ‎nowhere av‏
الاصقة م ‎sticker‏ لا واع ‎unconscious ad‏
لاطف» 600 لا بنجزا و ‎indisbl‏
‏لاقت للنظروة ‎noticeable‏ لا يُتَصُور زوه ‎unthinkable‏
‏لامبال هه 1060601 لا يتعب ‎ag‏ 050958
لامع زه رمدان زاك لا يُجُحَد ‎smicived‏ -
لانهائي ‎boundless ad‏ لا يحتمل زوه ‎Intolerable‏"	word-to-word-bilingual-dictionary
321	"0 sl

insoluble ac ‏لايذوب‎ meablln 550 ‏لحم‎

innumerable ag ‏الايعد‎ melody n ‏لحن‎

indisputable ‏لايقيل الجدل وه‎ eos ac si)

menu ‏لائحة الطعامره‎ beard nau)

‎epitomize, recep v ase)‏ لأجل م

‎behal (on) ‏مصلحة بده‎ JU 16006 aq 0a)

‎because c OY pinching AJ

‎ear, marron ‏ليام‎ hersiore sov ‏لذلك‎

‎pub CJ tasty ‏لذيذ المذاق 4ه‎

‎gown, dress n ula) sicky ‏لزج 4ه‎

‎tact ag 5.) siekiov.p3)

‎milky ac) ‏لبني‎ tongue n ‏لسات‎

‎tones n Sega) sting » ‏لَسْعَة‎

‎fre n 3) robber, burglar, thie ‏م‎ a)

‎umn ‏لثة‎ robbery n ‏لصوصيّة‎

‎biden ld paste Span)

‎connitee n ‏لجنة‎ genteness  ةفاطل‎

‎bark elon) ol, smear, sol ‏الطخة‎

‎quitn ‏لحاف‎ courtesy n ‏لطف‎

‎moment » ‏لحظة‎ caring, poe ad ‏لطيف‎

‎flesh, meat n px) midday n ppl)

‏عاب ‎saivan‏ لحم البقرة ‎beet‏

‏لعجب ‎playn‏ لحم الخنزيرم0#م

‎venison ‏لحم الطرائد م‎ play ‏وه‎ sa)

‎bacon n alas ‏خنزير‎ px language n a=)
01008088: 0 ‏الحم مغروم‎ puzzle ‏الغزم‎"	word-to-word-bilingual-dictionary
322	"8 لف
لمتزوج حديثا ‎wap up va) newiywed aq‏
‎scatnglal mp hint vad‏

spill n ‏لفافة ورقية‎ glance, glimpse ‏لمحة م‎
fost ‏حريرم‎ a) sine v gal
ety ‏لفت الانتياة‎ gloss n ‏لمعان‎
‎emit vhad) gasp ‏ليث ب‎
veal ac Clas) eect, accent ‏الهجة‎
‎1966 9 5a) eagemess 1 aap)

poten 0 ‏لفاح‎ amusement 55)
‏لفاح م عونصم‎ 8000017 5g)
ickname ‏لقب م‎ ites)
vaccinate v ‏لقح‎ brigade nels)
shot ‏لقطة م‎ Kidney bean ‏لوبياء م‎

snapshot n ‏فوتوغرافيّة‎ alana) discret vig)
morsel n ‏لقمة‎ sabn ‏لوح‎

لوح خشب م ‎board‏ لقن ‎indoctrinate v‏

yours pro ZL) Keyboard n ‏لوحة المفاتيح‎

as av 1S) tablet ‏لوحة تذكارية م‎

apiece av JS lord n 3,8)

punch SJ amon n js)

لولا ‎Sl‏ انا لكمة م ‎punch‏

000: ‏لكن‎ thread vo
momentarily ao al) winding ag) ‏لولبي‎
‎ham n ‏للحم خنزير مدخن‎ reproach, blame n ps)
nota a) cdorv 0g)

why ‏ماده‎ colors)"	word-to-word-bilingual-dictionary
323	"مبتدئة ‎at‏
‏ماسك المفاتيج 616096 لون البشرة ‎complexion n‏
‎lo‏ وه ‎sha‏ لؤلؤة ‎sear n‏
‎fon sy wi 09 Slo‏ لي ‎mya‏
‏مالح وم ‎salty‏ لياقة م ‎decorum‏
‏مالك ‎omer‏ ليس ‎a sual)‏ 060844600
مالك الأرض 0 ‎fandiord‏ ليكيورة ‎ser‏
‏مالكة الأرض ‎right LJ land n‏
مالي ‎noctumal ad nu) financial ad‏
مائع 0 ‎indance‏ ليمون ‎oman‏
‏مائج وم ‎wa‏ ليمون الجنة 90000016
مائع م ‎lid‏ ا
ماني وه ‎aquatic, watery‏
مأثرة ‎exploitn‏
‏مأذية م ‎banquet‏
‏مأرق ‎dilemma, predicament n‏
مألوف وه ‎fiir‏ م
مبادرة م ‎inate la‏
مبادئ ‎basics n‏ ما يساوي ‎LS‏ وم ‎Wort‏
‎watern elo toumamentn8Les‏
مبارزة مافنة مات 0
مبارزة بالسيف م ‎oo ering‏ | ماخور 000001
‎JLo‏ زوه ‎blessed‏ مادة لاست
‎at‏ مادة الصفراء مما
‎ils‏ مادة غذائية ‎foodstuff‏
‏مباعة ‎ed‏ 401و مادي زم ‎psy‏

]0[ مبتدئ: ‎beginner‏ ماس 00006

م"	word-to-word-bilingual-dictionary
324	"Jie »
sala ‏مبتَدّل‎ mutual sav ‏متبادل‎
‎vil ag ‏مبتذل‎ contestant ‏متباري‎
‎racketeering ‏مبتز للأموال م‎ estranged ag ‏مُتبَاعِد‎
‎slated, joyul ad ‏مبتهج‎ remaining ad ‏متبق‎
‎preceptn ‏مبدأ‎ congenial ‏متجانس 4ه‎
creative ad ‏مدع‎ shop nin
sharpener n 8100 shosstore n ‏منجرٍ أحذية‎
programmer n ‏مبرمج‎ supermarket n yuS io
envoy ‏مبعوث م‎ southbound ‏متجه جنويا بده‎
dairy 200/7 ‏مبقرة‎ | westbound ‏متجه نحو الغرب :هه‎
precocious ‏مبكروة‎ 910011: 910 ad ‏متجهمر‎
‎untimely aq Sao challenging, defiant ‏متجد 4م‎
early sav |,Sun allied ad in
amount, sum ‏مبلغ‎ | broadminde, ‏متجرروة تمض دهي‎
building ise museum ‏مُتَحف م‎
deous ‏ميهج وه‎ aloof ‏متحفظ وه‎
flashy ac) ‏مبهرج‎ hol ad ‏متحمس‎
‎pesticide n ‏مبيد الحشرات‎ zee ‏متحمس وه‎
Jabyrintr n ‏متاهة‎ une ag ‏متخالف‎
‎belated, overdue ad ‏متأخر‎ bumpy ag ‏متخبط‎
‎late sav Slo Wooden adf dain
ingrained ‏متأصل وه‎ replete acy pin
brant ‏متدرب 20880 متألّق 4ه‎
suffering ‏متألمرم‎ gradual ad ‏متدرج‎
‎bossy ad salen 1012014 ‏متذبذب‎
‎rice ag ‏متأتق‎ grouchy ag ‏متذمر‎"	word-to-word-bilingual-dictionary
325	"0 ‏متقدّما‎
‎baricade n ‏متراس‎ consecutive ag lio
concentric ad ‏متراكز‎ collaborator ‏متعاوت م‎
116918195 ‏مترجمر‎ dstubing aq ‏متعب‎
‎ambivalent, undecided ‏متردد زم‎ ted, resome adj ‏مُتَكَب‎
‎metric ag Si enjoyment n ‏متعة‎
‎simitaneots ‏متزامن م‎ overbearing ‏متعجرف وه‎
Increasing ‏متزايد زوه‎ multiple ‏وه‎ > Aso
shaky a ‏متزعزع‎ versatile ag ‏الجوانب‎ 53min
arave ‏4ه‎ Gin inexcusable ad isso
manied ‏متزوّج 4م‎ | ineparable ‏متعذر إصلاحه وه‎
indulgent ‏متشاهل وه‎ |. inaccessble ag ‏متعذر بلوغه‎
ample, 100MY ad Gussie | inexplicable ‏متعذر تفسيرة وه‎
Prowler n ‏متسكع‎ fanatic ad) ‏متعصب‎
‎respect ‏متسم بالاحترامر4»‎ moudy ad ‏متعفن‎
‎criss-cross ‏متشابك ب‎ related ‏متعلق وه‎
twisted ‏متشابك زوه‎ ‘opinionated ag) ‏متعنت‎
‎similar ‏متشابه وه‎ insolent adf ‏متغطرس‎
‎pessimistic ‏متشائموه‎ ostentatious ad ‏متفاخر‎
‎browser n ‏متصفح‎ avoidable ‏مُتفادي وم‎
continuous ‏متصل و‎ optimistic ‏متفائل وه‎
stark adj ‏متصلّب‎ crunchy ad ‏متفتت‎
‎opposite ag ‏متضادٌ‎ sparse ‏متفرّق وه‎
incompatble, conictng aq ‏متضارب‎ rampant ag ‏متفش‎
‎cancdental ‏متطابق 4ه‎ concurent ‏متفق عليه وه‎
volte ‏متطاير4ه‎ superior aq sain

010006 ag ‏متطرف‎ aha po Lo aso ="	word-to-word-bilingual-dictionary
326	"abe 0
sporadic ag glaze edgy, tense ‏متوترزوة‎
‎fil, variable ‏متقلب وم‎ bound for ag ‏متوجه‎
‎precarious ‏متقلقل وه‎ loner, alone ‏متوجد وه‎
exact ‏متقن وم‎ savage ‏متوجش وه‎
arrogant, proud ‏متكبرزوة‎ involved ‏متورّط»‎
‎frequent oq ‏متكرر الحدوث‎ swolln ad pio
adaptable, adjustable a ‏متكيف‎ mediocre ad ‏متوسط‎
‎inseparable ad p Mio indsposed aa ‏متوعك‎
‎concrete ag ‏متماسك‎ deceased ad ‏متوفى‎
‎rebel ‏متمرد م‎ dependent ‏متوقّف على وه‎
conventional ‏متمسك بِالعُرّف وم‎ flame n ‏متوهج‎
‎versed ag ‏متمكّن‎ When aa ‏متي‎
‎crispy adj ‏متموج‎ stiff af ‏متيس‎
‎4000 ag ‏متميز‎ durable ag paso
debatable ag ‏مُتنارَع عليه‎ persistent a ulin.
incoherent adj ‏متناف ر‎ bladder n ‏مثانة‎
‎alermate ag ‏متناوب‎ proven ‏منت وه‎
Varied, various adj ‏متنوع‎ exemplify v ‏مثل‎
‎dissolute ag ‏متهتك‎ instance n ‏مثل‎
‎cusive evasive ‏متهرب‎ he pe Jio
‏تمماسز‎ ag ‏متملّل‎ patable, prover n Jia
impetuous ad ‏متهور‎ such oa ‏مثل‎
‎equal ‏متواززوة‎ triangle ‏مُثلّت م‎
paral n ‏متواز‎ oecod ‏مثلج وم‎
incessant ‏متواصل زوه‎ itl ag ‏مثمر‎
‎modest sg ‏متواضع‎ exciting, breabiaking ad ‏مثير‎"	word-to-word-bilingual-dictionary
327	"2 ‏مُحْتَمَلْ‎
‎impressive ad ‏مثير للإعجاب‎ code n ‏مجموعة قوانين‎
allegory ‏انهه مجازه‎ Saxo
repayment ‏مجازأة م‎ mad, ‏مجنو وه تمصا‎
‏مجاعة م006‎ | paranoid ag ‏مجنون بالشك‎
reach, scope ‏مجال م‎ binoculars n x0.
apace Ss ‏مجال‎ anonymous ‏مجهول وه‎
gator n ‏مجالد‎ coring n ‏مجيء‎
‎complimentary ‏مُجامِل 4ه‎ glorious ‏مجيد وه‎
djacent, adjoining, nearby ‏مجاور زوه‎ erase v xo
abiged ad ‏مجير‎ conversation n ‏محادثة‎
‎community ‏مُجْتمَع‎ belligerent adj ‏محارب‎
‎carn ‏مجذاف‎ account n ‏محاسبّة‎
‏مجرة فضائية م لاتعامو‎ lecture ‏محاضرة م‎
deprived, abstract ac ‏مجرد‎ landlocked ac) ‏بالأرض‎ blo
shovel nay conseniie ‏محافظوه‎
‎1800 n x0 endeavor n ‏محاولة‎
‎hurt ag ‏مجروخ‎ atop ‏محاولة اعتداء‎
channel ‏مجرى هرم‎ neutral ag ‏محايد‎
‎bern font hone gms
‏جسم ماتامما‎ vile ‏مُحبب‎
‎0995 ‏مجفف‎ charity, love n dix
council n ‏مجلس‎ beloved ag) ‏محبوب‎
‎senate ‏مجلس الشيوخ م‎ decent ‏محْنَشِم و‎
0016 ‏مجلس الوزراء‎ scot piano
frozen ag ‏محمد‎ | contingent, probate ag Jocks
inl ‏مجموع‎ || teste aio as"	word-to-word-bilingual-dictionary
328	"poe
ineviable ‏محتومروة‎ loaded ag Jaro
66016 aq ‏محدد‎ ordeal nine
hunched od 39m hbo
arsonist ‏محرق المبانى م‎ aris sxe
Holocaust n ‏محرقة يهود أورويا‎ nave ‏محور الدولاب‎
9080 ‏محرك‎ ado nalzall ‏محور‎
‎lich, unlawful ad) oye confusing adj ‏مُحير‎
‎dest ‏مجروم من 4ه‎ coun ‏محيط‎
‎panel ‏محرت وه‎ bone marrow ‏مخ الغظمرم‎
chartable ag ‏مُحسين‎ islading, icky ‏مخادع وه‎
papable ad ‏مجحسوس‎ mucus ‏مخاطى‎
‎loaded ad sian fiskn ‏مخاطرة‎
‎stranded ad ‏محصور‎ disagreement n ‏مخالفة‎
‎crop, itn ‏محصور‎ cover n Lixo
proceedings ‏محضر م‎ informer ‏مخبرة‎
‎record n ya bakery n sie
lucky ae ‏مَخْطُوظُ‎ crazy, demented ‏وه‎ Jao
waletn ‏محفظة‎ insane ad ‏مخبول‎
‎purse n Asin [FYE
bored ad ‏مَحَفُور‎ outine ‏مختصرم‎
‏محقنة م مور‎ deranged ‏مختل إل‎
tribunal ‏محكمة م‎ chaotic ‏مختلط وم‎
coun ‏محكمة الاستثناف‎ diferent, dverse ‏مختلف زه‎
jewelry store ‏محل مجوهرات م‎ closet n ‏مخْتَلَى‎
‎ried ‏محم رده‎ shameful ad) Jen
toaster n ‏مخمصة‎ narcotic neo"	word-to-word-bilingual-dictionary
329	"مدقق في الاختيار 2

مخيف 4ه ‎arly‏ مخدره ‎painkiler‏

opium yo awesome ad ‏مُخيف‎

dopen ‏مخدرات‎ camp n pao

devastating adj ‏مخرب‎ obit ‏مدار‎

wasteful ag) ‏مخرب‎ defender n ‏مُدَافِع‎

ext, outet, way out n ‏مخرج‎ medal naulaa

dishonorable, shameless ad 3x0 ‘medalion ‏مدالية كبيرة‎

مداهمة داه مخزث م ‎storage‏ ,48001

supplies, store ‏مخزوت م‎ therapy n ‏مداواة‎

sketoh ‏مُخطْطم‎ housekeeper n ‏مدبرة المنزل‎

striped sq ‏مخطّط‎ tanned ‏4ه‎ 51.10

manuscript ‏مخطوطة م‎ compliment n 20

mistaken ag ‏مخطئ‎ complimentary ‏4ه‎ se.

attenuating ad) ike access n ‏مَدْخَل‎

unsicoessil ad ‏مخفق‎ doorway ‏مدخل م‎

ouch, caw ‏مخلب م‎ smoked a9 ‏مدخن‎

faithful sq) ‏مخلص‎ amphitheater n 2,40

scrambled a bln schootn ‏مدرسة‎

shaken ‏مخلوط بالهزوة‎ sensible ag 10

creature n ‏مخلوق‎ delberate aq ‏مدروس‎

velvet n Jako replace, heater n ‏مدفأة‎

sissy, ladylike ‏مخنث زوه‎ cannon n 890

مدقع رصنو مَخُوف ‎treated aq‏

cerebral ad so payee nal ‏مدفوع‎

disappointing ad) ‏مخيب للأمل‎ hammer n 49.10
batter v uk | choosy ‏مدقق في الاختيار وه‎ ="	word-to-word-bilingual-dictionary
330	"£3 مُدَمجِ
مرارة م ‎compact ad edo bittemess‏
‎ceremony n polo‏ مُدْمِن ‎addicted ad‏
مراسيم ‎festivity alii]‏ | مدنس ‎soled ad‏
مرافق ‎cil ad yn escortn‏
مراقبة ‎oversight‏ مدهيش ‎verde, ashing a‏
مراقبة المطبوعات م ‎censorship‏ | مدهن 4ه ‎greasy‏
‎adolescent n 3800‏ مدوس بالاقدامروة ‎donirodden‏
‏مراوغة م ‎evasion‏ مدى ‎exentn‏
‏مرآة ‎mirror n‏ مدير ‎directory n‏
مريط الجواد» افا مدينة ‎dyn‏
‎vu Ao square a0 8150‏ وه ‎iv, than‏
مربك ‎staggering ac‏ مذبحة ‎massacre, siaughtern‏
مربية ‎nanny n‏ 61,30 م ‎pitchfork‏
‎masculine ag ,S io. once adv 830‏
مرب وه ‎wy‏ مذكّرات م ‎memoirs‏
‏مرتبة ‎rank n‏ مذكرة ‎memo, notebook n‏
مرتبك زه ‎uneasy‏ مذكرة إحضارم ‎subpoena‏
‎degrading a9 Jin impromoty soy Jv 0‏
‎compt ad ure‏ مذتب ‎gully sg‏
مرتفع ‎loud ad‏ مذهب ‎doctine n‏
مرتين ‎hice ad‏ مذهب ‎nudism S52)‏
مرج ‎meadow, reine n‏ مذهل وه ‎prodigious, amazing‏
مرجع م ‎reference‏ مذيع ‎announcer n‏
مرجل ‎generator n‏ ما ‎pass‏
‏مرجل تسخين م ‎biter ac yo geyser‏
مرح ‎cheer jovial, 1000 ad‏ مراجعة 0536 -"	word-to-word-bilingual-dictionary
331	"a ‏مزدحم‎
‎101817 ‏مرحاض‎ sleigh n ‏مرّكبة الجليد‎
gestation ‏مرحلة الحمل م‎ center ‏مركز م‎
00001 ‏مردود م‎ central ag 555 50
anchor n ‏مِرساة‎ ashtray n 81050
cable ‏مرسة م‎ goal n ‏مرمي‎
‎sender n Juno resilient, pliable act ‏مرث‎
‎decree ‏مرسومرم‎ stained ‏4ه‎ 38,0
berthn sso | stressiul ag ‏مرهق للأعصاب‎
candidate n ‏مرش‎ ointment nob yo
guide n ‏مرشد‎ van ‏مروحة ؟‎
observatory 2.050 ghastly, scary ad ‏مروع‎
‎leaded ac ‏مرصص‎ questionable ad ‏مريب‎
‎ind ‏مرضع 4ه‎ convenient a ‏مريح‎
‎disease, sickness n ‏امرض‎ rest ag ‏مُريح‎
‎saisoctoy ad] oy softs ‏مريح‎
‎chicken pox ‏مرض الجديري م‎ biterly ‏مريرتدة‎
‎measles n dal ‏مرض‎ il, sick af ‏مريض‎
‎alaming, daunting, ppaing ‏مرعب وه‎ apparent, visto ag Jo
elbow n 85,0 mood, terper n ‏مزاج‎
‎inadmissible adj ‏مرفوض‎ auction n sale ‏مزاد‎
‎broth n ‏مرف‎ tamer n ‏مزارع‎
‎dressing ‏مرق التوايل م‎ dump also
assembly 0 ‏مزع رضم مركب‎
complex ‏مَزْحَةٌ اقم مُرَكَب زوه‎
saiboatn ‏مركب شراعي‎ fancy ag ‏مزخرف‎
‎coach, vehicle ‏مركية م‎ crowded ad p50"	word-to-word-bilingual-dictionary
332	"Sa 0
prosperous ‏مساهمة متم مزذهر م‎
double a ‏مزدوج‎ tantamount to ‏مسأوزنه‎
‎qutern ‏مزراب‎ equality ‏مساواة‎
‎famn ‏مزرعة‎ bargaining ‏مساومة م‎
ranch n ‏مزرعة كبيرة‎ aftr, matter ‏مسألة م‎
disagreeable, bothersome ‏مزعج زوه‎ probing n enn
stable ac £550 foundry n ‏مسبك‎
‎ip apart v B30 dissatisfied ‏مستاء زوم‎
sy a9 23530 domineering ag ‏مستيد‎
‎lath ١ ‏مزلاج‎ bum ‏مستجدم‎
‏مزلج م افو‎ responsive ‏مستجيب وه‎
‏زمار 0 06م‎ deserving ad) ‏مستحقٌ‎
‎chronic ‏4ه‎ 030 worthy ag ‏مستحق‎
‎supplern sao | punishable ‏مستحق للعقاب وم‎
blend n ‏مزيج‎ impossible ad ‏مستحيل‎
‎60001819 aq ‏مزيف‎ unjustied ‏مستدل عليه وم‎
00056 ‏مس‎ cioulr ‏مستديروة‎
‎race ‏مسترخ وه و0ائا» مسابقة‎
11860101 ‏مسارم‎ Stealthy 4 Dias
finery ‏مسار الرحلة م‎ chancellor ‏مستشارم‎
‎conducive ‏مستشفى :اقفاوم مساعد وه‎
subsidiary ‏مُساعِد و‎ advisable ag gains
assistance n ‏مساعدة‎ blog ac ‏مستطيل‎
‎distance ‏مسافة م‎ rectangular ‏مستطيلي وه‎
voyager ‏مسافرى‎ fake od loan
5 Porous ‏مسامي وه‎ ready wing ad) ‏مستعد‎"	word-to-word-bilingual-dictionary
333	"مسيحي: 0

0044 ad] ‏مستعرض‎ powder 1 ‏مسحوق‎
‎colonization n ‏مستعمرة‎ waterheater n (silo ‏مسخن‎
‎colon ‏وه‎ 5055 a cot ‏مسدس‎
‎ilegible ad ‏مستغلق‎ pistol n ‏مسدّس‎
‎fre n ‏مستقيل‎ downcast ad ‏مسدل‎
‎sable a ‏مستقر‎ tramaize v2 ae
Wheresbouts n ise heater n ‏مسرح‎
‎dependent, unatiached ad ‏مستقل‎ | dramas ad ‏مسرحى مفاجئ‎
SUAgH, ‏مستقيمروه انعا‎ | extavagant avsh ‏مسرف وه‎
explorer n ‏مستكشف‎ happy ad) ‏مسرور‎
‎listener ‏مستمع‎ 16010 ac ‏مسعور‎
‎pond ‏مُسْتَنَقَع‎ hometown n ‏مسقط رأس‎
‏مستنقع وو‎ funy amusing ac Jas
quagie ‏مستتقع م‎ amet ag aloo
warp ‏مَسْلَع» وستادة مستنقع م‎
consumer n ‏مستهلك‎ route ‏مَسْلَك‎
‎plain ‏مستوم‎ Mush ag) pl uns
Warehouse, depot ‏مستودع م‎ undisputed ‏مسلم به وه‎
mentary cial] ‏مُستودْع‎ entertaining ad ‏مسلي‎
‎arsenal n dll ‏مستودع‎ nail n ‏مسمار‎
‎level n ‏مستوى‎ audible ‏مسموع وه‎
patent ‏مسجل وه‎ subject ‏مسندم‎
‎shrouded ‏وه‎ aso ‏توا‎ oq Jao
spade n ‏مِسّحاة‎  fosponsible, accountable ‏مسؤول وه‎
fait ‏مَسْحَة‎ responsibifty n ‏مسؤوليَة‎

- مسيحي وه ‎chistian‏ مِسْحَقَة م ‎Stamp‏"	word-to-word-bilingual-dictionary
334	"0 مسيرة
مُشمس ‎sunny ag‏ مسيرة 6006
مشتقة ‎gallows n‏ مسيطر ‎sovereign a9‏
مشهد م ‎watertight adj asso spectacle‏
مشهد ‎simon conan‏ | مشاحنةة مضه
مُشهر ‎notorious ac)‏ مشاغب ‎tumultuous adj‏
مشهوروة ‎famous‏ مشاكس ‎contentious ad‏
مشهيات ‎n‏ »تووم مشبك م ‎povercip‏
‏مشواة ‎gil trol n‏ مشبوة وه ‎suspicious‏
‏مشوش 4ه ‎disorganized, muddy‏ | مشتعل وه ‎ablaze‏
‏مشوي ‎roast n‏ مشتعلاً ‎alight av‏
مشؤوموه ‎ominous Unkiky‏ مط | مشتق ‎derivative ad)‏
‎walkin suse‏ مشدوة ‎aghast ag‏
مشيئة م ‎please‏ مشرد ‎homeless ad‏
مصاب بفقر ‎anemic ag pall‏ | مَشرف مداه
‎confiscation n6,3La0‏ مشرق ‎clear ad‏
مصادقة ‎oriental a 8-0 chance, accident n‏
مُصارع ‎western‏ مشروب م تال
مصارع ثيرات ‎conditional ad bg ise bul fighter n‏
مصارعة الثيرات ‎bul ight‏ مشروع ‎enterprise n‏
‎comb naan spending nis Lae‏
‎sucker ad olan‏ مشعل ‎torch n‏
مصافحة م ‎handshake‏ مشعوذ ‎swindler n‏
مصب ‎estuary nll‏ مشغول وه ‎busy‏
‏مصباح م ‎JS Go bub, fam‏ وه ‎problematic‏
‏مصباح الشارع ‎steatightn‏ مشكلة ‎problem n‏
مصداقية 08001070 مشكوك فيه ‎doubtul ac‏"	word-to-word-bilingual-dictionary
335	"0 ‏مطلى بالفضة‎
600 ‏مصدرة‎ racket ‏مضرب التنس‎
drainage n ‏مصرف‎ club n8,SI| ‏مِضرب‎
‎iio ‏مصطلح‎ beaten ad gran
unreal ‏مصطتع وه‎ chew v gan
slevlorn 12.00 misguided ‏مضلل وه‎
miniature ‏مصغرم‎ hostn ‏مضيف‎
‎iter, strainer ‏م‎ lac stewardess ‏مضيفة م‎
000 a aman hostess n ‏مضيفة طيرات‎
492050180 n pao botfeneck n ‏مضيق‎
‎resolle ad paso staitn ‏مَضِيق‎
‎factory n ‏مصنع‎ conformity ‏مطابقة‎
‎browery n ‏الجعة‎ giao hunting, chase ‏مطاردة م‎
winery 805 ‏مصنع‎ rubber ‏مطاط‎
‎assorted ag aan damn ‏مطالبةٌ‎
‎senute ag ‏مضوت‎ compliant ‏مطاوع وه‎
casually ‏مصيبة م‎ compliance ‏مطاوعة م‎
fatal, fateful ‏ا مصيري زوه‎
contrary adj sls 7015 ‏مطحنة‎
‎antibiotic ‏مضادٌ للجراثيم؛‎ rain n yo
muplaton ‏مضاعفة م‎ archbishop ‏مطرات م‎
initating ad) ‏مضايق‎ restaurant ‏م‎ pbx
tedious ac p20 requirement alba
couch ١ gan ful ag ‏مطلق‎
‎1001016 ‏مضحك وه‎ unlimited ‏وه‎ lbs
pump ‏مِصَحَة م‎ free ‏مطلق الحرية 4ة‎
Nut adn | siverplaed a ‏مطلى بالفضة‎"	word-to-word-bilingual-dictionary
336	"abo =

ambition ‏م‎ aan mistreatment n ‏معاملة سيئة‎
detergent n pho pac, rely ‏معاهدة م‎

suppl ac ‏مطواع‎ hen Uslao

pleted ‏زوه‎ Sgbao aid n ‏معاونة‎

mount n ‏مطية‎ chapel n ‏معبد‎

tow abiding ‏وه‎ Lill) ‏مُطيع‎ doin ‏معبود‎
‎umbrelan albo customary, usual ‏معتاد زوه‎
parachute ‏هيوطم‎ allan moderate a ‏معتدل‎
‎dak, muy ‏مظلمروه‎ ave ot Bn
abe naalbae soltary ag ‏معتزلٌ‎
‏مظلي :مسوم‎ faith ‏معتقد‎
‎although ‏مع أتء‎ aling ‏معتل وه‎

ronatisess ‏ذَلِكَء‎ 2a. | dim overcast somber ect pine
joint, together ‏به‎ leo cry af ogine
adverse a9 ‏معجب 06م معاد‎

hose oq ‏معاد‎ prodigy n ‏معجزة‎

replay n ‏معادة‎ miracle n ‏مُعجزة‎

equivalent ‏معادل زوه‎ dictionary n pen
opposition n ‏معارضة‎ infectious, contagious adj ‏معد‎
‎contemporary ag) ‏معاصرٌ‎ catching ac Ae
dissled ad ‏معاق‎ soratintizs
chastsemen n ‏معاقبة‎ varied ag Jiao
001000 ‏معاقرة‎ pennies ‏معدمة‎
‎opposite ‏معاكس :هه‎ metal, mineral ‏مَعْدِت م‎
56909010 ‏معدت النيكل 008 معالجة‎
eatment n ‏معاملة‎ metalic ad) iis"	word-to-word-bilingual-dictionary
337	"3 ale same
gest ‏معدي وه‎ information, data n ‏معلومات‎
‎ferry ‏معدية‎ meaning n (suo
forgivable ad 9.20 insite v Apo
exhibition ‏معرض م‎ academy n Ago
awareness n ‏معرفة‎ lack vjomo
acquaintance ‏معرفة م‎ discouraging ad ‏معوق عن‎
knowledge n ‏معرفة‎ criterion, nom n ‏معيار‎
‎batte 0 ‏معركة‎ overdone aq ‏مغال‎
‎walkknown adj ‏معروف‎ | ulrasound n ‏مغال في الصوت‎
601012016 ‏موزل‎ fallacy n ‏مغالطة‎
‎impeccable ad ‏معصوم‎ adventure n ‏مغامرة‎
‎overcoat n alae dusty ad ps0
most ag ‏مغتصب 105018 معظم‎
exempt ad iso sickening ad) uso
101010216 ‏معقد 4ه‎ nutious ‏وه‎ in
fortress n ‏معقل‎ alluring ac 20
crooked aq ‏معقوف‎ fond a p20
plausible, ‏فافع‎ ag Jsazo cocky haughty ad Js 20
ornate orn ‏مغزى‎
‎canned ag ‏معلّب‎ laundry ‏مغسلة م‎
manger, crib n ‏معلف‎ cole n jako
outstanding aq ‏معلّق‎ covern ‏مغطاء‎
‎instructor ‏معلمرم‎ forgiveness ‏مغفرة م‎
milestone ‏م‎ pla close ag ‏مُعْلق‎
‎stn laa swap ad span
tutor n (ropa ‏معلّم‎ sensoless ag ‏عليه‎ (nae"	word-to-word-bilingual-dictionary
338	"0 شق
مفعم بالأمل زوه ‎hopeful‏ معن 0 ‎singer‏
‎screwdriver n lao‏ مغناطيس ‎magnet n‏
مُغْلِس ‎broke ac)‏ مغناطيسي م ‎hypnosis‏
‏مغيد وه والاقم ‎|e‏ مغنطيسي به بينم
مقابلة ‎ening ac 520 encounter n‏
‎combatant n Jilin‏ مغير ‎raider n‏
مقاتل ‎ag)‏ ادعام مفاجأة ‎suprise‏
‏مقارت ‎comparative ag‏ مفاجئ وم ‎unforeseen‏
‎paraton 68 a0 comparison naa‏
مقاطعة م ‎enclave‏ مفتاح زه
مقامرة ‎shine‏ مفتاح الرموزة(ها
‎entrepreneur n Jao‏ مفتاح العلب ‎can opener‏
‎reluctant ag plo‏ مفتاج ‎wrench nba;‏
مقاومة 10110 ‎pang Saks‏
مقايضة 0 ‎Bike swap‏ الصُّرّف ‎crossroads n‏
‎cemetery nue‏ مفتش ‎inspector‏
‏مقبض ‎grasp‏ مفتوح ‎open ad‏
مقبض ‎handle all‏ مفتوح > ‎air ag‏
مقبوض الأمعاء وه ‎constpated‏ | مفحم ‎convincing ag‏
مقبول 4ه ‎‘acceptable‏ مُفْرد ‎odd ac‏
مقبول ‎excessive aa bho admissible ag‏
مقت ‎aversion‏ مفرق طرق ‎fork n‏
‎proposition n & ike‏ مفرقعة ‎firecracker ny,‏
مقتصد ‎‘economical aq)‏ مغرمة ‎chopper‏
‏مقتطفات 06015 مفزع ‎dread] aq‏
مقداره ‎deal‏ مفصلة ‎ingen‏"	word-to-word-bilingual-dictionary
339	"0 ‏مكعب تلجى‎
lot aay ‏مقدار‎ detestable ‏زوه‎ Canin
volume ‏مقدارة‎ inhablant n asi
beforehand acy Lodo incentive n ‏مكافأة‎
‎introduction ‏مقدّمة م‎ rewarding ad) ‏مكافئ‎
‎preface n &o io lieu, place ‏مكات م‎
prelude, prologue ‏مقدمة م‎ death rap ‏مكان خطرم‎
000» ‏مقدمة المركب‎ res, spool n Se
grateful ‏مقر بالجميل 4ه‎ loudspeaker n ‏مكبر الصوت‎
nasty ‏و‎ 8 pho pentup ‏مكبوت زوه‎
sens ‏مكبوح زه لمنقطة وفص م‎
canteen nado 46006 ‏مكتب‎
‎quite n ‏مقصلة‎ postoftics n ‏مكتب البريد‎
compartment ‏مقصورة‎ | branch office ‏مكتب فرعي‎
cockpitn ‏مقصورة الطيار‎ bray n ‏مكتبة‎
‎section n ghia overcronded agf ‏مكتظ‎
‎ston olnal ‏مَقطَع‎ contetogogiato
bench, pew, seat ‏مقعد م‎ wit sdf ‏مَكُنُوب‎
‎lame af 12k quien So
penn ‏مقلاة‎ sacred adf pu Se
worrisome ‏مقلق 4ه‎ compulsive ad 0,50
unsteady ‏وه‎ Jalan discomfort n ‏مكروة‎
‎frying pan n ‏مقلي‎ ln uo
Tousy ed Jako detector n ‏مكشاف‎
‎porsuasie ad Bike exposed ‏مكشوف وه‎
tonic nse cuit ag ‏مكب‎
‎cord n ‏مكعب تلجى 1080867 مقياس للحطب‎"	word-to-word-bilingual-dictionary
340	"oe 0
enable So urgent ag ado
totoutv pall ‏مكته من‎ godess ag ‏ملجد‎
‎dct ‏مكهرب وه‎ amex sala
device n ‏مكيدة‎ attached ad ‏مُلْحَق‎
‎adapter nso plu ad polo
spoonful nal eo | odyssey ‏ملحمة الأوديسةم‎
expedency n ‏ملاءمة‎ noteworthy ag ‏ملحوظ‎
‎clothes, garment n ‏ملابس‎ overview n ‏ملخص‎
‎roman ‏ملاحظة‎ binding ad plo
hideaway ‏ملاذم‎ clamp n o3lo
marian Wo 005 ‏ملعب‎
‎colatral ‏مُلازمروة‎ playground ‏ملعب م‎
tiutenant ‏م‎ Jol ‏ملازم‎ spoon ‏ملعقةم‎
‎caress n Gabo tablespoon n ‏ملعقة المائدة‎
angel ‏ملاك‎ teaspoon n SLs sale
angelic ad) ‏مَلائِكِي‎ evil ag ‏ملعوت‎
‎feasitle ‏ملاتمروة‎ ie oder n ‏ملف‎
‎uncertain eq ‏ملتبس‎ cabbage ‏م‎ palo
shetern Lilo tweezers n pao ‏مِلقاط‎
‎bearded ‏وم‎ ail tongs baile
coherent a plo King n ello
comer n ‏ملتقى شارعين‎ queen ‏م‎ aSLo
red ot ad ‏ملتهب‎ your ag Slo
wamed adj silo ours pro LS Lo.
refuge n ‏ملجأ‎ mine pro ‏ملكي‎
‎a salt ‏افر ملح‎ ag Slo"	word-to-word-bilingual-dictionary
341	"مناظر الطبيعة. 37

ownerstip n ‏ملكية‎ aslo n ‏ممشى‎
‎monarohy n ‏ملكية مطلقة‎ rainy ad) saa
faguen ‏ملل‎ possile ag ‏ممكن‎
‏افونا‎ ad ‏ملموس‎ | approachable ay asl San
majestic a ‏ملوكي‎ | detachable ‏ممكن فصلها وب‎
miigram ‏مليغرامرة‎ boring 4 Joo
0090 ‏مليونير‎ Kingdom ‏مملكة‎
‎below ‏مما لا يليق ب وم‎ lethal, deadly ad) ‏مُميت‎
‎identical ‏ب ممائل وه‎ specfc ag suo
practising ad ‏ممارسة‎ fompre ‏من‎
‎bully ‏ممتازوة‎ of pre yo
conformist ac ‏ممتثل‎ ho, whom pro ‏من‎
‎widespread ac) Aion sideways acy aizel oo
absorbent ‏وه‎ pasos orangutan n 8354] ‏من‎
‎enjoyable ad) ‏ممتع‎ afar av 32; ‏من‎
‎comedian n ‏هزلي‎ Joo remote ag ‏من بعد‎
eraser nlx again ‏من 213 يده‎
ousteiched ag 33.100 since then av ‏من قبل‎
passage n en further aa ‏من ناحية أخرى‎
901 ‏ممر ضبق‎ climate ‏مناخ م‎
crosswalk n ‏مسمر‎ a0 cima ‏مُناخي وه‎
105000 ‏مُمرضة‎ caling n ‏مناداة‎
‎ragged agi oe) beacon ‏منارة م‎
card ‏مِمُشَطَة للصوف‎ ting ‏مناسب وه‎
sim ag ‏ممشوق‎ apport n ‏مناسيَة‎

alley 1 ‏ممشى‎ landscape n ‏مناظر الطبيعة‎ om"	word-to-word-bilingual-dictionary
342	"‎El‏ مناظرة.

‏اج احمسوعك الوا لت الا ‎١‏ لاس يبي
‎donate vizio‏ مناظرة م ماتنامعل.

‎immunity ‏مناعة م‎ benediction ‏البرك م‎ gio

‏منحة م ‎pension‏ منافسة م ‎competion‏

‏منحة تعليمية م ‎scholarship‏ | منافق ‎hypocite ad‏

‏منحة جامعية م 0006ل مناقشة م ‎discussion‏
‏مُتحدرم فونه منامة م ‎paemas‏

‎maneuver n ‏مناورة‎ slanted, blue a ‏متحرف‎

‎skimish ‏مناوشة م‎ degenerate ad Jao

‎pio cue n sais‏ م اطلام

‎source n ‏منبع‎ low adj ‏منخفض‎

‎dazed ad ‏متيهر‎ dashing eq ‏مندقع‎

‎oust ad ‏منبوذ‎ astounding ‏مندهش زوه‎

‎indi ag ‏منتبه‎ delegate ‏مندوب‎

‎productve ac ‏منّج‎ napkin ‏منديل م‎

‎product n gis since pre dao

‎Vumphan, victorious a ‏منتصر‎ arable ‏مُنزرع 4ه‎
middie n ‏مُنتصف‎ lodging ‏منزك م‎

‏منزلة م ‎grade, status‏ منتصف الصيف 6 ‎midsummer‏
‏منزلة اجتماعية م ‎dass‏ منتصف الليل 009017
منزلي ‎domes a‏ منتظم ‎even ag‏

‎swing, bloated ‏منتفخ م‎ compatible ag ‏منسجم‎
‎stinking adj ‏منتن‎ outgoing ad) ‏منسحب‎

‎iss ‏منتهى السعادة م‎ coortinalo n ‏منسق‎
‎sickle n ‏منجل‎ WOVeN ad) ‏منسوج‎

‎mine n pean saw ‏منشاره‎

‎‘concession n gus jigsaw n ‏منشار المنتحنيات‎"	word-to-word-bilingual-dictionary
343	"0 ‏مهمة‎
‎chainsaw ‏منشار اليم‎ | passive ad ‏متفعل‎
‎towel n ‏منشفة‎ beak n aie
Iyics 39s exinet ac ‏منقرض‎
‎founder n ‏منشئ‎ method n ‏منهج‎
‎office n ‏منصب‎ methodical ‏وه‎ seg io
springboard ‏الوثب م‎ adie exhausting aq) ‏منهك‎
‎bureau ‏منضدةم‎ engrossed ‏منهمك وه‎
bailoon ‏مُتطادم‎ 1001006 acy ‏منيع‎
‎aircraft n ‏مُنطاد أو طائرة‎ emigrant n ‏مهاجر‎
‎logic n ‏منطق‎ atckern pxlgo
are, distil, zone n ‏مهاجمة 20060 منطقة‎
‏منطقي وه اقوط‎ know-how, skil ‏مهارة‎
‎scene n ‏منظر‎ airstrip ‏طائرات م‎ hugo
perspecive ‏منظورم‎ emotional ag ‏مهتاج‎
‏اناما‎ gaa inerested ad pipe
secluded ‏مهجع م فتاه متعزل وم‎
refeshing ag ‏منعش‎ deserted ad ‏مهجور‎
‎crisp ag, ‏منعش أو‎ cradle n Ago
benefactor, donor n pei dowry n sp
condone ‏متعم الشعره‎ emacisted aq ‏مهزول‎
‎effusive ‏منفتح القلب وه‎ broken ad priape
outlet iki destructive ‏وم‎ 2Llpn
singe ad 3,10 sary aq ‏مملهل‎
‎art av ‏متفردا‎ regards ac ‏مهما يكن‎
several ag ‏مهمازه تلام منفضل‎
usefulness ‏منفعة م‎ assignment rand ‏مهمة م‎"	word-to-word-bilingual-dictionary
344	"0 مهمة
‎somes‏ مهِمّة م «ملمماه ‎sk‏
‏مودة م ممصا ‎commission» 9elotaga‏
‎Jago resource n 3,80‏ 0891960144
موز ‎banana‏ مهنة م ‎business‏
‎feastn puso‏ مهندس ‎engineer n‏
‎skp. seasonal af asus‏ وه ‎professionel‏
‏مُوَسُوس ‎melicUoUs ad)‏ مهووس زوه ‎maniac‏
‏موسى الحلاقة ‎razor n‏ مواجهة ‎confontaton n‏
موسيقى ‎music‏ مواش ‎vestock n‏
مؤشور 0500م مواطن م لقتل
موصول وه مام مواطن المزء ‎compat‏
‏موصى عليه وه ‎custommade‏ | مُواطنَة ‎cizenshipn‏
‏موضة دعوو مواعيد 00856
موضع م ‎posiion‏ موافقة ‎approval n‏
موضع عميق ‎depth n‏ مُوال ‎partsan n‏
موضعي ‎local adj‏ موت ‎deat n‏
موضوع م ‎subject, theme‏ موتوق ‎dependable adj‏
‎topic n lao £5080‏ موجة ‎waver‏
‎abso‏ 06:65 موجة الصغرى 0 ‎microwave‏
‏موظف ‎receptionists Jarl‏ | موجة عارمة ‎tal wave n‏
‎3x30 sermon nalacso‏ م ‎outline, summary‏
‎stove n A350‏ موجع وه ‎agonizing‏
‏موقع ‎location, ste n‏ موجه وه ‎eading‏

موقع عسكري ؟ ‎garison‏ موجه ‎orented ag‏
مَوَقِف م ‎stand, station‏ موجودات 0 ‎assets‏
‏موقف سيارات م ‎parking‏ 25 زوه ‎suggestive‏"	word-to-word-bilingual-dictionary
345	"w Be

procession n ‏موكب‎ omhanege n piso

ميرات م فقوا ‎nance vJgo‏

birthday ‏مود‎ patimony n so

bom ad ‏مولود‎ discriminate v 50

ميزات م ‎balance‏ مولود حديثا ‎neato n‏

mummy ‏مومياء‎ Tevet nell ‏ميزات‎

ميزة ‎fairer‏ موهبة ملأو ‎gens,‏

مِيْفاء 401160169 موهوب وه ‎gited‏

plot web ‏مؤامرة‎ microbe n ‏ميكروب‎

everlasting sq ‏مؤيد‎ quston ‏ميل‎

mind-boggling, touching ace propensity ‏ميل‎

ميموت و ‎auspicious‏ مؤجره ‎lessor‏

rear n 6,550 aos port n ‏ميناء‎

ميناء ‎Ss‏ 90016 مؤدب وه ‎gallon‏

gentleman ‏مؤدب م‎ apron yin
damaging, detrimental ac ‏مؤذ‎
‎Historian ‏مؤرخ م‎
watchful ac) 30
institution ‏مؤسسة م‎
rogretable ‏مؤسف وه‎
provisional temporary ‏مؤت زوه‎
author nasa
istessing sore ao pl
prone adj ‏إلى‎ Jo
sonagen ‏مياة البوالع‎
deat eles ad) Cuan"	word-to-word-bilingual-dictionary
346	"3 ئس 9

يا ب لبت
ناقذةم ‎window‏ ]¥(

veel ag ‏ناقع‎

wir discuss v ‏ناقش‎

PE, deficient, fauly ‏ناقص وه‎

fang, tusk nb convalescent ‏ناه وه‎

graphic ac ‏نابض‎ ll ‏ثاقوس‎

ve aay ‏نابض بالحياة‎ ow a all
prominent ‏ناتئ 4م‎ vegetable ‏نبات/‎
‎efcive ‏ناجح وم‎ A

تبات الهليوت» ‎asparagus‏ تاجي م »صاضية

exceptional rae ‏تأدروم‎ vegetarian v ‏نباتى‎
‎rarely seldom acy [31 barkn ‏تباج‎
‎penitent 03 bit nally

remorsetl ag ‏نادم جدا‎ one n By

‎Beal, ob vu‏ تادى انو القع

‏نبض القلب ‎heartbeat n‏ نادي رجال م ‎ratemity‏
‏نبضة 0916 تارم 000018

‎fry adj ‏ناري‎ Spring n ‏نبغ‎

‎engaged ‏ناز وه‎ prophecy n ‏لبو‎

‎ftv canals prophet ui

‎dynamite ‏ناسف م‎ production, produce ‏م‎ 2s
consequent ad ‏نتانة م6 ناشئ عن‎
‏عام‎ ag) gol stench n ‏تتانة‎

‎skyscraper ‏أ ناطحة سحاب م‎
caretaker ‏ناظرم‎ oid ago
rotten adj ‏لين‎"	word-to-word-bilingual-dictionary
347	"w ow [EH
stink n contiion nos
result n ‏نتيجة‎ dew n Sa
corollary n ‏نتيجة مباشرة‎ S000) ad) S25
disseminate v ‏نثر‎ portent n ii
female n ‏نشى‎ Norwegian ad ‏ترويجي‎
‎success n ‏نجاح‎ 0000 stifen ‏نزاع‎
‎succeed » ‏تجح‎ disarm » ‏نزع السلاح‎
‏نجدة م افلم‎ unplug v ‏تزع القابس‎
encounter, 0101 330 evietvauSlo ‏نزع‎
‎star pox tendency ‏نزعة م‎
‏ا‎ bleeding ‏تزف م‎
bee nal get down v3
We pro yu checkin v ‏نزل في الفندق‎
towards pre ‏نحو‎ | disembark vasa aul] ‏من‎ Ji
exra say ‏نزهة م ووه تجو خاص‎
downhill aay sus] ‏نحو وضع‎ promenade ‏نزهة م‎
ean, sim af ‏تحيل‎ whim ‏نزوة‎
‎30400060 ‏نخالة الرأنس‎ descent ‏تزوك‎
‎punch ‏نكس‎ 86010111896 n a5 ‏نزيف‎
‏نخعة م ادز‎ inmate ‏نزيل‎
‏رجة »وز‎ , dak impartial ‏نزيه زوه‎
pam nals women n ‏يساء‎
‏ندم مادم‎ rat, proportion ‏نسية م‎
remorse n ‏ندامة‎ porceniage n ‏نسبة منوية‎
scarcilyn 6,4 web ‏تسج العنكبوت م‎
‏ا‎ engultv ‏تسخ‎"	word-to-word-bilingual-dictionary
348	"0 ‏ننه‎ 0
copy Qi salve ass
counterpart n ‏نسخة‎ opty nS, S85 ‏نصب‎
‎photocopy 8,5. ‏نسخة‎ snare v(x ‏نصب‎
‎eagle n puts monumental a wa
vulture 1 pats dissuade v ‏نصح بالعدول‎
‏هه‎ fa ‏اوم‎ 1
ordi v Sut hal nis
forget ‏نسى‎ radius plod ‏نصف‎
‎ation n Glaus semester n ‏نصف سنة‎
tenure, ss ‏نسي م‎ Bimonty oq ‏نصف شهري‎
abr n ‏تسيج القماش‎ half ‏وه‎ hai
breeze ‏تسيمرة‎ alowance ‏نصيب م‎
starch n Luts aie ‏نصيحة‎
‎ammonia y>Lis) contest ‏نضال م‎
dissonant ‏تشاز وه‎ maturity ‏نضح م‎
‏نشاطه لضلامة‎ but n xb
‏نشرم نافع‎ glasses ‏نظارات م‎
newscast n ‏نشرة الأخبار‎ goggles n ‏نظارات للوقاية‎
10# ‏نشرة إعلانيةه‎ | sungiasses ‏نَظَّارَةٌ سَمسِيّة»‎
quicken vba eyeglasses ‏نظارة طبية م‎
eosasy n ‏نشوة‎ cleanliness ‏نظافة م‎
starchy ‏وه‎ Sods system ‏نظامرم‎
‎sob uh systmat ad oll
busting ad bau as look n 3s
enrol, ey a ‏نشيط‎ inasmuch asc 0 ‏نظرا‎
‎verbatim aay La Took, looks ‏نظرة م‎"	word-to-word-bilingual-dictionary
349	"36 ase ‏اله‎
‎theory ‏نظرية م‎ expense nak
dispose vals leverage n S95
08100 ‏نظيرم‎ distaste ‏تقورم‎
‎clean, spotless ad) ‏نظيف‎ banishment n ‏نفي‎
‎ostrich n ‏تعامة‎ invaluable ac) pati
doze v ‏تعس‎ precious ac ‏نفيس‎
‎drowsy 64 ‏تعسات‎ guild n ‏نقابة‎
‎vos aa ‏تعمل‎ mobile ‏تقال وه‎
016 ‏تعناع‎ piercing ‏تقب م‎
00000654 n ‏نعومة‎ flew ‏نفج‎
‎impatient eq ‏صبر‎ Sas money, cash ‏م‎ Aa
hypocrisy n ‏ممم نفاق‎ n ‏نقد‎
‎tern ‏نفايات‎ cial oq ‏نقدي‎
‎gatbage, refuse rash ‏نقاية م‎ peck n ai
inate v ‏نفخ‎ gout ‏تقرس‎
‏الام‎ as engrave v ‏نقش‎
‎breath ‏م‎ Judi epitaph n ‏نقش على صريح‎
80010 usd | flaw, shortage deficiency n adi
yourselt pro ‏نفسك‎ breach n jadi
ourselves pro ‏نفسنا‎ Velo v ‏نقض‎
‎onesell pre Gus dot point n ‏نقطة‎
‎psychic ad) ‏نفسي‎ watershed ‏نقطة تحول م‎
blister ‏م‎ aad marinate v ‏بالخل‎ gas
‏املعو‎ ag ‏نفعي‎ cookin v ‏نقع فى‎
subway n 3a wanstusion ‏تقل الدمرم‎
tunnel n ‏تقل العربة 807 فق‎"	word-to-word-bilingual-dictionary
350	"‎w‏ شب آل
‎eee‏
‏نوية م نقيب م ‎caplain‏
‏توي غضب م ناما نكاية فم
تورس ‎qin‏ نكبة ‎calamity n‏
‎songs‏ نكت يدو
نوعيّة ‎quality n‏ تكنة ‎ge, joke n‏
نوفميرة ‎sich vps November‏
‎come up vou loom n Js‏
‎est sleep n ogi‏ نما ‎outgrow vaca‏
نوم خفيف 40006 ‎growth rela‏
نوم مغناطيسيات ‎ypnotize‏ تمامرم ‎gossip‏
‎Sas)‏ وه ‎nuclear‏ تمرم ‎panther, leopard‏
نوى ‎mean v‏ نمش 1600186
‎aw ade oo‏ نملة ‎antn‏
‎bright ad‏ نموذج ‎model, ype n‏
نيران متقاطعة م ‎S900 crossfire‏ زوه ‎typical‏
‎dayn,lps‏
‏نهايات ‎terms n‏
نهاية 6 ‎end, tom‏
نهاية الأسبوع ‎weekend n‏
تهائي ‎final, revocable a‏
‎sacking‏
‏نهم ‎iver, steam‏
نهر الجليدكتواو
نهضة 0107
نهم وه ‎insatiable‏
‏نهمة ‎glutton n‏"	word-to-word-bilingual-dictionary
351	"- هز كتفيه 0
شُبوط» ‎landing‏ 8
شبوطم ‎Slump‏
‎satire n sled‏
5 هاتف ‎phone‏
‏ا هاتف ‎cellphone n.‏
هجرة جماعية ‎exodus n‏ خلوي م 1006م
‎immigrate + >a‏
‎ofense n as‏
هاجس م ‎obsession‏
‏هجوم مفاجئ 1 0000 ‎a‏
‏8 هاجس م مصعم
هجوم وه ‎ofensive‏
‏هاد ‎leading ad‏
‎pacity v 1a‏
هادئ ‎cool ag‏
هدب الجفن م معاون
اسه هارب معناو
‎ling‏ هارب من الجندية : ‎deserter‏
‏: هالك ‎perishable ag‏
هدم ماصع ‎i‏
‎considerate 09,50‏
هدنة م ‎truce, amistos‏ 2
هام ‎momentous ag La‏
هدو« ‎ates‏
‏هامش ‎footnote n‏
‎a‏ ها 5 ‎marginal aj‏
هدئ أعصابك ‎nf So ehilouty‏
هاو 0
هذب 167 :
هذه اللبلة بم لووط لإ مم
ددا هاوية ‎aut abyss n‏
هائل ‎fomida og‏
اهبا ‎How‏
‏هراوة ‎hy clin‏
‎donation 20 Cadi‏
71 هبة ‎blastn‏
‏1815 0160
‎slump vind‏
ولوب هبوط ‎descent n‏
اهز كتفيه» ‎shrug‏"	word-to-word-bilingual-dictionary
352	"5 ‏هرأ‎ 8
mock ‏هرأ‎ hormone n ‏هورمون‎
‎concussion n 858 Nethertands n 13g
comical ‏هزلي وه‎ Holand ‏هولتدة م‎
foil ‏هزم‎ Dutch 64 ‏هولندي‎
‎lean ‏هزيل وه‎ monstrous sdf ‏هُوليٌ‎
‎0110100 0 ‏هزيمة‎ hese ‏هؤلاء وم‎
hysterical ad) ‏هستيري‎ she pro ‏هي‎
‎hystorian ‏هستيريا‎ mol ag ‏هياج‎
‎fagie ad ‏هش‎ prestge ‏هيبة م‎
plateau ‏هضبةم‎ eruption ‏هيجاتم‎
‎digestive ‏وه‎ 0.08 hydogen n ‏هيدروجين‎
‎aia n ‏هطول المطر‎ hydraulic ‏هيدروليكي وه‎
‏هفوة ممصا‎ amen ‏هيكل‎
‎thus ao 11S hulp ‏هيكل السفينة‎
hallucinate v ‏هلوس‎ guise ‏م‎ And
caren pd form n ‏هينة‎
‎barbaric ad ‏همجي‎ jury n ‏هينة المحلّفين‎
babarism ‏همجيّة م‎
goad ‏همزه‎
‎00606 ‏همس‎
‏همهم ا‎
there ‏هناك ب‎
he propo ‏هو‎
‎arnelsa
‎antemnan ‏هواني‎
‎chasm ‏هوة م‎"	word-to-word-bilingual-dictionary
353	"وجهة نظر 0

ا اميد للج سو سم مك
وأهن ‎feeble adf‏ و
واو العطف ‎and c‏
وإذ ‎whereupon ¢ JIS‏ ولا واحد من ‎neither ag‏
‎atterwise aor ls‏ وائق 4م ‎confident‏
‏وياء م ‎epidemic‏ واجب ‎obligation n‏
ويخ ‎rebuke v‏ واجب دقفعه ‎payable ag‏
ونين ‎amid pre‏ واجهة مبنى ‎frontage n‏
ويد ‎pin n‏ واحة م ‎oasis‏
‎bend vig‏ واحد 0104
‎valey nly uneven ag Ss‏
وثاف ‎bond n‏ واد ضيق ‎canyon n‏
‎nell n oly leap vids‏
‎datas‏ وازت ‎ofsatv‏
‏وثني ‎pagan ad‏ واسطة م ‎inermediay‏
‏وثيق الصلة ‎portent ag‏ واسع وه ‎large‏
‏وثيقة ‎goon Joly bil‏
وجار الكلب 0 ‎kennel‏ واصلة م ‎hyphen‏
‏وجحب 0500100 ‎oly‏ وه ‎conspicuous‏
‏وجبة ‎bly brunch, meal n‏ زو ‎obvious‏
‎veep up viably a‏
وجرة م ‎pitall‏ واع ‎aware ad‏
‎distress vg>9‏ واعد وم ‎favorable‏
‏وجع السنّ ‎plentiul ac 315 toothache n‏
وجه 6680 واقع ‎stated ag‏
وجهة نظر ‎standpoint n‏ واقعي وه ‎actual‏"	word-to-word-bilingual-dictionary
354	"ع وجيز
الات حك ل الامش ا ان
ورغ ا موه وجي زه ‎brief‏ 0
ورق ‎Qs papern‏ 1081
ورق الرّحاج ‎sandpapern‏ وحدة ‎module‏
‏ورق نفيس ‎parchment n‏ وحدة لقياس ‎meter n‏
ورقة ‎leaf n‏ وحدة لقباس ‎mien‏
‏ورقة تبات م ‎blade‏ وحدة مكاييل متريّة ‎tern‏
‎morn 59‏ 639 بده ‎solely‏
‏وريث ‎Successor n‏ وحش ‎brutalize v‏
‎ores nis‏ وحشيٌ ‎tia hen bo‏
‎ven nas‏ وحشية ‎acct, bal n‏
وريدياوه ‎min 3s invents‏
‎leaflet nai),‏ وجي م ‎revelation‏
‏وزارة كهنوت ‎ministry n‏ وحيد ‎sole adj‏
وزع » ‎dstbuie‏ وخزه ‎pang‏
‎farewell nels scale Oj‏
وت ‎weight n‏ ودع بالاتحناء ‎bow out v‏
وزن ‎Ightweight nua‏ ودي ‎genial ac‏
‎inser 9‏ وديعة ‎deposit‏
‏وسادة م ‎cushion‏ وراثي 4ه ‎genetic‏
‏وسائل الراحة 00000000 | ورث تفع
‎fosen 39 far n bag‏
‎among pre ug‏ 53,9 4ه ‎08y‏
‏وسيلة للتحايل ‎gimmick‏ 859 م ‎Workshop‏
‎fai a0 paw‏ ورشة عمل م ‎garage‏
‏وشاح م ‎on‏ ورطب ‎impicate‏
‏وشيك ‎deadlock ay abs imminent at‏"	word-to-word-bilingual-dictionary
355	"0 Los
description nag asalnads [6
respon dass ‏وقاء فط‎
prescription ‏وصفة طبيّة م‎ | affuence, sundance, plenty n ‏وفرة‎
‎descriptive ad ‏وَضْفِيٌ‎ fender ‏وقاء‎
‎inky Jos boldness ‏وقاحة م‎
voucher n Jog prevention n ‏وقاية‎
‎junction ‏وصلةم‎ proventve ag lbs
extension n sali ‏وصلة‎ time n ‏وقت‎
‎sian n ‏وصمة‎ cheeky ‏وقح وه‎
arival n ‏وصول‎ check nada
regent ‏وصي العرش‎ | coasedven Wl ‏وقف إطلاق‎
ilustele v2.09 fuel n ‏وقود‎
‎lay ‏وضع‎ standing ‏وقوف م‎
seting n 8.29 ‏وكالة م ندم‎
status n ‏وضع‎ bestman n ‏وكيل العريس‎
carly n ‏وضوح‎ nore Vs
only ad ‏وضيع‎ alegince ‏ولاء م‎
homeland n ‏وطن‎ bith ‏ولادةم‎
‎countryman 1 ‏انول وطني‎ n ‏ولاعة‎
‎national af ‏وطني‎ state ‏ولاية م‎
function n ‏وظيفة‎ generate y Aly
container 0 ‏وعاء‎ lain Ay
qutn Sal ‏وعاء‎ hack ve ‏ولع‎
‎walln ‏وعاء لسائل‎ fing, penchant n ‏ولوع‎
‎promise 1 159 00016 ‏ولولة‎
‎preaching na nod vlog"	word-to-word-bilingual-dictionary
356	"= ومع ذلك

) nevertheless adv ‏ومع ذلك‎ ngershe ly
Tosh ‏وميض‎ ovrdovlly
ilsion ‏وهمرم‎ cura vis
py ‏بالتهديد» اماما‎ 552
woss ng se ile)

dignity v ‏يبجل‎

rosea v ‏يبحث‎

look fo 300k v8 nag

U navigate ‏يُنجر ا‎

J vaporize ‏يبرب‎

sar aus

Japanese ‏ياباني زوه‎ lavish ‏يبدّد»‎
‎mainland ‏يابسة م‎ shift, ater v ‏يبدل‎
‎19: ‏يارد‎ look vg

Jasmine n ‏ياسمين‎ getdown to pli] ‏يبدي‎
‎iby n ‏الحَب؛ :50 ياقوت‎ Ji
lottery n ‏يانصيب‎ refrigerate v ‏يبرد‎
‎melon ‏يائع وه‎ cool ‏يبرد باعتدال/‎
hopeless sa pals justly vm
sn, vospassv alls sand 001 ‏يبرت‎
‎Cn tv adn
Bal master ‏يبرع في‎

L argue » ‏يبرهن‎
‏يأكل ا‎ White 7 ‏يبري‎
‎nibble v oly ‏يأكل‎ clear v5 pu
command v poly ise v Em"	word-to-word-bilingual-dictionary
357	"يتذلى 0

simply ‏ببسّط‎ consist ‏من‎ all
RI; 601600106: ‏يتأمل‎

ity San conspire v pol

annihilate v Jaw break off ‏َتبَاعَد‎

nulity v Jas boast, show off v  sbluis

vacate v Jaw contibute vs ‏يتبرّع‎

arogatev sal , Jha adopt ‏يثبتى‎

padv oh oversten ‏ينجاوز»‎

scatter ‏بتر‎ 181 yy

dont asus batch ‏ينجشاء‎

stan v ‏بقع‎ Winkle v ‏ينجعّد‎

‎nas fresze v daca‏ تفص

‎tyes tered

‎suvive vL> ‏يبقى‎ wander v ‏ينجّل‎

‎Weep v 5S converse ‏يتحدث مع‎

‎ot v ‏تبلغ‎ steal iis

‎roach vu confront, defy v ‏يتحدى‎

‎constrict v ‏يبني‎ crash v pes

‎refoce v ‏تبج‎ overrule v Seis

‎uinate v Jgus afford Jess

‎whiten v dns ransiom ‏يتحوّل ب‎

‏يتخصص في ب ‎ga Min‏ »98

‎auction ‏بالمزاد العلني/‎ gan dot, putaftv ‏ينخلص من‎

‎canyon vali abdicate / ‏يتخلى‎

‏يتخلى عن 108006 يتاجر ‎taf v4‏

‎corrode ‏يتأكل‎ dangle v ‏يتدلّى‎"	word-to-word-bilingual-dictionary
358	"wii 0
‏يتصفّح » مسممين بتذيذب » اام‎
vA iste
‏يتذصّرت بوصنم‎ wane ‏يتضاءل ب‎
taste v ‏يتذوّق‎ contictv ‏يتضارب‎
‎= ‏بتطابق 99و يترأس ب‎
0605016 ‏بتطفّل 08006 يترجم»‎
waver ‏يتطلّب بعتو يترد‎
uk v Ayia simuiate ‏يتظاهر»‎
‎tot go vis sympathize v ‏يتعاطف‎
‎stagger v ‏يترتح‎ cooperate v glass
concur, synchronize v ‏يتزأمن‎ cohabit ‏يتعايش‎
‎budge ‏يتزجزج»‎ ste vis
‏يترخلق نه‎ vein:
skate / ‏يتعقب/ اها يتزلّج‎
1608 ‏يتزوّج‎ concen ‏يتعلّق بت‎
remarry ‏يتزوجٍ ثانيةٌ‎ premediale v ‏يتعمد‎
‎Took v piss dustry ‏يتعنقد‎
‎broaden v gauss comive v ‏بتفاضى عن‎
shop ‏يتسوّق/‎ contrast vy lesiy
ow ‏يتغدّى »عون يتشاجره‎
80006 n ‏يتشاجر‎ brag > ass
confor glass ‏يتقادى »اميه‎
rT brah out ais
bask ‏مس ب‎ fight v ‏يتفاتل‎
‎400106 plas toss ‏يتقاذف ب‎
deport / ‏يتقاعد 6006 يتصرف‎"	word-to-word-bilingual-dictionary
359	"5 ‏يثبّت المستمار‎ |
toca up tov oY ‏يتقيل‎ compete v ge ‏يتنافس‎

distil v pais predict Li rm
wear v ‏يتقلّد‎ foresee v4 ‏يتنيأ‎
‎backup v sag aks sniff v ‏يتنشّق‎
‎vomit Lazy breathe v Gass
adhere vy ‏يتقيد‎ masquerade ‏يتنر‎
‎rive » ‏يتكيّد‎ vate
‏يكلم :لدب‎ lve
forecast ‏يتكهن‎ accuse ‏ينهم‎
‎vanish, fee v ‏بتلاشى‎ comity als
0006 ‏يتوافق 001850000 بتلألأء‎
boil down 10 v ‏في‎ als loiter / ‏يتوانى‎
‎daign v ‏يتوب 1806017 يتلصّف‎
televise v sali crown vgs
daly ‏بتوسطب علوم يتلفن إلى‎
smack ‏يتلممظ/‎ invoke ‏يتوسّل»‎
‎recite vols aspire v ‏يتوق‎
‎sway ‏بتمايل ب‎ yeam ‏يتوق إلى»‎
rumble, stammer v pie assume v ‏يتولى‎
‎17 ‏يتمدد‎ take over ‏الأمرب‎ (ssn
rebel v 35a orphan n ass
sto v ‏يتمشى‎ persevere lis
complete ‏تمر‎ etaiete ‏يتأر»‎
‎Wish v ‏يتمتّى‎ bounce vet
auerrelv ‏يتنازع‎ afi v ‏يُنيت‎
‎condescend vi clench ‏يتبّت المسمارّ»‎"	word-to-word-bilingual-dictionary
360	"5 يبت بمشبك
يجصّص ‎plaster v‏ يثيت ‎cp v tlaisos‏
يجعله أسوأت ‎icken vps worsen‏ 1
يجعله مشرقاً» ‎battle vis deer‏
يجفف/ ‎wind‏ يثق ‎sty‏
‎depend vs 2 bing ve‏
‎bore, perforate, prick v ais hv alg‏
‎burden v Jabs Soils‏
‎Aol sssonble, solenk spas‏
بجمع ‎dtc‏
‎rovotv 5 beauty v Jove‏
‎raise v pubs madden vs‏
‎consorptn aw‏ يجب ‎musty‏
‎uproot vai natonalze v pai‏
يوس اام ‎gate:‏ + مسوم
يجوع ‎shun viding stave v‏
يجيب ا ‎come about v 3x answer, ply‏
يجيز» 10906 ‎efuvenate v3 3x‏
يحاذي» ‎Tone v3 3x atin‏
يحاصر» ‎blockade‏ يجدّف على الله ب ‎blspherre‏
‏يحاكم» لا يجدل ‎twisty‏
‏يحاول اكتساب كذا 0010© | بجذب بافة0ة
يحب ‎padde sin ove‏
‎protest ins‏ يجرخ ‎hurt wound v‏
يحتجزه ‎detain‏ يجرح بطلقة نارية ب ‎gun down‏
يحترس ‎dare va beware v‏
يحترم» ‎shear vu regard‏"	word-to-word-bilingual-dictionary
361	"0 ‏يحلم‎
‎crowd v ‏يحنشد‎ outlaw ‏يحرم‎
‎retain vi ‏يحتفظ‎ afficty 3
‏يحتفل ب« مده‎ Co
commemorate v ‏يحتفل بذكرى‎ calculate v ‏يَحسب رياضيًا‎
despise ‏يحتقر»‎ ‘assemble v Juin
contact ub vy ‏بحتك‎ cram, stuf ‏حشر‎
‎monopolize v Sizes annotate v (sodas
concide v ‏يحثل‎ mow ‏يحصد»‎
‎necessiale v pdx reap v ‏يخصد‎
‎support v ‏يحتمل‎ allot yaa
moiivate y Ces chile v pans
screen v ax wreck v as
ath ‏يحجزه‎ ford, ban vps
border on v Aes ‏يحفر و0‎
‏للد‎ Grice preserve vas
determine v3 investigate v ‏يحقّق‎
‎stare v Si anbivate ‏يحمت‎
‎wam vis reign v pS
cross out omit v Be ‏إقفال باب 0ط‎ pS
plow, ‏بحرت انا‎ eer to vom ‏يحكم‎
‎deliver vy sentence v ple ‏يحكم‎
‎attain, obtain v 3% foosen, unwind v Ju
ey words
cremate vase ‏جنة‎ By soarv ‏يحلق‎
‎0١ ‏يحرك‎ analyze ‏يُحلّل»‎
‎090006 vps dream ‏يحلم»‎"	word-to-word-bilingual-dictionary
362	"= حلي
‎sweeten vo sd seal v pi)‏
‎PR‏ حمر ‎tn‏ نا
‎Haims Some ater hs‏
‎parchv aac shame v Je‏
‎soratoh v Gus‏ يحمّص ‎toast v jul‏
يخدع ‎cary v Joc detraud, deceive v‏
يخدم» ‎minister‏ يحمي ‎defend v‏
‎sis serve v Ji‏ فون
يخرَّب ‎recline v cies un, waste v‏
‎modify vs scribble v ius 5s‏
‎deiverv Js come atv 2x3‏
يُخرج ‎reve v bes produce v‏
‎baffle v yu step outv Ed‏
‎puzzling ad ses store vy‏
‎confound viS 55‏ يحيط بحبل ‎cordon off v‏
‎chase away v Lucey‏ بحيي ‎animate v‏
‎renovate v sue belong, pertain v ass‏
يُخصص ‎specialize v‏ بخاصم» ‎antagonize‏
‏يخصّص ‎bake v jude alow v‏
يخضع ‎Knock v oases suseumb, subdue v‏
‎selonty is protracted aq balay‏
يخطئ التقدير» ‎prove vais | miscalulaie‏
‎ad‏ السرع ‎sion down v‏ يخترع/ ‎devise‏
‎alleviate v aise;‏ يخترق ‎penetrate v‏
يُخفق ‎stork v iss missy‏
يخلطب ‎ingle‏ يختلف/ ‎afer‏"	word-to-word-bilingual-dictionary
363	"= Su

depose v ‏يخلع‎ perceive vl,

unmask ve Lill ‏يخلع‎ | appreciate ‏يدرك إدراكاً كاملا‎
supersede yale siayv pc
arse v ‏يخلق‎ alegey ‏يذّعي‎
‎0086 sifley ‏يدغدغ 0060 يحمد‎
brew v saz defray ‏يدقع ب‎
stow ‏بخنة م‎ push ‏يدقع ب‎
asphyxite, choke ‏؛‎ 5ichs dive ‏يدقع الى الامامر»‎
sen vhs toast Lod
camp vas wam up ‏دَق‎
‎hand inv as ‏يدا‎ maul v
plead v ‏يدقق الحسابات/ 01ج يداقع‎
advocate » ‏يدافع عن‎ denote ‏على‎ Ju
can ve massage ell
‏يدير سوم‎ parry ‏لل‎
‎tame ‏يدجن‎ compact 3a
vee consoldle vas
putasde ‏يّخر ب‎ merge vel
save ‏يرا‎ fumble vp x0
comeinv Js devastate v yoy
invoduce ‏يُدخل»‎ raze ‏دصرت‎
‎smoke v >a desecrate v pu
coach ‏يدرب ب‎ approach v sis
schedule v2, astonish v ud
‏يدهن بمرهم 00001ة يدرزت قا‎
deliberate, 117860 v ‏يدرس‎ daze vgs"	word-to-word-bilingual-dictionary
364	"0 يدور
‎thaw vows‏ يدور ‎circulate‏
‏يُذيع ‎publish v‏ يدور حول ‎cide v‏
بذيع +001 ‎sound‏ يدوس ‎samp v‏
‎last p33 underwrite v Jos‏
‎wily ass checkup n 21s‏
يرافق ‎accompany‏ يدوت ‎record‏
‏يربض ‎crouch v‏ يدوي ‎boom v‏
‎tie, connect v das‏ يدوي ‎manual ag‏
‎Kitvlagy‏ يدوي ‎resounding af‏
‎atlas v Jada bays‏ بدير» ‎administer‏
‏يريك ‎operate v us confuse‏
‎my bing tp vps‏
يربي 7 ‎nurse, fear‏ يدير ‎campaign valas>‏
برتاب ‎mistrust, suspect v‏ يدير ‎screw v dg)‏
‎convict (us arrange, rank vd‏
برتجف ‎tremble v‏ يذبح ‎saughterv‏
‎Vite v sds 10004 v 54‏
برتد ‎wither v Ji shudder v‏
يرتعش ‎shiver v‏ يُذعن» ‎bow‏
‏يرتقع ‎climb, move up v‏ يذكر ا ‎mention‏
‏يرثي ‎mind v $5 deplore vJ‏
يرجع ‎recollect, remember, remind v ,S come back v‏
يرجم ‎sone‏ يذهب ب عا :دو
يرحب ‎bewider amaze v Jaks Welcome vy‏
يُرحل ‎malty sds departv‏
يرخص ‎pemity‏ يذوق ‎taste v\‏"	word-to-word-bilingual-dictionary
365	"» 205
slacken v a3 focus on ‏يركز على‎

depit, Face ‏يرسمر»‎ row v say
decree vs ‏برسم‎ dant ‏يُرهب ب‎
‏مدب‎ LalS ‏برسم‎ atv ‏تُرهق‎
‏ا قاط‎ gs Pann 8 ‏يرهن‎
‎conduct adi tery v ‏يرع‎
‎sp vidi startle ‏برع فجأة ب‎
bre, compl, buy-of ‏برشوب‎ nanae, toll ‏يروي‎
‎bruise v vox detail v ‏يروي بتفصيل‎
content ‏يُرضي‎ note, see v.50
dampen, moisten » ‏رطب‎ wantv ‏يريد‎
‎appl vec shed v uss
patronize v Ey associate v Joly
desite vod ‏يرغب‎ practice v Jol
Kick v ‏يرفس‎ sb vy
ofc, refuse » ‏برفض‎ march vi
boost, raise v ‏يرقع‎ decorate v8) 5
dam vss 2090601 slay
‏اهو‎ 3, transplant v ‏يزدرع‎
‎festa 8009 ‏يزدري‎
‎dance v aS prosper v ‏يزدهر‎
‎date vs] ‏برقى‎ anmoy, bother v 2.251
ride, compose ‏يركب‎ peso ‏يزقوب‎
‎bus v poll ‏يركب في‎ balance v O31
stagnate v 1S 50 weigh v Gozo
concent ‏يركز‎ bloom, blossom v 53"	word-to-word-bilingual-dictionary
366	"230 ®
many v ‏يزوج‎ shelter v yids
1 provide, supply v 330 ela pia
ston by vist v 30 100020 00 35500
counterfeit v ‏يزيّف‎ 180000, Tegain v ‏يسترد‎
‎strip v Juz 000216 / ‏يَسَتَرَضي‎
‎eatanay voll ‏يزيل‎ Wind v 25 ans
weet vLall ‏يزيل العشب‎ consult passions
adom v ‏يزين‎ digress v3 plat un
tim ven ‏يستطلع برب‎
race v ‏يسابق‎ savor ‏يستطيب؟‎
‎assistv ‏يُساعد‎ can, may v ‏يستطيع‎
‎travel v Luss prepare v ‏يستعد‎
‎sustain v Luan [Po
tots ad ad Laas colonize ‏يستعمر»‎
‎bargain ‏يساوم‎ apply v ‏يستعمل‎
‎ask, request v Jun uso v Jamin
cause / ‏يسبب‎ win back v duis
Suv ‏يستعير» »5010 يشبح‎
SWIM ¥ appeal vy ‏يستفيث‎ =
oun, precede v. ‏يستفيد :0000 يسبق‎
appeal v ‏يستأتف الدعوى‎ replenish v ‏يستكمل‎
‏يستمتع» لاك يستبدل/ تامع‎
Spare v ‏يستبقي‎ continue v seduces
‏مقصة‎ v Cazes deduce v ‏يستنتج‎
‎deserve, merit v ‏يستحقٌ‎ consume v ‏يستتقد‎
‎screen, shield v ‏يستر‎ commence v ‏يستهل‎"	word-to-word-bilingual-dictionary
367	"amorize v ull ‏يستهلك‎ sedate v oY) ‏يسكن‎
‎ose ‏يستوضع‎ ge 2,50 ‏يسلب ب‎

assinilale vo ‏يستوعب‎ amvalis

take in ‏يَسْتَوْعِبُّ/‎ skin v ‏يسلخ‎

يسلك» ‎betave‏ يستولي على ب ‎capture, seize‏

wake up v asin surender v plus

register fecord v ‏إلى 00017 يسجل‎ alias

score v ‏يسجل إصابة‎ submity ‏إلى‎ pass

‎sn v pty‏ يَسْحب »نواه

‎belch v yeas amity ‏يسمح‎

‎quash v Say poison pacity

‎a vas back, boser v ‏يسند‎

‎deride oo ‏يسخر‎ predominate v ‏يسود‎

‎block, obstruct ‏يس‎ rationalize v € Samy

‎pg vin adusty Sg

‎amy sia | coordinate ‏يسوي في الرتبة‎

‎recount n Spas compromise v ‏يسوي نزاعاً‎

‎speed v ‏يُشرع‎ mismanage ‏يّسيء الادارة»‎

‎vighen valu | 85806 ‏يسيء السلوك»‎

‎relieve vases | misunderstand v spall ‏يسيء‎

‎cough v Jaws mistreat v@lolzoll ‏بسيء‎

‎sil ‏يسفح‎ graze pass

‎scorch v Raw pleasa v sli

‎bing down bas Cu) ven ‏يشاهد»‎

‎shut vas satisfy v Rua

‎mitigate v ‏يسكن‎ saturate ‏يُشَبع بات‎"	word-to-word-bilingual-dictionary
368	"‎a8‏ يُشتت
‎squander v des cut v aS dn‏
‎complain v9Siu‏ يشترطب ‎stipulate‏
‎smelly ais‏ يشترك ‎partipate v‏
‎comprise v Jadu‏ يشترك في ب ‎colaborate‏
‎derive v iin strangle v 1‏
يُشهد ‎cuss v pany testy v‏
‎abuse psy deface ogy‏
بشوة» ‎lusty orgs mangle, maim‏
يَشوي ‎denounce va dus broil roast v‏
‎cheer vgn confiscate ysl‏
يصادق ‎charge va, lay pean beiriend v‏
يصاهر ‎personiy v addy ally ve‏
‎strain, tighten v Sad diffuse vias‏
‎dink v pads paint v gas‏
يصحح ‎slash vous comet rectly v‏
‎das‏ انط يشرع في ‎seloutv‏
‎sprout loin nstvlia‏
يصذّر الى الخارج 200007 ‎cancel veda du‏
يصدّق على ‎cert ratty v‏ يُشطف 80869
‎splinter v sbi shock v pray‏
‎creak, squeak vcs‏ يُشعُشِع ‎dite v‏
‎mony Jadu porsistv pus‏
يُصر على . بحث ‎occupy Jain press‏
‎pds ry out scream va‏ 0010
يصرّف الأفعال/ ‎conjugate‏ يَشق ‎1p, it, spit‏
يصطدم» ‎clash‏ يشكر ‎thank v‏"	word-to-word-bilingual-dictionary
369	"يضمن 0

nino vg ‏يصطدم‎ come Over v ‏يُصِيب‎
‎ascend v Anas cripple 54 ‏يصيبه بالعرج‎

astound v ‏يَصُعَق‎ cripple 7 ‏يصيبه بالعرج‎

bee v yay cal, shout ‏يصيح‎

Ison v sens crow ‏الديك«‎ aa

describe v ‏يصف‎ counteract v ‏يضاذ‎

acclaim v cacy mulipy ‏يضاعف»‎

aig vac molest ‏يضايق‎

pareve ‏يصفح‎ tough v ‏يضحك‎

wheeze, whistle v yacu | chuckle v SLs ‏يضحك ضحكاً‎

clap, slap, spank v ‏يصفع‎ Vitimize ‏يحي‎

applaud v Say pump ‏يضم‎

cary ‏يصقي‎ bludgeon » ‏يضرب‎

brush up v Jac switch ‏يضرب بالسّوط»‎

vamish v ‏يصقل‎ bang vias ‏يضرب‎

anivev Jy cb ‏يضرب بهراوة»‎

mend, patch v ‏يضطهد :000:64 يَصَلِح‎

‎brush aside v i> 22‏ بصلي ردم

‎deafening act ct Weaken vam

‎deaten v pcs squeeze ‏يضغطب‎

‎pero v ‏يصنع‎ depress vole ‏يضغط‎

‎classy » ‏يصتف‎ stay v Jay

‎sound v ‏يصوت‎ veguie, betray v JLo

‎picture portray v 9. afte v ‏إلى‎ pd

‎mold, shape ‏يضوغ ب‎ atrophy v ps

‎conserve secure v ‏يصو‎ warrenty ‏يضمن‎"	word-to-word-bilingual-dictionary
370	"war 3
ad visa anise ‏يطوف في البحر»‎
1 conform v. ‏يطابق‎ circle, ring v ‏يطوق‎
‎chase ‏يطوي :1001400 يطارد»‎
claim vos ‏يطالب‎ fly v pubes
‏6م10‎ v lay comply v ‏بطيع‎
‎print v ‏يطبع‎ lengthen v aby
‏رامع‎ llc ‏يطبق‎ darken ‏يُظلم»‎
‎grind v ‏بطحن‎ thirst vlads,
putaway verb manfest, test sp.
antes | 019096 250 ‏تُظهر‎
‎praise v Sas appear ‏للعيات»‎ py
fost ‏يطعم‎ oppose, warty ‏يعارض‎
‎piers, sab ‏يطعن ب‎ loathe Slay
quench veal penalize, punish ‏يعاقب ب‎
crack v ‏يُطَفْطِق‎ counter v puSlay
overtook ‏يطل‎ remedy tackle v ‏يعالج‎
‎ask, demand voll process v ‏عامل‎
‏يَطلع انو‎ cuddle sila
spring v ‏يطلع‎ suferv ‏يعاني‎
‎launch, releass, shoot down v. slay sufferfiom v ‏يعاني من‎
bury aly recurv slay
abierate v ‏يطمس‎ sid v gla
buzz v lo caibratev ula
cockvspky | ‏يعبئ في زجاجات/ موه‎
‏بطوفب«م,‎ | de pi"	word-to-word-bilingual-dictionary
371	"0 sas)
rockon v puis isolate v Jj

apologize v iis console / ‏يعزي‎
‎object v ‏يعترض‎ bandage v «aos
confess vb ie 500004 ‏العينين‎ casts
acknowledge ‏يعترف ب‎ crush v pas
mediate ‏يعتزم»‎ modernize v ae;
suppose, tink v ‏يعتقد‎ Wing v pas
apprehend, seize v ‏يعتقل‎ bie v ‏بعض‎
‎lock afer v1 ‏عْتَنِي‎ sneeze v yuan
wonder v ‏بعجب‎ break down v Jes
admire vy wanes suspend v Lge ‏يعطّل‎
‎dent day give ‏يعطى‎
‎accelerate v ‏يُعجّل‎ preach vagy
county 1a acuity coir
concoct v ‏يُعِدّ شراباً بالمَزْجٍ‎ complicate v ‏يُعقد‎
‎stv sie contract v ‏يعقد‎
‎amend, reform v Js evade
agonize, torture, torment v ‏يعذّب‎ aur vil pais
vem vote y ple,
offer, show v 6,2 reversible ad ‏كس‎
‏يعلبا تم يعرض » افد‎
jeopardize ‏عرض للخطر»‎ comment vale ‏يعلّق‎
‎arvelsel) ‏يعرض‎ advertise plas
perspire, sweat ‏يعرف ب‎ coach, taach ‏يعم‎
‎Uncover, unress v ‏بعري‎ announce v cles
cherish v 32s | bapize, chiisten v Aas"	word-to-word-bilingual-dictionary
372	"a 0

ببستيس
‎olive v pas plant us‏

1 ‏عمق صصنة‎ sks
operate v Joss furs, tempt ‏بغري‎

work ‏يعمل‎ soinvdid

boss around v aims inva 33%

directv sia bathe v ‏يغسل‎

Signy v ‏يعني‎ wash v Jandy

accustom v 55% washable af ‏بغسل‎

retum, revert ‏يعود‎ anger, tae ‏عضب‎

charm v 395 crease v pay

compensate, atone 9 ‏ُعوْض‎ plinge v alas

clog v 39% wiap vss

prevent v ‏يعوق‎ canvas ‏يغطي بالقماء‎

lament, moan v ‏يُُول‎ absolve, remit yas

mal vss overpower ‏يغلب ب‎

bring back v aes envelop vali

تعلق تناه ‎close,‏ يعيد» ‎restore‏

reprint ‏بعيد الطبع‎ boil v ‏يغلي‎

يغلي برفق ‎simmer‏ يعيش ‎nev‏

appoint ‏يعين‎ inundate ‏يمرب‎

venture ‏يغامر»‎ submerge v pads

assassinate v ‏يغتال‎ pass outvaule (sas

assaul usurp v ‏يغتصب‎ sing ‏يغنى»‎

‎nid change, commute v 5125‏ :م

‎nourish, nurture v oS des raid ‏على‎ puis
slicavsts ‏يفاجئ »مويه‎"	word-to-word-bilingual-dictionary
373	"يفيد 0

agravate ‏يفاقم»‎ decay vids
negoliate, reat v ‏يفاوض‎ deteriorate v sats

يُفسد الأخلاق» ‎demonize‏ | بفتت عامل

open; unlock v guid deprave ‏يُفُسِد الأخلاق 4ه‎

break open v ‏يفت قفلاً‎ 000001107: ks

1009807 ‏يفتدي‎ deplete v ‏يَقُصِد‎

presume vu is segregate v ‏يفصل‎

party ‏يفترق‎ separate, sover u ‏يَفْصل‎

deiame » ‏يفتري على‎ prefer v Jaa

search v ‏يفتّش‎ undo, untie loose v clay

fansack v ‏بتدقيق‎ aka decipher v ‏يفك المغالق‎

misudge v ‏يفتقد‎ reason v Sa)

warp Jas conser » ‏يفكّر في‎

captivate ‏يفيّن‎ take apart v elas

detonate v ‏يفجّر‎ cultivate v ‏يفلح‎

‎bankeupt slay‏ يفحص بدِقّة صن

‎chary pcs crash v pul;

‎un away v ya refute v Ady

‎cheer up ‏قرخ ا‎ catlog ‏يُمُهُرس»‎

‎low v hs comprehend v ag

‎assess / ‏ضريبة‎ yl undersond ‏يهم‎

‏يفوز 0 545 ¢ الحمولة» ‎unoad‏

‎brush, son v ‏يقرك‎ authorize v ‏بَعَوْض‎

‎mince vse | recommend vs] ‏يفوض أمرّه‎

‎wear ‏يفرع‎ benef uy

‎anit) Yona ‏يفسح‎ aval y ‏يفيد‎"	word-to-word-bilingual-dictionary
374	"0 يقاتل
ااا ا
‎oan v 8s‏ يقاتل ‎combat, batle v‏
يقرع ‎Knock v‏ يقارن بين ‎compare v‏ 1
‎cick v 888‏ يفاضي ب ‎iigate sue‏
‎Aas‏ ا ‎Swear, VON‏ يقأوم» ‎esis, witstand‏
‎skim Aad‏ يفيض ‎barter, swap v‏
‎peel v pial‏ يقبض على ‎apprehend v‏
بق »ماه ‎ctv Jane‏
‎abridge pans‏ يقل ب ‎Kiss‏
‏يضر ‎shorten‏ يقتيس ‎quote v‏
‎burstinto v poi ble v pat‏
‎v pad‏ عله يقتحم بيت ‎breakin‏
‎glass‏ الرأنس ‎docapiate v‏ يقترح ‎suggest v‏
يقطع بقأس ب ‎Vole vg sid chop‏
‎behead v awl, gas‏ يقتطع ‎deduct v‏
‎pick via‏ يقتل ‎ly‏
‏يقطن »لف يقتلع ‎pluck, pul‏
‎attentive adj ais‏ يدر شيئاً» ‎appreciate‏
‎sanctly v ua wary ad aay‏
‎contribute vp 3s alertn bas)‏
يقظات ‎piss awake ad‏ تقريراً ‎reporty‏
‎aay‏ م ‎sendy Sid anakening‏
‎solv ami‏ يقذف بالقنابل» ‎bomb‏
‎alll v gai,‏ يقذف بعنف ‎dash v‏
‎sanction v 3a) stand vias‏
‎Jump v 348)‏ يقزر ‎decide‏
‎lock v Jas‏ فرص ‎Nip v‏"	word-to-word-bilingual-dictionary
375	"El ‏يلائم‎

lessen v Ji) unearth ‏يكتشف ب‎

upset, worry vals ve off v ‏يكتفي‎
‎diminish v ‏يقلّل‎ agglomerate ‏يكبل‎
‎pune ‏يقلمب‎ hey
quash, quell v ‏يقمع‎ abound ‏بكترت‎
‎suppiessvgads ‏يكرح انا‎
aie in
convince v.1 ‏يقنع‎ convadiot iS,
‏يقهرب تعن‎ otra ements
mine ‏يفوض ب‎ devote bss ‏يكس ب‎
‏يقوك برقع‎ coerce v 0,5)
strengthen v Spas break up v pus
um up v Sis scrape, shave vias,
confine v ‏يقيد‎ unfold y ‏يكشف‎
‎constrain, chan ‏يقيّد ا‎ bal outv Jaks
measure v punts muzzle v pay
assess v puis ambush v ‏يكمن‎
‎undaitetyenvlecty CL
wrestle, struggle v ‏يكافح‎ stack ‏بكوم‎
‎cope v ‏يكوي 1007 يكافح بنجاح‎
reward ‏يكافئ/‎ adaptv aa)
ein, restrain, check v us dejected ad ais
magnify v pS notice, observe ‏بلاحظ»‎
‎squeeze vale ‏يكيس‎ caress, conn ‏يلاطف ب‎
subscribe vali 00: ‏يلاقى‎
‎overrun v ‏يكتنسخ‎ ‘accommodate v pil"	word-to-word-bilingual-dictionary
376	"82 يُلبس
بلمس ‎feel, touch v‏ يبس ‎clothe, wear v‏
‎sito vail amisovesgl‏ 1
‎def, polite v aly‏ يلتصق ‎bog down v.‏
يلوم» ‎blame, reprozeh‏ يلتقط» ‎pick‏
‏يلوي ‎pickup viaaily screw v‏
‎soften val‏ يلتمس ‎crave v‏
يمارس ‎practice v‏ بلتمس ‎softy‏
‏يماطل ‎procrastinate v‏ يلتهب» ‎blaze‏
‏يُمَاطِل ‎stall‏ يلتهم ‎devour‏
‏يمتثل ‎obey v‏ بلجب ‎resort‏
‎paar‏ #فوظة ‎ugevals‏
‎solder, weld v pels fide v sakes‏
يمتّن ‎shuttle v aly toughen v‏
‎al represent ctv Jay‏ ب ‎summarize‏
‎Jia)‏ أمام ‎obligate v pil appearvslaill‏
‎y Bis sey‏ 280 يلسع » ‎sting‏
‎prolong v ov‏ يصق ‎afi, pastev‏
‎smear boty aly seth v 3s‏
‎aditorats v 35a‏ يلعب ‎play v‏
امرض » ‎lick v gals sicken‏
‎centralize v 3S yo‏ يلعن/ ‎curse‏
‏يمزج ‎mysty v sal blend, mix v‏
يمزج وه ملم يلغي ب ‎aul, abolish‏
‎hed, tear vo 3300‏ يلفظ» ‎utr‏
‎daw 38300‏ يلفق ‎concoct v‏
يَمُسَح ‎invent v. sly Wipe v‏"	word-to-word-bilingual-dictionary
377	"ES ‏ينحرف‎

abstain ‏يُمسك/‎ atemate v ‏يُناوب‎
‎mesimerze v ‏يَمُسْمر‎ proceed v ‏ينبثق‎

comb vladuas bark v ais

tease viadias throw away v ‏ينبذ‎

walk v ‏يمشي‎ pulse, trod v ‏ينبض‎

stalk v ‏يمشي بتشامخ‎ come fom (0 ase

suck v jan stimulate v Au

abhor, detest vada 092216 v spy

mechanize v ‏يَمَكيين‎ fountain, sping n ‏ينبوع‎

ينبوع معدني ‎Span‏ يملأ ثانية/ 01

smooth ‏يملس«‎ watch v ‏ينتيه‎

hold, own v olla dologato vai

dictate v alos 09١7 ‏ينتزع‎

besiow, award y ‏يمتح‎ await, wat ay

charter ‏يمنح براءة‎ revive v ‏ينتعش‎

ينتفخ ‎wel‏ يموت 460

ينتقد» ‎ize‏ يمول ثانية» ‎rofnance‏

camoufiage v ‏يموة‎ avenge ‏ينتقم»‎

recognize v jas stk v ‏ينين‎

ty ‏تميل‎ terminate, un out ‏ينتهي ب‎

08900 ‏يمين‎ broadcast / Col ‏ينثر‎

champion v sol procreate ven

contend v ‏يناضل‎ elle ‏يُنجد‎

debate v ‏يناقش‎ accomplish ‏يُنجزت‎

getv ly carve v ‏ينحت‎

seep valu 460108 v5,"	word-to-word-bilingual-dictionary
378	"ببس©+ملس سي سفملململللسسسمس اسمس
يتح ‎counsel v‏ ,0168 يُنْجلٍ» ‎atenuato‏

1 pr oon pal
bend down v sis water va

prod, spur v puis rejoin v ‏ينضم ثانية‎

joltv ‏نجع‎ ram v ‏ينطح‎

sity Jal bolt strike v. ‏ينطلق‎

mou ‏وها يندب ب‎ plas

rush v ‏إلى وما يتدقع‎ Sas

danpen v Sas lean, op val

takeoff ‏ينزع/‎ compose v palais

defuse v ‏ينزع الفتيل‎ organize, anange v ab
come down v Jay recreate v fuss

and v Aaaslall ‏إلى‎ iis refresh v jugs
demote / ‏ينزل درجته‎ resuscitate v. jus
degrade ‏رتنه‎ Ji tuminv ‏يتعطف ويدخل‎
side, sp v ‏ينزلق‎ reflect v ‏ينعكس‎

spin, Weave v ‏ينسح‎ bloat v aly

rete, withdraw yeni blowup vis
copy, ‏ينسح »عمق‎ cary out ‏ينقد‎
‎sneak v Judy dov ‏ينفذ يفعل‎

08000 v io ‏ينشأ‎ serve v ‏ينفع‎

sob vandal yawn v sails

deploy, spread v rinks spend v 540

set about Ae Lb ‏ينشر‎ banish vis
oinate / ‏ينشئ‎ save rescue ‏ينقد‎
‎tl, ‏يشر هم ينصب ب ضتافة‎"	word-to-word-bilingual-dictionary
379	"0 J

carve v ‏ينقش‎ roar ‏هدرت‎
‎decrease v yaks destroy ‏هدم‎

spot vhokiy conduct ‏ب‎ Sigs

sook v gil convert vi Sag

remove v ‏يُنقل‎ appease, soothe v Sigs

anspor, convey v ‏يتقل‎ ave v Sigs

overt, topple ‏ينقلب/‎ mash v uss

deny ‏ينكرت‎ 0 v3p

يهز بعنف » 00000150 ينمو» 900

collapse ‏ينهار»‎ scoff v 34

ool, ravage ‏يَنَهِب/‎ 01600100 v p38

POUT V yogis perish / ‏يولك‎

concude vung concen v aps

10g off v ‏ينهي‎ deaden v 10g)

vary vis WISP v ‏يُهمس‎

migrate ‏يهاجر»‎ neglect v Logs

attack assall ‏يهاجم»‎ congratuele v {saps

yield v ‏يهب‎ Jewish ach ‏يهودي‎

cave in viangs air 10001216 v ‏يهوي‎

concede viangs 8001 (pups

يوافق 005801 يهبط على الأنف ‎nosedive sav‏

بوافق على ب ‎approve‏ يوتز» ‎quake, shake‏

care pips assent ‏يوافق على‎

020000, waive v x) ide, scold ves

calm down ‏بهذأ‎ authenticate v sig,

threaten v 3p moot ‏يوق‎"	word-to-word-bilingual-dictionary
380	"7 ُوجع

rouble / ‏يُوجع‎ 600:6 n ‏يونات‎
‎ny une v 35; Grook 04 ‏يوناني‎
‎hove vandaize v ‏يونلد‎
‎commend » ‏يودع‎ dune suis
bequeath v ‏يورّث بوصيّة‎ react v 38)
involve vlog, lease, tnt v ‏يؤجر‎
‎allocate vE ju postpone v ‏يؤجل‎
‎cushion ‏يوسد»‎ chastise ‏يؤذّب ب‎
widen, apy y ‏يوسّع‎ | fostitien ‏يؤذي بالصقيع وه‎
50010 9 ‏يوظّد‎ Swing » ‏يؤرجح‎
‎1007 ‏يُوقت‎ date v ‏يؤر‎
‎adore 35: acclnatze v pl88,
arouse ‏بوقظب‎ assert, vouch or v 153,
cease, siop v ibs, believe ‏يؤمن بت‎
affect vs ‏يولع‎ qualy v ‏يؤهّل‎
‎yn sass lodge veSabs
someday ac Logs 0010001318 Ass
dally ad as 50000 puns

beckon v ‏يومئ‎"	word-to-word-bilingual-dictionary
382	"] (i = EF
] fire 7 al 4 —
‏ص‎ —_—— = f=
h i ct = utr! hi
. Al TRL
0 ‏ل ال ل‎ it de |
tip 5 - ‏اقيا الفط‎
‏لس‎ a | © fs =i
at dl oe
. ‏اها دعت‎ 1 /
1 ‏ا‎"	word-to-word-bilingual-dictionary
384	"STAR PUBLICATIONS PVT. LTD. ll |
www.starpublic.com LTS"	word-to-word-bilingual-dictionary
